WARNING:megatron.core.transformer.moe.recovery_controller:[2026-04-20 20:34:01] BSR-MoE controller: step1 replacement_integrate elapsed=0.000s (step=60)
WARNING:megatron.core.transformer.moe.group_rebuild:BSR-MoE group rebuild: requested — failed_rank=0 → replacement_rank=8 (step=60, groups=['DATA_PARALLEL_GROUP', 'DATA_PARALLEL_GROUP_GLOO', 'DATA_PARALLEL_GROUP_WITH_CP', 'DATA_PARALLEL_GROUP_WITH_CP_GLOO', 'EXPERT_DATA_PARALLEL_GROUP', 'EXPERT_DATA_PARALLEL_GROUP_GLOO', 'EXPERT_MODEL_PARALLEL_GROUP', 'EXPERT_TENSOR_AND_MODEL_PARALLEL_GROUP', 'EXPERT_TENSOR_MODEL_PIPELINE_PARALLEL_GROUP', 'EXPERT_TENSOR_PARALLEL_GROUP'])
WARNING:megatron.core.transformer.moe.recovery_controller:[2026-04-20 20:34:01] BSR-MoE controller: step2 group_rebuild_request elapsed=0.000s (step=60)
WARNING:megatron.core.transformer.moe.group_rebuild:BSR-MoE group rebuild: REBUILDING — failed_rank=0 → replacement_rank=8 (step=60)
WARNING:megatron.core.transformer.moe.bsr_integration:BSR-MoE: executing safe-point group repair — failed=0, replacement=8, groups=['DATA_PARALLEL_GROUP', 'DATA_PARALLEL_GROUP_GLOO', 'DATA_PARALLEL_GROUP_WITH_CP', 'DATA_PARALLEL_GROUP_WITH_CP_GLOO', 'EXPERT_DATA_PARALLEL_GROUP', 'EXPERT_DATA_PARALLEL_GROUP_GLOO', 'EXPERT_MODEL_PARALLEL_GROUP', 'EXPERT_TENSOR_AND_MODEL_PARALLEL_GROUP', 'EXPERT_TENSOR_MODEL_PIPELINE_PARALLEL_GROUP', 'EXPERT_TENSOR_PARALLEL_GROUP']
WARNING:megatron.core.transformer.moe.safe_point_group_repair:BSR-MoE safe-point repair: PP>1 (2) — v1 support is limited.  Proceeding with best-effort repair.
INFO:megatron.core.transformer.moe.safe_point_group_repair:BSR-MoE repair validation passed: failed=0, replacement=8, groups=['DATA_PARALLEL_GROUP', 'DATA_PARALLEL_GROUP_GLOO', 'DATA_PARALLEL_GROUP_WITH_CP', 'DATA_PARALLEL_GROUP_WITH_CP_GLOO', 'EXPERT_DATA_PARALLEL_GROUP', 'EXPERT_DATA_PARALLEL_GROUP_GLOO', 'EXPERT_MODEL_PARALLEL_GROUP', 'EXPERT_TENSOR_AND_MODEL_PARALLEL_GROUP', 'EXPERT_TENSOR_MODEL_PIPELINE_PARALLEL_GROUP', 'EXPERT_TENSOR_PARALLEL_GROUP']
WARNING:megatron.core.transformer.moe.group_rebuild:BSR-MoE group rebuild: REBUILDING — failed_rank=0 → replacement_rank=8 (step=60)
WARNING:megatron.core.transformer.moe.group_rebuild:BSR-MoE group rebuild: REBUILDING — failed_rank=0 → replacement_rank=8 (step=60)
WARNING:megatron.core.transformer.moe.bsr_integration:BSR-MoE: executing safe-point group repair — failed=0, replacement=8, groups=['DATA_PARALLEL_GROUP', 'DATA_PARALLEL_GROUP_GLOO', 'DATA_PARALLEL_GROUP_WITH_CP', 'DATA_PARALLEL_GROUP_WITH_CP_GLOO', 'EXPERT_DATA_PARALLEL_GROUP', 'EXPERT_DATA_PARALLEL_GROUP_GLOO', 'EXPERT_MODEL_PARALLEL_GROUP', 'EXPERT_TENSOR_AND_MODEL_PARALLEL_GROUP', 'EXPERT_TENSOR_MODEL_PIPELINE_PARALLEL_GROUP', 'EXPERT_TENSOR_PARALLEL_GROUP']
WARNING:megatron.core.transformer.moe.bsr_integration:BSR-MoE: executing safe-point group repair — failed=0, replacement=8, groups=['DATA_PARALLEL_GROUP', 'DATA_PARALLEL_GROUP_GLOO', 'DATA_PARALLEL_GROUP_WITH_CP', 'DATA_PARALLEL_GROUP_WITH_CP_GLOO', 'EXPERT_DATA_PARALLEL_GROUP', 'EXPERT_DATA_PARALLEL_GROUP_GLOO', 'EXPERT_MODEL_PARALLEL_GROUP', 'EXPERT_TENSOR_AND_MODEL_PARALLEL_GROUP', 'EXPERT_TENSOR_MODEL_PIPELINE_PARALLEL_GROUP', 'EXPERT_TENSOR_PARALLEL_GROUP']
WARNING:megatron.core.transformer.moe.safe_point_group_repair:BSR-MoE safe-point repair: PP>1 (2) — v1 support is limited.  Proceeding with best-effort repair.
WARNING:megatron.core.transformer.moe.safe_point_group_repair:BSR-MoE safe-point repair: PP>1 (2) — v1 support is limited.  Proceeding with best-effort repair.
INFO:megatron.core.transformer.moe.safe_point_group_repair:BSR-MoE repair validation passed: failed=0, replacement=8, groups=['DATA_PARALLEL_GROUP', 'DATA_PARALLEL_GROUP_GLOO', 'DATA_PARALLEL_GROUP_WITH_CP', 'DATA_PARALLEL_GROUP_WITH_CP_GLOO', 'EXPERT_DATA_PARALLEL_GROUP', 'EXPERT_DATA_PARALLEL_GROUP_GLOO', 'EXPERT_MODEL_PARALLEL_GROUP', 'EXPERT_TENSOR_AND_MODEL_PARALLEL_GROUP', 'EXPERT_TENSOR_MODEL_PIPELINE_PARALLEL_GROUP', 'EXPERT_TENSOR_PARALLEL_GROUP']
WARNING:megatron.core.transformer.moe.group_rebuild:BSR-MoE group rebuild: REBUILDING — failed_rank=0 → replacement_rank=8 (step=60)
INFO:megatron.core.transformer.moe.safe_point_group_repair:BSR-MoE repair: invalidated 10 groups
WARNING:megatron.core.transformer.moe.group_rebuild:BSR-MoE group rebuild: REBUILDING — failed_rank=0 → replacement_rank=8 (step=60)
INFO:megatron.core.transformer.moe.safe_point_group_repair:BSR-MoE repair validation passed: failed=0, replacement=8, groups=['DATA_PARALLEL_GROUP', 'DATA_PARALLEL_GROUP_GLOO', 'DATA_PARALLEL_GROUP_WITH_CP', 'DATA_PARALLEL_GROUP_WITH_CP_GLOO', 'EXPERT_DATA_PARALLEL_GROUP', 'EXPERT_DATA_PARALLEL_GROUP_GLOO', 'EXPERT_MODEL_PARALLEL_GROUP', 'EXPERT_TENSOR_AND_MODEL_PARALLEL_GROUP', 'EXPERT_TENSOR_MODEL_PIPELINE_PARALLEL_GROUP', 'EXPERT_TENSOR_PARALLEL_GROUP']
WARNING:megatron.core.transformer.moe.bsr_integration:BSR-MoE: executing safe-point group repair — failed=0, replacement=8, groups=['DATA_PARALLEL_GROUP', 'DATA_PARALLEL_GROUP_GLOO', 'DATA_PARALLEL_GROUP_WITH_CP', 'DATA_PARALLEL_GROUP_WITH_CP_GLOO', 'EXPERT_DATA_PARALLEL_GROUP', 'EXPERT_DATA_PARALLEL_GROUP_GLOO', 'EXPERT_MODEL_PARALLEL_GROUP', 'EXPERT_TENSOR_AND_MODEL_PARALLEL_GROUP', 'EXPERT_TENSOR_MODEL_PIPELINE_PARALLEL_GROUP', 'EXPERT_TENSOR_PARALLEL_GROUP']
WARNING:megatron.core.transformer.moe.bsr_integration:BSR-MoE: executing safe-point group repair — failed=0, replacement=8, groups=['DATA_PARALLEL_GROUP', 'DATA_PARALLEL_GROUP_GLOO', 'DATA_PARALLEL_GROUP_WITH_CP', 'DATA_PARALLEL_GROUP_WITH_CP_GLOO', 'EXPERT_DATA_PARALLEL_GROUP', 'EXPERT_DATA_PARALLEL_GROUP_GLOO', 'EXPERT_MODEL_PARALLEL_GROUP', 'EXPERT_TENSOR_AND_MODEL_PARALLEL_GROUP', 'EXPERT_TENSOR_MODEL_PIPELINE_PARALLEL_GROUP', 'EXPERT_TENSOR_PARALLEL_GROUP']
WARNING:megatron.core.transformer.moe.safe_point_group_repair:BSR-MoE safe-point repair: PP>1 (2) — v1 support is limited.  Proceeding with best-effort repair.
WARNING:megatron.core.transformer.moe.safe_point_group_repair:BSR-MoE safe-point repair: PP>1 (2) — v1 support is limited.  Proceeding with best-effort repair.
WARNING:megatron.core.transformer.moe.group_rebuild:BSR-MoE group rebuild: REBUILDING — failed_rank=0 → replacement_rank=8 (step=60)
INFO:megatron.core.transformer.moe.safe_point_group_repair:BSR-MoE repair validation passed: failed=0, replacement=8, groups=['DATA_PARALLEL_GROUP', 'DATA_PARALLEL_GROUP_GLOO', 'DATA_PARALLEL_GROUP_WITH_CP', 'DATA_PARALLEL_GROUP_WITH_CP_GLOO', 'EXPERT_DATA_PARALLEL_GROUP', 'EXPERT_DATA_PARALLEL_GROUP_GLOO', 'EXPERT_MODEL_PARALLEL_GROUP', 'EXPERT_TENSOR_AND_MODEL_PARALLEL_GROUP', 'EXPERT_TENSOR_MODEL_PIPELINE_PARALLEL_GROUP', 'EXPERT_TENSOR_PARALLEL_GROUP']
INFO:megatron.core.transformer.moe.safe_point_group_repair:BSR-MoE repair validation passed: failed=0, replacement=8, groups=['DATA_PARALLEL_GROUP', 'DATA_PARALLEL_GROUP_GLOO', 'DATA_PARALLEL_GROUP_WITH_CP', 'DATA_PARALLEL_GROUP_WITH_CP_GLOO', 'EXPERT_DATA_PARALLEL_GROUP', 'EXPERT_DATA_PARALLEL_GROUP_GLOO', 'EXPERT_MODEL_PARALLEL_GROUP', 'EXPERT_TENSOR_AND_MODEL_PARALLEL_GROUP', 'EXPERT_TENSOR_MODEL_PIPELINE_PARALLEL_GROUP', 'EXPERT_TENSOR_PARALLEL_GROUP']
WARNING:megatron.core.transformer.moe.bsr_integration:BSR-MoE: executing safe-point group repair — failed=0, replacement=8, groups=['DATA_PARALLEL_GROUP', 'DATA_PARALLEL_GROUP_GLOO', 'DATA_PARALLEL_GROUP_WITH_CP', 'DATA_PARALLEL_GROUP_WITH_CP_GLOO', 'EXPERT_DATA_PARALLEL_GROUP', 'EXPERT_DATA_PARALLEL_GROUP_GLOO', 'EXPERT_MODEL_PARALLEL_GROUP', 'EXPERT_TENSOR_AND_MODEL_PARALLEL_GROUP', 'EXPERT_TENSOR_MODEL_PIPELINE_PARALLEL_GROUP', 'EXPERT_TENSOR_PARALLEL_GROUP']
WARNING:megatron.core.transformer.moe.group_rebuild:BSR-MoE group rebuild: REBUILDING — failed_rank=0 → replacement_rank=8 (step=60)
WARNING:megatron.core.transformer.moe.bsr_integration:BSR-MoE: executing safe-point group repair — failed=0, replacement=8, groups=['DATA_PARALLEL_GROUP', 'DATA_PARALLEL_GROUP_GLOO', 'DATA_PARALLEL_GROUP_WITH_CP', 'DATA_PARALLEL_GROUP_WITH_CP_GLOO', 'EXPERT_DATA_PARALLEL_GROUP', 'EXPERT_DATA_PARALLEL_GROUP_GLOO', 'EXPERT_MODEL_PARALLEL_GROUP', 'EXPERT_TENSOR_AND_MODEL_PARALLEL_GROUP', 'EXPERT_TENSOR_MODEL_PIPELINE_PARALLEL_GROUP', 'EXPERT_TENSOR_PARALLEL_GROUP']
INFO:megatron.core.transformer.moe.safe_point_group_repair:BSR-MoE repair: invalidated 10 groups
WARNING:megatron.core.transformer.moe.safe_point_group_repair:BSR-MoE safe-point repair: PP>1 (2) — v1 support is limited.  Proceeding with best-effort repair.
INFO:megatron.core.transformer.moe.safe_point_group_repair:BSR-MoE repair validation passed: failed=0, replacement=8, groups=['DATA_PARALLEL_GROUP', 'DATA_PARALLEL_GROUP_GLOO', 'DATA_PARALLEL_GROUP_WITH_CP', 'DATA_PARALLEL_GROUP_WITH_CP_GLOO', 'EXPERT_DATA_PARALLEL_GROUP', 'EXPERT_DATA_PARALLEL_GROUP_GLOO', 'EXPERT_MODEL_PARALLEL_GROUP', 'EXPERT_TENSOR_AND_MODEL_PARALLEL_GROUP', 'EXPERT_TENSOR_MODEL_PIPELINE_PARALLEL_GROUP', 'EXPERT_TENSOR_PARALLEL_GROUP']
WARNING:megatron.core.transformer.moe.safe_point_group_repair:BSR-MoE safe-point repair: PP>1 (2) — v1 support is limited.  Proceeding with best-effort repair.
INFO:megatron.core.transformer.moe.safe_point_group_repair:BSR-MoE repair: invalidated 10 groups
INFO:megatron.core.transformer.moe.safe_point_group_repair:BSR-MoE repair validation passed: failed=0, replacement=8, groups=['DATA_PARALLEL_GROUP', 'DATA_PARALLEL_GROUP_GLOO', 'DATA_PARALLEL_GROUP_WITH_CP', 'DATA_PARALLEL_GROUP_WITH_CP_GLOO', 'EXPERT_DATA_PARALLEL_GROUP', 'EXPERT_DATA_PARALLEL_GROUP_GLOO', 'EXPERT_MODEL_PARALLEL_GROUP', 'EXPERT_TENSOR_AND_MODEL_PARALLEL_GROUP', 'EXPERT_TENSOR_MODEL_PIPELINE_PARALLEL_GROUP', 'EXPERT_TENSOR_PARALLEL_GROUP']
INFO:megatron.core.transformer.moe.safe_point_group_repair:BSR-MoE repair: invalidated 10 groups
ERROR:megatron.core.transformer.moe.safe_point_group_repair:BSR-MoE repair: failed to rebuild DATA_PARALLEL_GROUP: The new group's rank should be within the world_size set by init_process_group
INFO:megatron.core.transformer.moe.safe_point_group_repair:BSR-MoE repair: invalidated 10 groups
ERROR:megatron.core.transformer.moe.safe_point_group_repair:BSR-MoE repair: failed to rebuild DATA_PARALLEL_GROUP_GLOO: The new group's rank should be within the world_size set by init_process_group
ERROR:megatron.core.transformer.moe.safe_point_group_repair:BSR-MoE repair: failed to rebuild DATA_PARALLEL_GROUP: The new group's rank should be within the world_size set by init_process_group
ERROR:megatron.core.transformer.moe.safe_point_group_repair:BSR-MoE repair: failed to rebuild DATA_PARALLEL_GROUP_WITH_CP: The new group's rank should be within the world_size set by init_process_group
ERROR:megatron.core.transformer.moe.safe_point_group_repair:BSR-MoE repair: failed to rebuild DATA_PARALLEL_GROUP_GLOO: The new group's rank should be within the world_size set by init_process_group
ERROR:megatron.core.transformer.moe.safe_point_group_repair:BSR-MoE repair: failed to rebuild DATA_PARALLEL_GROUP_WITH_CP_GLOO: The new group's rank should be within the world_size set by init_process_group
INFO:megatron.core.transformer.moe.safe_point_group_repair:BSR-MoE repair: invalidated 10 groups
ERROR:megatron.core.transformer.moe.safe_point_group_repair:BSR-MoE repair: failed to rebuild DATA_PARALLEL_GROUP: The new group's rank should be within the world_size set by init_process_group
ERROR:megatron.core.transformer.moe.safe_point_group_repair:BSR-MoE repair: failed to rebuild DATA_PARALLEL_GROUP_WITH_CP: The new group's rank should be within the world_size set by init_process_group
ERROR:megatron.core.transformer.moe.safe_point_group_repair:BSR-MoE repair: failed to rebuild EXPERT_DATA_PARALLEL_GROUP: The new group's rank should be within the world_size set by init_process_group
INFO:megatron.core.transformer.moe.safe_point_group_repair:BSR-MoE repair: invalidated 10 groups
ERROR:megatron.core.transformer.moe.safe_point_group_repair:BSR-MoE repair: failed to rebuild DATA_PARALLEL_GROUP_WITH_CP_GLOO: The new group's rank should be within the world_size set by init_process_group
ERROR:megatron.core.transformer.moe.safe_point_group_repair:BSR-MoE repair: failed to rebuild DATA_PARALLEL_GROUP_GLOO: The new group's rank should be within the world_size set by init_process_group
ERROR:megatron.core.transformer.moe.safe_point_group_repair:BSR-MoE repair: failed to rebuild EXPERT_DATA_PARALLEL_GROUP_GLOO: The new group's rank should be within the world_size set by init_process_group
ERROR:megatron.core.transformer.moe.safe_point_group_repair:BSR-MoE repair: failed to rebuild EXPERT_DATA_PARALLEL_GROUP: The new group's rank should be within the world_size set by init_process_group
ERROR:megatron.core.transformer.moe.safe_point_group_repair:BSR-MoE repair: failed to rebuild EXPERT_MODEL_PARALLEL_GROUP: The new group's rank should be within the world_size set by init_process_group
ERROR:megatron.core.transformer.moe.safe_point_group_repair:BSR-MoE repair: failed to rebuild DATA_PARALLEL_GROUP_WITH_CP: The new group's rank should be within the world_size set by init_process_group
ERROR:megatron.core.transformer.moe.safe_point_group_repair:BSR-MoE repair: failed to rebuild EXPERT_DATA_PARALLEL_GROUP_GLOO: The new group's rank should be within the world_size set by init_process_group
ERROR:megatron.core.transformer.moe.safe_point_group_repair:BSR-MoE repair: failed to rebuild EXPERT_TENSOR_AND_MODEL_PARALLEL_GROUP: The new group's rank should be within the world_size set by init_process_group
ERROR:megatron.core.transformer.moe.safe_point_group_repair:BSR-MoE repair: failed to rebuild DATA_PARALLEL_GROUP: The new group's rank should be within the world_size set by init_process_group
ERROR:megatron.core.transformer.moe.safe_point_group_repair:BSR-MoE repair: failed to rebuild DATA_PARALLEL_GROUP_WITH_CP_GLOO: The new group's rank should be within the world_size set by init_process_group
ERROR:megatron.core.transformer.moe.safe_point_group_repair:BSR-MoE repair: failed to rebuild EXPERT_MODEL_PARALLEL_GROUP: The new group's rank should be within the world_size set by init_process_group
ERROR:megatron.core.transformer.moe.safe_point_group_repair:BSR-MoE repair: failed to rebuild EXPERT_TENSOR_MODEL_PIPELINE_PARALLEL_GROUP: The new group's rank should be within the world_size set by init_process_group
ERROR:megatron.core.transformer.moe.safe_point_group_repair:BSR-MoE repair: failed to rebuild EXPERT_TENSOR_AND_MODEL_PARALLEL_GROUP: The new group's rank should be within the world_size set by init_process_group
ERROR:megatron.core.transformer.moe.safe_point_group_repair:BSR-MoE repair: failed to rebuild EXPERT_DATA_PARALLEL_GROUP: The new group's rank should be within the world_size set by init_process_group
ERROR:megatron.core.transformer.moe.safe_point_group_repair:BSR-MoE repair: failed to rebuild EXPERT_TENSOR_PARALLEL_GROUP: The new group's rank should be within the world_size set by init_process_group
ERROR:megatron.core.transformer.moe.safe_point_group_repair:BSR-MoE repair: failed to rebuild DATA_PARALLEL_GROUP_GLOO: The new group's rank should be within the world_size set by init_process_group
ERROR:megatron.core.transformer.moe.safe_point_group_repair:BSR-MoE repair: failed to rebuild EXPERT_TENSOR_MODEL_PIPELINE_PARALLEL_GROUP: The new group's rank should be within the world_size set by init_process_group
ERROR:megatron.core.transformer.moe.safe_point_group_repair:BSR-MoE repair: failed to rebuild EXPERT_DATA_PARALLEL_GROUP_GLOO: The new group's rank should be within the world_size set by init_process_group
INFO:megatron.core.transformer.moe.safe_point_group_repair:BSR-MoE repair: rebuilt 0 groups
ERROR:megatron.core.transformer.moe.safe_point_group_repair:BSR-MoE repair: failed to rebuild DATA_PARALLEL_GROUP_WITH_CP: The new group's rank should be within the world_size set by init_process_group
ERROR:megatron.core.transformer.moe.safe_point_group_repair:BSR-MoE repair: failed to rebuild EXPERT_TENSOR_PARALLEL_GROUP: The new group's rank should be within the world_size set by init_process_group
ERROR:megatron.core.transformer.moe.safe_point_group_repair:BSR-MoE repair: failed to rebuild EXPERT_MODEL_PARALLEL_GROUP: The new group's rank should be within the world_size set by init_process_group
INFO:megatron.core.transformer.moe.safe_point_group_repair:BSR-MoE repair: rebuilt 0 groups
ERROR:megatron.core.transformer.moe.safe_point_group_repair:BSR-MoE repair: failed to rebuild EXPERT_TENSOR_AND_MODEL_PARALLEL_GROUP: The new group's rank should be within the world_size set by init_process_group
ERROR:megatron.core.transformer.moe.safe_point_group_repair:BSR-MoE repair: failed to rebuild DATA_PARALLEL_GROUP_WITH_CP_GLOO: The new group's rank should be within the world_size set by init_process_group
ERROR:megatron.core.transformer.moe.safe_point_group_repair:BSR-MoE repair: failed to rebuild EXPERT_TENSOR_MODEL_PIPELINE_PARALLEL_GROUP: The new group's rank should be within the world_size set by init_process_group
ERROR:megatron.core.transformer.moe.safe_point_group_repair:BSR-MoE repair: failed to rebuild EXPERT_DATA_PARALLEL_GROUP: The new group's rank should be within the world_size set by init_process_group
ERROR:megatron.core.transformer.moe.safe_point_group_repair:BSR-MoE repair: failed to rebuild EXPERT_TENSOR_PARALLEL_GROUP: The new group's rank should be within the world_size set by init_process_group
ERROR:megatron.core.transformer.moe.safe_point_group_repair:BSR-MoE repair: failed to rebuild EXPERT_DATA_PARALLEL_GROUP_GLOO: The new group's rank should be within the world_size set by init_process_group
INFO:megatron.core.transformer.moe.safe_point_group_repair:BSR-MoE repair: rebuilt 0 groups
ERROR:megatron.core.transformer.moe.safe_point_group_repair:BSR-MoE repair: failed to rebuild EXPERT_MODEL_PARALLEL_GROUP: The new group's rank should be within the world_size set by init_process_group
ERROR:megatron.core.transformer.moe.safe_point_group_repair:BSR-MoE repair: failed to rebuild EXPERT_TENSOR_AND_MODEL_PARALLEL_GROUP: The new group's rank should be within the world_size set by init_process_group
WARNING:megatron.core.transformer.moe.safe_point_group_repair:BSR-MoE repair: cannot build pg_dict from parallel_state: expert model parallel group is not initialized
ERROR:megatron.core.transformer.moe.safe_point_group_repair:BSR-MoE repair: failed to rebuild EXPERT_TENSOR_MODEL_PIPELINE_PARALLEL_GROUP: The new group's rank should be within the world_size set by init_process_group
WARNING:megatron.core.transformer.moe.safe_point_group_repair:BSR-MoE repair: cannot build pg_dict from parallel_state: expert model parallel group is not initialized
ERROR:megatron.core.transformer.moe.safe_point_group_repair:BSR-MoE repair: failed to rebuild EXPERT_TENSOR_PARALLEL_GROUP: The new group's rank should be within the world_size set by init_process_group
INFO:megatron.core.transformer.moe.safe_point_group_repair:BSR-MoE repair: rebuilt 0 groups
WARNING:megatron.core.transformer.moe.safe_point_group_repair:BSR-MoE repair: cannot build pg_dict from parallel_state: expert model parallel group is not initialized
WARNING:megatron.core.transformer.moe.safe_point_group_repair:BSR-MoE repair: cannot build pg_dict from parallel_state: expert model parallel group is not initialized
WARNING:megatron.core.transformer.moe.group_rebuild:BSR-MoE group rebuild: REBUILDING — failed_rank=0 → replacement_rank=8 (step=60)
WARNING:megatron.core.transformer.moe.bsr_integration:BSR-MoE: executing safe-point group repair — failed=0, replacement=8, groups=['DATA_PARALLEL_GROUP', 'DATA_PARALLEL_GROUP_GLOO', 'DATA_PARALLEL_GROUP_WITH_CP', 'DATA_PARALLEL_GROUP_WITH_CP_GLOO', 'EXPERT_DATA_PARALLEL_GROUP', 'EXPERT_DATA_PARALLEL_GROUP_GLOO', 'EXPERT_MODEL_PARALLEL_GROUP', 'EXPERT_TENSOR_AND_MODEL_PARALLEL_GROUP', 'EXPERT_TENSOR_MODEL_PIPELINE_PARALLEL_GROUP', 'EXPERT_TENSOR_PARALLEL_GROUP']
WARNING:megatron.core.transformer.moe.safe_point_group_repair:BSR-MoE safe-point repair: PP>1 (2) — v1 support is limited.  Proceeding with best-effort repair.
INFO:megatron.core.transformer.moe.safe_point_group_repair:BSR-MoE repair validation passed: failed=0, replacement=8, groups=['DATA_PARALLEL_GROUP', 'DATA_PARALLEL_GROUP_GLOO', 'DATA_PARALLEL_GROUP_WITH_CP', 'DATA_PARALLEL_GROUP_WITH_CP_GLOO', 'EXPERT_DATA_PARALLEL_GROUP', 'EXPERT_DATA_PARALLEL_GROUP_GLOO', 'EXPERT_MODEL_PARALLEL_GROUP', 'EXPERT_TENSOR_AND_MODEL_PARALLEL_GROUP', 'EXPERT_TENSOR_MODEL_PIPELINE_PARALLEL_GROUP', 'EXPERT_TENSOR_PARALLEL_GROUP']
INFO:megatron.core.transformer.moe.safe_point_group_repair:BSR-MoE repair: invalidated 10 groups
INFO:megatron.core.transformer.moe.safe_point_group_repair:BSR-MoE repair: rebuilt 10 groups
INFO:megatron.core.transformer.moe.safe_point_group_repair:BSR-MoE repair: rebuilt 10 groups
INFO:megatron.core.transformer.moe.safe_point_group_repair:BSR-MoE repair: rebuilt 10 groups
INFO:megatron.core.transformer.moe.safe_point_group_repair:BSR-MoE repair: rebuilt 10 groups
INFO:megatron.core.transformer.moe.safe_point_group_repair:BSR-MoE repair: rebound 240 module attributes
INFO:megatron.core.transformer.moe.safe_point_group_repair:BSR-MoE repair: rebound 240 module attributes
INFO:megatron.core.transformer.moe.safe_point_group_repair:BSR-MoE repair: rebound 240 module attributes
INFO:megatron.core.transformer.moe.safe_point_group_repair:BSR-MoE repair: rebound 240 module attributes
WARNING:megatron.core.transformer.moe.pipeline_stage_repair:BSR-MoE pipeline repair: stage=0, failed=0, replacement=8, old_ranks=[0, 4], new_ranks=[8, 4]
ERROR:megatron.core.transformer.moe.pipeline_stage_repair:BSR-MoE pipeline repair FAILED: failed_rank 0 not in pp_group_ranks [3, 7]
WARNING:megatron.core.transformer.moe.pipeline_stage_repair:BSR-MoE pipeline repair FAILED — stage=-1, pp_rebuilt=False, prev_next=False, p2p=False, compound=0, verified=False, elapsed=0.00s
ERROR:megatron.core.transformer.moe.safe_point_group_repair:BSR-MoE repair: pipeline stage repair FAILED: failed_rank 0 not in pp_group_ranks [3, 7]
WARNING:megatron.core.transformer.moe.safe_point_group_repair:BSR-MoE safe-point repair SUCCEEDED — invalidated=10, rebuilt=0, rebound=0, verified=True, elapsed=0.04s
WARNING:megatron.core.transformer.moe.bsr_integration:[2026-04-20 20:34:01] BSR-MoE: safe-point group repair SUCCEEDED — invalidated=10, rebuilt=0, rebound=0, verified=True, elapsed=0.04s
ERROR:megatron.core.transformer.moe.pipeline_stage_repair:BSR-MoE pipeline repair FAILED: failed_rank 0 not in pp_group_ranks [1, 5]
WARNING:megatron.core.transformer.moe.group_rebuild:BSR-MoE group rebuild: REBINDING — updating module references (step=60)
WARNING:megatron.core.transformer.moe.pipeline_stage_repair:BSR-MoE pipeline repair FAILED — stage=-1, pp_rebuilt=False, prev_next=False, p2p=False, compound=0, verified=False, elapsed=0.00s
WARNING:megatron.core.transformer.moe.recovery_controller:[2026-04-20 20:34:01] BSR-MoE controller: step3 group_rebuild_execute elapsed=0.070s (step=60)
WARNING:megatron.core.transformer.moe.group_rebuild:BSR-MoE group rebuild: FINISHED — returning to IDLE (step=60, history_len=1)
WARNING:megatron.core.transformer.moe.recovery_controller:[2026-04-20 20:34:01] BSR-MoE controller: step4 group_rebuild_finish elapsed=0.000s (step=60)
ERROR:megatron.core.transformer.moe.safe_point_group_repair:BSR-MoE repair: pipeline stage repair FAILED: failed_rank 0 not in pp_group_ranks [1, 5]
WARNING:megatron.core.transformer.moe.safe_point_group_repair:BSR-MoE safe-point repair SUCCEEDED — invalidated=10, rebuilt=0, rebound=0, verified=True, elapsed=0.04s
WARNING:megatron.core.transformer.moe.bsr_integration:[2026-04-20 20:34:01] BSR-MoE: safe-point group repair SUCCEEDED — invalidated=10, rebuilt=0, rebound=0, verified=True, elapsed=0.04s
INFO:megatron.core.transformer.moe.expert_directory:Directory: refreshed placement for 320 entries with new ranks [8, 1, 2, 3]
WARNING:megatron.core.transformer.moe.group_rebuild:BSR-MoE group rebuild: REBINDING — updating module references (step=60)
WARNING:megatron.core.transformer.moe.recovery_controller:[2026-04-20 20:34:01] BSR-MoE controller: step3 group_rebuild_execute elapsed=0.070s (step=60)
INFO:megatron.core.transformer.moe.rank_quarantine:RankQuarantineRegistry: placement set — 8 experts across 4 EP ranks
WARNING:megatron.core.transformer.moe.group_rebuild:BSR-MoE group rebuild: FINISHED — returning to IDLE (step=60, history_len=1)
ERROR:megatron.core.transformer.moe.pipeline_stage_repair:BSR-MoE pipeline repair FAILED: failed_rank 0 not in pp_group_ranks [2, 6]
WARNING:megatron.core.transformer.moe.dispatch_topology_refresh:BSR-MoE dispatch topology: REFRESHED (step=60, failed_rank=0 → replacement_rank=8, active_ranks=[1, 2, 3, 8], quarantined=[0], refresh_count=1)
WARNING:megatron.core.transformer.moe.recovery_controller:[2026-04-20 20:34:01] BSR-MoE controller: step4 group_rebuild_finish elapsed=0.000s (step=60)
WARNING:megatron.core.transformer.moe.pipeline_stage_repair:BSR-MoE pipeline repair FAILED — stage=-1, pp_rebuilt=False, prev_next=False, p2p=False, compound=0, verified=False, elapsed=0.00s
ERROR:megatron.core.transformer.moe.safe_point_group_repair:BSR-MoE repair: pipeline stage repair FAILED: failed_rank 0 not in pp_group_ranks [2, 6]
INFO:megatron.core.transformer.moe.expert_directory:Directory: refreshed placement for 320 entries with new ranks [8, 1, 2, 3]
WARNING:megatron.core.transformer.moe.safe_point_group_repair:BSR-MoE safe-point repair SUCCEEDED — invalidated=10, rebuilt=0, rebound=0, verified=True, elapsed=0.04s
WARNING:megatron.core.transformer.moe.bsr_integration:[2026-04-20 20:34:01] BSR-MoE: safe-point group repair SUCCEEDED — invalidated=10, rebuilt=0, rebound=0, verified=True, elapsed=0.04s
INFO:megatron.core.transformer.moe.bsr_integration:BSR-MoE topology_refresh_fn: consistency check passed (step=60, dispatchable=8/8)
INFO:megatron.core.transformer.moe.rank_quarantine:RankQuarantineRegistry: placement set — 8 experts across 4 EP ranks
WARNING:megatron.core.transformer.moe.group_rebuild:BSR-MoE group rebuild: REBINDING — updating module references (step=60)
WARNING:megatron.core.transformer.moe.recovery_controller:[2026-04-20 20:34:01] BSR-MoE controller: step5 topology_refresh elapsed=0.000s (step=60)
WARNING:megatron.core.transformer.moe.recovery_controller:[2026-04-20 20:34:01] BSR-MoE controller: step3 group_rebuild_execute elapsed=0.071s (step=60)
WARNING:megatron.core.transformer.moe.dispatch_topology_refresh:BSR-MoE dispatch topology: REFRESHED (step=60, failed_rank=0 → replacement_rank=8, active_ranks=[1, 2, 3, 8], quarantined=[0], refresh_count=1)
WARNING:megatron.core.transformer.moe.group_rebuild:BSR-MoE group rebuild: FINISHED — returning to IDLE (step=60, history_len=1)
WARNING:megatron.core.transformer.moe.recovery_controller:[2026-04-20 20:34:03] BSR-MoE controller: step4 group_rebuild_finish elapsed=1.624s (step=60)
INFO:megatron.core.transformer.moe.expert_directory:Directory: refreshed placement for 320 entries with new ranks [8, 1, 2, 3]
INFO:megatron.core.transformer.moe.rank_quarantine:RankQuarantineRegistry: placement set — 8 experts across 4 EP ranks
WARNING:megatron.core.transformer.moe.dispatch_topology_refresh:BSR-MoE dispatch topology: REFRESHED (step=60, failed_rank=0 → replacement_rank=8, active_ranks=[1, 2, 3, 8], quarantined=[0], refresh_count=1)
INFO:megatron.core.transformer.moe.bsr_integration:BSR-MoE topology_refresh_fn: consistency check passed (step=60, dispatchable=8/8)
WARNING:megatron.core.transformer.moe.recovery_controller:[2026-04-20 20:34:03] BSR-MoE controller: step5 topology_refresh elapsed=0.001s (step=60)
INFO:megatron.core.transformer.moe.dense_param_sync:Selected healthy DP peer: rank 1 (from candidates [1, 2, 3])
INFO:megatron.core.transformer.moe.dense_param_sync:BSR-MoE dense recovery: planned — replacement=8, failed=0, source=1, step=60
INFO:megatron.core.transformer.moe.dense_param_sync:Parameter classification: 81 dense, 20 router, 0 shared_expert, 80 expert (total 181)
WARNING:megatron.core.transformer.moe.dense_param_sync:BSR-MoE dense param sync: SUCCESS — synced 101 params (85972992 scalars) from rank 1 (attempt 1, 0.00s, skipped 80 expert params)
WARNING:megatron.core.transformer.moe.bsr_integration:[2026-04-20 20:34:03] BSR-MoE dense param sync: SUCCESS — synced 101 params (85972992 scalars) from rank 1 (attempt 1, 0.00s, skipped 80 expert params)
WARNING:megatron.core.transformer.moe.recovery_controller:[2026-04-20 20:34:03] BSR-MoE controller: step6 dense_sync elapsed=0.001s (step=60)
INFO:megatron.core.transformer.moe.bsr_integration:BSR-MoE: found latest checkpoint with manifest at /mnt/ais-c1/dataset/zds/4.20/3 (step=-1)
INFO:megatron.core.transformer.moe.stale_expert_restore:BSR-MoE stale expert restore: submitted 80 async load requests for plan (failed_rank=0, replacement=8, step=60)
INFO:megatron.core.transformer.moe.stale_expert_restore:BSR-MoE optimizer barrier: blocked 80 expert params for expert_ids=[0, 1] (total blocked=80)
INFO:megatron.core.transformer.moe.bsr_integration:BSR-MoE: loading expert (layer=1, id=0) from checkpoint /mnt/ais-c1/dataset/zds/4.20/3 (step=-1, location=)
INFO:megatron.core.transformer.moe.bsr_integration:BSR-MoE: loading expert (layer=2, id=0) from checkpoint /mnt/ais-c1/dataset/zds/4.20/3 (step=-1, location=)
INFO:megatron.core.transformer.moe.bsr_integration:BSR-MoE: loading expert (layer=3, id=0) from checkpoint /mnt/ais-c1/dataset/zds/4.20/3 (step=-1, location=)
INFO:megatron.core.transformer.moe.bsr_integration:BSR-MoE: loading expert (layer=4, id=0) from checkpoint /mnt/ais-c1/dataset/zds/4.20/3 (step=-1, location=)
INFO:megatron.core.transformer.moe.bsr_integration:BSR-MoE: loading expert (layer=5, id=0) from checkpoint /mnt/ais-c1/dataset/zds/4.20/3 (step=-1, location=)
INFO:megatron.core.transformer.moe.bsr_integration:BSR-MoE: loading expert (layer=6, id=0) from checkpoint /mnt/ais-c1/dataset/zds/4.20/3 (step=-1, location=)
INFO:megatron.core.transformer.moe.bsr_integration:BSR-MoE: loading expert (layer=7, id=0) from checkpoint /mnt/ais-c1/dataset/zds/4.20/3 (step=-1, location=)
INFO:megatron.core.transformer.moe.bsr_integration:BSR-MoE: loading expert (layer=8, id=0) from checkpoint /mnt/ais-c1/dataset/zds/4.20/3 (step=-1, location=)
INFO:megatron.core.transformer.moe.bsr_integration:BSR-MoE: loading expert (layer=9, id=0) from checkpoint /mnt/ais-c1/dataset/zds/4.20/3 (step=-1, location=)
INFO:megatron.core.transformer.moe.bsr_integration:BSR-MoE: loading expert (layer=10, id=0) from checkpoint /mnt/ais-c1/dataset/zds/4.20/3 (step=-1, location=)
WARNING:megatron.core.transformer.moe.pipeline_stage_repair:BSR-MoE pipeline repair: stage=0, failed=0, replacement=8, old_ranks=[0, 4], new_ranks=[8, 4]
ERROR:megatron.core.transformer.moe.pipeline_stage_repair:BSR-MoE pipeline repair: failed to rebuild PP group: The new group's rank should be within the world_size set by init_process_group
ERROR:megatron.core.transformer.moe.pipeline_stage_repair:BSR-MoE pipeline repair: failed to rebuild compound group MODEL_PARALLEL_GROUP: The new group's rank should be within the world_size set by init_process_group
ERROR:megatron.core.transformer.moe.pipeline_stage_repair:BSR-MoE pipeline repair: failed to rebuild compound group PIPELINE_MODEL_PARALLEL_GROUP_FOR_EMBEDDING: The new group's rank should be within the world_size set by init_process_group
INFO:megatron.core.transformer.moe.pipeline_stage_repair:BSR-MoE pipeline repair: rebuilt 0 compound groups
WARNING:megatron.core.transformer.moe.pipeline_stage_repair:BSR-MoE pipeline repair SUCCEEDED — stage=0, pp_rebuilt=False, prev_next=True, p2p=True, compound=0, verified=False, elapsed=5.29s
WARNING:megatron.core.transformer.moe.safe_point_group_repair:BSR-MoE repair: pipeline stage repair SUCCEEDED — pp_group_rebuilt=False, prev_next_updated=True, p2p_rebound=True, elapsed=5.29s
[rank4]:[W420 20:34:07.380803388 ProcessGroupNCCL.cpp:4561] [PG ID 17 PG GUID 83 Rank 0]  using GPU 4 to perform barrier as devices used by this process are currently unknown. This can potentially cause a hang if this rank to GPU mapping is incorrect. Specify device_ids in barrier() to force use of a particular device, or call init_process_group() with a device_id.
ERROR:megatron.core.transformer.moe.pipeline_stage_repair:BSR-MoE pipeline repair: failed to rebuild PP group: The new group's rank should be within the world_size set by init_process_group
ERROR:megatron.core.transformer.moe.pipeline_stage_repair:BSR-MoE pipeline repair: failed to rebuild compound group MODEL_PARALLEL_GROUP: The new group's rank should be within the world_size set by init_process_group
ERROR:megatron.core.transformer.moe.pipeline_stage_repair:BSR-MoE pipeline repair: failed to rebuild compound group PIPELINE_MODEL_PARALLEL_GROUP_FOR_EMBEDDING: The new group's rank should be within the world_size set by init_process_group
ERROR:megatron.core.transformer.moe.pipeline_stage_repair:BSR-MoE pipeline repair: failed to rebuild compound group PIPELINE_MODEL_PARALLEL_GROUP_FOR_POSITION_EMBEDDING: The new group's rank should be within the world_size set by init_process_group
INFO:megatron.core.transformer.moe.pipeline_stage_repair:BSR-MoE pipeline repair: rebuilt 0 compound groups
WARNING:megatron.core.transformer.moe.pipeline_stage_repair:BSR-MoE pipeline repair SUCCEEDED — stage=0, pp_rebuilt=False, prev_next=False, p2p=True, compound=0, verified=False, elapsed=6.74s
WARNING:megatron.core.transformer.moe.safe_point_group_repair:BSR-MoE repair: pipeline stage repair SUCCEEDED — pp_group_rebuilt=False, prev_next_updated=False, p2p_rebound=True, elapsed=6.74s
WARNING:megatron.core.transformer.moe.safe_point_group_repair:BSR-MoE safe-point repair SUCCEEDED — invalidated=10, rebuilt=1, rebound=0, verified=True, elapsed=6.78s
WARNING:megatron.core.transformer.moe.bsr_integration:[2026-04-20 20:34:08] BSR-MoE: safe-point group repair SUCCEEDED — invalidated=10, rebuilt=1, rebound=0, verified=True, elapsed=6.78s
WARNING:megatron.core.transformer.moe.group_rebuild:BSR-MoE group rebuild: REBINDING — updating module references (step=60)
WARNING:megatron.core.transformer.moe.recovery_controller:[2026-04-20 20:34:08] BSR-MoE controller: step3 group_rebuild_execute elapsed=6.810s (step=60)
WARNING:megatron.core.transformer.moe.group_rebuild:BSR-MoE group rebuild: FINISHED — returning to IDLE (step=60, history_len=1)
WARNING:megatron.core.transformer.moe.recovery_controller:[2026-04-20 20:34:08] BSR-MoE controller: step4 group_rebuild_finish elapsed=0.000s (step=60)
INFO:megatron.core.transformer.moe.expert_directory:Directory: refreshed placement for 320 entries with new ranks [8, 1, 2, 3]
INFO:megatron.core.transformer.moe.rank_quarantine:RankQuarantineRegistry: placement set — 8 experts across 4 EP ranks
WARNING:megatron.core.transformer.moe.dispatch_topology_refresh:BSR-MoE dispatch topology: REFRESHED (step=60, failed_rank=0 → replacement_rank=8, active_ranks=[1, 2, 3, 8], quarantined=[0], refresh_count=1)
INFO:megatron.core.transformer.moe.bsr_integration:BSR-MoE topology_refresh_fn: consistency check passed (step=60, dispatchable=8/8)
WARNING:megatron.core.transformer.moe.recovery_controller:[2026-04-20 20:34:08] BSR-MoE controller: step5 topology_refresh elapsed=0.001s (step=60)
INFO:megatron.core.transformer.moe.dense_param_sync:Selected healthy DP peer: rank 1 (from candidates [1, 2, 3])
INFO:megatron.core.transformer.moe.dense_param_sync:BSR-MoE dense recovery: planned — replacement=8, failed=0, source=1, step=60
INFO:megatron.core.transformer.moe.dense_param_sync:Parameter classification: 81 dense, 20 router, 0 shared_expert, 80 expert (total 181)
WARNING:megatron.core.transformer.moe.dense_param_sync:BSR-MoE dense param sync: SUCCESS — synced 101 params (85972992 scalars) from rank 1 (attempt 1, 0.00s, skipped 80 expert params)
WARNING:megatron.core.transformer.moe.bsr_integration:[2026-04-20 20:34:08] BSR-MoE dense param sync: SUCCESS — synced 101 params (85972992 scalars) from rank 1 (attempt 1, 0.00s, skipped 80 expert params)
WARNING:megatron.core.transformer.moe.recovery_controller:[2026-04-20 20:34:08] BSR-MoE controller: step6 dense_sync elapsed=0.001s (step=60)
ERROR:megatron.core.transformer.moe.pipeline_stage_repair:BSR-MoE pipeline repair FAILED: failed_rank 0 not in pp_group_ranks [2, 6]
WARNING:megatron.core.transformer.moe.pipeline_stage_repair:BSR-MoE pipeline repair FAILED — stage=-1, pp_rebuilt=False, prev_next=False, p2p=False, compound=0, verified=False, elapsed=8.71s
ERROR:megatron.core.transformer.moe.safe_point_group_repair:BSR-MoE repair: pipeline stage repair FAILED: failed_rank 0 not in pp_group_ranks [2, 6]
[rank6]:[W420 20:34:10.804473587 ProcessGroupNCCL.cpp:4561] [PG ID 17 PG GUID 83 Rank 2]  using GPU 6 to perform barrier as devices used by this process are currently unknown. This can potentially cause a hang if this rank to GPU mapping is incorrect. Specify device_ids in barrier() to force use of a particular device, or call init_process_group() with a device_id.
INFO:megatron.core.transformer.moe.bsr_integration:BSR-MoE topology_refresh_fn: consistency check passed (step=60, dispatchable=8/8)
WARNING:megatron.core.transformer.moe.recovery_controller:[2026-04-20 20:34:11] BSR-MoE controller: step5 topology_refresh elapsed=9.762s (step=60)
INFO:megatron.core.transformer.moe.dense_param_sync:Selected healthy DP peer: rank 1 (from candidates [1, 2, 3])
INFO:megatron.core.transformer.moe.dense_param_sync:BSR-MoE dense recovery: planned — replacement=8, failed=0, source=1, step=60
INFO:megatron.core.transformer.moe.dense_param_sync:Parameter classification: 81 dense, 20 router, 0 shared_expert, 80 expert (total 181)
WARNING:megatron.core.transformer.moe.dense_param_sync:BSR-MoE dense param sync: SUCCESS — synced 101 params (85972992 scalars) from rank 1 (attempt 1, 0.00s, skipped 80 expert params)
WARNING:megatron.core.transformer.moe.bsr_integration:[2026-04-20 20:34:11] BSR-MoE dense param sync: SUCCESS — synced 101 params (85972992 scalars) from rank 1 (attempt 1, 0.00s, skipped 80 expert params)
WARNING:megatron.core.transformer.moe.recovery_controller:[2026-04-20 20:34:11] BSR-MoE controller: step6 dense_sync elapsed=0.002s (step=60)
INFO:megatron.core.transformer.moe.bsr_integration:BSR-MoE: found latest checkpoint with manifest at /mnt/ais-c1/dataset/zds/4.20/3 (step=-1)
INFO:megatron.core.transformer.moe.stale_expert_restore:BSR-MoE stale expert restore: submitted 80 async load requests for plan (failed_rank=0, replacement=8, step=60)
INFO:megatron.core.transformer.moe.stale_expert_restore:BSR-MoE optimizer barrier: blocked 80 expert params for expert_ids=[0, 1] (total blocked=80)
INFO:megatron.core.transformer.moe.bsr_integration:BSR-MoE: loading expert (layer=1, id=0) from checkpoint /mnt/ais-c1/dataset/zds/4.20/3 (step=-1, location=)
INFO:megatron.core.transformer.moe.bsr_integration:BSR-MoE: loading expert (layer=2, id=0) from checkpoint /mnt/ais-c1/dataset/zds/4.20/3 (step=-1, location=)
INFO:megatron.core.transformer.moe.bsr_integration:BSR-MoE: loading expert (layer=3, id=0) from checkpoint /mnt/ais-c1/dataset/zds/4.20/3 (step=-1, location=)
INFO:megatron.core.transformer.moe.bsr_integration:BSR-MoE: loading expert (layer=4, id=0) from checkpoint /mnt/ais-c1/dataset/zds/4.20/3 (step=-1, location=)
INFO:megatron.core.transformer.moe.bsr_integration:BSR-MoE: loading expert (layer=5, id=0) from checkpoint /mnt/ais-c1/dataset/zds/4.20/3 (step=-1, location=)
INFO:megatron.core.transformer.moe.bsr_integration:BSR-MoE: loading expert (layer=6, id=0) from checkpoint /mnt/ais-c1/dataset/zds/4.20/3 (step=-1, location=)
INFO:megatron.core.transformer.moe.bsr_integration:BSR-MoE: loading expert (layer=7, id=0) from checkpoint /mnt/ais-c1/dataset/zds/4.20/3 (step=-1, location=)
INFO:megatron.core.transformer.moe.bsr_integration:BSR-MoE: loading expert (layer=8, id=0) from checkpoint /mnt/ais-c1/dataset/zds/4.20/3 (step=-1, location=)
INFO:megatron.core.transformer.moe.bsr_integration:BSR-MoE: loading expert (layer=9, id=0) from checkpoint /mnt/ais-c1/dataset/zds/4.20/3 (step=-1, location=)
INFO:megatron.core.transformer.moe.bsr_integration:BSR-MoE: loading expert (layer=10, id=0) from checkpoint /mnt/ais-c1/dataset/zds/4.20/3 (step=-1, location=)
INFO:megatron.core.transformer.moe.bsr_integration:BSR-MoE: loading expert (layer=11, id=0) from checkpoint /mnt/ais-c1/dataset/zds/4.20/3 (step=-1, location=)
INFO:megatron.core.transformer.moe.bsr_integration:BSR-MoE: loading expert (layer=12, id=0) from checkpoint /mnt/ais-c1/dataset/zds/4.20/3 (step=-1, location=)
INFO:megatron.core.transformer.moe.bsr_integration:BSR-MoE: loading expert (layer=13, id=0) from checkpoint /mnt/ais-c1/dataset/zds/4.20/3 (step=-1, location=)
INFO:megatron.core.transformer.moe.bsr_integration:BSR-MoE: loading expert (layer=14, id=0) from checkpoint /mnt/ais-c1/dataset/zds/4.20/3 (step=-1, location=)
INFO:megatron.core.transformer.moe.bsr_integration:BSR-MoE: loading expert (layer=15, id=0) from checkpoint /mnt/ais-c1/dataset/zds/4.20/3 (step=-1, location=)
INFO:megatron.core.transformer.moe.bsr_integration:BSR-MoE: loading expert (layer=11, id=0) from checkpoint /mnt/ais-c1/dataset/zds/4.20/3 (step=-1, location=)
INFO:megatron.core.transformer.moe.bsr_integration:BSR-MoE: loading expert (layer=12, id=0) from checkpoint /mnt/ais-c1/dataset/zds/4.20/3 (step=-1, location=)
INFO:megatron.core.transformer.moe.expert_health_manager:BSR-MoE layer 1: experts [0, 1] → STALE_RUNNABLE (step=60)
INFO:megatron.core.transformer.moe.bsr_integration:BSR-MoE: loading expert (layer=13, id=0) from checkpoint /mnt/ais-c1/dataset/zds/4.20/3 (step=-1, location=)
INFO:megatron.core.transformer.moe.bsr_integration:BSR-MoE: loading expert (layer=14, id=0) from checkpoint /mnt/ais-c1/dataset/zds/4.20/3 (step=-1, location=)
INFO:megatron.core.transformer.moe.bsr_integration:BSR-MoE: loading expert (layer=15, id=0) from checkpoint /mnt/ais-c1/dataset/zds/4.20/3 (step=-1, location=)
INFO:megatron.core.transformer.moe.bsr_integration:BSR-MoE: loading expert (layer=16, id=0) from checkpoint /mnt/ais-c1/dataset/zds/4.20/3 (step=-1, location=)
INFO:megatron.core.transformer.moe.bsr_integration:BSR-MoE: loading expert (layer=17, id=0) from checkpoint /mnt/ais-c1/dataset/zds/4.20/3 (step=-1, location=)
INFO:megatron.core.transformer.moe.bsr_integration:BSR-MoE: loading expert (layer=18, id=0) from checkpoint /mnt/ais-c1/dataset/zds/4.20/3 (step=-1, location=)
INFO:megatron.core.transformer.moe.bsr_integration:BSR-MoE: loading expert (layer=19, id=0) from checkpoint /mnt/ais-c1/dataset/zds/4.20/3 (step=-1, location=)
INFO:megatron.core.transformer.moe.bsr_integration:BSR-MoE: loading expert (layer=20, id=0) from checkpoint /mnt/ais-c1/dataset/zds/4.20/3 (step=-1, location=)
INFO:megatron.core.transformer.moe.bsr_integration:BSR-MoE: loading expert (layer=21, id=0) from checkpoint /mnt/ais-c1/dataset/zds/4.20/3 (step=-1, location=)
INFO:megatron.core.transformer.moe.bsr_integration:BSR-MoE: loading expert (layer=22, id=0) from checkpoint /mnt/ais-c1/dataset/zds/4.20/3 (step=-1, location=)
INFO:megatron.core.transformer.moe.bsr_integration:BSR-MoE: loading expert (layer=23, id=0) from checkpoint /mnt/ais-c1/dataset/zds/4.20/3 (step=-1, location=)
INFO:megatron.core.transformer.moe.bsr_integration:BSR-MoE: loading expert (layer=24, id=0) from checkpoint /mnt/ais-c1/dataset/zds/4.20/3 (step=-1, location=)
INFO:megatron.core.transformer.moe.expert_health_manager:BSR-MoE layer 2: experts [0, 1] → STALE_RUNNABLE (step=60)
INFO:megatron.core.transformer.moe.bsr_integration:BSR-MoE: loading expert (layer=25, id=0) from checkpoint /mnt/ais-c1/dataset/zds/4.20/3 (step=-1, location=)
INFO:megatron.core.transformer.moe.bsr_integration:BSR-MoE: loading expert (layer=26, id=0) from checkpoint /mnt/ais-c1/dataset/zds/4.20/3 (step=-1, location=)
INFO:megatron.core.transformer.moe.bsr_integration:BSR-MoE: loading expert (layer=27, id=0) from checkpoint /mnt/ais-c1/dataset/zds/4.20/3 (step=-1, location=)
INFO:megatron.core.transformer.moe.bsr_integration:BSR-MoE: loading expert (layer=28, id=0) from checkpoint /mnt/ais-c1/dataset/zds/4.20/3 (step=-1, location=)
INFO:megatron.core.transformer.moe.bsr_integration:BSR-MoE: loading expert (layer=29, id=0) from checkpoint /mnt/ais-c1/dataset/zds/4.20/3 (step=-1, location=)
INFO:megatron.core.transformer.moe.bsr_integration:BSR-MoE: loading expert (layer=30, id=0) from checkpoint /mnt/ais-c1/dataset/zds/4.20/3 (step=-1, location=)
INFO:megatron.core.transformer.moe.bsr_integration:BSR-MoE: loading expert (layer=31, id=0) from checkpoint /mnt/ais-c1/dataset/zds/4.20/3 (step=-1, location=)
INFO:megatron.core.transformer.moe.bsr_integration:BSR-MoE: loading expert (layer=32, id=0) from checkpoint /mnt/ais-c1/dataset/zds/4.20/3 (step=-1, location=)
INFO:megatron.core.transformer.moe.bsr_integration:BSR-MoE: loading expert (layer=33, id=0) from checkpoint /mnt/ais-c1/dataset/zds/4.20/3 (step=-1, location=)
INFO:megatron.core.transformer.moe.bsr_integration:BSR-MoE: loading expert (layer=34, id=0) from checkpoint /mnt/ais-c1/dataset/zds/4.20/3 (step=-1, location=)
INFO:megatron.core.transformer.moe.bsr_integration:BSR-MoE: loading expert (layer=16, id=0) from checkpoint /mnt/ais-c1/dataset/zds/4.20/3 (step=-1, location=)
INFO:megatron.core.transformer.moe.bsr_integration:BSR-MoE: loading expert (layer=17, id=0) from checkpoint /mnt/ais-c1/dataset/zds/4.20/3 (step=-1, location=)
INFO:megatron.core.transformer.moe.expert_health_manager:BSR-MoE layer 1: experts [0, 1] → STALE_RUNNABLE (step=60)
INFO:megatron.core.transformer.moe.bsr_integration:BSR-MoE: loading expert (layer=18, id=0) from checkpoint /mnt/ais-c1/dataset/zds/4.20/3 (step=-1, location=)
INFO:megatron.core.transformer.moe.bsr_integration:BSR-MoE: loading expert (layer=19, id=0) from checkpoint /mnt/ais-c1/dataset/zds/4.20/3 (step=-1, location=)
INFO:megatron.core.transformer.moe.bsr_integration:BSR-MoE: loading expert (layer=20, id=0) from checkpoint /mnt/ais-c1/dataset/zds/4.20/3 (step=-1, location=)
INFO:megatron.core.transformer.moe.bsr_integration:BSR-MoE: loading expert (layer=21, id=0) from checkpoint /mnt/ais-c1/dataset/zds/4.20/3 (step=-1, location=)
INFO:megatron.core.transformer.moe.bsr_integration:BSR-MoE: loading expert (layer=22, id=0) from checkpoint /mnt/ais-c1/dataset/zds/4.20/3 (step=-1, location=)
INFO:megatron.core.transformer.moe.bsr_integration:BSR-MoE: loading expert (layer=23, id=0) from checkpoint /mnt/ais-c1/dataset/zds/4.20/3 (step=-1, location=)
INFO:megatron.core.transformer.moe.bsr_integration:BSR-MoE: loading expert (layer=24, id=0) from checkpoint /mnt/ais-c1/dataset/zds/4.20/3 (step=-1, location=)
INFO:megatron.core.transformer.moe.bsr_integration:BSR-MoE: loading expert (layer=25, id=0) from checkpoint /mnt/ais-c1/dataset/zds/4.20/3 (step=-1, location=)
INFO:megatron.core.transformer.moe.bsr_integration:BSR-MoE: loading expert (layer=26, id=0) from checkpoint /mnt/ais-c1/dataset/zds/4.20/3 (step=-1, location=)
INFO:megatron.core.transformer.moe.bsr_integration:BSR-MoE: loading expert (layer=27, id=0) from checkpoint /mnt/ais-c1/dataset/zds/4.20/3 (step=-1, location=)
INFO:megatron.core.transformer.moe.bsr_integration:BSR-MoE: loading expert (layer=28, id=0) from checkpoint /mnt/ais-c1/dataset/zds/4.20/3 (step=-1, location=)
INFO:megatron.core.transformer.moe.bsr_integration:BSR-MoE: loading expert (layer=29, id=0) from checkpoint /mnt/ais-c1/dataset/zds/4.20/3 (step=-1, location=)
INFO:megatron.core.transformer.moe.expert_health_manager:BSR-MoE layer 2: experts [0, 1] → STALE_RUNNABLE (step=60)
INFO:megatron.core.transformer.moe.bsr_integration:BSR-MoE: loading expert (layer=30, id=0) from checkpoint /mnt/ais-c1/dataset/zds/4.20/3 (step=-1, location=)
INFO:megatron.core.transformer.moe.bsr_integration:BSR-MoE: loading expert (layer=31, id=0) from checkpoint /mnt/ais-c1/dataset/zds/4.20/3 (step=-1, location=)
INFO:megatron.core.transformer.moe.bsr_integration:BSR-MoE: loading expert (layer=32, id=0) from checkpoint /mnt/ais-c1/dataset/zds/4.20/3 (step=-1, location=)
INFO:megatron.core.transformer.moe.bsr_integration:BSR-MoE: loading expert (layer=33, id=0) from checkpoint /mnt/ais-c1/dataset/zds/4.20/3 (step=-1, location=)
INFO:megatron.core.transformer.moe.bsr_integration:BSR-MoE: loading expert (layer=34, id=0) from checkpoint /mnt/ais-c1/dataset/zds/4.20/3 (step=-1, location=)
INFO:megatron.core.transformer.moe.bsr_integration:BSR-MoE: loading expert (layer=35, id=0) from checkpoint /mnt/ais-c1/dataset/zds/4.20/3 (step=-1, location=)
INFO:megatron.core.transformer.moe.bsr_integration:BSR-MoE: loading expert (layer=36, id=0) from checkpoint /mnt/ais-c1/dataset/zds/4.20/3 (step=-1, location=)
INFO:megatron.core.transformer.moe.bsr_integration:BSR-MoE: loading expert (layer=37, id=0) from checkpoint /mnt/ais-c1/dataset/zds/4.20/3 (step=-1, location=)
INFO:megatron.core.transformer.moe.bsr_integration:BSR-MoE: loading expert (layer=38, id=0) from checkpoint /mnt/ais-c1/dataset/zds/4.20/3 (step=-1, location=)
INFO:megatron.core.transformer.moe.bsr_integration:BSR-MoE: loading expert (layer=39, id=0) from checkpoint /mnt/ais-c1/dataset/zds/4.20/3 (step=-1, location=)
INFO:megatron.core.transformer.moe.bsr_integration:BSR-MoE: found latest checkpoint with manifest at /mnt/ais-c1/dataset/zds/4.20/3 (step=-1)
INFO:megatron.core.transformer.moe.bsr_integration:BSR-MoE: loading expert (layer=1, id=0) from checkpoint /mnt/ais-c1/dataset/zds/4.20/3 (step=-1, location=)
INFO:megatron.core.transformer.moe.bsr_integration:BSR-MoE: loading expert (layer=2, id=0) from checkpoint /mnt/ais-c1/dataset/zds/4.20/3 (step=-1, location=)
INFO:megatron.core.transformer.moe.bsr_integration:BSR-MoE: loading expert (layer=3, id=0) from checkpoint /mnt/ais-c1/dataset/zds/4.20/3 (step=-1, location=)
INFO:megatron.core.transformer.moe.bsr_integration:BSR-MoE: loading expert (layer=4, id=0) from checkpoint /mnt/ais-c1/dataset/zds/4.20/3 (step=-1, location=)
INFO:megatron.core.transformer.moe.bsr_integration:BSR-MoE: loading expert (layer=5, id=0) from checkpoint /mnt/ais-c1/dataset/zds/4.20/3 (step=-1, location=)
INFO:megatron.core.transformer.moe.bsr_integration:BSR-MoE: loading expert (layer=6, id=0) from checkpoint /mnt/ais-c1/dataset/zds/4.20/3 (step=-1, location=)
INFO:megatron.core.transformer.moe.bsr_integration:BSR-MoE: loading expert (layer=7, id=0) from checkpoint /mnt/ais-c1/dataset/zds/4.20/3 (step=-1, location=)
INFO:megatron.core.transformer.moe.bsr_integration:BSR-MoE: loading expert (layer=8, id=0) from checkpoint /mnt/ais-c1/dataset/zds/4.20/3 (step=-1, location=)
INFO:megatron.core.transformer.moe.bsr_integration:BSR-MoE: loading expert (layer=9, id=0) from checkpoint /mnt/ais-c1/dataset/zds/4.20/3 (step=-1, location=)
INFO:megatron.core.transformer.moe.bsr_integration:BSR-MoE: loading expert (layer=10, id=0) from checkpoint /mnt/ais-c1/dataset/zds/4.20/3 (step=-1, location=)
INFO:megatron.core.transformer.moe.bsr_integration:BSR-MoE: loading expert (layer=11, id=0) from checkpoint /mnt/ais-c1/dataset/zds/4.20/3 (step=-1, location=)
INFO:megatron.core.transformer.moe.bsr_integration:BSR-MoE: loading expert (layer=12, id=0) from checkpoint /mnt/ais-c1/dataset/zds/4.20/3 (step=-1, location=)
INFO:megatron.core.transformer.moe.bsr_integration:BSR-MoE: loading expert (layer=13, id=0) from checkpoint /mnt/ais-c1/dataset/zds/4.20/3 (step=-1, location=)
INFO:megatron.core.transformer.moe.bsr_integration:BSR-MoE: loading expert (layer=14, id=0) from checkpoint /mnt/ais-c1/dataset/zds/4.20/3 (step=-1, location=)
INFO:megatron.core.transformer.moe.bsr_integration:BSR-MoE: loading expert (layer=15, id=0) from checkpoint /mnt/ais-c1/dataset/zds/4.20/3 (step=-1, location=)
INFO:megatron.core.transformer.moe.bsr_integration:BSR-MoE: loading expert (layer=16, id=0) from checkpoint /mnt/ais-c1/dataset/zds/4.20/3 (step=-1, location=)
INFO:megatron.core.transformer.moe.bsr_integration:BSR-MoE: loading expert (layer=17, id=0) from checkpoint /mnt/ais-c1/dataset/zds/4.20/3 (step=-1, location=)
INFO:megatron.core.transformer.moe.bsr_integration:BSR-MoE: loading expert (layer=18, id=0) from checkpoint /mnt/ais-c1/dataset/zds/4.20/3 (step=-1, location=)
INFO:megatron.core.transformer.moe.bsr_integration:BSR-MoE: loading expert (layer=19, id=0) from checkpoint /mnt/ais-c1/dataset/zds/4.20/3 (step=-1, location=)
INFO:megatron.core.transformer.moe.bsr_integration:BSR-MoE: loading expert (layer=20, id=0) from checkpoint /mnt/ais-c1/dataset/zds/4.20/3 (step=-1, location=)
INFO:megatron.core.transformer.moe.bsr_integration:BSR-MoE: loading expert (layer=21, id=0) from checkpoint /mnt/ais-c1/dataset/zds/4.20/3 (step=-1, location=)
INFO:megatron.core.transformer.moe.bsr_integration:BSR-MoE: loading expert (layer=22, id=0) from checkpoint /mnt/ais-c1/dataset/zds/4.20/3 (step=-1, location=)
INFO:megatron.core.transformer.moe.stale_expert_restore:BSR-MoE stale expert restore: submitted 80 async load requests for plan (failed_rank=0, replacement=8, step=60)
INFO:megatron.core.transformer.moe.stale_expert_restore:BSR-MoE optimizer barrier: blocked 80 expert params for expert_ids=[0, 1] (total blocked=80)
ERROR:megatron.core.transformer.moe.pipeline_stage_repair:BSR-MoE pipeline repair FAILED: failed_rank 0 not in pp_group_ranks [1, 5]
WARNING:megatron.core.transformer.moe.pipeline_stage_repair:BSR-MoE pipeline repair FAILED — stage=-1, pp_rebuilt=False, prev_next=False, p2p=False, compound=0, verified=False, elapsed=15.68s
ERROR:megatron.core.transformer.moe.safe_point_group_repair:BSR-MoE repair: pipeline stage repair FAILED: failed_rank 0 not in pp_group_ranks [1, 5]
[rank5]:[W420 20:34:17.769292906 ProcessGroupNCCL.cpp:4561] [PG ID 17 PG GUID 83 Rank 1]  using GPU 5 to perform barrier as devices used by this process are currently unknown. This can potentially cause a hang if this rank to GPU mapping is incorrect. Specify device_ids in barrier() to force use of a particular device, or call init_process_group() with a device_id.
INFO:megatron.core.transformer.moe.bsr_integration:BSR-MoE: loading expert (layer=23, id=0) from checkpoint /mnt/ais-c1/dataset/zds/4.20/3 (step=-1, location=)
INFO:megatron.core.transformer.moe.bsr_integration:BSR-MoE: loading expert (layer=24, id=0) from checkpoint /mnt/ais-c1/dataset/zds/4.20/3 (step=-1, location=)
INFO:megatron.core.transformer.moe.expert_health_manager:BSR-MoE layer 1: experts [0, 1] → STALE_RUNNABLE (step=60)
INFO:megatron.core.transformer.moe.bsr_integration:BSR-MoE: loading expert (layer=25, id=0) from checkpoint /mnt/ais-c1/dataset/zds/4.20/3 (step=-1, location=)
INFO:megatron.core.transformer.moe.bsr_integration:BSR-MoE: loading expert (layer=26, id=0) from checkpoint /mnt/ais-c1/dataset/zds/4.20/3 (step=-1, location=)
INFO:megatron.core.transformer.moe.bsr_integration:BSR-MoE: loading expert (layer=27, id=0) from checkpoint /mnt/ais-c1/dataset/zds/4.20/3 (step=-1, location=)
INFO:megatron.core.transformer.moe.bsr_integration:BSR-MoE: loading expert (layer=28, id=0) from checkpoint /mnt/ais-c1/dataset/zds/4.20/3 (step=-1, location=)
INFO:megatron.core.transformer.moe.bsr_integration:BSR-MoE: loading expert (layer=29, id=0) from checkpoint /mnt/ais-c1/dataset/zds/4.20/3 (step=-1, location=)
INFO:megatron.core.transformer.moe.bsr_integration:BSR-MoE: loading expert (layer=30, id=0) from checkpoint /mnt/ais-c1/dataset/zds/4.20/3 (step=-1, location=)
INFO:megatron.core.transformer.moe.bsr_integration:BSR-MoE: loading expert (layer=31, id=0) from checkpoint /mnt/ais-c1/dataset/zds/4.20/3 (step=-1, location=)
INFO:megatron.core.transformer.moe.bsr_integration:BSR-MoE: loading expert (layer=32, id=0) from checkpoint /mnt/ais-c1/dataset/zds/4.20/3 (step=-1, location=)
INFO:megatron.core.transformer.moe.bsr_integration:BSR-MoE: loading expert (layer=33, id=0) from checkpoint /mnt/ais-c1/dataset/zds/4.20/3 (step=-1, location=)
INFO:megatron.core.transformer.moe.bsr_integration:BSR-MoE: loading expert (layer=34, id=0) from checkpoint /mnt/ais-c1/dataset/zds/4.20/3 (step=-1, location=)
INFO:megatron.core.transformer.moe.expert_health_manager:BSR-MoE layer 2: experts [0, 1] → STALE_RUNNABLE (step=60)
INFO:megatron.core.transformer.moe.bsr_integration:BSR-MoE: loading expert (layer=35, id=0) from checkpoint /mnt/ais-c1/dataset/zds/4.20/3 (step=-1, location=)
INFO:megatron.core.transformer.moe.bsr_integration:BSR-MoE: loading expert (layer=36, id=0) from checkpoint /mnt/ais-c1/dataset/zds/4.20/3 (step=-1, location=)
INFO:megatron.core.transformer.moe.bsr_integration:BSR-MoE: loading expert (layer=37, id=0) from checkpoint /mnt/ais-c1/dataset/zds/4.20/3 (step=-1, location=)
INFO:megatron.core.transformer.moe.bsr_integration:BSR-MoE: loading expert (layer=38, id=0) from checkpoint /mnt/ais-c1/dataset/zds/4.20/3 (step=-1, location=)
INFO:megatron.core.transformer.moe.bsr_integration:BSR-MoE: loading expert (layer=39, id=0) from checkpoint /mnt/ais-c1/dataset/zds/4.20/3 (step=-1, location=)
INFO:megatron.core.transformer.moe.bsr_integration:BSR-MoE: loading expert (layer=40, id=0) from checkpoint /mnt/ais-c1/dataset/zds/4.20/3 (step=-1, location=)
INFO:megatron.core.transformer.moe.bsr_integration:BSR-MoE: loading expert (layer=1, id=1) from checkpoint /mnt/ais-c1/dataset/zds/4.20/3 (step=-1, location=)
INFO:megatron.core.transformer.moe.bsr_integration:BSR-MoE: loading expert (layer=2, id=1) from checkpoint /mnt/ais-c1/dataset/zds/4.20/3 (step=-1, location=)
INFO:megatron.core.transformer.moe.bsr_integration:BSR-MoE: loading expert (layer=3, id=1) from checkpoint /mnt/ais-c1/dataset/zds/4.20/3 (step=-1, location=)
INFO:megatron.core.transformer.moe.expert_health_manager:BSR-MoE layer 3: experts [0, 1] → STALE_RUNNABLE (step=60)
INFO:megatron.core.transformer.moe.bsr_integration:BSR-MoE: loading expert (layer=4, id=1) from checkpoint /mnt/ais-c1/dataset/zds/4.20/3 (step=-1, location=)
INFO:megatron.core.transformer.moe.bsr_integration:BSR-MoE: loading expert (layer=5, id=1) from checkpoint /mnt/ais-c1/dataset/zds/4.20/3 (step=-1, location=)
INFO:megatron.core.transformer.moe.expert_health_manager:BSR-MoE layer 3: experts [0, 1] → STALE_RUNNABLE (step=60)
INFO:megatron.core.transformer.moe.bsr_integration:BSR-MoE: loading expert (layer=35, id=0) from checkpoint /mnt/ais-c1/dataset/zds/4.20/3 (step=-1, location=)
INFO:megatron.core.transformer.moe.bsr_integration:BSR-MoE: loading expert (layer=36, id=0) from checkpoint /mnt/ais-c1/dataset/zds/4.20/3 (step=-1, location=)
INFO:megatron.core.transformer.moe.bsr_integration:BSR-MoE: loading expert (layer=37, id=0) from checkpoint /mnt/ais-c1/dataset/zds/4.20/3 (step=-1, location=)
INFO:megatron.core.transformer.moe.bsr_integration:BSR-MoE: loading expert (layer=38, id=0) from checkpoint /mnt/ais-c1/dataset/zds/4.20/3 (step=-1, location=)
INFO:megatron.core.transformer.moe.bsr_integration:BSR-MoE: loading expert (layer=39, id=0) from checkpoint /mnt/ais-c1/dataset/zds/4.20/3 (step=-1, location=)
INFO:megatron.core.transformer.moe.bsr_integration:BSR-MoE: loading expert (layer=40, id=0) from checkpoint /mnt/ais-c1/dataset/zds/4.20/3 (step=-1, location=)
INFO:megatron.core.transformer.moe.bsr_integration:BSR-MoE: loading expert (layer=1, id=1) from checkpoint /mnt/ais-c1/dataset/zds/4.20/3 (step=-1, location=)
INFO:megatron.core.transformer.moe.bsr_integration:BSR-MoE: loading expert (layer=2, id=1) from checkpoint /mnt/ais-c1/dataset/zds/4.20/3 (step=-1, location=)
INFO:megatron.core.transformer.moe.bsr_integration:BSR-MoE: loading expert (layer=3, id=1) from checkpoint /mnt/ais-c1/dataset/zds/4.20/3 (step=-1, location=)
INFO:megatron.core.transformer.moe.bsr_integration:BSR-MoE: loading expert (layer=4, id=1) from checkpoint /mnt/ais-c1/dataset/zds/4.20/3 (step=-1, location=)
INFO:megatron.core.transformer.moe.bsr_integration:BSR-MoE: loading expert (layer=5, id=1) from checkpoint /mnt/ais-c1/dataset/zds/4.20/3 (step=-1, location=)
INFO:megatron.core.transformer.moe.bsr_integration:BSR-MoE: loading expert (layer=6, id=1) from checkpoint /mnt/ais-c1/dataset/zds/4.20/3 (step=-1, location=)
INFO:megatron.core.transformer.moe.bsr_integration:BSR-MoE: loading expert (layer=7, id=1) from checkpoint /mnt/ais-c1/dataset/zds/4.20/3 (step=-1, location=)
INFO:megatron.core.transformer.moe.bsr_integration:BSR-MoE: loading expert (layer=8, id=1) from checkpoint /mnt/ais-c1/dataset/zds/4.20/3 (step=-1, location=)
INFO:megatron.core.transformer.moe.expert_health_manager:BSR-MoE layer 4: experts [0, 1] → STALE_RUNNABLE (step=60)
INFO:megatron.core.transformer.moe.bsr_integration:BSR-MoE: loading expert (layer=9, id=1) from checkpoint /mnt/ais-c1/dataset/zds/4.20/3 (step=-1, location=)
INFO:megatron.core.transformer.moe.bsr_integration:BSR-MoE: loading expert (layer=10, id=1) from checkpoint /mnt/ais-c1/dataset/zds/4.20/3 (step=-1, location=)
INFO:megatron.core.transformer.moe.bsr_integration:BSR-MoE: loading expert (layer=11, id=1) from checkpoint /mnt/ais-c1/dataset/zds/4.20/3 (step=-1, location=)
INFO:megatron.core.transformer.moe.bsr_integration:BSR-MoE: loading expert (layer=12, id=1) from checkpoint /mnt/ais-c1/dataset/zds/4.20/3 (step=-1, location=)
INFO:megatron.core.transformer.moe.bsr_integration:BSR-MoE: loading expert (layer=13, id=1) from checkpoint /mnt/ais-c1/dataset/zds/4.20/3 (step=-1, location=)
INFO:megatron.core.transformer.moe.bsr_integration:BSR-MoE: loading expert (layer=14, id=1) from checkpoint /mnt/ais-c1/dataset/zds/4.20/3 (step=-1, location=)
INFO:megatron.core.transformer.moe.bsr_integration:BSR-MoE: loading expert (layer=15, id=1) from checkpoint /mnt/ais-c1/dataset/zds/4.20/3 (step=-1, location=)
INFO:megatron.core.transformer.moe.bsr_integration:BSR-MoE: loading expert (layer=16, id=1) from checkpoint /mnt/ais-c1/dataset/zds/4.20/3 (step=-1, location=)
INFO:megatron.core.transformer.moe.bsr_integration:BSR-MoE: loading expert (layer=17, id=1) from checkpoint /mnt/ais-c1/dataset/zds/4.20/3 (step=-1, location=)
INFO:megatron.core.transformer.moe.bsr_integration:BSR-MoE: loading expert (layer=18, id=1) from checkpoint /mnt/ais-c1/dataset/zds/4.20/3 (step=-1, location=)
INFO:megatron.core.transformer.moe.bsr_integration:BSR-MoE: loading expert (layer=19, id=1) from checkpoint /mnt/ais-c1/dataset/zds/4.20/3 (step=-1, location=)
INFO:megatron.core.transformer.moe.expert_health_manager:BSR-MoE layer 5: experts [0, 1] → STALE_RUNNABLE (step=60)
INFO:megatron.core.transformer.moe.bsr_integration:BSR-MoE: loading expert (layer=20, id=1) from checkpoint /mnt/ais-c1/dataset/zds/4.20/3 (step=-1, location=)
INFO:megatron.core.transformer.moe.bsr_integration:BSR-MoE: loading expert (layer=21, id=1) from checkpoint /mnt/ais-c1/dataset/zds/4.20/3 (step=-1, location=)
INFO:megatron.core.transformer.moe.bsr_integration:BSR-MoE: loading expert (layer=22, id=1) from checkpoint /mnt/ais-c1/dataset/zds/4.20/3 (step=-1, location=)
INFO:megatron.core.transformer.moe.bsr_integration:BSR-MoE: loading expert (layer=23, id=1) from checkpoint /mnt/ais-c1/dataset/zds/4.20/3 (step=-1, location=)
INFO:megatron.core.transformer.moe.bsr_integration:BSR-MoE: loading expert (layer=24, id=1) from checkpoint /mnt/ais-c1/dataset/zds/4.20/3 (step=-1, location=)
INFO:megatron.core.transformer.moe.bsr_integration:BSR-MoE: loading expert (layer=25, id=1) from checkpoint /mnt/ais-c1/dataset/zds/4.20/3 (step=-1, location=)
INFO:megatron.core.transformer.moe.bsr_integration:BSR-MoE: loading expert (layer=26, id=1) from checkpoint /mnt/ais-c1/dataset/zds/4.20/3 (step=-1, location=)
INFO:megatron.core.transformer.moe.bsr_integration:BSR-MoE: loading expert (layer=27, id=1) from checkpoint /mnt/ais-c1/dataset/zds/4.20/3 (step=-1, location=)
INFO:megatron.core.transformer.moe.bsr_integration:BSR-MoE: loading expert (layer=28, id=1) from checkpoint /mnt/ais-c1/dataset/zds/4.20/3 (step=-1, location=)
INFO:megatron.core.transformer.moe.bsr_integration:BSR-MoE: loading expert (layer=29, id=1) from checkpoint /mnt/ais-c1/dataset/zds/4.20/3 (step=-1, location=)
INFO:megatron.core.transformer.moe.expert_health_manager:BSR-MoE layer 6: experts [0, 1] → STALE_RUNNABLE (step=60)
INFO:megatron.core.transformer.moe.bsr_integration:BSR-MoE: loading expert (layer=30, id=1) from checkpoint /mnt/ais-c1/dataset/zds/4.20/3 (step=-1, location=)
INFO:megatron.core.transformer.moe.bsr_integration:BSR-MoE: loading expert (layer=31, id=1) from checkpoint /mnt/ais-c1/dataset/zds/4.20/3 (step=-1, location=)
INFO:megatron.core.transformer.moe.bsr_integration:BSR-MoE: loading expert (layer=32, id=1) from checkpoint /mnt/ais-c1/dataset/zds/4.20/3 (step=-1, location=)
INFO:megatron.core.transformer.moe.bsr_integration:BSR-MoE: loading expert (layer=33, id=1) from checkpoint /mnt/ais-c1/dataset/zds/4.20/3 (step=-1, location=)
INFO:megatron.core.transformer.moe.bsr_integration:BSR-MoE: loading expert (layer=34, id=1) from checkpoint /mnt/ais-c1/dataset/zds/4.20/3 (step=-1, location=)
INFO:megatron.core.transformer.moe.bsr_integration:BSR-MoE: loading expert (layer=35, id=1) from checkpoint /mnt/ais-c1/dataset/zds/4.20/3 (step=-1, location=)
INFO:megatron.core.transformer.moe.bsr_integration:BSR-MoE: loading expert (layer=36, id=1) from checkpoint /mnt/ais-c1/dataset/zds/4.20/3 (step=-1, location=)
INFO:megatron.core.transformer.moe.bsr_integration:BSR-MoE: loading expert (layer=37, id=1) from checkpoint /mnt/ais-c1/dataset/zds/4.20/3 (step=-1, location=)
INFO:megatron.core.transformer.moe.bsr_integration:BSR-MoE: loading expert (layer=38, id=1) from checkpoint /mnt/ais-c1/dataset/zds/4.20/3 (step=-1, location=)
INFO:megatron.core.transformer.moe.expert_health_manager:BSR-MoE layer 7: experts [0, 1] → STALE_RUNNABLE (step=60)
INFO:megatron.core.transformer.moe.bsr_integration:BSR-MoE: loading expert (layer=39, id=1) from checkpoint /mnt/ais-c1/dataset/zds/4.20/3 (step=-1, location=)
INFO:megatron.core.transformer.moe.bsr_integration:BSR-MoE: loading expert (layer=40, id=1) from checkpoint /mnt/ais-c1/dataset/zds/4.20/3 (step=-1, location=)
INFO:megatron.core.transformer.moe.expert_health_manager:BSR-MoE layer 8: experts [0, 1] → STALE_RUNNABLE (step=60)
INFO:megatron.core.transformer.moe.expert_health_manager:BSR-MoE layer 3: experts [0, 1] → STALE_RUNNABLE (step=60)
INFO:megatron.core.transformer.moe.bsr_integration:BSR-MoE: loading expert (layer=40, id=0) from checkpoint /mnt/ais-c1/dataset/zds/4.20/3 (step=-1, location=)
INFO:megatron.core.transformer.moe.bsr_integration:BSR-MoE: loading expert (layer=1, id=1) from checkpoint /mnt/ais-c1/dataset/zds/4.20/3 (step=-1, location=)
INFO:megatron.core.transformer.moe.bsr_integration:BSR-MoE: loading expert (layer=2, id=1) from checkpoint /mnt/ais-c1/dataset/zds/4.20/3 (step=-1, location=)
INFO:megatron.core.transformer.moe.bsr_integration:BSR-MoE: loading expert (layer=3, id=1) from checkpoint /mnt/ais-c1/dataset/zds/4.20/3 (step=-1, location=)
INFO:megatron.core.transformer.moe.bsr_integration:BSR-MoE: loading expert (layer=4, id=1) from checkpoint /mnt/ais-c1/dataset/zds/4.20/3 (step=-1, location=)
INFO:megatron.core.transformer.moe.bsr_integration:BSR-MoE: loading expert (layer=5, id=1) from checkpoint /mnt/ais-c1/dataset/zds/4.20/3 (step=-1, location=)
INFO:megatron.core.transformer.moe.bsr_integration:BSR-MoE: loading expert (layer=6, id=1) from checkpoint /mnt/ais-c1/dataset/zds/4.20/3 (step=-1, location=)
INFO:megatron.core.transformer.moe.bsr_integration:BSR-MoE: loading expert (layer=7, id=1) from checkpoint /mnt/ais-c1/dataset/zds/4.20/3 (step=-1, location=)
INFO:megatron.core.transformer.moe.bsr_integration:BSR-MoE: loading expert (layer=8, id=1) from checkpoint /mnt/ais-c1/dataset/zds/4.20/3 (step=-1, location=)
INFO:megatron.core.transformer.moe.bsr_integration:BSR-MoE: loading expert (layer=9, id=1) from checkpoint /mnt/ais-c1/dataset/zds/4.20/3 (step=-1, location=)
INFO:megatron.core.transformer.moe.bsr_integration:BSR-MoE: loading expert (layer=10, id=1) from checkpoint /mnt/ais-c1/dataset/zds/4.20/3 (step=-1, location=)
INFO:megatron.core.transformer.moe.bsr_integration:BSR-MoE: loading expert (layer=11, id=1) from checkpoint /mnt/ais-c1/dataset/zds/4.20/3 (step=-1, location=)
INFO:megatron.core.transformer.moe.bsr_integration:BSR-MoE: loading expert (layer=12, id=1) from checkpoint /mnt/ais-c1/dataset/zds/4.20/3 (step=-1, location=)
INFO:megatron.core.transformer.moe.bsr_integration:BSR-MoE: loading expert (layer=13, id=1) from checkpoint /mnt/ais-c1/dataset/zds/4.20/3 (step=-1, location=)
INFO:megatron.core.transformer.moe.expert_health_manager:BSR-MoE layer 4: experts [0, 1] → STALE_RUNNABLE (step=60)
INFO:megatron.core.transformer.moe.bsr_integration:BSR-MoE: loading expert (layer=14, id=1) from checkpoint /mnt/ais-c1/dataset/zds/4.20/3 (step=-1, location=)
INFO:megatron.core.transformer.moe.bsr_integration:BSR-MoE: loading expert (layer=15, id=1) from checkpoint /mnt/ais-c1/dataset/zds/4.20/3 (step=-1, location=)
INFO:megatron.core.transformer.moe.bsr_integration:BSR-MoE: loading expert (layer=16, id=1) from checkpoint /mnt/ais-c1/dataset/zds/4.20/3 (step=-1, location=)
INFO:megatron.core.transformer.moe.bsr_integration:BSR-MoE: loading expert (layer=17, id=1) from checkpoint /mnt/ais-c1/dataset/zds/4.20/3 (step=-1, location=)
INFO:megatron.core.transformer.moe.bsr_integration:BSR-MoE: loading expert (layer=18, id=1) from checkpoint /mnt/ais-c1/dataset/zds/4.20/3 (step=-1, location=)
INFO:megatron.core.transformer.moe.bsr_integration:BSR-MoE: loading expert (layer=19, id=1) from checkpoint /mnt/ais-c1/dataset/zds/4.20/3 (step=-1, location=)
INFO:megatron.core.transformer.moe.bsr_integration:BSR-MoE: loading expert (layer=20, id=1) from checkpoint /mnt/ais-c1/dataset/zds/4.20/3 (step=-1, location=)
INFO:megatron.core.transformer.moe.bsr_integration:BSR-MoE: loading expert (layer=21, id=1) from checkpoint /mnt/ais-c1/dataset/zds/4.20/3 (step=-1, location=)
INFO:megatron.core.transformer.moe.bsr_integration:BSR-MoE: loading expert (layer=22, id=1) from checkpoint /mnt/ais-c1/dataset/zds/4.20/3 (step=-1, location=)
INFO:megatron.core.transformer.moe.bsr_integration:BSR-MoE: loading expert (layer=23, id=1) from checkpoint /mnt/ais-c1/dataset/zds/4.20/3 (step=-1, location=)
ERROR:megatron.core.transformer.moe.pipeline_stage_repair:BSR-MoE pipeline repair FAILED: failed_rank 0 not in pp_group_ranks [3, 7]
WARNING:megatron.core.transformer.moe.pipeline_stage_repair:BSR-MoE pipeline repair FAILED — stage=-1, pp_rebuilt=False, prev_next=False, p2p=False, compound=0, verified=False, elapsed=21.77s
ERROR:megatron.core.transformer.moe.safe_point_group_repair:BSR-MoE repair: pipeline stage repair FAILED: failed_rank 0 not in pp_group_ranks [3, 7]
[rank7]:[W420 20:34:23.860760387 ProcessGroupNCCL.cpp:4561] [PG ID 17 PG GUID 83 Rank 3]  using GPU 7 to perform barrier as devices used by this process are currently unknown. This can potentially cause a hang if this rank to GPU mapping is incorrect. Specify device_ids in barrier() to force use of a particular device, or call init_process_group() with a device_id.
[rank4]:[W420 20:34:24.930431744 ProcessGroupNCCL.cpp:4561] [PG ID 18 PG GUID 85 Rank 0]  using GPU 4 to perform barrier as devices used by this process are currently unknown. This can potentially cause a hang if this rank to GPU mapping is incorrect. Specify device_ids in barrier() to force use of a particular device, or call init_process_group() with a device_id.
[rank7]:[W420 20:34:24.930524823 ProcessGroupNCCL.cpp:4561] [PG ID 18 PG GUID 85 Rank 3]  using GPU 7 to perform barrier as devices used by this process are currently unknown. This can potentially cause a hang if this rank to GPU mapping is incorrect. Specify device_ids in barrier() to force use of a particular device, or call init_process_group() with a device_id.
[rank5]:[W420 20:34:24.930574640 ProcessGroupNCCL.cpp:4561] [PG ID 18 PG GUID 85 Rank 1]  using GPU 5 to perform barrier as devices used by this process are currently unknown. This can potentially cause a hang if this rank to GPU mapping is incorrect. Specify device_ids in barrier() to force use of a particular device, or call init_process_group() with a device_id.
[rank6]:[W420 20:34:24.930656954 ProcessGroupNCCL.cpp:4561] [PG ID 18 PG GUID 85 Rank 2]  using GPU 6 to perform barrier as devices used by this process are currently unknown. This can potentially cause a hang if this rank to GPU mapping is incorrect. Specify device_ids in barrier() to force use of a particular device, or call init_process_group() with a device_id.
INFO:megatron.core.transformer.moe.bsr_integration:BSR-MoE: loading expert (layer=24, id=1) from checkpoint /mnt/ais-c1/dataset/zds/4.20/3 (step=-1, location=)
INFO:megatron.core.transformer.moe.expert_health_manager:BSR-MoE layer 5: experts [0, 1] → STALE_RUNNABLE (step=60)
INFO:megatron.core.transformer.moe.bsr_integration:BSR-MoE: loading expert (layer=25, id=1) from checkpoint /mnt/ais-c1/dataset/zds/4.20/3 (step=-1, location=)
INFO:megatron.core.transformer.moe.bsr_integration:BSR-MoE: loading expert (layer=26, id=1) from checkpoint /mnt/ais-c1/dataset/zds/4.20/3 (step=-1, location=)
INFO:megatron.core.transformer.moe.bsr_integration:BSR-MoE: loading expert (layer=27, id=1) from checkpoint /mnt/ais-c1/dataset/zds/4.20/3 (step=-1, location=)
INFO:megatron.core.transformer.moe.bsr_integration:BSR-MoE: loading expert (layer=28, id=1) from checkpoint /mnt/ais-c1/dataset/zds/4.20/3 (step=-1, location=)
INFO:megatron.core.transformer.moe.bsr_integration:BSR-MoE: loading expert (layer=29, id=1) from checkpoint /mnt/ais-c1/dataset/zds/4.20/3 (step=-1, location=)
INFO:megatron.core.transformer.moe.bsr_integration:BSR-MoE: loading expert (layer=30, id=1) from checkpoint /mnt/ais-c1/dataset/zds/4.20/3 (step=-1, location=)
INFO:megatron.core.transformer.moe.bsr_integration:BSR-MoE: loading expert (layer=31, id=1) from checkpoint /mnt/ais-c1/dataset/zds/4.20/3 (step=-1, location=)
INFO:megatron.core.transformer.moe.bsr_integration:BSR-MoE: loading expert (layer=32, id=1) from checkpoint /mnt/ais-c1/dataset/zds/4.20/3 (step=-1, location=)
INFO:megatron.core.transformer.moe.bsr_integration:BSR-MoE: loading expert (layer=33, id=1) from checkpoint /mnt/ais-c1/dataset/zds/4.20/3 (step=-1, location=)
INFO:megatron.core.transformer.moe.bsr_integration:BSR-MoE: loading expert (layer=34, id=1) from checkpoint /mnt/ais-c1/dataset/zds/4.20/3 (step=-1, location=)
INFO:megatron.core.transformer.moe.bsr_integration:BSR-MoE: loading expert (layer=35, id=1) from checkpoint /mnt/ais-c1/dataset/zds/4.20/3 (step=-1, location=)
INFO:megatron.core.transformer.moe.expert_health_manager:BSR-MoE layer 6: experts [0, 1] → STALE_RUNNABLE (step=60)
INFO:megatron.core.transformer.moe.bsr_integration:BSR-MoE: loading expert (layer=36, id=1) from checkpoint /mnt/ais-c1/dataset/zds/4.20/3 (step=-1, location=)
INFO:megatron.core.transformer.moe.bsr_integration:BSR-MoE: loading expert (layer=37, id=1) from checkpoint /mnt/ais-c1/dataset/zds/4.20/3 (step=-1, location=)
INFO:megatron.core.transformer.moe.bsr_integration:BSR-MoE: loading expert (layer=38, id=1) from checkpoint /mnt/ais-c1/dataset/zds/4.20/3 (step=-1, location=)
INFO:megatron.core.transformer.moe.bsr_integration:BSR-MoE: loading expert (layer=39, id=1) from checkpoint /mnt/ais-c1/dataset/zds/4.20/3 (step=-1, location=)
INFO:megatron.core.transformer.moe.bsr_integration:BSR-MoE: loading expert (layer=40, id=1) from checkpoint /mnt/ais-c1/dataset/zds/4.20/3 (step=-1, location=)
INFO:megatron.core.transformer.moe.expert_health_manager:BSR-MoE layer 7: experts [0, 1] → STALE_RUNNABLE (step=60)
INFO:megatron.core.transformer.moe.expert_health_manager:BSR-MoE layer 8: experts [0, 1] → STALE_RUNNABLE (step=60)
INFO:megatron.core.transformer.moe.expert_health_manager:BSR-MoE layer 9: experts [0, 1] → STALE_RUNNABLE (step=60)
INFO:megatron.core.transformer.moe.expert_health_manager:BSR-MoE layer 10: experts [0, 1] → STALE_RUNNABLE (step=60)
INFO:megatron.core.transformer.moe.expert_health_manager:BSR-MoE layer 11: experts [0, 1] → STALE_RUNNABLE (step=60)
INFO:megatron.core.transformer.moe.expert_health_manager:BSR-MoE layer 12: experts [0, 1] → STALE_RUNNABLE (step=60)
INFO:megatron.core.transformer.moe.expert_health_manager:BSR-MoE layer 13: experts [0, 1] → STALE_RUNNABLE (step=60)
INFO:megatron.core.transformer.moe.expert_health_manager:BSR-MoE layer 14: experts [0, 1] → STALE_RUNNABLE (step=60)
INFO:megatron.core.transformer.moe.expert_health_manager:BSR-MoE layer 15: experts [0, 1] → STALE_RUNNABLE (step=60)
INFO:megatron.core.transformer.moe.dense_param_sync:Selected healthy DP peer: rank 1 (from candidates [1, 2, 3])
INFO:megatron.core.transformer.moe.dense_param_sync:BSR-MoE dense recovery: planned — replacement=8, failed=0, source=1, step=60
INFO:megatron.core.transformer.moe.dense_param_sync:Parameter classification: 81 dense, 20 router, 0 shared_expert, 80 expert (total 181)
WARNING:megatron.core.transformer.moe.dense_param_sync:BSR-MoE dense param sync: SUCCESS — synced 101 params (85972992 scalars) from rank 1 (attempt 1, 0.00s, skipped 80 expert params)
WARNING:megatron.core.transformer.moe.bsr_integration:[2026-04-20 20:34:27] BSR-MoE dense param sync: SUCCESS — synced 101 params (85972992 scalars) from rank 1 (attempt 1, 25.43s, skipped 80 expert params)
WARNING:megatron.core.transformer.moe.recovery_controller:[2026-04-20 20:34:27] BSR-MoE controller: step6 dense_sync elapsed=25.426s (step=60)
INFO:megatron.core.transformer.moe.bsr_integration:BSR-MoE: found latest checkpoint with manifest at /mnt/ais-c1/dataset/zds/4.20/3 (step=-1)
INFO:megatron.core.transformer.moe.stale_expert_restore:BSR-MoE stale expert restore: submitted 80 async load requests for plan (failed_rank=0, replacement=8, step=60)
INFO:megatron.core.transformer.moe.stale_expert_restore:BSR-MoE optimizer barrier: blocked 80 expert params for expert_ids=[0, 1] (total blocked=80)
INFO:megatron.core.transformer.moe.bsr_integration:BSR-MoE: loading expert (layer=1, id=0) from checkpoint /mnt/ais-c1/dataset/zds/4.20/3 (step=-1, location=)
INFO:megatron.core.transformer.moe.bsr_integration:BSR-MoE: loading expert (layer=2, id=0) from checkpoint /mnt/ais-c1/dataset/zds/4.20/3 (step=-1, location=)
INFO:megatron.core.transformer.moe.bsr_integration:BSR-MoE: loading expert (layer=3, id=0) from checkpoint /mnt/ais-c1/dataset/zds/4.20/3 (step=-1, location=)
INFO:megatron.core.transformer.moe.bsr_integration:BSR-MoE: loading expert (layer=4, id=0) from checkpoint /mnt/ais-c1/dataset/zds/4.20/3 (step=-1, location=)
INFO:megatron.core.transformer.moe.bsr_integration:BSR-MoE: loading expert (layer=5, id=0) from checkpoint /mnt/ais-c1/dataset/zds/4.20/3 (step=-1, location=)
INFO:megatron.core.transformer.moe.bsr_integration:BSR-MoE: loading expert (layer=6, id=0) from checkpoint /mnt/ais-c1/dataset/zds/4.20/3 (step=-1, location=)
INFO:megatron.core.transformer.moe.bsr_integration:BSR-MoE: loading expert (layer=7, id=0) from checkpoint /mnt/ais-c1/dataset/zds/4.20/3 (step=-1, location=)
INFO:megatron.core.transformer.moe.bsr_integration:BSR-MoE: loading expert (layer=8, id=0) from checkpoint /mnt/ais-c1/dataset/zds/4.20/3 (step=-1, location=)
INFO:megatron.core.transformer.moe.bsr_integration:BSR-MoE: loading expert (layer=9, id=0) from checkpoint /mnt/ais-c1/dataset/zds/4.20/3 (step=-1, location=)
INFO:megatron.core.transformer.moe.bsr_integration:BSR-MoE: loading expert (layer=10, id=0) from checkpoint /mnt/ais-c1/dataset/zds/4.20/3 (step=-1, location=)
INFO:megatron.core.transformer.moe.bsr_integration:BSR-MoE: loading expert (layer=11, id=0) from checkpoint /mnt/ais-c1/dataset/zds/4.20/3 (step=-1, location=)
INFO:megatron.core.transformer.moe.bsr_integration:BSR-MoE: loading expert (layer=12, id=0) from checkpoint /mnt/ais-c1/dataset/zds/4.20/3 (step=-1, location=)
INFO:megatron.core.transformer.moe.bsr_integration:BSR-MoE: loading expert (layer=13, id=0) from checkpoint /mnt/ais-c1/dataset/zds/4.20/3 (step=-1, location=)
INFO:megatron.core.transformer.moe.bsr_integration:BSR-MoE: loading expert (layer=14, id=0) from checkpoint /mnt/ais-c1/dataset/zds/4.20/3 (step=-1, location=)
INFO:megatron.core.transformer.moe.bsr_integration:BSR-MoE: loading expert (layer=15, id=0) from checkpoint /mnt/ais-c1/dataset/zds/4.20/3 (step=-1, location=)
INFO:megatron.core.transformer.moe.bsr_integration:BSR-MoE: loading expert (layer=16, id=0) from checkpoint /mnt/ais-c1/dataset/zds/4.20/3 (step=-1, location=)
INFO:megatron.core.transformer.moe.bsr_integration:BSR-MoE: loading expert (layer=17, id=0) from checkpoint /mnt/ais-c1/dataset/zds/4.20/3 (step=-1, location=)
[rank7]:[W420 20:34:25.043086466 ProcessGroupNCCL.cpp:4561] [PG ID 19 PG GUID 87 Rank 3]  using GPU 7 to perform barrier as devices used by this process are currently unknown. This can potentially cause a hang if this rank to GPU mapping is incorrect. Specify device_ids in barrier() to force use of a particular device, or call init_process_group() with a device_id.
INFO:megatron.core.transformer.moe.bsr_integration:BSR-MoE: loading expert (layer=18, id=0) from checkpoint /mnt/ais-c1/dataset/zds/4.20/3 (step=-1, location=)
INFO:megatron.core.transformer.moe.bsr_integration:BSR-MoE: loading expert (layer=19, id=0) from checkpoint /mnt/ais-c1/dataset/zds/4.20/3 (step=-1, location=)
INFO:megatron.core.transformer.moe.expert_health_manager:BSR-MoE layer 1: experts [0, 1] → STALE_RUNNABLE (step=60)
INFO:megatron.core.transformer.moe.bsr_integration:BSR-MoE: loading expert (layer=20, id=0) from checkpoint /mnt/ais-c1/dataset/zds/4.20/3 (step=-1, location=)
INFO:megatron.core.transformer.moe.bsr_integration:BSR-MoE: loading expert (layer=21, id=0) from checkpoint /mnt/ais-c1/dataset/zds/4.20/3 (step=-1, location=)
INFO:megatron.core.transformer.moe.bsr_integration:BSR-MoE: loading expert (layer=22, id=0) from checkpoint /mnt/ais-c1/dataset/zds/4.20/3 (step=-1, location=)
INFO:megatron.core.transformer.moe.bsr_integration:BSR-MoE: loading expert (layer=23, id=0) from checkpoint /mnt/ais-c1/dataset/zds/4.20/3 (step=-1, location=)
INFO:megatron.core.transformer.moe.bsr_integration:BSR-MoE: loading expert (layer=24, id=0) from checkpoint /mnt/ais-c1/dataset/zds/4.20/3 (step=-1, location=)
INFO:megatron.core.transformer.moe.bsr_integration:BSR-MoE: loading expert (layer=25, id=0) from checkpoint /mnt/ais-c1/dataset/zds/4.20/3 (step=-1, location=)
INFO:megatron.core.transformer.moe.bsr_integration:BSR-MoE: loading expert (layer=26, id=0) from checkpoint /mnt/ais-c1/dataset/zds/4.20/3 (step=-1, location=)
INFO:megatron.core.transformer.moe.bsr_integration:BSR-MoE: loading expert (layer=27, id=0) from checkpoint /mnt/ais-c1/dataset/zds/4.20/3 (step=-1, location=)
INFO:megatron.core.transformer.moe.bsr_integration:BSR-MoE: loading expert (layer=28, id=0) from checkpoint /mnt/ais-c1/dataset/zds/4.20/3 (step=-1, location=)
INFO:megatron.core.transformer.moe.bsr_integration:BSR-MoE: loading expert (layer=29, id=0) from checkpoint /mnt/ais-c1/dataset/zds/4.20/3 (step=-1, location=)
INFO:megatron.core.transformer.moe.bsr_integration:BSR-MoE: loading expert (layer=30, id=0) from checkpoint /mnt/ais-c1/dataset/zds/4.20/3 (step=-1, location=)
INFO:megatron.core.transformer.moe.bsr_integration:BSR-MoE: loading expert (layer=31, id=0) from checkpoint /mnt/ais-c1/dataset/zds/4.20/3 (step=-1, location=)
INFO:megatron.core.transformer.moe.expert_health_manager:BSR-MoE layer 2: experts [0, 1] → STALE_RUNNABLE (step=60)
INFO:megatron.core.transformer.moe.bsr_integration:BSR-MoE: loading expert (layer=32, id=0) from checkpoint /mnt/ais-c1/dataset/zds/4.20/3 (step=-1, location=)
INFO:megatron.core.transformer.moe.bsr_integration:BSR-MoE: loading expert (layer=33, id=0) from checkpoint /mnt/ais-c1/dataset/zds/4.20/3 (step=-1, location=)
INFO:megatron.core.transformer.moe.bsr_integration:BSR-MoE: loading expert (layer=34, id=0) from checkpoint /mnt/ais-c1/dataset/zds/4.20/3 (step=-1, location=)
INFO:megatron.core.transformer.moe.bsr_integration:BSR-MoE: loading expert (layer=35, id=0) from checkpoint /mnt/ais-c1/dataset/zds/4.20/3 (step=-1, location=)
INFO:megatron.core.transformer.moe.bsr_integration:BSR-MoE: loading expert (layer=36, id=0) from checkpoint /mnt/ais-c1/dataset/zds/4.20/3 (step=-1, location=)
INFO:megatron.core.transformer.moe.bsr_integration:BSR-MoE: loading expert (layer=37, id=0) from checkpoint /mnt/ais-c1/dataset/zds/4.20/3 (step=-1, location=)
INFO:megatron.core.transformer.moe.bsr_integration:BSR-MoE: loading expert (layer=38, id=0) from checkpoint /mnt/ais-c1/dataset/zds/4.20/3 (step=-1, location=)
INFO:megatron.core.transformer.moe.bsr_integration:BSR-MoE: loading expert (layer=39, id=0) from checkpoint /mnt/ais-c1/dataset/zds/4.20/3 (step=-1, location=)
INFO:megatron.core.transformer.moe.bsr_integration:BSR-MoE: loading expert (layer=40, id=0) from checkpoint /mnt/ais-c1/dataset/zds/4.20/3 (step=-1, location=)
INFO:megatron.core.transformer.moe.expert_health_manager:BSR-MoE layer 3: experts [0, 1] → STALE_RUNNABLE (step=60)
INFO:megatron.core.transformer.moe.expert_health_manager:BSR-MoE layer 9: experts [0, 1] → STALE_RUNNABLE (step=60)
INFO:megatron.core.transformer.moe.expert_health_manager:BSR-MoE layer 10: experts [0, 1] → STALE_RUNNABLE (step=60)
INFO:megatron.core.transformer.moe.expert_health_manager:BSR-MoE layer 11: experts [0, 1] → STALE_RUNNABLE (step=60)
INFO:megatron.core.transformer.moe.expert_health_manager:BSR-MoE layer 12: experts [0, 1] → STALE_RUNNABLE (step=60)
INFO:megatron.core.transformer.moe.expert_health_manager:BSR-MoE layer 13: experts [0, 1] → STALE_RUNNABLE (step=60)
INFO:megatron.core.transformer.moe.expert_health_manager:BSR-MoE layer 14: experts [0, 1] → STALE_RUNNABLE (step=60)
INFO:megatron.core.transformer.moe.expert_health_manager:BSR-MoE layer 15: experts [0, 1] → STALE_RUNNABLE (step=60)
INFO:megatron.core.transformer.moe.expert_health_manager:BSR-MoE layer 16: experts [0, 1] → STALE_RUNNABLE (step=60)
INFO:megatron.core.transformer.moe.expert_health_manager:BSR-MoE layer 17: experts [0, 1] → STALE_RUNNABLE (step=60)
INFO:megatron.core.transformer.moe.expert_health_manager:BSR-MoE layer 18: experts [0, 1] → STALE_RUNNABLE (step=60)
INFO:megatron.core.transformer.moe.expert_health_manager:BSR-MoE layer 19: experts [0, 1] → STALE_RUNNABLE (step=60)
INFO:megatron.core.transformer.moe.expert_health_manager:BSR-MoE layer 20: experts [0, 1] → STALE_RUNNABLE (step=60)
INFO:megatron.core.transformer.moe.expert_health_manager:BSR-MoE layer 21: experts [0, 1] → STALE_RUNNABLE (step=60)
INFO:megatron.core.transformer.moe.expert_health_manager:BSR-MoE layer 22: experts [0, 1] → STALE_RUNNABLE (step=60)
INFO:megatron.core.transformer.moe.expert_health_manager:BSR-MoE layer 23: experts [0, 1] → STALE_RUNNABLE (step=60)
INFO:megatron.core.transformer.moe.expert_health_manager:BSR-MoE layer 24: experts [0, 1] → STALE_RUNNABLE (step=60)
INFO:megatron.core.transformer.moe.expert_health_manager:BSR-MoE layer 25: experts [0, 1] → STALE_RUNNABLE (step=60)
INFO:megatron.core.transformer.moe.expert_health_manager:BSR-MoE layer 26: experts [0, 1] → STALE_RUNNABLE (step=60)
INFO:megatron.core.transformer.moe.expert_health_manager:BSR-MoE layer 27: experts [0, 1] → STALE_RUNNABLE (step=60)
INFO:megatron.core.transformer.moe.expert_health_manager:BSR-MoE layer 28: experts [0, 1] → STALE_RUNNABLE (step=60)
INFO:megatron.core.transformer.moe.expert_health_manager:BSR-MoE layer 29: experts [0, 1] → STALE_RUNNABLE (step=60)
INFO:megatron.core.transformer.moe.expert_health_manager:BSR-MoE layer 30: experts [0, 1] → STALE_RUNNABLE (step=60)
INFO:megatron.core.transformer.moe.expert_health_manager:BSR-MoE layer 31: experts [0, 1] → STALE_RUNNABLE (step=60)
INFO:megatron.core.transformer.moe.expert_health_manager:BSR-MoE layer 32: experts [0, 1] → STALE_RUNNABLE (step=60)
INFO:megatron.core.transformer.moe.expert_health_manager:BSR-MoE layer 33: experts [0, 1] → STALE_RUNNABLE (step=60)
INFO:megatron.core.transformer.moe.expert_health_manager:BSR-MoE layer 34: experts [0, 1] → STALE_RUNNABLE (step=60)
INFO:megatron.core.transformer.moe.expert_health_manager:BSR-MoE layer 35: experts [0, 1] → STALE_RUNNABLE (step=60)
INFO:megatron.core.transformer.moe.expert_health_manager:BSR-MoE layer 36: experts [0, 1] → STALE_RUNNABLE (step=60)

[root workflow_60190311 /ossfs/workspace (master) @ais-nas-1@主站上海] Mon Apr 20 20:34:55
$ INFO:megatron.core.transformer.moe.expert_health_manager:BSR-MoE layer 37: experts [0, 1] → STALE_RUNNABLE (step=60)
INFO:megatron.core.transformer.moe.expert_health_manager:BSR-MoE layer 38: experts [0, 1] → STALE_RUNNABLE (step=60)
INFO:megatron.core.transformer.moe.expert_health_manager:BSR-MoE layer 39: experts [0, 1] → STALE_RUNNABLE (step=60)
INFO:megatron.core.transformer.moe.expert_health_manager:BSR-MoE layer 40: experts [0, 1] → STALE_RUNNABLE (step=60)
WARNING:megatron.core.transformer.moe.recovery_controller:[2026-04-20 20:34:31] BSR-MoE controller: step7 async expert restore submitted (80 requests, elapsed=27.936s, step=60)
[rank6]:[W420 20:34:25.043169741 ProcessGroupNCCL.cpp:4561] [PG ID 19 PG GUID 87 Rank 2]  using GPU 6 to perform barrier as devices used by this process are currently unknown. This can potentially cause a hang if this rank to GPU mapping is incorrect. Specify device_ids in barrier() to force use of a particular device, or call init_process_group() with a device_id.
INFO:megatron.core.transformer.moe.bsr_integration:BSR-MoE: loading expert (layer=6, id=1) from checkpoint /mnt/ais-c1/dataset/zds/4.20/3 (step=-1, location=)
INFO:megatron.core.transformer.moe.bsr_integration:BSR-MoE: loading expert (layer=7, id=1) from checkpoint /mnt/ais-c1/dataset/zds/4.20/3 (step=-1, location=)
INFO:megatron.core.transformer.moe.expert_health_manager:BSR-MoE layer 4: experts [0, 1] → STALE_RUNNABLE (step=60)
INFO:megatron.core.transformer.moe.bsr_integration:BSR-MoE: loading expert (layer=8, id=1) from checkpoint /mnt/ais-c1/dataset/zds/4.20/3 (step=-1, location=)
INFO:megatron.core.transformer.moe.bsr_integration:BSR-MoE: loading expert (layer=9, id=1) from checkpoint /mnt/ais-c1/dataset/zds/4.20/3 (step=-1, location=)
INFO:megatron.core.transformer.moe.bsr_integration:BSR-MoE: loading expert (layer=10, id=1) from checkpoint /mnt/ais-c1/dataset/zds/4.20/3 (step=-1, location=)
INFO:megatron.core.transformer.moe.bsr_integration:BSR-MoE: loading expert (layer=11, id=1) from checkpoint /mnt/ais-c1/dataset/zds/4.20/3 (step=-1, location=)
INFO:megatron.core.transformer.moe.bsr_integration:BSR-MoE: loading expert (layer=12, id=1) from checkpoint /mnt/ais-c1/dataset/zds/4.20/3 (step=-1, location=)
INFO:megatron.core.transformer.moe.bsr_integration:BSR-MoE: loading expert (layer=13, id=1) from checkpoint /mnt/ais-c1/dataset/zds/4.20/3 (step=-1, location=)
INFO:megatron.core.transformer.moe.bsr_integration:BSR-MoE: loading expert (layer=14, id=1) from checkpoint /mnt/ais-c1/dataset/zds/4.20/3 (step=-1, location=)
INFO:megatron.core.transformer.moe.bsr_integration:BSR-MoE: loading expert (layer=15, id=1) from checkpoint /mnt/ais-c1/dataset/zds/4.20/3 (step=-1, location=)
INFO:megatron.core.transformer.moe.bsr_integration:BSR-MoE: loading expert (layer=16, id=1) from checkpoint /mnt/ais-c1/dataset/zds/4.20/3 (step=-1, location=)
INFO:megatron.core.transformer.moe.bsr_integration:BSR-MoE: loading expert (layer=17, id=1) from checkpoint /mnt/ais-c1/dataset/zds/4.20/3 (step=-1, location=)
INFO:megatron.core.transformer.moe.bsr_integration:BSR-MoE: loading expert (layer=18, id=1) from checkpoint /mnt/ais-c1/dataset/zds/4.20/3 (step=-1, location=)
INFO:megatron.core.transformer.moe.expert_health_manager:BSR-MoE layer 5: experts [0, 1] → STALE_RUNNABLE (step=60)
INFO:megatron.core.transformer.moe.bsr_integration:BSR-MoE: loading expert (layer=19, id=1) from checkpoint /mnt/ais-c1/dataset/zds/4.20/3 (step=-1, location=)
INFO:megatron.core.transformer.moe.bsr_integration:BSR-MoE: loading expert (layer=20, id=1) from checkpoint /mnt/ais-c1/dataset/zds/4.20/3 (step=-1, location=)
INFO:megatron.core.transformer.moe.bsr_integration:BSR-MoE: loading expert (layer=21, id=1) from checkpoint /mnt/ais-c1/dataset/zds/4.20/3 (step=-1, location=)
INFO:megatron.core.transformer.moe.bsr_integration:BSR-MoE: loading expert (layer=22, id=1) from checkpoint /mnt/ais-c1/dataset/zds/4.20/3 (step=-1, location=)
INFO:megatron.core.transformer.moe.bsr_integration:BSR-MoE: loading expert (layer=23, id=1) from checkpoint /mnt/ais-c1/dataset/zds/4.20/3 (step=-1, location=)
INFO:megatron.core.transformer.moe.bsr_integration:BSR-MoE: loading expert (layer=24, id=1) from checkpoint /mnt/ais-c1/dataset/zds/4.20/3 (step=-1, location=)
INFO:megatron.core.transformer.moe.bsr_integration:BSR-MoE: loading expert (layer=25, id=1) from checkpoint /mnt/ais-c1/dataset/zds/4.20/3 (step=-1, location=)
INFO:megatron.core.transformer.moe.bsr_integration:BSR-MoE: loading expert (layer=26, id=1) from checkpoint /mnt/ais-c1/dataset/zds/4.20/3 (step=-1, location=)
INFO:megatron.core.transformer.moe.bsr_integration:BSR-MoE: loading expert (layer=27, id=1) from checkpoint /mnt/ais-c1/dataset/zds/4.20/3 (step=-1, location=)
INFO:megatron.core.transformer.moe.bsr_integration:BSR-MoE: loading expert (layer=28, id=1) from checkpoint /mnt/ais-c1/dataset/zds/4.20/3 (step=-1, location=)
INFO:megatron.core.transformer.moe.expert_health_manager:BSR-MoE layer 6: experts [0, 1] → STALE_RUNNABLE (step=60)
[rank4]:[W420 20:34:25.042862211 ProcessGroupNCCL.cpp:4561] [PG ID 19 PG GUID 87 Rank 0]  using GPU 4 to perform barrier as devices used by this process are currently unknown. This can potentially cause a hang if this rank to GPU mapping is incorrect. Specify device_ids in barrier() to force use of a particular device, or call init_process_group() with a device_id.
INFO:megatron.core.transformer.moe.bsr_integration:BSR-MoE: loading expert (layer=29, id=1) from checkpoint /mnt/ais-c1/dataset/zds/4.20/3 (step=-1, location=)
INFO:megatron.core.transformer.moe.bsr_integration:BSR-MoE: loading expert (layer=30, id=1) from checkpoint /mnt/ais-c1/dataset/zds/4.20/3 (step=-1, location=)
INFO:megatron.core.transformer.moe.expert_health_manager:BSR-MoE layer 7: experts [0, 1] → STALE_RUNNABLE (step=60)
INFO:megatron.core.transformer.moe.bsr_integration:BSR-MoE: loading expert (layer=31, id=1) from checkpoint /mnt/ais-c1/dataset/zds/4.20/3 (step=-1, location=)
INFO:megatron.core.transformer.moe.bsr_integration:BSR-MoE: loading expert (layer=32, id=1) from checkpoint /mnt/ais-c1/dataset/zds/4.20/3 (step=-1, location=)
INFO:megatron.core.transformer.moe.bsr_integration:BSR-MoE: loading expert (layer=33, id=1) from checkpoint /mnt/ais-c1/dataset/zds/4.20/3 (step=-1, location=)
INFO:megatron.core.transformer.moe.bsr_integration:BSR-MoE: loading expert (layer=34, id=1) from checkpoint /mnt/ais-c1/dataset/zds/4.20/3 (step=-1, location=)
INFO:megatron.core.transformer.moe.bsr_integration:BSR-MoE: loading expert (layer=35, id=1) from checkpoint /mnt/ais-c1/dataset/zds/4.20/3 (step=-1, location=)
INFO:megatron.core.transformer.moe.bsr_integration:BSR-MoE: loading expert (layer=36, id=1) from checkpoint /mnt/ais-c1/dataset/zds/4.20/3 (step=-1, location=)
INFO:megatron.core.transformer.moe.bsr_integration:BSR-MoE: loading expert (layer=37, id=1) from checkpoint /mnt/ais-c1/dataset/zds/4.20/3 (step=-1, location=)
INFO:megatron.core.transformer.moe.bsr_integration:BSR-MoE: loading expert (layer=38, id=1) from checkpoint /mnt/ais-c1/dataset/zds/4.20/3 (step=-1, location=)
INFO:megatron.core.transformer.moe.bsr_integration:BSR-MoE: loading expert (layer=39, id=1) from checkpoint /mnt/ais-c1/dataset/zds/4.20/3 (step=-1, location=)
INFO:megatron.core.transformer.moe.expert_health_manager:BSR-MoE layer 8: experts [0, 1] → STALE_RUNNABLE (step=60)
INFO:megatron.core.transformer.moe.bsr_integration:BSR-MoE: loading expert (layer=40, id=1) from checkpoint /mnt/ais-c1/dataset/zds/4.20/3 (step=-1, location=)
INFO:megatron.core.transformer.moe.expert_health_manager:BSR-MoE layer 9: experts [0, 1] → STALE_RUNNABLE (step=60)
INFO:megatron.core.transformer.moe.expert_health_manager:BSR-MoE layer 10: experts [0, 1] → STALE_RUNNABLE (step=60)
INFO:megatron.core.transformer.moe.expert_health_manager:BSR-MoE layer 11: experts [0, 1] → STALE_RUNNABLE (step=60)
INFO:megatron.core.transformer.moe.expert_health_manager:BSR-MoE layer 12: experts [0, 1] → STALE_RUNNABLE (step=60)
INFO:megatron.core.transformer.moe.expert_health_manager:BSR-MoE layer 13: experts [0, 1] → STALE_RUNNABLE (step=60)
INFO:megatron.core.transformer.moe.expert_health_manager:BSR-MoE layer 14: experts [0, 1] → STALE_RUNNABLE (step=60)
INFO:megatron.core.transformer.moe.expert_health_manager:BSR-MoE layer 15: experts [0, 1] → STALE_RUNNABLE (step=60)
INFO:megatron.core.transformer.moe.expert_health_manager:BSR-MoE layer 16: experts [0, 1] → STALE_RUNNABLE (step=60)
INFO:megatron.core.transformer.moe.expert_health_manager:BSR-MoE layer 17: experts [0, 1] → STALE_RUNNABLE (step=60)
INFO:megatron.core.transformer.moe.expert_health_manager:BSR-MoE layer 18: experts [0, 1] → STALE_RUNNABLE (step=60)
INFO:megatron.core.transformer.moe.expert_health_manager:BSR-MoE layer 19: experts [0, 1] → STALE_RUNNABLE (step=60)
INFO:megatron.core.transformer.moe.expert_health_manager:BSR-MoE layer 20: experts [0, 1] → STALE_RUNNABLE (step=60)
INFO:megatron.core.transformer.moe.expert_health_manager:BSR-MoE layer 21: experts [0, 1] → STALE_RUNNABLE (step=60)
INFO:megatron.core.transformer.moe.expert_health_manager:BSR-MoE layer 22: experts [0, 1] → STALE_RUNNABLE (step=60)
INFO:megatron.core.transformer.moe.expert_health_manager:BSR-MoE layer 23: experts [0, 1] → STALE_RUNNABLE (step=60)
INFO:megatron.core.transformer.moe.expert_health_manager:BSR-MoE layer 24: experts [0, 1] → STALE_RUNNABLE (step=60)
INFO:megatron.core.transformer.moe.bsr_integration:BSR-MoE: loading expert (layer=1, id=1) from checkpoint /mnt/ais-c1/dataset/zds/4.20/3 (step=-1, location=)
INFO:megatron.core.transformer.moe.bsr_integration:BSR-MoE: loading expert (layer=2, id=1) from checkpoint /mnt/ais-c1/dataset/zds/4.20/3 (step=-1, location=)
INFO:megatron.core.transformer.moe.expert_health_manager:BSR-MoE layer 4: experts [0, 1] → STALE_RUNNABLE (step=60)
INFO:megatron.core.transformer.moe.bsr_integration:BSR-MoE: loading expert (layer=3, id=1) from checkpoint /mnt/ais-c1/dataset/zds/4.20/3 (step=-1, location=)
INFO:megatron.core.transformer.moe.bsr_integration:BSR-MoE: loading expert (layer=4, id=1) from checkpoint /mnt/ais-c1/dataset/zds/4.20/3 (step=-1, location=)
INFO:megatron.core.transformer.moe.bsr_integration:BSR-MoE: loading expert (layer=5, id=1) from checkpoint /mnt/ais-c1/dataset/zds/4.20/3 (step=-1, location=)
INFO:megatron.core.transformer.moe.bsr_integration:BSR-MoE: loading expert (layer=6, id=1) from checkpoint /mnt/ais-c1/dataset/zds/4.20/3 (step=-1, location=)
INFO:megatron.core.transformer.moe.bsr_integration:BSR-MoE: loading expert (layer=7, id=1) from checkpoint /mnt/ais-c1/dataset/zds/4.20/3 (step=-1, location=)
INFO:megatron.core.transformer.moe.bsr_integration:BSR-MoE: loading expert (layer=8, id=1) from checkpoint /mnt/ais-c1/dataset/zds/4.20/3 (step=-1, location=)
INFO:megatron.core.transformer.moe.bsr_integration:BSR-MoE: loading expert (layer=9, id=1) from checkpoint /mnt/ais-c1/dataset/zds/4.20/3 (step=-1, location=)
INFO:megatron.core.transformer.moe.bsr_integration:BSR-MoE: loading expert (layer=10, id=1) from checkpoint /mnt/ais-c1/dataset/zds/4.20/3 (step=-1, location=)
INFO:megatron.core.transformer.moe.bsr_integration:BSR-MoE: loading expert (layer=11, id=1) from checkpoint /mnt/ais-c1/dataset/zds/4.20/3 (step=-1, location=)
INFO:megatron.core.transformer.moe.bsr_integration:BSR-MoE: loading expert (layer=12, id=1) from checkpoint /mnt/ais-c1/dataset/zds/4.20/3 (step=-1, location=)
INFO:megatron.core.transformer.moe.bsr_integration:BSR-MoE: loading expert (layer=13, id=1) from checkpoint /mnt/ais-c1/dataset/zds/4.20/3 (step=-1, location=)
INFO:megatron.core.transformer.moe.bsr_integration:BSR-MoE: loading expert (layer=14, id=1) from checkpoint /mnt/ais-c1/dataset/zds/4.20/3 (step=-1, location=)
INFO:megatron.core.transformer.moe.bsr_integration:BSR-MoE: loading expert (layer=15, id=1) from checkpoint /mnt/ais-c1/dataset/zds/4.20/3 (step=-1, location=)
INFO:megatron.core.transformer.moe.expert_health_manager:BSR-MoE layer 5: experts [0, 1] → STALE_RUNNABLE (step=60)
INFO:megatron.core.transformer.moe.bsr_integration:BSR-MoE: loading expert (layer=16, id=1) from checkpoint /mnt/ais-c1/dataset/zds/4.20/3 (step=-1, location=)
INFO:megatron.core.transformer.moe.bsr_integration:BSR-MoE: loading expert (layer=17, id=1) from checkpoint /mnt/ais-c1/dataset/zds/4.20/3 (step=-1, location=)
INFO:megatron.core.transformer.moe.bsr_integration:BSR-MoE: loading expert (layer=18, id=1) from checkpoint /mnt/ais-c1/dataset/zds/4.20/3 (step=-1, location=)
INFO:megatron.core.transformer.moe.bsr_integration:BSR-MoE: loading expert (layer=19, id=1) from checkpoint /mnt/ais-c1/dataset/zds/4.20/3 (step=-1, location=)
INFO:megatron.core.transformer.moe.bsr_integration:BSR-MoE: loading expert (layer=20, id=1) from checkpoint /mnt/ais-c1/dataset/zds/4.20/3 (step=-1, location=)
INFO:megatron.core.transformer.moe.bsr_integration:BSR-MoE: loading expert (layer=21, id=1) from checkpoint /mnt/ais-c1/dataset/zds/4.20/3 (step=-1, location=)
INFO:megatron.core.transformer.moe.bsr_integration:BSR-MoE: loading expert (layer=22, id=1) from checkpoint /mnt/ais-c1/dataset/zds/4.20/3 (step=-1, location=)
INFO:megatron.core.transformer.moe.bsr_integration:BSR-MoE: loading expert (layer=23, id=1) from checkpoint /mnt/ais-c1/dataset/zds/4.20/3 (step=-1, location=)
INFO:megatron.core.transformer.moe.bsr_integration:BSR-MoE: loading expert (layer=24, id=1) from checkpoint /mnt/ais-c1/dataset/zds/4.20/3 (step=-1, location=)
INFO:megatron.core.transformer.moe.expert_health_manager:BSR-MoE layer 6: experts [0, 1] → STALE_RUNNABLE (step=60)
INFO:megatron.core.transformer.moe.bsr_integration:BSR-MoE: loading expert (layer=25, id=1) from checkpoint /mnt/ais-c1/dataset/zds/4.20/3 (step=-1, location=)
INFO:megatron.core.transformer.moe.bsr_integration:BSR-MoE: loading expert (layer=26, id=1) from checkpoint /mnt/ais-c1/dataset/zds/4.20/3 (step=-1, location=)
INFO:megatron.core.transformer.moe.bsr_integration:BSR-MoE: loading expert (layer=27, id=1) from checkpoint /mnt/ais-c1/dataset/zds/4.20/3 (step=-1, location=)
INFO:megatron.core.transformer.moe.bsr_integration:BSR-MoE: loading expert (layer=28, id=1) from checkpoint /mnt/ais-c1/dataset/zds/4.20/3 (step=-1, location=)
INFO:megatron.core.transformer.moe.bsr_integration:BSR-MoE: loading expert (layer=29, id=1) from checkpoint /mnt/ais-c1/dataset/zds/4.20/3 (step=-1, location=)
INFO:megatron.core.transformer.moe.bsr_integration:BSR-MoE: loading expert (layer=30, id=1) from checkpoint /mnt/ais-c1/dataset/zds/4.20/3 (step=-1, location=)
INFO:megatron.core.transformer.moe.bsr_integration:BSR-MoE: loading expert (layer=31, id=1) from checkpoint /mnt/ais-c1/dataset/zds/4.20/3 (step=-1, location=)
INFO:megatron.core.transformer.moe.bsr_integration:BSR-MoE: loading expert (layer=32, id=1) from checkpoint /mnt/ais-c1/dataset/zds/4.20/3 (step=-1, location=)
INFO:megatron.core.transformer.moe.bsr_integration:BSR-MoE: loading expert (layer=33, id=1) from checkpoint /mnt/ais-c1/dataset/zds/4.20/3 (step=-1, location=)
INFO:megatron.core.transformer.moe.expert_health_manager:BSR-MoE layer 7: experts [0, 1] → STALE_RUNNABLE (step=60)
INFO:megatron.core.transformer.moe.bsr_integration:BSR-MoE: loading expert (layer=34, id=1) from checkpoint /mnt/ais-c1/dataset/zds/4.20/3 (step=-1, location=)
INFO:megatron.core.transformer.moe.bsr_integration:BSR-MoE: loading expert (layer=35, id=1) from checkpoint /mnt/ais-c1/dataset/zds/4.20/3 (step=-1, location=)
INFO:megatron.core.transformer.moe.bsr_integration:BSR-MoE: loading expert (layer=36, id=1) from checkpoint /mnt/ais-c1/dataset/zds/4.20/3 (step=-1, location=)
INFO:megatron.core.transformer.moe.bsr_integration:BSR-MoE: loading expert (layer=37, id=1) from checkpoint /mnt/ais-c1/dataset/zds/4.20/3 (step=-1, location=)
INFO:megatron.core.transformer.moe.bsr_integration:BSR-MoE: loading expert (layer=38, id=1) from checkpoint /mnt/ais-c1/dataset/zds/4.20/3 (step=-1, location=)
INFO:megatron.core.transformer.moe.bsr_integration:BSR-MoE: loading expert (layer=39, id=1) from checkpoint /mnt/ais-c1/dataset/zds/4.20/3 (step=-1, location=)
INFO:megatron.core.transformer.moe.bsr_integration:BSR-MoE: loading expert (layer=40, id=1) from checkpoint /mnt/ais-c1/dataset/zds/4.20/3 (step=-1, location=)
INFO:megatron.core.transformer.moe.expert_health_manager:BSR-MoE layer 8: experts [0, 1] → STALE_RUNNABLE (step=60)
INFO:megatron.core.transformer.moe.expert_health_manager:BSR-MoE layer 9: experts [0, 1] → STALE_RUNNABLE (step=60)
INFO:megatron.core.transformer.moe.expert_health_manager:BSR-MoE layer 10: experts [0, 1] → STALE_RUNNABLE (step=60)
INFO:megatron.core.transformer.moe.expert_health_manager:BSR-MoE layer 11: experts [0, 1] → STALE_RUNNABLE (step=60)
INFO:megatron.core.transformer.moe.expert_health_manager:BSR-MoE layer 12: experts [0, 1] → STALE_RUNNABLE (step=60)
INFO:megatron.core.transformer.moe.expert_health_manager:BSR-MoE layer 13: experts [0, 1] → STALE_RUNNABLE (step=60)
INFO:megatron.core.transformer.moe.expert_health_manager:BSR-MoE layer 14: experts [0, 1] → STALE_RUNNABLE (step=60)
INFO:megatron.core.transformer.moe.expert_health_manager:BSR-MoE layer 15: experts [0, 1] → STALE_RUNNABLE (step=60)
INFO:megatron.core.transformer.moe.expert_health_manager:BSR-MoE layer 16: experts [0, 1] → STALE_RUNNABLE (step=60)
INFO:megatron.core.transformer.moe.expert_health_manager:BSR-MoE layer 17: experts [0, 1] → STALE_RUNNABLE (step=60)
INFO:megatron.core.transformer.moe.expert_health_manager:BSR-MoE layer 25: experts [0, 1] → STALE_RUNNABLE (step=60)
INFO:megatron.core.transformer.moe.expert_health_manager:BSR-MoE layer 26: experts [0, 1] → STALE_RUNNABLE (step=60)
INFO:megatron.core.transformer.moe.expert_health_manager:BSR-MoE layer 27: experts [0, 1] → STALE_RUNNABLE (step=60)
INFO:megatron.core.transformer.moe.expert_health_manager:BSR-MoE layer 28: experts [0, 1] → STALE_RUNNABLE (step=60)
INFO:megatron.core.transformer.moe.expert_health_manager:BSR-MoE layer 29: experts [0, 1] → STALE_RUNNABLE (step=60)
INFO:megatron.core.transformer.moe.expert_health_manager:BSR-MoE layer 30: experts [0, 1] → STALE_RUNNABLE (step=60)
INFO:megatron.core.transformer.moe.expert_health_manager:BSR-MoE layer 31: experts [0, 1] → STALE_RUNNABLE (step=60)
INFO:megatron.core.transformer.moe.expert_health_manager:BSR-MoE layer 32: experts [0, 1] → STALE_RUNNABLE (step=60)
INFO:megatron.core.transformer.moe.expert_health_manager:BSR-MoE layer 33: experts [0, 1] → STALE_RUNNABLE (step=60)
INFO:megatron.core.transformer.moe.expert_health_manager:BSR-MoE layer 34: experts [0, 1] → STALE_RUNNABLE (step=60)
INFO:megatron.core.transformer.moe.expert_health_manager:BSR-MoE layer 35: experts [0, 1] → STALE_RUNNABLE (step=60)
INFO:megatron.core.transformer.moe.expert_health_manager:BSR-MoE layer 36: experts [0, 1] → STALE_RUNNABLE (step=60)
INFO:megatron.core.transformer.moe.expert_health_manager:BSR-MoE layer 37: experts [0, 1] → STALE_RUNNABLE (step=60)
INFO:megatron.core.transformer.moe.expert_health_manager:BSR-MoE layer 38: experts [0, 1] → STALE_RUNNABLE (step=60)
INFO:megatron.core.transformer.moe.expert_health_manager:BSR-MoE layer 39: experts [0, 1] → STALE_RUNNABLE (step=60)
INFO:megatron.core.transformer.moe.expert_health_manager:BSR-MoE layer 40: experts [0, 1] → STALE_RUNNABLE (step=60)
WARNING:megatron.core.transformer.moe.recovery_controller:[2026-04-20 20:34:41] BSR-MoE controller: step7 async expert restore submitted (80 requests, elapsed=32.479s, step=60)
INFO:megatron.core.transformer.moe.reintegration_barrier:BSR-MoE barrier: begin reintegration for rank 0 -> 8 (experts=[0, 1], step=60)
INFO:megatron.core.transformer.moe.reintegration_barrier:BSR-MoE barrier: rank 0 -> REPAIRED_NOT_ROUTED (all preconditions met, step=60)
WARNING:megatron.core.transformer.moe.recovery_controller:[2026-04-20 20:34:41] BSR-MoE controller: step8 reintegration barrier initialized for rank 0 (all preconditions marked, step=60)
WARNING:megatron.core.transformer.moe.recovery_controller:[2026-04-20 20:34:41] BSR-MoE controller: SAFE_POINT_REPAIR → REINTEGRATED (event=safe_point_repair_completed, step=60)
WARNING:megatron.core.transformer.moe.recovery_controller:[2026-04-20 20:34:41] BSR-MoE controller: safe-point repair COMPLETED total_elapsed=39.292s (step=60, failed=0, replacement=8)
[rank0]: Traceback (most recent call last):
[rank0]:   File "/ossfs/workspace/Megatron-LM/pretrain_gpt.py", line 233, in <module>
[rank0]:     pretrain(
[rank0]:   File "/ossfs/workspace/Megatron-LM/megatron/training/training.py", line 764, in pretrain
[rank0]:     iteration, num_floating_point_operations_so_far = train(
[rank0]:   File "/ossfs/workspace/Megatron-LM/megatron/training/training.py", line 2343, in train
[rank0]:     _bsr_pp_size = mpu.get_pipeline_model_parallel_world_size()
[rank0]:   File "/ossfs/workspace/Megatron-LM/megatron/core/parallel_state.py", line 1494, in get_pipeline_model_parallel_world_size
[rank0]:     return get_pipeline_model_parallel_group().size()
[rank0]:   File "/ossfs/workspace/Megatron-LM/megatron/core/parallel_state.py", line 1334, in get_pipeline_model_parallel_group
[rank0]:     _PIPELINE_MODEL_PARALLEL_GROUP is not None
[rank0]: AssertionError: pipeline_model parallel group is not initialized
INFO:megatron.core.transformer.moe.expert_health_manager:BSR-MoE layer 16: experts [0, 1] → STALE_RUNNABLE (step=60)
INFO:megatron.core.transformer.moe.expert_health_manager:BSR-MoE layer 17: experts [0, 1] → STALE_RUNNABLE (step=60)
INFO:megatron.core.transformer.moe.expert_health_manager:BSR-MoE layer 18: experts [0, 1] → STALE_RUNNABLE (step=60)
INFO:megatron.core.transformer.moe.expert_health_manager:BSR-MoE layer 19: experts [0, 1] → STALE_RUNNABLE (step=60)
INFO:megatron.core.transformer.moe.expert_health_manager:BSR-MoE layer 20: experts [0, 1] → STALE_RUNNABLE (step=60)
INFO:megatron.core.transformer.moe.expert_health_manager:BSR-MoE layer 21: experts [0, 1] → STALE_RUNNABLE (step=60)
INFO:megatron.core.transformer.moe.expert_health_manager:BSR-MoE layer 22: experts [0, 1] → STALE_RUNNABLE (step=60)
INFO:megatron.core.transformer.moe.expert_health_manager:BSR-MoE layer 23: experts [0, 1] → STALE_RUNNABLE (step=60)
INFO:megatron.core.transformer.moe.expert_health_manager:BSR-MoE layer 24: experts [0, 1] → STALE_RUNNABLE (step=60)
INFO:megatron.core.transformer.moe.expert_health_manager:BSR-MoE layer 25: experts [0, 1] → STALE_RUNNABLE (step=60)
INFO:megatron.core.transformer.moe.expert_health_manager:BSR-MoE layer 26: experts [0, 1] → STALE_RUNNABLE (step=60)
INFO:megatron.core.transformer.moe.expert_health_manager:BSR-MoE layer 27: experts [0, 1] → STALE_RUNNABLE (step=60)
INFO:megatron.core.transformer.moe.expert_health_manager:BSR-MoE layer 28: experts [0, 1] → STALE_RUNNABLE (step=60)
INFO:megatron.core.transformer.moe.expert_health_manager:BSR-MoE layer 29: experts [0, 1] → STALE_RUNNABLE (step=60)
INFO:megatron.core.transformer.moe.expert_health_manager:BSR-MoE layer 30: experts [0, 1] → STALE_RUNNABLE (step=60)
INFO:megatron.core.transformer.moe.expert_health_manager:BSR-MoE layer 31: experts [0, 1] → STALE_RUNNABLE (step=60)
INFO:megatron.core.transformer.moe.expert_health_manager:BSR-MoE layer 32: experts [0, 1] → STALE_RUNNABLE (step=60)
INFO:megatron.core.transformer.moe.expert_health_manager:BSR-MoE layer 33: experts [0, 1] → STALE_RUNNABLE (step=60)
INFO:megatron.core.transformer.moe.expert_health_manager:BSR-MoE layer 34: experts [0, 1] → STALE_RUNNABLE (step=60)
INFO:megatron.core.transformer.moe.expert_health_manager:BSR-MoE layer 35: experts [0, 1] → STALE_RUNNABLE (step=60)
INFO:megatron.core.transformer.moe.expert_health_manager:BSR-MoE layer 36: experts [0, 1] → STALE_RUNNABLE (step=60)
INFO:megatron.core.transformer.moe.expert_health_manager:BSR-MoE layer 37: experts [0, 1] → STALE_RUNNABLE (step=60)
INFO:megatron.core.transformer.moe.expert_health_manager:BSR-MoE layer 38: experts [0, 1] → STALE_RUNNABLE (step=60)
INFO:megatron.core.transformer.moe.expert_health_manager:BSR-MoE layer 39: experts [0, 1] → STALE_RUNNABLE (step=60)
INFO:megatron.core.transformer.moe.expert_health_manager:BSR-MoE layer 40: experts [0, 1] → STALE_RUNNABLE (step=60)
WARNING:megatron.core.transformer.moe.recovery_controller:[2026-04-20 20:34:42] BSR-MoE controller: step7 async expert restore submitted (80 requests, elapsed=31.351s, step=60)
INFO:megatron.core.transformer.moe.reintegration_barrier:BSR-MoE barrier: begin reintegration for rank 0 -> 8 (experts=[0, 1], step=60)
INFO:megatron.core.transformer.moe.reintegration_barrier:BSR-MoE barrier: rank 0 -> REPAIRED_NOT_ROUTED (all preconditions met, step=60)
WARNING:megatron.core.transformer.moe.recovery_controller:[2026-04-20 20:34:42] BSR-MoE controller: step8 reintegration barrier initialized for rank 0 (all preconditions marked, step=60)
WARNING:megatron.core.transformer.moe.recovery_controller:[2026-04-20 20:34:42] BSR-MoE controller: SAFE_POINT_REPAIR → REINTEGRATED (event=safe_point_repair_completed, step=60)
WARNING:megatron.core.transformer.moe.recovery_controller:[2026-04-20 20:34:42] BSR-MoE controller: safe-point repair COMPLETED total_elapsed=41.186s (step=60, failed=0, replacement=8)
[rank5]:[W420 20:34:25.043102841 ProcessGroupNCCL.cpp:4561] [PG ID 19 PG GUID 87 Rank 1]  using GPU 5 to perform barrier as devices used by this process are currently unknown. This can potentially cause a hang if this rank to GPU mapping is incorrect. Specify device_ids in barrier() to force use of a particular device, or call init_process_group() with a device_id.
[rank4]:[W420 20:34:45.154742767 ProcessGroupNCCL.cpp:4561] [PG ID 20 PG GUID 89 Rank 0]  using GPU 4 to perform barrier as devices used by this process are currently unknown. This can potentially cause a hang if this rank to GPU mapping is incorrect. Specify device_ids in barrier() to force use of a particular device, or call init_process_group() with a device_id.
[rank5]:[W420 20:34:45.154805873 ProcessGroupNCCL.cpp:4561] [PG ID 20 PG GUID 89 Rank 1]  using GPU 5 to perform barrier as devices used by this process are currently unknown. This can potentially cause a hang if this rank to GPU mapping is incorrect. Specify device_ids in barrier() to force use of a particular device, or call init_process_group() with a device_id.
[rank7]:[W420 20:34:45.154888644 ProcessGroupNCCL.cpp:4561] [PG ID 20 PG GUID 89 Rank 3]  using GPU 7 to perform barrier as devices used by this process are currently unknown. This can potentially cause a hang if this rank to GPU mapping is incorrect. Specify device_ids in barrier() to force use of a particular device, or call init_process_group() with a device_id.
[rank6]:[W420 20:34:45.154888608 ProcessGroupNCCL.cpp:4561] [PG ID 20 PG GUID 89 Rank 2]  using GPU 6 to perform barrier as devices used by this process are currently unknown. This can potentially cause a hang if this rank to GPU mapping is incorrect. Specify device_ids in barrier() to force use of a particular device, or call init_process_group() with a device_id.
[rank1]: Traceback (most recent call last):
[rank1]:   File "/ossfs/workspace/Megatron-LM/pretrain_gpt.py", line 233, in <module>
[rank1]:     pretrain(
[rank1]:   File "/ossfs/workspace/Megatron-LM/megatron/training/training.py", line 764, in pretrain
[rank1]:     iteration, num_floating_point_operations_so_far = train(
[rank1]:   File "/ossfs/workspace/Megatron-LM/megatron/training/training.py", line 2365, in train
[rank1]:     ) = train_step(
[rank1]:   File "/ossfs/workspace/Megatron-LM/megatron/training/training.py", line 1295, in train_step
[rank1]:     losses_reduced = forward_backward_func(
[rank1]:   File "/ossfs/workspace/Megatron-LM/megatron/core/pipeline_parallel/schedules.py", line 2001, in forward_backward_pipelining_without_interleaving
[rank1]:     pg_collection.dp_cp = parallel_state.get_data_parallel_group(
[rank1]:   File "/ossfs/workspace/Megatron-LM/megatron/core/parallel_state.py", line 1348, in get_data_parallel_group
[rank1]:     _DATA_PARALLEL_GROUP_WITH_CP is not None
[rank1]: AssertionError: data parallel group with context parallel combined is not initialized
[rank4]:[W420 20:34:46.232158592 ProcessGroupNCCL.cpp:4561] [PG ID 21 PG GUID 90 Rank 0]  using GPU 4 to perform barrier as devices used by this process are currently unknown. This can potentially cause a hang if this rank to GPU mapping is incorrect. Specify device_ids in barrier() to force use of a particular device, or call init_process_group() with a device_id.
[rank5]:[W420 20:34:46.232291220 ProcessGroupNCCL.cpp:4561] [PG ID 21 PG GUID 90 Rank 1]  using GPU 5 to perform barrier as devices used by this process are currently unknown. This can potentially cause a hang if this rank to GPU mapping is incorrect. Specify device_ids in barrier() to force use of a particular device, or call init_process_group() with a device_id.
[rank6]:[W420 20:34:46.232407924 ProcessGroupNCCL.cpp:4561] [PG ID 21 PG GUID 90 Rank 2]  using GPU 6 to perform barrier as devices used by this process are currently unknown. This can potentially cause a hang if this rank to GPU mapping is incorrect. Specify device_ids in barrier() to force use of a particular device, or call init_process_group() with a device_id.
[rank7]:[W420 20:34:46.232485039 ProcessGroupNCCL.cpp:4561] [PG ID 21 PG GUID 90 Rank 3]  using GPU 7 to perform barrier as devices used by this process are currently unknown. This can potentially cause a hang if this rank to GPU mapping is incorrect. Specify device_ids in barrier() to force use of a particular device, or call init_process_group() with a device_id.
INFO:megatron.core.transformer.moe.reintegration_barrier:BSR-MoE barrier: begin reintegration for rank 0 -> 8 (experts=[0, 1], step=60)
INFO:megatron.core.transformer.moe.reintegration_barrier:BSR-MoE barrier: rank 0 -> REPAIRED_NOT_ROUTED (all preconditions met, step=60)
WARNING:megatron.core.transformer.moe.recovery_controller:[2026-04-20 20:34:47] BSR-MoE controller: step8 reintegration barrier initialized for rank 0 (all preconditions marked, step=60)
WARNING:megatron.core.transformer.moe.recovery_controller:[2026-04-20 20:34:47] BSR-MoE controller: SAFE_POINT_REPAIR → REINTEGRATED (event=safe_point_repair_completed, step=60)
WARNING:megatron.core.transformer.moe.recovery_controller:[2026-04-20 20:34:47] BSR-MoE controller: safe-point repair COMPLETED total_elapsed=45.442s (step=60, failed=0, replacement=8)
[rank2]: Traceback (most recent call last):
[rank2]:   File "/ossfs/workspace/Megatron-LM/pretrain_gpt.py", line 233, in <module>
[rank2]:     pretrain(
[rank2]:   File "/ossfs/workspace/Megatron-LM/megatron/training/training.py", line 764, in pretrain
[rank2]:     iteration, num_floating_point_operations_so_far = train(
[rank2]:   File "/ossfs/workspace/Megatron-LM/megatron/training/training.py", line 2365, in train
[rank2]:     ) = train_step(
[rank2]:   File "/ossfs/workspace/Megatron-LM/megatron/training/training.py", line 1295, in train_step
[rank2]:     losses_reduced = forward_backward_func(
[rank2]:   File "/ossfs/workspace/Megatron-LM/megatron/core/pipeline_parallel/schedules.py", line 2001, in forward_backward_pipelining_without_interleaving
[rank2]:     pg_collection.dp_cp = parallel_state.get_data_parallel_group(
[rank2]:   File "/ossfs/workspace/Megatron-LM/megatron/core/parallel_state.py", line 1348, in get_data_parallel_group
[rank2]:     _DATA_PARALLEL_GROUP_WITH_CP is not None
[rank2]: AssertionError: data parallel group with context parallel combined is not initialized
[rank4]:[W420 20:34:48.704744563 ProcessGroupNCCL.cpp:4561] [PG ID 22 PG GUID 91 Rank 0]  using GPU 4 to perform barrier as devices used by this process are currently unknown. This can potentially cause a hang if this rank to GPU mapping is incorrect. Specify device_ids in barrier() to force use of a particular device, or call init_process_group() with a device_id.
[rank5]:[W420 20:34:48.704748445 ProcessGroupNCCL.cpp:4561] [PG ID 22 PG GUID 91 Rank 1]  using GPU 5 to perform barrier as devices used by this process are currently unknown. This can potentially cause a hang if this rank to GPU mapping is incorrect. Specify device_ids in barrier() to force use of a particular device, or call init_process_group() with a device_id.
[rank6]:[W420 20:34:48.704802891 ProcessGroupNCCL.cpp:4561] [PG ID 22 PG GUID 91 Rank 2]  using GPU 6 to perform barrier as devices used by this process are currently unknown. This can potentially cause a hang if this rank to GPU mapping is incorrect. Specify device_ids in barrier() to force use of a particular device, or call init_process_group() with a device_id.
[rank7]:[W420 20:34:48.704968521 ProcessGroupNCCL.cpp:4561] [PG ID 22 PG GUID 91 Rank 3]  using GPU 7 to perform barrier as devices used by this process are currently unknown. This can potentially cause a hang if this rank to GPU mapping is incorrect. Specify device_ids in barrier() to force use of a particular device, or call init_process_group() with a device_id.
INFO:megatron.core.transformer.moe.expert_health_manager:BSR-MoE layer 18: experts [0, 1] → STALE_RUNNABLE (step=60)
INFO:megatron.core.transformer.moe.expert_health_manager:BSR-MoE layer 19: experts [0, 1] → STALE_RUNNABLE (step=60)
INFO:megatron.core.transformer.moe.expert_health_manager:BSR-MoE layer 20: experts [0, 1] → STALE_RUNNABLE (step=60)
INFO:megatron.core.transformer.moe.expert_health_manager:BSR-MoE layer 21: experts [0, 1] → STALE_RUNNABLE (step=60)
INFO:megatron.core.transformer.moe.expert_health_manager:BSR-MoE layer 22: experts [0, 1] → STALE_RUNNABLE (step=60)
INFO:megatron.core.transformer.moe.expert_health_manager:BSR-MoE layer 23: experts [0, 1] → STALE_RUNNABLE (step=60)
INFO:megatron.core.transformer.moe.expert_health_manager:BSR-MoE layer 24: experts [0, 1] → STALE_RUNNABLE (step=60)
INFO:megatron.core.transformer.moe.expert_health_manager:BSR-MoE layer 25: experts [0, 1] → STALE_RUNNABLE (step=60)
INFO:megatron.core.transformer.moe.expert_health_manager:BSR-MoE layer 26: experts [0, 1] → STALE_RUNNABLE (step=60)
INFO:megatron.core.transformer.moe.expert_health_manager:BSR-MoE layer 27: experts [0, 1] → STALE_RUNNABLE (step=60)
INFO:megatron.core.transformer.moe.expert_health_manager:BSR-MoE layer 28: experts [0, 1] → STALE_RUNNABLE (step=60)
INFO:megatron.core.transformer.moe.expert_health_manager:BSR-MoE layer 29: experts [0, 1] → STALE_RUNNABLE (step=60)
INFO:megatron.core.transformer.moe.expert_health_manager:BSR-MoE layer 30: experts [0, 1] → STALE_RUNNABLE (step=60)
INFO:megatron.core.transformer.moe.expert_health_manager:BSR-MoE layer 31: experts [0, 1] → STALE_RUNNABLE (step=60)
INFO:megatron.core.transformer.moe.expert_health_manager:BSR-MoE layer 32: experts [0, 1] → STALE_RUNNABLE (step=60)
INFO:megatron.core.transformer.moe.expert_health_manager:BSR-MoE layer 33: experts [0, 1] → STALE_RUNNABLE (step=60)
INFO:megatron.core.transformer.moe.expert_health_manager:BSR-MoE layer 34: experts [0, 1] → STALE_RUNNABLE (step=60)
INFO:megatron.core.transformer.moe.expert_health_manager:BSR-MoE layer 35: experts [0, 1] → STALE_RUNNABLE (step=60)
INFO:megatron.core.transformer.moe.expert_health_manager:BSR-MoE layer 36: experts [0, 1] → STALE_RUNNABLE (step=60)
INFO:megatron.core.transformer.moe.expert_health_manager:BSR-MoE layer 37: experts [0, 1] → STALE_RUNNABLE (step=60)
INFO:megatron.core.transformer.moe.expert_health_manager:BSR-MoE layer 38: experts [0, 1] → STALE_RUNNABLE (step=60)
INFO:megatron.core.transformer.moe.expert_health_manager:BSR-MoE layer 39: experts [0, 1] → STALE_RUNNABLE (step=60)
INFO:megatron.core.transformer.moe.expert_health_manager:BSR-MoE layer 40: experts [0, 1] → STALE_RUNNABLE (step=60)
WARNING:megatron.core.transformer.moe.recovery_controller:[2026-04-20 20:34:49] BSR-MoE controller: step7 async expert restore submitted (80 requests, elapsed=21.916s, step=60)
INFO:megatron.core.transformer.moe.reintegration_barrier:BSR-MoE barrier: begin reintegration for rank 0 -> 8 (experts=[0, 1], step=60)
INFO:megatron.core.transformer.moe.reintegration_barrier:BSR-MoE barrier: rank 0 -> REPAIRED_NOT_ROUTED (all preconditions met, step=60)
WARNING:megatron.core.transformer.moe.recovery_controller:[2026-04-20 20:34:49] BSR-MoE controller: step8 reintegration barrier initialized for rank 0 (all preconditions marked, step=60)
WARNING:megatron.core.transformer.moe.recovery_controller:[2026-04-20 20:34:49] BSR-MoE controller: SAFE_POINT_REPAIR → REINTEGRATED (event=safe_point_repair_completed, step=60)
WARNING:megatron.core.transformer.moe.recovery_controller:[2026-04-20 20:34:49] BSR-MoE controller: safe-point repair COMPLETED total_elapsed=47.414s (step=60, failed=0, replacement=8)
[rank6]:[W420 20:34:49.210886974 ProcessGroupNCCL.cpp:4561] [PG ID 23 PG GUID 92 Rank 2]  using GPU 6 to perform barrier as devices used by this process are currently unknown. This can potentially cause a hang if this rank to GPU mapping is incorrect. Specify device_ids in barrier() to force use of a particular device, or call init_process_group() with a device_id.
[rank7]:[W420 20:34:49.210811332 ProcessGroupNCCL.cpp:4561] [PG ID 23 PG GUID 92 Rank 3]  using GPU 7 to perform barrier as devices used by this process are currently unknown. This can potentially cause a hang if this rank to GPU mapping is incorrect. Specify device_ids in barrier() to force use of a particular device, or call init_process_group() with a device_id.
[rank0]:[W420 20:34:52.760305774 ProcessGroupNCCL.cpp:1496] Warning: WARNING: destroy_process_group() was not called before program exit, which can leak resources. For more info, please see https://pytorch.org/docs/stable/distributed.html#shutdown (function operator())
[rank5]:[W420 20:34:49.210793944 ProcessGroupNCCL.cpp:4561] [PG ID 23 PG GUID 92 Rank 1]  using GPU 5 to perform barrier as devices used by this process are currently unknown. This can potentially cause a hang if this rank to GPU mapping is incorrect. Specify device_ids in barrier() to force use of a particular device, or call init_process_group() with a device_id.
W0420 20:34:55.460000 252865 site-packages/torch/distributed/elastic/multiprocessing/api.py:897] Sending process 252978 closing signal SIGTERM
W0420 20:34:55.468000 252865 site-packages/torch/distributed/elastic/multiprocessing/api.py:897] Sending process 252979 closing signal SIGTERM
W0420 20:34:55.477000 252865 site-packages/torch/distributed/elastic/multiprocessing/api.py:897] Sending process 252980 closing signal SIGTERM
W0420 20:34:55.488000 252865 site-packages/torch/distributed/elastic/multiprocessing/api.py:897] Sending process 252981 closing signal SIGTERM
W0420 20:34:55.493000 252865 site-packages/torch/distributed/elastic/multiprocessing/api.py:897] Sending process 252982 closing signal SIGTERM
W0420 20:34:55.508000 252865 site-packages/torch/distributed/elastic/multiprocessing/api.py:897] Sending process 252983 closing signal SIGTERM
W0420 20:34:55.522000 252865 site-packages/torch/distributed/elastic/multiprocessing/api.py:897] Sending process 252984 closing signal SIGTERM
E0420 20:34:55.585000 252865 site-packages/torch/distributed/elastic/multiprocessing/api.py:869] failed (exitcode: 1) local_rank: 0 (pid: 252977) of binary: /opt/conda/bin/python
Traceback (most recent call last):
  File "/opt/conda/bin/torchrun", line 8, in <module>
    sys.exit(main())
  File "/opt/conda/lib/python3.10/site-packages/torch/distributed/elastic/multiprocessing/errors/__init__.py", line 355, in wrapper
    return f(*args, **kwargs)
  File "/opt/conda/lib/python3.10/site-packages/torch/distributed/run.py", line 918, in main
    run(args)
  File "/opt/conda/lib/python3.10/site-packages/torch/distributed/run.py", line 909, in run
    elastic_launch(
  File "/opt/conda/lib/python3.10/site-packages/torch/distributed/launcher/api.py", line 138, in __call__
    return launch_agent(self._config, self._entrypoint, list(args))
  File "/opt/conda/lib/python3.10/site-packages/torch/distributed/launcher/api.py", line 269, in launch_agent
    raise ChildFailedError(
torch.distributed.elastic.multiprocessing.errors.ChildFailedError: 
============================================================
/ossfs/workspace/Megatron-LM/pretrain_gpt.py FAILED
------------------------------------------------------------
Failures:
  <NO_OTHER_FAILURES>
------------------------------------------------------------
Root Cause (first observed failure):
[0]:
  time      : 2026-04-20_20:34:55
  host      : gpulingjun033181102124.wa180
  rank      : 0 (local_rank: 0)
  exitcode  : 1 (pid: 252977)
  error_file: <N/A>
  traceback : To enable traceback see: https://pytorch.org/docs/stable/elastic/errors.html
============================================================