nohup: ignoring input
+++ dirname ./run_main_exp_moeguard.sh
++ cd .
++ pwd
+ SCRIPT_DIR=/root/workdir/antllm/bsr2
+ source /root/workdir/antllm/bsr2/main_exp_common.sh
++ set -uo pipefail
++ export NPROC_PER_NODE=8
++ NPROC_PER_NODE=8
++ export NNODES=8
++ NNODES=8
++ export PP_SIZE=8
++ PP_SIZE=8
++ export EP_SIZE=8
++ EP_SIZE=8
++ export PLAN_WORLD_SIZE=64
++ PLAN_WORLD_SIZE=64
++ export PLAN_SEED=42
++ PLAN_SEED=42
+ export_common_runtime
+ export NCCL_IB_DISABLE=1
+ NCCL_IB_DISABLE=1
+ export NCCL_DEBUG=WARN
+ NCCL_DEBUG=WARN
+ export PYTHONPATH=/opt/conda/lib/python3.10/site-packages/aistudio_notebook/public:/opt/conda/lib/python3.10/site-packages/aistudio_notebook/public::./Megatron-LM
+ PYTHONPATH=/opt/conda/lib/python3.10/site-packages/aistudio_notebook/public:/opt/conda/lib/python3.10/site-packages/aistudio_notebook/public::./Megatron-LM
+ export HF_HUB_OFFLINE=1
+ HF_HUB_OFFLINE=1
+ export TRANSFORMERS_OFFLINE=1
+ TRANSFORMERS_OFFLINE=1
+ export CUDA_DEVICE_MAX_CONNECTIONS=1
+ CUDA_DEVICE_MAX_CONNECTIONS=1
+ export PYTORCH_CUDA_ALLOC_CONF=expandable_segments:True
+ PYTORCH_CUDA_ALLOC_CONF=expandable_segments:True
+ export TORCH_NCCL_ASYNC_ERROR_HANDLING=1
+ TORCH_NCCL_ASYNC_ERROR_HANDLING=1
+ export TORCH_FORCE_NO_WEIGHTS_ONLY_LOAD=1
+ TORCH_FORCE_NO_WEIGHTS_ONLY_LOAD=1
+ export TORCH_CUDA_ARCH_LIST=9.0
+ TORCH_CUDA_ARCH_LIST=9.0
+ BASE_DIR=/mnt/ais-c1/dataset/zds/main_exp/5.27/moeguard
+ export CKPT_DIR=/mnt/ais-c1/dataset/zds/main_exp/5.27/moeguard/ckpt
+ CKPT_DIR=/mnt/ais-c1/dataset/zds/main_exp/5.27/moeguard/ckpt
+ export TRAIN_LOG_DIR=/mnt/ais-c1/dataset/zds/main_exp/5.27/moeguard/log
+ TRAIN_LOG_DIR=/mnt/ais-c1/dataset/zds/main_exp/5.27/moeguard/log
+ mkdir -p /mnt/ais-c1/dataset/zds/main_exp/5.27/moeguard/ckpt /mnt/ais-c1/dataset/zds/main_exp/5.27/moeguard/log
+ export BSR_MOC_PEC_EMULATE=0
+ BSR_MOC_PEC_EMULATE=0
+ echo ============================================================
============================================================
+ echo '[main_exp_moeguard] generating 10-fault plan (seed=42)'
[main_exp_moeguard] generating 10-fault plan (seed=42)
+ echo ============================================================
============================================================
++ build_main_plan
+ MAIN_FAULT_PLAN='723:49;1188:35;2461:52;3517:42;4309:49;5640:56;6855:34;7912:7,12,22,25,38,45,49,61;8689:0,10,20,24,37,41,53,61;9304:7,8,21,25,33,47,51,62'
+ cat /tmp/main_plan_debug.37162
++ python3 - 64 8 42
  # 1  step= 723  |F|= 1  ranks=[49]  stage_hist=[0, 0, 0, 0, 0, 0, 1, 0]  cat=single-GPU
  # 2  step=1188  |F|= 1  ranks=[35]  stage_hist=[0, 0, 0, 0, 1, 0, 0, 0]  cat=single-GPU HBM
  # 3  step=2461  |F|= 1  ranks=[52]  stage_hist=[0, 0, 0, 0, 0, 0, 1, 0]  cat=single-GPU (small Δ, Δ_min test)
  # 4  step=3517  |F|= 1  ranks=[42]  stage_hist=[0, 0, 0, 0, 0, 1, 0, 0]  cat=single-GPU SSD/PCIe
  # 5  step=4309  |F|= 1  ranks=[49]  stage_hist=[0, 0, 0, 0, 0, 0, 1, 0]  cat=single-GPU REPEAT (same rank as #1)
  # 6  step=5640  |F|= 1  ranks=[56]  stage_hist=[0, 0, 0, 0, 0, 0, 0, 1]  cat=single-GPU
  # 7  step=6855  |F|= 1  ranks=[34]  stage_hist=[0, 0, 0, 0, 1, 0, 0, 0]  cat=single-GPU
  # 8  step=7912  |F|= 8  ranks=[7, 12, 22, 25, 38, 45, 49, 61]  stage_hist=[1, 1, 1, 1, 1, 1, 1, 1]  cat=8-card burst (DP-safe spread)
  # 9  step=8689  |F|= 8  ranks=[0, 10, 20, 24, 37, 41, 53, 61]  stage_hist=[1, 1, 1, 1, 1, 1, 1, 1]  cat=8-card burst (DP-safe spread, other PP region)
  #10  step=9304  |F|= 8  ranks=[7, 8, 21, 25, 33, 47, 51, 62]  stage_hist=[1, 1, 1, 1, 1, 1, 1, 1]  cat=8-card burst (downgraded from 16-card; NCCL stability)
  PLAN_SEED=42, world_size=64, pp_size=8, stage_width=8, max_per_stage=7
+ rm -f /tmp/main_plan_debug.37162
+ echo '[main_exp_moeguard] resolved plan: 723:49;1188:35;2461:52;3517:42;4309:49;5640:56;6855:34;7912:7,12,22,25,38,45,49,61;8689:0,10,20,24,37,41,53,61;9304:7,8,21,25,33,47,51,62'
[main_exp_moeguard] resolved plan: 723:49;1188:35;2461:52;3517:42;4309:49;5640:56;6855:34;7912:7,12,22,25,38,45,49,61;8689:0,10,20,24,37,41,53,61;9304:7,8,21,25,33,47,51,62
+ echo ============================================================
============================================================
+ export BSR_FAULT_INJECT_TYPE=restart_in_place
+ BSR_FAULT_INJECT_TYPE=restart_in_place
+ export 'BSR_FAULT_INJECT_PLAN=723:49;1188:35;2461:52;3517:42;4309:49;5640:56;6855:34;7912:7,12,22,25,38,45,49,61;8689:0,10,20,24,37,41,53,61;9304:7,8,21,25,33,47,51,62'
+ BSR_FAULT_INJECT_PLAN='723:49;1188:35;2461:52;3517:42;4309:49;5640:56;6855:34;7912:7,12,22,25,38,45,49,61;8689:0,10,20,24,37,41,53,61;9304:7,8,21,25,33,47,51,62'
+ export BSR_FAULT_INJECT_PLAN_MODE=burst_all
+ BSR_FAULT_INJECT_PLAN_MODE=burst_all
+ export BSR_FAULT_INJECT_STEP=0
+ BSR_FAULT_INJECT_STEP=0
+ export BSR_FAULT_INJECT_INTERVAL=0
+ BSR_FAULT_INJECT_INTERVAL=0
+ export BSR_FAULT_INJECT_SEED=42
+ BSR_FAULT_INJECT_SEED=42
+ export BSR_FAULT_INJECT_RANK=0
+ BSR_FAULT_INJECT_RANK=0
+ export BSR_FAULT_REPLACEMENT_STEP=0
+ BSR_FAULT_REPLACEMENT_STEP=0
+ export BSR_FAULT_REPLACEMENT_RANK=-1
+ BSR_FAULT_REPLACEMENT_RANK=-1
+ export BSR_FAULT_ZERO_MEMORY=1
+ BSR_FAULT_ZERO_MEMORY=1
+ export BSR_FAULT_MEMORY_FILL=zero
+ BSR_FAULT_MEMORY_FILL=zero
+ export BSR_REQUIRE_OLD_PARAM_RESTORE=1
+ BSR_REQUIRE_OLD_PARAM_RESTORE=1
+ export LOG_ANALYZE_INTERVAL=0
+ LOG_ANALYZE_INTERVAL=0
+ export LOG_ANALYZE_ON_EXIT=0
+ LOG_ANALYZE_ON_EXIT=0
+ export LOG_ANALYZE_SCRIPT=/root/workdir/antllm/bsr2/log_analysis/analyze_train_log.py
+ LOG_ANALYZE_SCRIPT=/root/workdir/antllm/bsr2/log_analysis/analyze_train_log.py
+ MAX_RETRIES=1
+ RETRY_DELAY=30
+ SAVE_LOG_SCRIPT=/root/workdir/antllm/bsr2/log_analysis/save_train_log.sh
+ retry=0
+ true
+ '[' -f /root/workdir/antllm/bsr2/log_analysis/save_train_log.sh ']'
++ declare -f run_training
+ bash /root/workdir/antllm/bsr2/log_analysis/save_train_log.sh bash -c 'run_training () 
{ 
    LOAD_ARGS=();
    if [ -f "${CKPT_DIR}/latest_checkpointed_iteration.txt" ] || ls "${CKPT_DIR}"/iter_* > /dev/null 2>&1; then
        LOAD_ARGS=(--load "${CKPT_DIR}");
    fi;
    torchrun --nproc_per_node="${NPROC_PER_NODE}" --nnodes="${NNODES}" --node_rank="${NODE_RANK:-0}" --master_addr="${MASTER_ADDR:-127.0.0.1}" --master_port="${MASTER_PORT:-20115}" ./Megatron-LM/pretrain_gpt.py --use-mcore-models --transformer-impl transformer_engine --tensor-model-parallel-size 1 --pipeline-model-parallel-size "${PP_SIZE}" --expert-model-parallel-size "${EP_SIZE}" --sequence-parallel --legacy-tokenizer --tokenizer-type HuggingFaceTokenizer --tokenizer-model ./tokenizer --vocab-file "./tokenizer/vocab.json" --merge-file "./tokenizer/merges.txt" --num-layers 48 --hidden-size 2048 --ffn-hidden-size 6144 --num-attention-heads 32 --group-query-attention --num-query-groups 4 --kv-channels 128 --qk-layernorm --seq-length 4096 --max-position-embeddings 40960 --rotary-base 1000000 --rotary-percent 1.0 --micro-batch-size 8 --global-batch-size 64 --train-iters 10000 --lr 1e-4 --min-lr 1e-5 --lr-decay-style cosine --lr-warmup-iters 5 --weight-decay 0.1 --clip-grad 1.0 --adam-beta1 0.9 --adam-beta2 0.95 --init-method-std 0.02 --normalization RMSNorm --disable-bias-linear --position-embedding-type rope --no-rope-fusion --swiglu --no-bias-swiglu-fusion --untie-embeddings-and-output-weights --bf16 --num-experts 128 --moe-ffn-hidden-size 768 --moe-router-topk 8 --moe-router-dtype fp32 --moe-router-load-balancing-type aux_loss --moe-aux-loss-coeff 1e-3 --moe-token-dispatcher-type alltoall --moe-bsr-enable --moe-bsr-health-mask --moe-bsr-rank-quarantine --moe-bsr-dispatch-quarantine-assert --moe-bsr-dispatch-sanitize --moe-bsr-expert-directory --moe-bsr-replacement-protocol --moe-bsr-group-rebuild --moe-bsr-dispatch-topology-refresh --moe-bsr-dense-param-sync --moe-bsr-stale-expert-restore --moe-bsr-recovery-controller --moe-bsr-deferred-optimizer-load --moe-bsr-degraded-mode-policy --moe-bsr-reintegration-barrier --moe-bsr-fault-injection --moe-bsr-restart-in-place --moe-bsr-hybrid-expert-restore --moe-bsr-expert-opt-restore --moe-bsr-weights-first-recovery --moe-bsr-defer-optimizer-load --moe-bsr-degraded-tau-c 0.5 --moe-bsr-degraded-t-max 1000 --moe-bsr-degraded-s-max 500 --data-path "/mnt/ais-c1/dataset/zds/bigdata/my_qwen3_data_text_document" --split 99,1,0 --ckpt-format torch --save "${CKPT_DIR}" --save-interval 200 --eval-interval 1000 --eval-iters 50 --log-interval 1 "${LOAD_ARGS[@]}"
}; run_training'
============================================================
 Megatron 训练日志保存
 run_id:       20260529_010053_37213
 最新日志:     /mnt/ais-c1/dataset/zds/main_exp/5.27/moeguard/log/train_latest.log (覆盖)
 完整日志:     /mnt/ais-c1/dataset/zds/main_exp/5.27/moeguard/log/train_full.log (追加)
 状态文件:     /mnt/ais-c1/dataset/zds/main_exp/5.27/moeguard/log/train_latest.status
 分析间隔:     0 iterations (0=仅结束时分析)
 结束时分析:   0
 信号后分析:   1
 分析脚本:     /root/workdir/antllm/bsr2/log_analysis/analyze_train_log.py
 启动命令:     bash -c run_training () 
{ 
    LOAD_ARGS=();
    if [ -f "${CKPT_DIR}/latest_checkpointed_iteration.txt" ] || ls "${CKPT_DIR}"/iter_* > /dev/null 2>&1; then
        LOAD_ARGS=(--load "${CKPT_DIR}");
    fi;
    torchrun --nproc_per_node="${NPROC_PER_NODE}" --nnodes="${NNODES}" --node_rank="${NODE_RANK:-0}" --master_addr="${MASTER_ADDR:-127.0.0.1}" --master_port="${MASTER_PORT:-20115}" ./Megatron-LM/pretrain_gpt.py --use-mcore-models --transformer-impl transformer_engine --tensor-model-parallel-size 1 --pipeline-model-parallel-size "${PP_SIZE}" --expert-model-parallel-size "${EP_SIZE}" --sequence-parallel --legacy-tokenizer --tokenizer-type HuggingFaceTokenizer --tokenizer-model ./tokenizer --vocab-file "./tokenizer/vocab.json" --merge-file "./tokenizer/merges.txt" --num-layers 48 --hidden-size 2048 --ffn-hidden-size 6144 --num-attention-heads 32 --group-query-attention --num-query-groups 4 --kv-channels 128 --qk-layernorm --seq-length 4096 --max-position-embeddings 40960 --rotary-base 1000000 --rotary-percent 1.0 --micro-batch-size 8 --global-batch-size 64 --train-iters 10000 --lr 1e-4 --min-lr 1e-5 --lr-decay-style cosine --lr-warmup-iters 5 --weight-decay 0.1 --clip-grad 1.0 --adam-beta1 0.9 --adam-beta2 0.95 --init-method-std 0.02 --normalization RMSNorm --disable-bias-linear --position-embedding-type rope --no-rope-fusion --swiglu --no-bias-swiglu-fusion --untie-embeddings-and-output-weights --bf16 --num-experts 128 --moe-ffn-hidden-size 768 --moe-router-topk 8 --moe-router-dtype fp32 --moe-router-load-balancing-type aux_loss --moe-aux-loss-coeff 1e-3 --moe-token-dispatcher-type alltoall --moe-bsr-enable --moe-bsr-health-mask --moe-bsr-rank-quarantine --moe-bsr-dispatch-quarantine-assert --moe-bsr-dispatch-sanitize --moe-bsr-expert-directory --moe-bsr-replacement-protocol --moe-bsr-group-rebuild --moe-bsr-dispatch-topology-refresh --moe-bsr-dense-param-sync --moe-bsr-stale-expert-restore --moe-bsr-recovery-controller --moe-bsr-deferred-optimizer-load --moe-bsr-degraded-mode-policy --moe-bsr-reintegration-barrier --moe-bsr-fault-injection --moe-bsr-restart-in-place --moe-bsr-hybrid-expert-restore --moe-bsr-expert-opt-restore --moe-bsr-weights-first-recovery --moe-bsr-defer-optimizer-load --moe-bsr-degraded-tau-c 0.5 --moe-bsr-degraded-t-max 1000 --moe-bsr-degraded-s-max 500 --data-path "/mnt/ais-c1/dataset/zds/bigdata/my_qwen3_data_text_document" --split 99,1,0 --ckpt-format torch --save "${CKPT_DIR}" --save-interval 200 --eval-interval 1000 --eval-iters 50 --log-interval 1 "${LOAD_ARGS[@]}"
}; run_training
 开始时间:     2026年 05月 29日 星期五 01:00:53 CST
============================================================
W0529 01:00:54.966000 37318 site-packages/torch/distributed/run.py:792] 
W0529 01:00:54.966000 37318 site-packages/torch/distributed/run.py:792] *****************************************
W0529 01:00:54.966000 37318 site-packages/torch/distributed/run.py:792] Setting OMP_NUM_THREADS environment variable for each process to be 1 in default, to avoid your system being overloaded, please further tune the variable for optimal performance in your application as needed. 
W0529 01:00:54.966000 37318 site-packages/torch/distributed/run.py:792] *****************************************
fused_indices_to_multihot has reached end of life. Please migrate to a non-experimental function.
fused_indices_to_multihot has reached end of life. Please migrate to a non-experimental function.
fused_indices_to_multihot has reached end of life. Please migrate to a non-experimental function.
fused_indices_to_multihot has reached end of life. Please migrate to a non-experimental function.
fused_indices_to_multihot has reached end of life. Please migrate to a non-experimental function.
fused_indices_to_multihot has reached end of life. Please migrate to a non-experimental function.
fused_indices_to_multihot has reached end of life. Please migrate to a non-experimental function.
fused_indices_to_multihot has reached end of life. Please migrate to a non-experimental function.
WARNING: one_logger package is required to enable e2e metrics tracking. please go to https://confluence.nvidia.com/display/MLWFO/Package+Repositories for details to install it
[rank61]:[W529 01:01:10.939261866 ProcessGroupNCCL.cpp:4561] [PG ID 0 PG GUID 0 Rank 61]  using GPU 5 to perform barrier as devices used by this process are currently unknown. This can potentially cause a hang if this rank to GPU mapping is incorrect. Specify device_ids in barrier() to force use of a particular device, or call init_process_group() with a device_id.
[rank57]:[W529 01:01:10.940529197 ProcessGroupNCCL.cpp:4561] [PG ID 0 PG GUID 0 Rank 57]  using GPU 1 to perform barrier as devices used by this process are currently unknown. This can potentially cause a hang if this rank to GPU mapping is incorrect. Specify device_ids in barrier() to force use of a particular device, or call init_process_group() with a device_id.
[rank60]:[W529 01:01:10.940766033 ProcessGroupNCCL.cpp:4561] [PG ID 0 PG GUID 0 Rank 60]  using GPU 4 to perform barrier as devices used by this process are currently unknown. This can potentially cause a hang if this rank to GPU mapping is incorrect. Specify device_ids in barrier() to force use of a particular device, or call init_process_group() with a device_id.
[rank62]:[W529 01:01:10.940777813 ProcessGroupNCCL.cpp:4561] [PG ID 0 PG GUID 0 Rank 62]  using GPU 6 to perform barrier as devices used by this process are currently unknown. This can potentially cause a hang if this rank to GPU mapping is incorrect. Specify device_ids in barrier() to force use of a particular device, or call init_process_group() with a device_id.
[rank59]:[W529 01:01:10.941657926 ProcessGroupNCCL.cpp:4561] [PG ID 0 PG GUID 0 Rank 59]  using GPU 3 to perform barrier as devices used by this process are currently unknown. This can potentially cause a hang if this rank to GPU mapping is incorrect. Specify device_ids in barrier() to force use of a particular device, or call init_process_group() with a device_id.
[rank63]:[W529 01:01:10.944686877 ProcessGroupNCCL.cpp:4561] [PG ID 0 PG GUID 0 Rank 63]  using GPU 7 to perform barrier as devices used by this process are currently unknown. This can potentially cause a hang if this rank to GPU mapping is incorrect. Specify device_ids in barrier() to force use of a particular device, or call init_process_group() with a device_id.
[rank58]:[W529 01:01:10.944821401 ProcessGroupNCCL.cpp:4561] [PG ID 0 PG GUID 0 Rank 58]  using GPU 2 to perform barrier as devices used by this process are currently unknown. This can potentially cause a hang if this rank to GPU mapping is incorrect. Specify device_ids in barrier() to force use of a particular device, or call init_process_group() with a device_id.
[rank56]:[W529 01:01:10.022713730 ProcessGroupNCCL.cpp:4561] [PG ID 0 PG GUID 0 Rank 56]  using GPU 0 to perform barrier as devices used by this process are currently unknown. This can potentially cause a hang if this rank to GPU mapping is incorrect. Specify device_ids in barrier() to force use of a particular device, or call init_process_group() with a device_id.
 > number of parameters on (tensor, pipeline) model parallel rank (0, 7): 878472704
INFO:megatron.core.distributed.param_and_grad_buffer:Number of buckets for gradient all-reduce / reduce-scatter: 1
Params for bucket 1 (425487872 elements, 425487872 padded size):
	module.output_layer.weight
	module.decoder.layers.5.self_attention.linear_qkv.weight
	module.decoder.layers.4.self_attention.linear_qkv.layer_norm_weight
	module.decoder.layers.3.pre_mlp_layernorm.weight
	module.decoder.layers.2.self_attention.linear_proj.weight
	module.decoder.layers.1.self_attention.linear_qkv.weight
	module.decoder.layers.3.self_attention.k_layernorm.weight
	module.decoder.layers.5.self_attention.linear_qkv.layer_norm_weight
	module.decoder.layers.4.mlp.router.weight
	module.decoder.layers.4.self_attention.linear_qkv.weight
	module.decoder.layers.4.self_attention.linear_proj.weight
	module.decoder.layers.3.self_attention.linear_qkv.weight
	module.decoder.layers.1.self_attention.k_layernorm.weight
	module.decoder.layers.1.self_attention.linear_qkv.layer_norm_weight
	module.decoder.layers.0.self_attention.linear_qkv.weight
	module.decoder.layers.4.pre_mlp_layernorm.weight
	module.decoder.layers.2.self_attention.q_layernorm.weight
	module.decoder.layers.2.self_attention.linear_qkv.layer_norm_weight
	module.decoder.layers.1.pre_mlp_layernorm.weight
	module.decoder.layers.0.pre_mlp_layernorm.weight
	module.decoder.layers.5.mlp.router.weight
	module.decoder.layers.5.self_attention.k_layernorm.weight
	module.decoder.layers.3.mlp.router.weight
	module.decoder.layers.2.mlp.router.weight
	module.decoder.layers.1.mlp.router.weight
	module.decoder.final_layernorm.weight
	module.decoder.layers.3.self_attention.q_layernorm.weight
	module.decoder.layers.0.mlp.router.weight
	module.decoder.layers.0.self_attention.linear_proj.weight
	module.decoder.layers.5.self_attention.linear_proj.weight
	module.decoder.layers.3.self_attention.linear_proj.weight
	module.decoder.layers.2.pre_mlp_layernorm.weight
	module.decoder.layers.1.self_attention.linear_proj.weight
	module.decoder.layers.0.self_attention.q_layernorm.weight
	module.decoder.layers.5.self_attention.q_layernorm.weight
	module.decoder.layers.2.self_attention.k_layernorm.weight
	module.decoder.layers.1.self_attention.q_layernorm.weight
	module.decoder.layers.5.pre_mlp_layernorm.weight
	module.decoder.layers.4.self_attention.k_layernorm.weight
	module.decoder.layers.4.self_attention.q_layernorm.weight
	module.decoder.layers.3.self_attention.linear_qkv.layer_norm_weight
	module.decoder.layers.2.self_attention.linear_qkv.weight
	module.decoder.layers.0.self_attention.k_layernorm.weight
	module.decoder.layers.0.self_attention.linear_qkv.layer_norm_weight
INFO:megatron.core.distributed.param_and_grad_buffer:Number of buckets for gradient all-reduce / reduce-scatter: 1
Params for bucket 1 (452984832 elements, 452984832 padded size):
	module.decoder.layers.5.mlp.experts.local_experts.12.linear_fc2.weight
	module.decoder.layers.2.mlp.experts.local_experts.9.linear_fc1.weight
	module.decoder.layers.2.mlp.experts.local_experts.4.linear_fc1.weight
	module.decoder.layers.0.mlp.experts.local_experts.0.linear_fc1.weight
	module.decoder.layers.5.mlp.experts.local_experts.3.linear_fc2.weight
	module.decoder.layers.4.mlp.experts.local_experts.15.linear_fc1.weight
	module.decoder.layers.2.mlp.experts.local_experts.12.linear_fc1.weight
	module.decoder.layers.2.mlp.experts.local_experts.7.linear_fc2.weight
	module.decoder.layers.1.mlp.experts.local_experts.14.linear_fc1.weight
	module.decoder.layers.1.mlp.experts.local_experts.0.linear_fc2.weight
	module.decoder.layers.0.mlp.experts.local_experts.4.linear_fc1.weight
	module.decoder.layers.5.mlp.experts.local_experts.7.linear_fc1.weight
	module.decoder.layers.3.mlp.experts.local_experts.8.linear_fc2.weight
	module.decoder.layers.2.mlp.experts.local_experts.13.linear_fc2.weight
	module.decoder.layers.0.mlp.experts.local_experts.13.linear_fc1.weight
	module.decoder.layers.0.mlp.experts.local_experts.12.linear_fc1.weight
	module.decoder.layers.0.mlp.experts.local_experts.10.linear_fc1.weight
	module.decoder.layers.0.mlp.experts.local_experts.4.linear_fc2.weight
	module.decoder.layers.0.mlp.experts.local_experts.0.linear_fc2.weight
	module.decoder.layers.4.mlp.experts.local_experts.0.linear_fc2.weight
	module.decoder.layers.5.mlp.experts.local_experts.13.linear_fc2.weight
	module.decoder.layers.4.mlp.experts.local_experts.9.linear_fc2.weight
	module.decoder.layers.4.mlp.experts.local_experts.4.linear_fc1.weight
	module.decoder.layers.3.mlp.experts.local_experts.9.linear_fc2.weight
	module.decoder.layers.2.mlp.experts.local_experts.10.linear_fc1.weight
	module.decoder.layers.0.mlp.experts.local_experts.7.linear_fc1.weight
	module.decoder.layers.0.mlp.experts.local_experts.5.linear_fc2.weight
	module.decoder.layers.0.mlp.experts.local_experts.2.linear_fc2.weight
	module.decoder.layers.5.mlp.experts.local_experts.4.linear_fc2.weight
	module.decoder.layers.5.mlp.experts.local_experts.0.linear_fc1.weight
	module.decoder.layers.3.mlp.experts.local_experts.15.linear_fc1.weight
	module.decoder.layers.3.mlp.experts.local_experts.1.linear_fc2.weight
	module.decoder.layers.1.mlp.experts.local_experts.3.linear_fc2.weight
	module.decoder.layers.5.mlp.experts.local_experts.8.linear_fc1.weight
	module.decoder.layers.1.mlp.experts.local_experts.8.linear_fc1.weight
	module.decoder.layers.5.mlp.experts.local_experts.14.linear_fc2.weight
	module.decoder.layers.4.mlp.experts.local_experts.6.linear_fc2.weight
	module.decoder.layers.1.mlp.experts.local_experts.7.linear_fc1.weight
	module.decoder.layers.1.mlp.experts.local_experts.0.linear_fc1.weight
	module.decoder.layers.0.mlp.experts.local_experts.9.linear_fc2.weight
	module.decoder.layers.5.mlp.experts.local_experts.5.linear_fc2.weight
	module.decoder.layers.4.mlp.experts.local_experts.12.linear_fc2.weight
	module.decoder.layers.4.mlp.experts.local_experts.8.linear_fc2.weight
	module.decoder.layers.4.mlp.experts.local_experts.3.linear_fc2.weight
	module.decoder.layers.3.mlp.experts.local_experts.8.linear_fc1.weight
	module.decoder.layers.5.mlp.experts.local_experts.9.linear_fc1.weight
	module.decoder.layers.4.mlp.experts.local_experts.1.linear_fc2.weight
	module.decoder.layers.3.mlp.experts.local_experts.13.linear_fc1.weight
	module.decoder.layers.3.mlp.experts.local_experts.4.linear_fc2.weight
	module.decoder.layers.1.mlp.experts.local_experts.9.linear_fc1.weight
	module.decoder.layers.0.mlp.experts.local_experts.12.linear_fc2.weight
	module.decoder.layers.5.mlp.experts.local_experts.15.linear_fc2.weight
	module.decoder.layers.3.mlp.experts.local_experts.5.linear_fc2.weight
	module.decoder.layers.3.mlp.experts.local_experts.0.linear_fc2.weight
	module.decoder.layers.2.mlp.experts.local_experts.14.linear_fc2.weight
	module.decoder.layers.1.mlp.experts.local_experts.13.linear_fc1.weight
	module.decoder.layers.1.mlp.experts.local_experts.1.linear_fc2.weight
	module.decoder.layers.0.mlp.experts.local_experts.3.linear_fc1.weight
	module.decoder.layers.3.mlp.experts.local_experts.11.linear_fc1.weight
	module.decoder.layers.4.mlp.experts.local_experts.13.linear_fc2.weight
	module.decoder.layers.4.mlp.experts.local_experts.9.linear_fc1.weight
	module.decoder.layers.4.mlp.experts.local_experts.5.linear_fc1.weight
	module.decoder.layers.3.mlp.experts.local_experts.15.linear_fc2.weight
	module.decoder.layers.1.mlp.experts.local_experts.1.linear_fc1.weight
	module.decoder.layers.3.mlp.experts.local_experts.11.linear_fc2.weight
	module.decoder.layers.5.mlp.experts.local_experts.10.linear_fc1.weight
	module.decoder.layers.4.mlp.experts.local_experts.15.linear_fc2.weight
	module.decoder.layers.4.mlp.experts.local_experts.7.linear_fc1.weight
	module.decoder.layers.4.mlp.experts.local_experts.3.linear_fc1.weight
	module.decoder.layers.2.mlp.experts.local_experts.14.linear_fc1.weight
	module.decoder.layers.2.mlp.experts.local_experts.0.linear_fc1.weight
	module.decoder.layers.1.mlp.experts.local_experts.2.linear_fc1.weight
	module.decoder.layers.0.mlp.experts.local_experts.8.linear_fc2.weight
	module.decoder.layers.5.mlp.experts.local_experts.1.linear_fc1.weight
	module.decoder.layers.2.mlp.experts.local_experts.6.linear_fc2.weight
	module.decoder.layers.2.mlp.experts.local_experts.3.linear_fc2.weight
	module.decoder.layers.1.mlp.experts.local_experts.14.linear_fc2.weight
	module.decoder.layers.1.mlp.experts.local_experts.5.linear_fc2.weight
	module.decoder.layers.1.mlp.experts.local_experts.4.linear_fc2.weight
	module.decoder.layers.3.mlp.experts.local_experts.4.linear_fc1.weight
	module.decoder.layers.2.mlp.experts.local_experts.5.linear_fc1.weight
	module.decoder.layers.5.mlp.experts.local_experts.11.linear_fc1.weight
	module.decoder.layers.2.mlp.experts.local_experts.9.linear_fc2.weight
	module.decoder.layers.2.mlp.experts.local_experts.6.linear_fc1.weight
	module.decoder.layers.3.mlp.experts.local_experts.10.linear_fc1.weight
	module.decoder.layers.5.mlp.experts.local_experts.2.linear_fc1.weight
	module.decoder.layers.2.mlp.experts.local_experts.1.linear_fc2.weight
	module.decoder.layers.0.mlp.experts.local_experts.5.linear_fc1.weight
	module.decoder.layers.3.mlp.experts.local_experts.7.linear_fc1.weight
	module.decoder.layers.3.mlp.experts.local_experts.2.linear_fc1.weight
	module.decoder.layers.1.mlp.experts.local_experts.5.linear_fc1.weight
	module.decoder.layers.1.mlp.experts.local_experts.2.linear_fc2.weight
	module.decoder.layers.0.mlp.experts.local_experts.6.linear_fc2.weight
	module.decoder.layers.0.mlp.experts.local_experts.1.linear_fc1.weight
	module.decoder.layers.5.mlp.experts.local_experts.12.linear_fc1.weight
	module.decoder.layers.5.mlp.experts.local_experts.7.linear_fc2.weight
	module.decoder.layers.3.mlp.experts.local_experts.14.linear_fc1.weight
	module.decoder.layers.3.mlp.experts.local_experts.7.linear_fc2.weight
	module.decoder.layers.0.mlp.experts.local_experts.9.linear_fc1.weight
	module.decoder.layers.0.mlp.experts.local_experts.7.linear_fc2.weight
	module.decoder.layers.5.mlp.experts.local_experts.3.linear_fc1.weight
	module.decoder.layers.3.mlp.experts.local_experts.12.linear_fc2.weight
	module.decoder.layers.2.mlp.experts.local_experts.4.linear_fc2.weight
	module.decoder.layers.2.mlp.experts.local_experts.2.linear_fc2.weight
	module.decoder.layers.2.mlp.experts.local_experts.0.linear_fc2.weight
	module.decoder.layers.1.mlp.experts.local_experts.3.linear_fc1.weight
	module.decoder.layers.0.mlp.experts.local_experts.8.linear_fc1.weight
	module.decoder.layers.0.mlp.experts.local_experts.6.linear_fc1.weight
	module.decoder.layers.0.mlp.experts.local_experts.2.linear_fc1.weight
	module.decoder.layers.4.mlp.experts.local_experts.12.linear_fc1.weight
	module.decoder.layers.4.mlp.experts.local_experts.6.linear_fc1.weight
	module.decoder.layers.4.mlp.experts.local_experts.2.linear_fc2.weight
	module.decoder.layers.3.mlp.experts.local_experts.13.linear_fc2.weight
	module.decoder.layers.3.mlp.experts.local_experts.0.linear_fc1.weight
	module.decoder.layers.0.mlp.experts.local_experts.13.linear_fc2.weight
	module.decoder.layers.0.mlp.experts.local_experts.10.linear_fc2.weight
	module.decoder.layers.5.mlp.experts.local_experts.13.linear_fc1.weight
	module.decoder.layers.5.mlp.experts.local_experts.8.linear_fc2.weight
	module.decoder.layers.2.mlp.experts.local_experts.13.linear_fc1.weight
	module.decoder.layers.1.mlp.experts.local_experts.10.linear_fc1.weight
	module.decoder.layers.0.mlp.experts.local_experts.14.linear_fc2.weight
	module.decoder.layers.5.mlp.experts.local_experts.4.linear_fc1.weight
	module.decoder.layers.4.mlp.experts.local_experts.11.linear_fc2.weight
	module.decoder.layers.3.mlp.experts.local_experts.1.linear_fc1.weight
	module.decoder.layers.1.mlp.experts.local_experts.11.linear_fc2.weight
	module.decoder.layers.1.mlp.experts.local_experts.8.linear_fc2.weight
	module.decoder.layers.1.mlp.experts.local_experts.6.linear_fc2.weight
	module.decoder.layers.4.mlp.experts.local_experts.13.linear_fc1.weight
	module.decoder.layers.4.mlp.experts.local_experts.8.linear_fc1.weight
	module.decoder.layers.3.mlp.experts.local_experts.12.linear_fc1.weight
	module.decoder.layers.3.mlp.experts.local_experts.3.linear_fc1.weight
	module.decoder.layers.1.mlp.experts.local_experts.13.linear_fc2.weight
	module.decoder.layers.1.mlp.experts.local_experts.7.linear_fc2.weight
	module.decoder.layers.4.mlp.experts.local_experts.0.linear_fc1.weight
	module.decoder.layers.5.mlp.experts.local_experts.14.linear_fc1.weight
	module.decoder.layers.5.mlp.experts.local_experts.9.linear_fc2.weight
	module.decoder.layers.4.mlp.experts.local_experts.1.linear_fc1.weight
	module.decoder.layers.3.mlp.experts.local_experts.3.linear_fc2.weight
	module.decoder.layers.2.mlp.experts.local_experts.12.linear_fc2.weight
	module.decoder.layers.2.mlp.experts.local_experts.11.linear_fc1.weight
	module.decoder.layers.2.mlp.experts.local_experts.1.linear_fc1.weight
	module.decoder.layers.5.mlp.experts.local_experts.5.linear_fc1.weight
	module.decoder.layers.5.mlp.experts.local_experts.0.linear_fc2.weight
	module.decoder.layers.3.mlp.experts.local_experts.9.linear_fc1.weight
	module.decoder.layers.2.mlp.experts.local_experts.15.linear_fc1.weight
	module.decoder.layers.2.mlp.experts.local_experts.8.linear_fc1.weight
	module.decoder.layers.2.mlp.experts.local_experts.2.linear_fc1.weight
	module.decoder.layers.4.mlp.experts.local_experts.14.linear_fc1.weight
	module.decoder.layers.3.mlp.experts.local_experts.14.linear_fc2.weight
	module.decoder.layers.2.mlp.experts.local_experts.3.linear_fc1.weight
	module.decoder.layers.1.mlp.experts.local_experts.12.linear_fc2.weight
	module.decoder.layers.5.mlp.experts.local_experts.15.linear_fc1.weight
	module.decoder.layers.5.mlp.experts.local_experts.10.linear_fc2.weight
	module.decoder.layers.4.mlp.experts.local_experts.11.linear_fc1.weight
	module.decoder.layers.3.mlp.experts.local_experts.6.linear_fc2.weight
	module.decoder.layers.2.mlp.experts.local_experts.11.linear_fc2.weight
	module.decoder.layers.1.mlp.experts.local_experts.10.linear_fc2.weight
	module.decoder.layers.0.mlp.experts.local_experts.3.linear_fc2.weight
	module.decoder.layers.5.mlp.experts.local_experts.6.linear_fc1.weight
	module.decoder.layers.5.mlp.experts.local_experts.1.linear_fc2.weight
	module.decoder.layers.4.mlp.experts.local_experts.5.linear_fc2.weight
	module.decoder.layers.3.mlp.experts.local_experts.2.linear_fc2.weight
	module.decoder.layers.2.mlp.experts.local_experts.7.linear_fc1.weight
	module.decoder.layers.0.mlp.experts.local_experts.15.linear_fc2.weight
	module.decoder.layers.4.mlp.experts.local_experts.10.linear_fc1.weight
	module.decoder.layers.4.mlp.experts.local_experts.7.linear_fc2.weight
	module.decoder.layers.1.mlp.experts.local_experts.15.linear_fc2.weight
	module.decoder.layers.1.mlp.experts.local_experts.9.linear_fc2.weight
	module.decoder.layers.0.mlp.experts.local_experts.14.linear_fc1.weight
	module.decoder.layers.0.mlp.experts.local_experts.11.linear_fc1.weight
	module.decoder.layers.5.mlp.experts.local_experts.11.linear_fc2.weight
	module.decoder.layers.5.mlp.experts.local_experts.6.linear_fc2.weight
	module.decoder.layers.2.mlp.experts.local_experts.5.linear_fc2.weight
	module.decoder.layers.1.mlp.experts.local_experts.12.linear_fc1.weight
	module.decoder.layers.3.mlp.experts.local_experts.10.linear_fc2.weight
	module.decoder.layers.5.mlp.experts.local_experts.2.linear_fc2.weight
	module.decoder.layers.4.mlp.experts.local_experts.14.linear_fc2.weight
	module.decoder.layers.4.mlp.experts.local_experts.10.linear_fc2.weight
	module.decoder.layers.4.mlp.experts.local_experts.4.linear_fc2.weight
	module.decoder.layers.3.mlp.experts.local_experts.5.linear_fc1.weight
	module.decoder.layers.2.mlp.experts.local_experts.15.linear_fc2.weight
	module.decoder.layers.2.mlp.experts.local_experts.10.linear_fc2.weight
	module.decoder.layers.1.mlp.experts.local_experts.15.linear_fc1.weight
	module.decoder.layers.0.mlp.experts.local_experts.15.linear_fc1.weight
	module.decoder.layers.4.mlp.experts.local_experts.2.linear_fc1.weight
	module.decoder.layers.3.mlp.experts.local_experts.6.linear_fc1.weight
	module.decoder.layers.2.mlp.experts.local_experts.8.linear_fc2.weight
	module.decoder.layers.1.mlp.experts.local_experts.11.linear_fc1.weight
	module.decoder.layers.1.mlp.experts.local_experts.6.linear_fc1.weight
	module.decoder.layers.1.mlp.experts.local_experts.4.linear_fc1.weight
	module.decoder.layers.0.mlp.experts.local_experts.11.linear_fc2.weight
	module.decoder.layers.0.mlp.experts.local_experts.1.linear_fc2.weight
/root/workdir/antllm/bsr2/Megatron-LM/megatron/training/checkpointing.py:1137: UserWarning: Environment variable TORCH_FORCE_NO_WEIGHTS_ONLY_LOAD detected, since the`weights_only` argument was not explicitly passed to `torch.load`, forcing weights_only=False.
  state_dict = torch.load(checkpoint_name, map_location='cpu')
/root/workdir/antllm/bsr2/Megatron-LM/megatron/training/checkpointing.py:1137: UserWarning: Environment variable TORCH_FORCE_NO_WEIGHTS_ONLY_LOAD detected, since the`weights_only` argument was not explicitly passed to `torch.load`, forcing weights_only=False.
  state_dict = torch.load(checkpoint_name, map_location='cpu')
/root/workdir/antllm/bsr2/Megatron-LM/megatron/training/checkpointing.py:1137: UserWarning: Environment variable TORCH_FORCE_NO_WEIGHTS_ONLY_LOAD detected, since the`weights_only` argument was not explicitly passed to `torch.load`, forcing weights_only=False.
  state_dict = torch.load(checkpoint_name, map_location='cpu')
/root/workdir/antllm/bsr2/Megatron-LM/megatron/training/checkpointing.py:1137: UserWarning: Environment variable TORCH_FORCE_NO_WEIGHTS_ONLY_LOAD detected, since the`weights_only` argument was not explicitly passed to `torch.load`, forcing weights_only=False.
  state_dict = torch.load(checkpoint_name, map_location='cpu')
/root/workdir/antllm/bsr2/Megatron-LM/megatron/training/checkpointing.py:1137: UserWarning: Environment variable TORCH_FORCE_NO_WEIGHTS_ONLY_LOAD detected, since the`weights_only` argument was not explicitly passed to `torch.load`, forcing weights_only=False.
  state_dict = torch.load(checkpoint_name, map_location='cpu')
/root/workdir/antllm/bsr2/Megatron-LM/megatron/training/checkpointing.py:1137: UserWarning: Environment variable TORCH_FORCE_NO_WEIGHTS_ONLY_LOAD detected, since the`weights_only` argument was not explicitly passed to `torch.load`, forcing weights_only=False.
  state_dict = torch.load(checkpoint_name, map_location='cpu')
/root/workdir/antllm/bsr2/Megatron-LM/megatron/training/checkpointing.py:1137: UserWarning: Environment variable TORCH_FORCE_NO_WEIGHTS_ONLY_LOAD detected, since the`weights_only` argument was not explicitly passed to `torch.load`, forcing weights_only=False.
  state_dict = torch.load(checkpoint_name, map_location='cpu')
/root/workdir/antllm/bsr2/Megatron-LM/megatron/training/checkpointing.py:1137: UserWarning: Environment variable TORCH_FORCE_NO_WEIGHTS_ONLY_LOAD detected, since the`weights_only` argument was not explicitly passed to `torch.load`, forcing weights_only=False.
  state_dict = torch.load(checkpoint_name, map_location='cpu')
(min, max) time across ranks (ms):
    load-checkpoint ................................: (28435.73, 28436.50)
(min, max) time across ranks (ms):
    model-and-optimizer-setup ......................: (28892.54, 28931.53)
    train/valid/test-data-iterators-setup ..........: (1172.84, 1368.47)
WARNING:megatron.core.transformer.moe.bsr_integration:[2026-05-29 01:01:45] BSR-MoE: initializing on rank 57 ...
WARNING:megatron.core.transformer.moe.bsr_integration:[2026-05-29 01:01:45] BSR-MoE: initializing on rank 59 ...
WARNING:megatron.core.transformer.moe.bsr_integration:[2026-05-29 01:01:45] BSR-MoE: initializing on rank 58 ...
WARNING:megatron.core.transformer.moe.bsr_integration:[2026-05-29 01:01:45] BSR-MoE: initializing on rank 61 ...
WARNING:megatron.core.transformer.moe.bsr_integration:[2026-05-29 01:01:45] BSR-MoE: initializing on rank 60 ...
WARNING:megatron.core.transformer.moe.bsr_integration:[2026-05-29 01:01:45] BSR-MoE: initializing on rank 62 ...
WARNING:megatron.core.transformer.moe.bsr_integration:[2026-05-29 01:01:45] BSR-MoE: initializing on rank 56 ...
WARNING:megatron.core.transformer.moe.bsr_integration:[2026-05-29 01:01:45] BSR-MoE: initializing on rank 63 ...
WARNING:megatron.core.transformer.moe.bsr_integration:BSR-MoE: num_experts=128, num_layers=48, ep_size=8, ep_group_ranks=[56, 57, 58, 59, 60, 61, 62, 63], dp_group_ranks=[56, 57, 58, 59, 60, 61, 62, 63], global_ep_groups=8
WARNING:megatron.core.transformer.moe.bsr_integration:BSR-MoE: num_experts=128, num_layers=48, ep_size=8, ep_group_ranks=[56, 57, 58, 59, 60, 61, 62, 63], dp_group_ranks=[56, 57, 58, 59, 60, 61, 62, 63], global_ep_groups=8
WARNING:megatron.core.transformer.moe.bsr_integration:BSR-MoE: num_experts=128, num_layers=48, ep_size=8, ep_group_ranks=[56, 57, 58, 59, 60, 61, 62, 63], dp_group_ranks=[56, 57, 58, 59, 60, 61, 62, 63], global_ep_groups=8
WARNING:megatron.core.transformer.moe.bsr_integration:BSR-MoE: num_experts=128, num_layers=48, ep_size=8, ep_group_ranks=[56, 57, 58, 59, 60, 61, 62, 63], dp_group_ranks=[56, 57, 58, 59, 60, 61, 62, 63], global_ep_groups=8
WARNING:megatron.core.transformer.moe.bsr_integration:BSR-MoE: num_experts=128, num_layers=48, ep_size=8, ep_group_ranks=[56, 57, 58, 59, 60, 61, 62, 63], dp_group_ranks=[56, 57, 58, 59, 60, 61, 62, 63], global_ep_groups=8
WARNING:megatron.core.transformer.moe.bsr_integration:BSR-MoE: num_experts=128, num_layers=48, ep_size=8, ep_group_ranks=[56, 57, 58, 59, 60, 61, 62, 63], dp_group_ranks=[56, 57, 58, 59, 60, 61, 62, 63], global_ep_groups=8
WARNING:megatron.core.transformer.moe.bsr_integration:BSR-MoE: num_experts=128, num_layers=48, ep_size=8, ep_group_ranks=[56, 57, 58, 59, 60, 61, 62, 63], dp_group_ranks=[56, 57, 58, 59, 60, 61, 62, 63], global_ep_groups=8
WARNING:megatron.core.transformer.moe.bsr_integration:BSR-MoE: num_experts=128, num_layers=48, ep_size=8, ep_group_ranks=[56, 57, 58, 59, 60, 61, 62, 63], dp_group_ranks=[56, 57, 58, 59, 60, 61, 62, 63], global_ep_groups=8
INFO:megatron.core.transformer.moe.expert_directory:ActiveExpertDirectory: built 6144 entries (48 layers × 128 experts, ep_size=8, ranks=[56, 57, 58, 59, 60, 61, 62, 63])
INFO:megatron.core.transformer.moe.expert_directory:ActiveExpertDirectory: built 6144 entries (48 layers × 128 experts, ep_size=8, ranks=[56, 57, 58, 59, 60, 61, 62, 63])
INFO:megatron.core.transformer.moe.expert_directory:ActiveExpertDirectory: built 6144 entries (48 layers × 128 experts, ep_size=8, ranks=[56, 57, 58, 59, 60, 61, 62, 63])
INFO:megatron.core.transformer.moe.expert_directory:ActiveExpertDirectory: built 6144 entries (48 layers × 128 experts, ep_size=8, ranks=[56, 57, 58, 59, 60, 61, 62, 63])
INFO:megatron.core.transformer.moe.expert_directory:ActiveExpertDirectory: built 6144 entries (48 layers × 128 experts, ep_size=8, ranks=[56, 57, 58, 59, 60, 61, 62, 63])
INFO:megatron.core.transformer.moe.expert_directory:Global ActiveExpertDirectory set: ActiveExpertDirectory(layers=48, experts=128, ep_size=8, entries=6144)
WARNING:megatron.core.transformer.moe.bsr_integration:BSR-MoE: expert directory initialized
INFO:megatron.core.transformer.moe.expert_directory:Global ActiveExpertDirectory set: ActiveExpertDirectory(layers=48, experts=128, ep_size=8, entries=6144)
WARNING:megatron.core.transformer.moe.bsr_integration:BSR-MoE: expert directory initialized
INFO:megatron.core.transformer.moe.expert_directory:Global ActiveExpertDirectory set: ActiveExpertDirectory(layers=48, experts=128, ep_size=8, entries=6144)
INFO:megatron.core.transformer.moe.dispatch_topology_refresh:DispatchTopologyManager: initialised — 48 layers, 128 experts, ep_size=8, ranks=[56, 57, 58, 59, 60, 61, 62, 63]
WARNING:megatron.core.transformer.moe.bsr_integration:BSR-MoE: expert directory initialized
WARNING:megatron.core.transformer.moe.bsr_integration:BSR-MoE: dispatch topology manager initialized
INFO:megatron.core.transformer.moe.dispatch_topology_refresh:DispatchTopologyManager: initialised — 48 layers, 128 experts, ep_size=8, ranks=[56, 57, 58, 59, 60, 61, 62, 63]
INFO:megatron.core.transformer.moe.dispatch_topology_refresh:DispatchTopologyManager: initialised — 48 layers, 128 experts, ep_size=8, ranks=[56, 57, 58, 59, 60, 61, 62, 63]
WARNING:megatron.core.transformer.moe.bsr_integration:BSR-MoE: dispatch topology manager initialized
WARNING:megatron.core.transformer.moe.bsr_integration:BSR-MoE: dispatch topology manager initialized
INFO:megatron.core.transformer.moe.expert_directory:Global ActiveExpertDirectory set: ActiveExpertDirectory(layers=48, experts=128, ep_size=8, entries=6144)
WARNING:megatron.core.transformer.moe.bsr_integration:BSR-MoE: expert directory initialized
INFO:megatron.core.transformer.moe.dispatch_topology_refresh:DispatchTopologyManager: initialised — 48 layers, 128 experts, ep_size=8, ranks=[56, 57, 58, 59, 60, 61, 62, 63]
WARNING:megatron.core.transformer.moe.bsr_integration:BSR-MoE: dispatch topology manager initialized
INFO:megatron.core.transformer.moe.expert_directory:Global ActiveExpertDirectory set: ActiveExpertDirectory(layers=48, experts=128, ep_size=8, entries=6144)
WARNING:megatron.core.transformer.moe.bsr_integration:BSR-MoE: expert directory initialized
INFO:megatron.core.transformer.moe.dispatch_topology_refresh:DispatchTopologyManager: initialised — 48 layers, 128 experts, ep_size=8, ranks=[56, 57, 58, 59, 60, 61, 62, 63]
WARNING:megatron.core.transformer.moe.bsr_integration:BSR-MoE: dispatch topology manager initialized
WARNING:megatron.core.transformer.moe.bsr_integration:BSR-MoE: two-phase recovery coordinator initialized (defer_optimizer=True)
WARNING:megatron.core.transformer.moe.bsr_integration:BSR-MoE: two-phase recovery coordinator initialized (defer_optimizer=True)
WARNING:megatron.core.transformer.moe.bsr_integration:BSR-MoE: two-phase recovery coordinator initialized (defer_optimizer=True)
WARNING:megatron.core.transformer.moe.bsr_integration:BSR-MoE: two-phase recovery coordinator initialized (defer_optimizer=True)
WARNING:megatron.core.transformer.moe.bsr_integration:BSR-MoE: recovery controller initialized and callbacks wired
WARNING:megatron.core.transformer.moe.bsr_integration:BSR-MoE: recovery controller initialized and callbacks wired
WARNING:megatron.core.transformer.moe.bsr_integration:BSR-MoE: recovery controller initialized and callbacks wired
WARNING:megatron.core.transformer.moe.bsr_integration:BSR-MoE: reintegration barrier wired to recovery controller
WARNING:megatron.core.transformer.moe.bsr_integration:BSR-MoE: reintegration barrier wired to recovery controller
WARNING:megatron.core.transformer.moe.bsr_integration:BSR-MoE: reintegration barrier wired to recovery controller
WARNING:megatron.core.transformer.moe.bsr_integration:BSR-MoE: recovery controller initialized and callbacks wired
WARNING:megatron.core.transformer.moe.bsr_integration:BSR-MoE: reintegration barrier wired to recovery controller
WARNING:megatron.core.transformer.moe.bsr_integration:BSR-MoE: two-phase recovery coordinator initialized (defer_optimizer=True)
WARNING:megatron.core.transformer.moe.bsr_integration:BSR-MoE: recovery controller initialized and callbacks wired
WARNING:megatron.core.transformer.moe.bsr_integration:BSR-MoE: reintegration barrier wired to recovery controller
WARNING:megatron.core.transformer.moe.bsr_integration:BSR-MoE: hard failure detector and iteration invalidator initialized
WARNING:megatron.core.transformer.moe.bsr_integration:BSR-MoE: hard failure detector and iteration invalidator initialized
WARNING:megatron.core.transformer.moe.bsr_integration:BSR-MoE: hard failure detector and iteration invalidator initialized
WARNING:megatron.core.transformer.moe.bsr_integration:BSR-MoE: hard failure detector and iteration invalidator initialized
WARNING:megatron.core.transformer.moe.bsr_integration:BSR-MoE: rollback/replay manager initialized
WARNING:megatron.core.transformer.moe.bsr_integration:BSR-MoE: rollback/replay manager initialized
WARNING:megatron.core.transformer.moe.bsr_integration:BSR-MoE: rollback/replay manager initialized
WARNING:megatron.core.transformer.moe.bsr_integration:BSR-MoE: rollback/replay manager initialized
WARNING:megatron.core.transformer.moe.bsr_integration:BSR-MoE: hard failure detector and iteration invalidator initialized
WARNING:megatron.core.transformer.moe.bsr_integration:BSR-MoE: rollback/replay manager initialized
WARNING:megatron.core.transformer.moe.bsr_integration:BSR-MoE: optimizer commit guard initialized
WARNING:megatron.core.transformer.moe.bsr_integration:BSR-MoE: optimizer commit guard initialized
WARNING:megatron.core.transformer.moe.bsr_integration:BSR-MoE: optimizer commit guard initialized
WARNING:megatron.core.transformer.moe.bsr_integration:BSR-MoE: optimizer commit guard initialized
WARNING:megatron.core.transformer.moe.bsr_integration:BSR-MoE: optimizer commit guard initialized
WARNING:megatron.core.transformer.moe.bsr_integration:BSR-MoE: pipeline rollback coordinator initialized
WARNING:megatron.core.transformer.moe.bsr_integration:BSR-MoE: pipeline rollback coordinator initialized
WARNING:megatron.core.transformer.moe.bsr_integration:BSR-MoE: pipeline rollback coordinator initialized
WARNING:megatron.core.transformer.moe.bsr_integration:BSR-MoE: pipeline rollback coordinator initialized
WARNING:megatron.core.transformer.moe.bsr_integration:BSR-MoE: pipeline rollback coordinator initialized
INFO:megatron.core.transformer.moe.async_recovery_worker:BSR-MoE AsyncRecoveryWorker: started 2 worker threads
INFO:megatron.core.transformer.moe.async_recovery_worker:BSR-MoE AsyncRecoveryWorker: started 2 worker threads
INFO:megatron.core.transformer.moe.async_recovery_worker:BSR-MoE AsyncRecoveryWorker: started 2 worker threads
INFO:megatron.core.transformer.moe.async_recovery_worker:BSR-MoE AsyncRecoveryWorker: started 2 worker threads
WARNING:megatron.core.transformer.moe.bsr_integration:BSR-MoE: async recovery worker initialized (workers=2, CUDA stream created)
WARNING:megatron.core.transformer.moe.bsr_integration:BSR-MoE: async recovery worker initialized (workers=2, CUDA stream created)
WARNING:megatron.core.transformer.moe.bsr_integration:BSR-MoE: async recovery worker initialized (workers=2, CUDA stream created)
WARNING:megatron.core.transformer.moe.bsr_integration:BSR-MoE: async recovery worker initialized (workers=2, CUDA stream created)
WARNING:megatron.core.transformer.moe.bsr_integration:BSR-MoE: fault injection configured — type=restart_in_place, rank=0, step=0, interval=0, random_rank=False, seed=42, zero_memory=True, memory_fill=zero
WARNING:megatron.core.transformer.moe.bsr_integration:BSR-MoE: fault injection configured — type=restart_in_place, rank=0, step=0, interval=0, random_rank=False, seed=42, zero_memory=True, memory_fill=zero
WARNING:megatron.core.transformer.moe.bsr_integration:BSR-MoE: fault injection configured — type=restart_in_place, rank=0, step=0, interval=0, random_rank=False, seed=42, zero_memory=True, memory_fill=zero
WARNING:megatron.core.transformer.moe.bsr_integration:BSR-MoE: fault injection plan configured — 31 rank events (mode=burst_all): [(723, 49), (1188, 35), (2461, 52), (3517, 42), (4309, 49), (5640, 56), (6855, 34), (7912, 7), (7912, 12), (7912, 22), (7912, 25), (7912, 38), (7912, 45), (7912, 49), (7912, 61), (8689, 0), (8689, 10), (8689, 20), (8689, 24), (8689, 37), (8689, 41), (8689, 53), (8689, 61), (9304, 7), (9304, 8), (9304, 21), (9304, 25), (9304, 33), (9304, 47), (9304, 51), (9304, 62)]
WARNING:megatron.core.transformer.moe.bsr_integration:BSR-MoE: fault injection plan configured — 31 rank events (mode=burst_all): [(723, 49), (1188, 35), (2461, 52), (3517, 42), (4309, 49), (5640, 56), (6855, 34), (7912, 7), (7912, 12), (7912, 22), (7912, 25), (7912, 38), (7912, 45), (7912, 49), (7912, 61), (8689, 0), (8689, 10), (8689, 20), (8689, 24), (8689, 37), (8689, 41), (8689, 53), (8689, 61), (9304, 7), (9304, 8), (9304, 21), (9304, 25), (9304, 33), (9304, 47), (9304, 51), (9304, 62)]
WARNING:megatron.core.transformer.moe.bsr_integration:BSR-MoE: fault injection plan configured — 31 rank events (mode=burst_all): [(723, 49), (1188, 35), (2461, 52), (3517, 42), (4309, 49), (5640, 56), (6855, 34), (7912, 7), (7912, 12), (7912, 22), (7912, 25), (7912, 38), (7912, 45), (7912, 49), (7912, 61), (8689, 0), (8689, 10), (8689, 20), (8689, 24), (8689, 37), (8689, 41), (8689, 53), (8689, 61), (9304, 7), (9304, 8), (9304, 21), (9304, 25), (9304, 33), (9304, 47), (9304, 51), (9304, 62)]
WARNING:megatron.core.transformer.moe.bsr_integration:BSR-MoE: fault injection configured — type=restart_in_place, rank=0, step=0, interval=0, random_rank=False, seed=42, zero_memory=True, memory_fill=zero
WARNING:megatron.core.transformer.moe.bsr_integration:BSR-MoE: fault injection plan configured — 31 rank events (mode=burst_all): [(723, 49), (1188, 35), (2461, 52), (3517, 42), (4309, 49), (5640, 56), (6855, 34), (7912, 7), (7912, 12), (7912, 22), (7912, 25), (7912, 38), (7912, 45), (7912, 49), (7912, 61), (8689, 0), (8689, 10), (8689, 20), (8689, 24), (8689, 37), (8689, 41), (8689, 53), (8689, 61), (9304, 7), (9304, 8), (9304, 21), (9304, 25), (9304, 33), (9304, 47), (9304, 51), (9304, 62)]
INFO:megatron.core.transformer.moe.async_recovery_worker:BSR-MoE AsyncRecoveryWorker: started 2 worker threads
WARNING:megatron.core.transformer.moe.bsr_integration:BSR-MoE: async recovery worker initialized (workers=2, CUDA stream created)
WARNING:megatron.core.transformer.moe.bsr_integration:BSR-MoE: fault injection configured — type=restart_in_place, rank=0, step=0, interval=0, random_rank=False, seed=42, zero_memory=True, memory_fill=zero
WARNING:megatron.core.transformer.moe.bsr_integration:BSR-MoE: fault injection plan configured — 31 rank events (mode=burst_all): [(723, 49), (1188, 35), (2461, 52), (3517, 42), (4309, 49), (5640, 56), (6855, 34), (7912, 7), (7912, 12), (7912, 22), (7912, 25), (7912, 38), (7912, 45), (7912, 49), (7912, 61), (8689, 0), (8689, 10), (8689, 20), (8689, 24), (8689, 37), (8689, 41), (8689, 53), (8689, 61), (9304, 7), (9304, 8), (9304, 21), (9304, 25), (9304, 33), (9304, 47), (9304, 51), (9304, 62)]
INFO:megatron.core.transformer.moe.expert_directory:ActiveExpertDirectory: built 6144 entries (48 layers × 128 experts, ep_size=8, ranks=[56, 57, 58, 59, 60, 61, 62, 63])
INFO:megatron.core.transformer.moe.expert_directory:ActiveExpertDirectory: built 6144 entries (48 layers × 128 experts, ep_size=8, ranks=[56, 57, 58, 59, 60, 61, 62, 63])
WARNING:megatron.core.transformer.moe.bsr_integration:BSR-MoE: restart-in-place invalidate_tensor_fn wired (target rank only)
WARNING:megatron.core.transformer.moe.bsr_integration:BSR-MoE: restart-in-place invalidate_tensor_fn wired (target rank only)
WARNING:megatron.core.transformer.moe.bsr_integration:BSR-MoE: restart-in-place invalidate_tensor_fn wired (target rank only)
WARNING:megatron.core.transformer.moe.bsr_integration:[2026-05-29 01:01:45] BSR-MoE: initialization complete on rank 59
WARNING:megatron.core.transformer.moe.bsr_integration:BSR-MoE: restart-in-place invalidate_tensor_fn wired (target rank only)
WARNING:megatron.core.transformer.moe.bsr_integration:[2026-05-29 01:01:45] BSR-MoE: initialization complete on rank 63
WARNING:megatron.core.transformer.moe.bsr_integration:[2026-05-29 01:01:45] BSR-MoE: initialization complete on rank 60
WARNING:megatron.core.transformer.moe.bsr_integration:[2026-05-29 01:01:45] BSR-MoE: initialization complete on rank 58
INFO:megatron.core.transformer.moe.expert_directory:ActiveExpertDirectory: built 6144 entries (48 layers × 128 experts, ep_size=8, ranks=[56, 57, 58, 59, 60, 61, 62, 63])
WARNING:megatron.core.transformer.moe.bsr_integration:[2026-05-29 01:01:45] BSR-MoE restart-in-place fault burst: injecting 1 ranks together for scheduled_step=723 at step=9201
WARNING:megatron.core.transformer.moe.bsr_integration:[2026-05-29 01:01:45] BSR-MoE restart-in-place fault burst: injecting 1 ranks together for scheduled_step=723 at step=9201
WARNING:megatron.core.transformer.moe.bsr_integration:[2026-05-29 01:01:45] BSR-MoE restart-in-place fault burst: injecting 1 ranks together for scheduled_step=723 at step=9201
WARNING:megatron.core.transformer.moe.bsr_integration:[2026-05-29 01:01:45] BSR-MoE FAULT INJECTION #1: type=restart_in_place, rank=49, step=9201, scheduled_step=723, experts=[16, 17, 18, 19, 20, 21, 22, 23, 24, 25, 26, 27, 28, 29, 30, 31], ep_group=[48, 49, 50, 51, 52, 53, 54, 55]
WARNING:megatron.core.transformer.moe.bsr_integration:[2026-05-29 01:01:45] BSR-MoE FAULT INJECTION #1: type=restart_in_place, rank=49, step=9201, scheduled_step=723, experts=[16, 17, 18, 19, 20, 21, 22, 23, 24, 25, 26, 27, 28, 29, 30, 31], ep_group=[48, 49, 50, 51, 52, 53, 54, 55]
WARNING:megatron.core.transformer.moe.bsr_integration:[2026-05-29 01:01:45] BSR-MoE restart-in-place fault burst: injecting 1 ranks together for scheduled_step=723 at step=9201
WARNING:megatron.core.transformer.moe.bsr_integration:[2026-05-29 01:01:45] BSR-MoE FAULT INJECTION #1: type=restart_in_place, rank=49, step=9201, scheduled_step=723, experts=[16, 17, 18, 19, 20, 21, 22, 23, 24, 25, 26, 27, 28, 29, 30, 31], ep_group=[48, 49, 50, 51, 52, 53, 54, 55]
WARNING:megatron.core.transformer.moe.recovery_controller:[2026-05-29 01:01:45] BSR-MoE controller: rank 49 HARD FAILURE (step=9201, reason=scheduled_restart_in_place_injection, experts=[16, 17, 18, 19, 20, 21, 22, 23, 24, 25, 26, 27, 28, 29, 30, 31], mid_iteration=False)
WARNING:megatron.core.transformer.moe.recovery_controller:[2026-05-29 01:01:45] BSR-MoE controller: rank 49 HARD FAILURE (step=9201, reason=scheduled_restart_in_place_injection, experts=[16, 17, 18, 19, 20, 21, 22, 23, 24, 25, 26, 27, 28, 29, 30, 31], mid_iteration=False)
WARNING:megatron.core.transformer.moe.recovery_controller:[2026-05-29 01:01:45] BSR-MoE controller: rank 49 HARD FAILURE (step=9201, reason=scheduled_restart_in_place_injection, experts=[16, 17, 18, 19, 20, 21, 22, 23, 24, 25, 26, 27, 28, 29, 30, 31], mid_iteration=False)
WARNING:megatron.core.transformer.moe.bsr_integration:[2026-05-29 01:01:45] BSR-MoE FAULT INJECTION #1: type=restart_in_place, rank=49, step=9201, scheduled_step=723, experts=[16, 17, 18, 19, 20, 21, 22, 23, 24, 25, 26, 27, 28, 29, 30, 31], ep_group=[48, 49, 50, 51, 52, 53, 54, 55]
INFO:megatron.core.transformer.moe.recovery_controller:ExpertRecoveryTracker: experts [16, 17, 18, 19, 20, 21, 22, 23, 24, 25, 26, 27, 28, 29, 30, 31] → RECOVERING (step=9201)
INFO:megatron.core.transformer.moe.recovery_controller:ExpertRecoveryTracker: experts [16, 17, 18, 19, 20, 21, 22, 23, 24, 25, 26, 27, 28, 29, 30, 31] → RECOVERING (step=9201)
WARNING:megatron.core.transformer.moe.bsr_integration:BSR-MoE: restart-in-place invalidate_tensor_fn wired (target rank only)
INFO:megatron.core.transformer.moe.recovery_controller:ExpertRecoveryTracker: experts [16, 17, 18, 19, 20, 21, 22, 23, 24, 25, 26, 27, 28, 29, 30, 31] → RECOVERING (step=9201)
WARNING:megatron.core.transformer.moe.optimizer_commit_guard:OptimizerCommitGuard: commit BLOCKED (step=9201, reason=hard_failure_rank_49_step_9201)
WARNING:megatron.core.transformer.moe.bsr_integration:BSR-MoE: optimizer commit blocked for step 9201 (hard failure of rank 49)
WARNING:megatron.core.transformer.moe.optimizer_commit_guard:OptimizerCommitGuard: commit BLOCKED (step=9201, reason=hard_failure_rank_49_step_9201)
WARNING:megatron.core.transformer.moe.recovery_controller:[2026-05-29 01:01:45] BSR-MoE controller: rank 49 HARD FAILURE (step=9201, reason=scheduled_restart_in_place_injection, experts=[16, 17, 18, 19, 20, 21, 22, 23, 24, 25, 26, 27, 28, 29, 30, 31], mid_iteration=False)
WARNING:megatron.core.transformer.moe.optimizer_commit_guard:OptimizerCommitGuard: commit BLOCKED (step=9201, reason=hard_failure_rank_49_step_9201)
WARNING:megatron.core.transformer.moe.bsr_integration:BSR-MoE: optimizer commit blocked for step 9201 (hard failure of rank 49)
WARNING:megatron.core.transformer.moe.bsr_integration:BSR-MoE: entering waiting-for-replacement state (failed_rank=49, step=9201, experts=[16, 17, 18, 19, 20, 21, 22, 23, 24, 25, 26, 27, 28, 29, 30, 31])
WARNING:megatron.core.transformer.moe.bsr_integration:BSR-MoE: optimizer commit blocked for step 9201 (hard failure of rank 49)
WARNING:megatron.core.transformer.moe.bsr_integration:[2026-05-29 01:01:45] BSR-MoE: initialization complete on rank 56
INFO:megatron.core.transformer.moe.recovery_controller:ExpertRecoveryTracker: experts [16, 17, 18, 19, 20, 21, 22, 23, 24, 25, 26, 27, 28, 29, 30, 31] → RECOVERING (step=9201)
WARNING:megatron.core.transformer.moe.bsr_integration:BSR-MoE: entering waiting-for-replacement state (failed_rank=49, step=9201, experts=[16, 17, 18, 19, 20, 21, 22, 23, 24, 25, 26, 27, 28, 29, 30, 31])
WARNING:megatron.core.transformer.moe.bsr_integration:BSR-MoE: entering waiting-for-replacement state (failed_rank=49, step=9201, experts=[16, 17, 18, 19, 20, 21, 22, 23, 24, 25, 26, 27, 28, 29, 30, 31])
WARNING:megatron.core.transformer.moe.recovery_controller:[2026-05-29 01:01:45] BSR-MoE controller: HEALTHY_TRAINING → PENDING_GROUP_REPAIR (event=hard_rank_failure, step=9201)
WARNING:megatron.core.transformer.moe.optimizer_commit_guard:OptimizerCommitGuard: commit BLOCKED (step=9201, reason=hard_failure_rank_49_step_9201)
WARNING:megatron.core.transformer.moe.recovery_controller:[2026-05-29 01:01:45] BSR-MoE controller: HEALTHY_TRAINING → PENDING_GROUP_REPAIR (event=hard_rank_failure, step=9201)
WARNING:megatron.core.transformer.moe.bsr_integration:BSR-MoE: optimizer commit blocked for step 9201 (hard failure of rank 49)
WARNING:megatron.core.transformer.moe.recovery_controller:[2026-05-29 01:01:45] BSR-MoE controller: HEALTHY_TRAINING → PENDING_GROUP_REPAIR (event=hard_rank_failure, step=9201)
WARNING:megatron.core.transformer.moe.bsr_integration:BSR-MoE: entering waiting-for-replacement state (failed_rank=49, step=9201, experts=[16, 17, 18, 19, 20, 21, 22, 23, 24, 25, 26, 27, 28, 29, 30, 31])
WARNING:megatron.core.transformer.moe.recovery_controller:[2026-05-29 01:01:45] BSR-MoE controller: replacement assigned — failed_rank=49, replacement_rank=49 (step=9201)
WARNING:megatron.core.transformer.moe.recovery_controller:[2026-05-29 01:01:45] BSR-MoE controller: replacement assigned — failed_rank=49, replacement_rank=49 (step=9201)
WARNING:megatron.core.transformer.moe.recovery_controller:[2026-05-29 01:01:45] BSR-MoE controller: replacement assigned — failed_rank=49, replacement_rank=49 (step=9201)
WARNING:megatron.core.transformer.moe.recovery_controller:[2026-05-29 01:01:45] BSR-MoE controller: HEALTHY_TRAINING → PENDING_GROUP_REPAIR (event=hard_rank_failure, step=9201)
INFO:megatron.core.transformer.moe.replacement_registry:BSR-MoE replacement: failed_rank=49, replacement_rank=49, NOT_PRESENT → BOOTSTRAPPING (step=9201)
INFO:megatron.core.transformer.moe.replacement_registry:BSR-MoE replacement: failed_rank=49, replacement_rank=49, NOT_PRESENT → BOOTSTRAPPING (step=9201)
WARNING:megatron.core.transformer.moe.replacement_registry:BSR-MoE: replacement announced — failed_rank=49 → replacement_rank=49 (step=9201, reason='')
WARNING:megatron.core.transformer.moe.replacement_registry:BSR-MoE: replacement announced — failed_rank=49 → replacement_rank=49 (step=9201, reason='')
INFO:megatron.core.transformer.moe.replacement_registry:BSR-MoE replacement: failed_rank=49, replacement_rank=49, NOT_PRESENT → BOOTSTRAPPING (step=9201)
WARNING:megatron.core.transformer.moe.recovery_controller:[2026-05-29 01:01:45] BSR-MoE controller: replacement assigned — failed_rank=49, replacement_rank=49 (step=9201)
WARNING:megatron.core.transformer.moe.replacement_registry:BSR-MoE: replacement announced — failed_rank=49 → replacement_rank=49 (step=9201, reason='')
WARNING:megatron.core.transformer.moe.recovery_controller:[2026-05-29 01:01:45] BSR-MoE controller: PENDING_GROUP_REPAIR → WAITING_FOR_REPLACEMENT (event=replacement_assigned, step=9201)
WARNING:megatron.core.transformer.moe.recovery_controller:[2026-05-29 01:01:45] BSR-MoE controller: PENDING_GROUP_REPAIR → WAITING_FOR_REPLACEMENT (event=replacement_assigned, step=9201)
WARNING:megatron.core.transformer.moe.recovery_controller:[2026-05-29 01:01:45] BSR-MoE controller: replacement ready — failed_rank=49 (step=9201)
WARNING:megatron.core.transformer.moe.recovery_controller:[2026-05-29 01:01:45] BSR-MoE controller: PENDING_GROUP_REPAIR → WAITING_FOR_REPLACEMENT (event=replacement_assigned, step=9201)
WARNING:megatron.core.transformer.moe.recovery_controller:[2026-05-29 01:01:45] BSR-MoE controller: replacement ready — failed_rank=49 (step=9201)
WARNING:megatron.core.transformer.moe.recovery_controller:[2026-05-29 01:01:45] BSR-MoE controller: WAITING_FOR_REPLACEMENT → SAFE_POINT_REPAIR (event=replacement_ready, step=9201)
INFO:megatron.core.transformer.moe.replacement_registry:BSR-MoE replacement: failed_rank=49, replacement_rank=49, NOT_PRESENT → BOOTSTRAPPING (step=9201)
WARNING:megatron.core.transformer.moe.recovery_controller:[2026-05-29 01:01:45] BSR-MoE controller: replacement ready — failed_rank=49 (step=9201)
WARNING:megatron.core.transformer.moe.recovery_controller:[2026-05-29 01:01:45] BSR-MoE controller: WAITING_FOR_REPLACEMENT → SAFE_POINT_REPAIR (event=replacement_ready, step=9201)
WARNING:megatron.core.transformer.moe.recovery_controller:BSR-MoE controller: restart-in-place fast path for rank 49 (replacement=self, step=9201)
WARNING:megatron.core.transformer.moe.replacement_registry:BSR-MoE: replacement announced — failed_rank=49 → replacement_rank=49 (step=9201, reason='')
WARNING:megatron.core.transformer.moe.recovery_controller:BSR-MoE controller: restart-in-place fast path for rank 49 (replacement=self, step=9201)
WARNING:megatron.core.transformer.moe.recovery_controller:[2026-05-29 01:01:45] BSR-MoE controller: WAITING_FOR_REPLACEMENT → SAFE_POINT_REPAIR (event=replacement_ready, step=9201)
WARNING:megatron.core.transformer.moe.recovery_controller:BSR-MoE controller: restart-in-place fast path for rank 49 (replacement=self, step=9201)
WARNING:megatron.core.transformer.moe.recovery_controller:[2026-05-29 01:01:45] BSR-MoE controller: ⏱️  START safe-point repair at step 9201 (failed=49, replacement=49)
WARNING:megatron.core.transformer.moe.recovery_controller:[2026-05-29 01:01:45] BSR-MoE controller: PENDING_GROUP_REPAIR → WAITING_FOR_REPLACEMENT (event=replacement_assigned, step=9201)
WARNING:megatron.core.transformer.moe.recovery_controller:[2026-05-29 01:01:45] BSR-MoE controller: ⏱️  START safe-point repair at step 9201 (failed=49, replacement=49)
WARNING:megatron.core.transformer.moe.recovery_controller:[2026-05-29 01:01:45] BSR-MoE controller: ⏱️  START safe-point repair at step 9201 (failed=49, replacement=49)
WARNING:megatron.core.transformer.moe.recovery_controller:[2026-05-29 01:01:45] BSR-MoE controller: replacement ready — failed_rank=49 (step=9201)
WARNING:megatron.core.transformer.moe.recovery_controller:[2026-05-29 01:01:45] BSR-MoE controller: WAITING_FOR_REPLACEMENT → SAFE_POINT_REPAIR (event=replacement_ready, step=9201)
WARNING:megatron.core.transformer.moe.bsr_integration:[2026-05-29 01:01:45] BSR-MoE restart-in-place fault burst: injecting 1 ranks together for scheduled_step=723 at step=9201
WARNING:megatron.core.transformer.moe.recovery_controller:BSR-MoE controller: restart-in-place fast path for rank 49 (replacement=self, step=9201)
WARNING:megatron.core.transformer.moe.recovery_controller:[2026-05-29 01:01:45] BSR-MoE controller: ⏱️  START safe-point repair at step 9201 (failed=49, replacement=49)
WARNING:megatron.core.transformer.moe.bsr_integration:[2026-05-29 01:01:45] BSR-MoE FAULT INJECTION #1: type=restart_in_place, rank=49, step=9201, scheduled_step=723, experts=[16, 17, 18, 19, 20, 21, 22, 23, 24, 25, 26, 27, 28, 29, 30, 31], ep_group=[48, 49, 50, 51, 52, 53, 54, 55]
WARNING:megatron.core.transformer.moe.recovery_controller:[2026-05-29 01:01:45] BSR-MoE controller: rank 49 HARD FAILURE (step=9201, reason=scheduled_restart_in_place_injection, experts=[16, 17, 18, 19, 20, 21, 22, 23, 24, 25, 26, 27, 28, 29, 30, 31], mid_iteration=False)
WARNING:megatron.core.transformer.moe.recovery_controller:[2026-05-29 01:01:45] BSR-MoE controller: ⏱️  [Phase A] Starting infrastructure repair...
WARNING:megatron.core.transformer.moe.recovery_controller:[2026-05-29 01:01:45] BSR-MoE controller: ⏱️  [Phase A] Starting infrastructure repair...
WARNING:megatron.core.transformer.moe.recovery_controller:[2026-05-29 01:01:45] BSR-MoE controller: ⏱️  [Phase A] Starting infrastructure repair...
INFO:megatron.core.transformer.moe.recovery_controller:ExpertRecoveryTracker: experts [16, 17, 18, 19, 20, 21, 22, 23, 24, 25, 26, 27, 28, 29, 30, 31] → RECOVERING (step=9201)
INFO:megatron.core.transformer.moe.replacement_registry:BSR-MoE replacement: failed_rank=49, replacement_rank=49, BOOTSTRAPPING → READY_FOR_REPAIR (step=9201)
WARNING:megatron.core.transformer.moe.optimizer_commit_guard:OptimizerCommitGuard: commit BLOCKED (step=9201, reason=hard_failure_rank_49_step_9201)
INFO:megatron.core.transformer.moe.replacement_registry:BSR-MoE replacement: failed_rank=49, replacement_rank=49, READY_FOR_REPAIR → INTEGRATED (step=9201)
INFO:megatron.core.transformer.moe.replacement_registry:BSR-MoE replacement: failed_rank=49, replacement_rank=49, BOOTSTRAPPING → READY_FOR_REPAIR (step=9201)
WARNING:megatron.core.transformer.moe.bsr_integration:BSR-MoE: optimizer commit blocked for step 9201 (hard failure of rank 49)
INFO:megatron.core.transformer.moe.replacement_registry:BSR-MoE replacement: failed_rank=49, replacement_rank=49, BOOTSTRAPPING → READY_FOR_REPAIR (step=9201)
WARNING:megatron.core.transformer.moe.replacement_registry:BSR-MoE: replacement INTEGRATED — failed_rank=49, replacement_rank=49 (step=9201)
INFO:megatron.core.transformer.moe.replacement_registry:BSR-MoE replacement: failed_rank=49, replacement_rank=49, READY_FOR_REPAIR → INTEGRATED (step=9201)
WARNING:megatron.core.transformer.moe.bsr_integration:BSR-MoE: entering waiting-for-replacement state (failed_rank=49, step=9201, experts=[16, 17, 18, 19, 20, 21, 22, 23, 24, 25, 26, 27, 28, 29, 30, 31])
INFO:megatron.core.transformer.moe.replacement_registry:BSR-MoE replacement: failed_rank=49, replacement_rank=49, READY_FOR_REPAIR → INTEGRATED (step=9201)
WARNING:megatron.core.transformer.moe.replacement_registry:BSR-MoE: replacement INTEGRATED — failed_rank=49, replacement_rank=49 (step=9201)
WARNING:megatron.core.transformer.moe.recovery_controller:[2026-05-29 01:01:45] BSR-MoE controller: step1 replacement_integrate elapsed=0.000s (step=9201)
WARNING:megatron.core.transformer.moe.replacement_registry:BSR-MoE: replacement INTEGRATED — failed_rank=49, replacement_rank=49 (step=9201)
WARNING:megatron.core.transformer.moe.recovery_controller:[2026-05-29 01:01:45] BSR-MoE controller: step2 group_rebuild_request elapsed=0.000s (step=9201)
WARNING:megatron.core.transformer.moe.recovery_controller:[2026-05-29 01:01:45] BSR-MoE controller: ⏱️  [Phase A] Starting infrastructure repair...
WARNING:megatron.core.transformer.moe.recovery_controller:[2026-05-29 01:01:45] BSR-MoE controller: step1 replacement_integrate elapsed=0.000s (step=9201)
WARNING:megatron.core.transformer.moe.recovery_controller:[2026-05-29 01:01:45] BSR-MoE controller: step1 replacement_integrate elapsed=0.000s (step=9201)
WARNING:megatron.core.transformer.moe.recovery_controller:[2026-05-29 01:01:45] BSR-MoE controller: HEALTHY_TRAINING → PENDING_GROUP_REPAIR (event=hard_rank_failure, step=9201)
WARNING:megatron.core.transformer.moe.recovery_controller:[2026-05-29 01:01:45] BSR-MoE controller: step3 group_rebuild_execute elapsed=0.000s (step=9201)
WARNING:megatron.core.transformer.moe.recovery_controller:[2026-05-29 01:01:45] BSR-MoE controller: step2 group_rebuild_request elapsed=0.000s (step=9201)
WARNING:megatron.core.transformer.moe.recovery_controller:[2026-05-29 01:01:45] BSR-MoE controller: step2 group_rebuild_request elapsed=0.000s (step=9201)
WARNING:megatron.core.transformer.moe.recovery_controller:[2026-05-29 01:01:45] BSR-MoE controller: step4 group_rebuild_finish elapsed=0.000s (step=9201)
INFO:megatron.core.transformer.moe.replacement_registry:BSR-MoE replacement: failed_rank=49, replacement_rank=49, BOOTSTRAPPING → READY_FOR_REPAIR (step=9201)
WARNING:megatron.core.transformer.moe.recovery_controller:[2026-05-29 01:01:45] BSR-MoE controller: step3 group_rebuild_execute elapsed=0.000s (step=9201)
WARNING:megatron.core.transformer.moe.recovery_controller:[2026-05-29 01:01:45] BSR-MoE controller: step3 group_rebuild_execute elapsed=0.000s (step=9201)
WARNING:megatron.core.transformer.moe.recovery_controller:[2026-05-29 01:01:45] BSR-MoE controller: step5 topology_refresh elapsed=0.000s (step=9201)
WARNING:megatron.core.transformer.moe.recovery_controller:[2026-05-29 01:01:45] BSR-MoE controller: step4 group_rebuild_finish elapsed=0.000s (step=9201)
WARNING:megatron.core.transformer.moe.recovery_controller:[2026-05-29 01:01:45] BSR-MoE controller: replacement assigned — failed_rank=49, replacement_rank=49 (step=9201)
WARNING:megatron.core.transformer.moe.recovery_controller:[2026-05-29 01:01:45] BSR-MoE controller: step4 group_rebuild_finish elapsed=0.000s (step=9201)
INFO:megatron.core.transformer.moe.replacement_registry:BSR-MoE replacement: failed_rank=49, replacement_rank=49, READY_FOR_REPAIR → INTEGRATED (step=9201)
WARNING:megatron.core.transformer.moe.recovery_controller:[2026-05-29 01:01:45] BSR-MoE controller: step5 topology_refresh elapsed=0.000s (step=9201)
WARNING:megatron.core.transformer.moe.recovery_controller:[2026-05-29 01:01:45] BSR-MoE controller: ⏱️  [Phase A] Infrastructure repair COMPLETED (elapsed=0.000s)
WARNING:megatron.core.transformer.moe.recovery_controller:[2026-05-29 01:01:45] BSR-MoE controller: step5 topology_refresh elapsed=0.000s (step=9201)
WARNING:megatron.core.transformer.moe.replacement_registry:BSR-MoE: replacement INTEGRATED — failed_rank=49, replacement_rank=49 (step=9201)
WARNING:megatron.core.transformer.moe.recovery_controller:[2026-05-29 01:01:45] BSR-MoE controller: ⏱️  [Phase A] Infrastructure repair COMPLETED (elapsed=0.000s)
WARNING:megatron.core.transformer.moe.recovery_controller:[2026-05-29 01:01:45] BSR-MoE controller: ⏱️  [Phase B] Starting parameter recovery...
WARNING:megatron.core.transformer.moe.recovery_controller:[2026-05-29 01:01:45] BSR-MoE controller: ⏱️  [Phase A] Infrastructure repair COMPLETED (elapsed=0.000s)
WARNING:megatron.core.transformer.moe.recovery_controller:[2026-05-29 01:01:45] BSR-MoE controller: ⏱️  [Phase B] Starting parameter recovery...
WARNING:megatron.core.transformer.moe.recovery_controller:[2026-05-29 01:01:45] BSR-MoE controller: step1 replacement_integrate elapsed=0.000s (step=9201)
INFO:megatron.core.transformer.moe.replacement_registry:BSR-MoE replacement: failed_rank=49, replacement_rank=49, NOT_PRESENT → BOOTSTRAPPING (step=9201)
WARNING:megatron.core.transformer.moe.recovery_controller:[2026-05-29 01:01:45] BSR-MoE controller: ⏱️  [Phase B] Starting parameter recovery...
WARNING:megatron.core.transformer.moe.recovery_controller:[2026-05-29 01:01:45] BSR-MoE controller: step2 group_rebuild_request elapsed=0.000s (step=9201)
WARNING:megatron.core.transformer.moe.replacement_registry:BSR-MoE: replacement announced — failed_rank=49 → replacement_rank=49 (step=9201, reason='')
WARNING:megatron.core.transformer.moe.recovery_controller:[2026-05-29 01:01:45] BSR-MoE controller: step3 group_rebuild_execute elapsed=0.000s (step=9201)
INFO:megatron.core.transformer.moe.expert_directory:Global ActiveExpertDirectory set: ActiveExpertDirectory(layers=48, experts=128, ep_size=8, entries=6144)
WARNING:megatron.core.transformer.moe.recovery_controller:[2026-05-29 01:01:45] BSR-MoE controller: step4 group_rebuild_finish elapsed=0.000s (step=9201)
WARNING:megatron.core.transformer.moe.recovery_controller:[2026-05-29 01:01:45] BSR-MoE controller: PENDING_GROUP_REPAIR → WAITING_FOR_REPLACEMENT (event=replacement_assigned, step=9201)
WARNING:megatron.core.transformer.moe.recovery_controller:[2026-05-29 01:01:45] BSR-MoE controller: step5 topology_refresh elapsed=0.000s (step=9201)
WARNING:megatron.core.transformer.moe.recovery_controller:[2026-05-29 01:01:45] BSR-MoE controller: replacement ready — failed_rank=49 (step=9201)
WARNING:megatron.core.transformer.moe.recovery_controller:[2026-05-29 01:01:45] BSR-MoE controller: ⏱️  [Phase A] Infrastructure repair COMPLETED (elapsed=0.000s)
WARNING:megatron.core.transformer.moe.bsr_integration:BSR-MoE: expert directory initialized
WARNING:megatron.core.transformer.moe.recovery_controller:[2026-05-29 01:01:45] BSR-MoE controller: WAITING_FOR_REPLACEMENT → SAFE_POINT_REPAIR (event=replacement_ready, step=9201)
WARNING:megatron.core.transformer.moe.recovery_controller:[2026-05-29 01:01:45] BSR-MoE controller: ⏱️  [Phase B] Starting parameter recovery...
WARNING:megatron.core.transformer.moe.recovery_controller:BSR-MoE controller: restart-in-place fast path for rank 49 (replacement=self, step=9201)
WARNING:megatron.core.transformer.moe.recovery_controller:[2026-05-29 01:01:45] BSR-MoE controller: ⏱️  START safe-point repair at step 9201 (failed=49, replacement=49)
INFO:megatron.core.transformer.moe.dispatch_topology_refresh:DispatchTopologyManager: initialised — 48 layers, 128 experts, ep_size=8, ranks=[56, 57, 58, 59, 60, 61, 62, 63]
WARNING:megatron.core.transformer.moe.bsr_integration:BSR-MoE: dispatch topology manager initialized
INFO:megatron.core.transformer.moe.expert_directory:Global ActiveExpertDirectory set: ActiveExpertDirectory(layers=48, experts=128, ep_size=8, entries=6144)
WARNING:megatron.core.transformer.moe.bsr_integration:BSR-MoE: expert directory initialized
WARNING:megatron.core.transformer.moe.recovery_controller:[2026-05-29 01:01:45] BSR-MoE controller: ⏱️  [Phase A] Starting infrastructure repair...
INFO:megatron.core.transformer.moe.replacement_registry:BSR-MoE replacement: failed_rank=49, replacement_rank=49, BOOTSTRAPPING → READY_FOR_REPAIR (step=9201)
INFO:megatron.core.transformer.moe.replacement_registry:BSR-MoE replacement: failed_rank=49, replacement_rank=49, READY_FOR_REPAIR → INTEGRATED (step=9201)
WARNING:megatron.core.transformer.moe.replacement_registry:BSR-MoE: replacement INTEGRATED — failed_rank=49, replacement_rank=49 (step=9201)
INFO:megatron.core.transformer.moe.dispatch_topology_refresh:DispatchTopologyManager: initialised — 48 layers, 128 experts, ep_size=8, ranks=[56, 57, 58, 59, 60, 61, 62, 63]
WARNING:megatron.core.transformer.moe.recovery_controller:[2026-05-29 01:01:45] BSR-MoE controller: step1 replacement_integrate elapsed=0.000s (step=9201)
WARNING:megatron.core.transformer.moe.recovery_controller:[2026-05-29 01:01:45] BSR-MoE controller: step2 group_rebuild_request elapsed=0.000s (step=9201)
WARNING:megatron.core.transformer.moe.bsr_integration:BSR-MoE: dispatch topology manager initialized
INFO:megatron.core.transformer.moe.expert_directory:Global ActiveExpertDirectory set: ActiveExpertDirectory(layers=48, experts=128, ep_size=8, entries=6144)
WARNING:megatron.core.transformer.moe.recovery_controller:[2026-05-29 01:01:45] BSR-MoE controller: step3 group_rebuild_execute elapsed=0.000s (step=9201)
WARNING:megatron.core.transformer.moe.recovery_controller:[2026-05-29 01:01:45] BSR-MoE controller: step4 group_rebuild_finish elapsed=0.000s (step=9201)
WARNING:megatron.core.transformer.moe.recovery_controller:[2026-05-29 01:01:45] BSR-MoE controller: step5 topology_refresh elapsed=0.000s (step=9201)
WARNING:megatron.core.transformer.moe.bsr_integration:BSR-MoE: expert directory initialized
WARNING:megatron.core.transformer.moe.recovery_controller:[2026-05-29 01:01:45] BSR-MoE controller: ⏱️  [Phase A] Infrastructure repair COMPLETED (elapsed=0.000s)
WARNING:megatron.core.transformer.moe.recovery_controller:[2026-05-29 01:01:45] BSR-MoE controller: ⏱️  [Phase B] Starting parameter recovery...
INFO:megatron.core.transformer.moe.dispatch_topology_refresh:DispatchTopologyManager: initialised — 48 layers, 128 experts, ep_size=8, ranks=[56, 57, 58, 59, 60, 61, 62, 63]
WARNING:megatron.core.transformer.moe.bsr_integration:BSR-MoE: dispatch topology manager initialized
WARNING:megatron.core.transformer.moe.bsr_integration:BSR-MoE: two-phase recovery coordinator initialized (defer_optimizer=True)
WARNING:megatron.core.transformer.moe.bsr_integration:BSR-MoE: two-phase recovery coordinator initialized (defer_optimizer=True)
WARNING:megatron.core.transformer.moe.bsr_integration:BSR-MoE: recovery controller initialized and callbacks wired
WARNING:megatron.core.transformer.moe.bsr_integration:BSR-MoE: reintegration barrier wired to recovery controller
WARNING:megatron.core.transformer.moe.bsr_integration:BSR-MoE: recovery controller initialized and callbacks wired
WARNING:megatron.core.transformer.moe.bsr_integration:BSR-MoE: reintegration barrier wired to recovery controller
WARNING:megatron.core.transformer.moe.bsr_integration:BSR-MoE: two-phase recovery coordinator initialized (defer_optimizer=True)
WARNING:megatron.core.transformer.moe.bsr_integration:BSR-MoE: recovery controller initialized and callbacks wired
WARNING:megatron.core.transformer.moe.bsr_integration:BSR-MoE: reintegration barrier wired to recovery controller
WARNING:megatron.core.transformer.moe.bsr_integration:BSR-MoE: hard failure detector and iteration invalidator initialized
WARNING:megatron.core.transformer.moe.bsr_integration:BSR-MoE: hard failure detector and iteration invalidator initialized
WARNING:megatron.core.transformer.moe.bsr_integration:BSR-MoE: hard failure detector and iteration invalidator initialized
WARNING:megatron.core.transformer.moe.bsr_integration:BSR-MoE: rollback/replay manager initialized
WARNING:megatron.core.transformer.moe.bsr_integration:BSR-MoE: rollback/replay manager initialized
WARNING:megatron.core.transformer.moe.bsr_integration:BSR-MoE: rollback/replay manager initialized
WARNING:megatron.core.transformer.moe.bsr_integration:BSR-MoE: optimizer commit guard initialized
WARNING:megatron.core.transformer.moe.bsr_integration:BSR-MoE: optimizer commit guard initialized
WARNING:megatron.core.transformer.moe.bsr_integration:BSR-MoE: optimizer commit guard initialized
WARNING:megatron.core.transformer.moe.bsr_integration:BSR-MoE: pipeline rollback coordinator initialized
WARNING:megatron.core.transformer.moe.bsr_integration:BSR-MoE: pipeline rollback coordinator initialized
WARNING:megatron.core.transformer.moe.bsr_integration:BSR-MoE: pipeline rollback coordinator initialized
INFO:megatron.core.transformer.moe.async_recovery_worker:BSR-MoE AsyncRecoveryWorker: started 2 worker threads
WARNING:megatron.core.transformer.moe.bsr_integration:BSR-MoE: async recovery worker initialized (workers=2, CUDA stream created)
WARNING:megatron.core.transformer.moe.bsr_integration:BSR-MoE: fault injection configured — type=restart_in_place, rank=0, step=0, interval=0, random_rank=False, seed=42, zero_memory=True, memory_fill=zero
INFO:megatron.core.transformer.moe.async_recovery_worker:BSR-MoE AsyncRecoveryWorker: started 2 worker threads
WARNING:megatron.core.transformer.moe.bsr_integration:BSR-MoE: fault injection plan configured — 31 rank events (mode=burst_all): [(723, 49), (1188, 35), (2461, 52), (3517, 42), (4309, 49), (5640, 56), (6855, 34), (7912, 7), (7912, 12), (7912, 22), (7912, 25), (7912, 38), (7912, 45), (7912, 49), (7912, 61), (8689, 0), (8689, 10), (8689, 20), (8689, 24), (8689, 37), (8689, 41), (8689, 53), (8689, 61), (9304, 7), (9304, 8), (9304, 21), (9304, 25), (9304, 33), (9304, 47), (9304, 51), (9304, 62)]
WARNING:megatron.core.transformer.moe.bsr_integration:BSR-MoE: async recovery worker initialized (workers=2, CUDA stream created)
WARNING:megatron.core.transformer.moe.bsr_integration:BSR-MoE: fault injection configured — type=restart_in_place, rank=0, step=0, interval=0, random_rank=False, seed=42, zero_memory=True, memory_fill=zero
INFO:megatron.core.transformer.moe.async_recovery_worker:BSR-MoE AsyncRecoveryWorker: started 2 worker threads
WARNING:megatron.core.transformer.moe.bsr_integration:BSR-MoE: fault injection plan configured — 31 rank events (mode=burst_all): [(723, 49), (1188, 35), (2461, 52), (3517, 42), (4309, 49), (5640, 56), (6855, 34), (7912, 7), (7912, 12), (7912, 22), (7912, 25), (7912, 38), (7912, 45), (7912, 49), (7912, 61), (8689, 0), (8689, 10), (8689, 20), (8689, 24), (8689, 37), (8689, 41), (8689, 53), (8689, 61), (9304, 7), (9304, 8), (9304, 21), (9304, 25), (9304, 33), (9304, 47), (9304, 51), (9304, 62)]
WARNING:megatron.core.transformer.moe.bsr_integration:BSR-MoE: async recovery worker initialized (workers=2, CUDA stream created)
WARNING:megatron.core.transformer.moe.bsr_integration:BSR-MoE: fault injection configured — type=restart_in_place, rank=0, step=0, interval=0, random_rank=False, seed=42, zero_memory=True, memory_fill=zero
WARNING:megatron.core.transformer.moe.bsr_integration:BSR-MoE: fault injection plan configured — 31 rank events (mode=burst_all): [(723, 49), (1188, 35), (2461, 52), (3517, 42), (4309, 49), (5640, 56), (6855, 34), (7912, 7), (7912, 12), (7912, 22), (7912, 25), (7912, 38), (7912, 45), (7912, 49), (7912, 61), (8689, 0), (8689, 10), (8689, 20), (8689, 24), (8689, 37), (8689, 41), (8689, 53), (8689, 61), (9304, 7), (9304, 8), (9304, 21), (9304, 25), (9304, 33), (9304, 47), (9304, 51), (9304, 62)]
WARNING:megatron.core.transformer.moe.bsr_integration:BSR-MoE: restart-in-place invalidate_tensor_fn wired (target rank only)
WARNING:megatron.core.transformer.moe.bsr_integration:[2026-05-29 01:01:45] BSR-MoE: initialization complete on rank 57
WARNING:megatron.core.transformer.moe.bsr_integration:BSR-MoE: restart-in-place invalidate_tensor_fn wired (target rank only)
WARNING:megatron.core.transformer.moe.bsr_integration:[2026-05-29 01:01:45] BSR-MoE: initialization complete on rank 61
WARNING:megatron.core.transformer.moe.bsr_integration:[2026-05-29 01:01:45] BSR-MoE restart-in-place fault burst: injecting 1 ranks together for scheduled_step=723 at step=9201
WARNING:megatron.core.transformer.moe.bsr_integration:[2026-05-29 01:01:45] BSR-MoE FAULT INJECTION #1: type=restart_in_place, rank=49, step=9201, scheduled_step=723, experts=[16, 17, 18, 19, 20, 21, 22, 23, 24, 25, 26, 27, 28, 29, 30, 31], ep_group=[48, 49, 50, 51, 52, 53, 54, 55]
WARNING:megatron.core.transformer.moe.recovery_controller:[2026-05-29 01:01:45] BSR-MoE controller: rank 49 HARD FAILURE (step=9201, reason=scheduled_restart_in_place_injection, experts=[16, 17, 18, 19, 20, 21, 22, 23, 24, 25, 26, 27, 28, 29, 30, 31], mid_iteration=False)
INFO:megatron.core.transformer.moe.recovery_controller:ExpertRecoveryTracker: experts [16, 17, 18, 19, 20, 21, 22, 23, 24, 25, 26, 27, 28, 29, 30, 31] → RECOVERING (step=9201)
WARNING:megatron.core.transformer.moe.optimizer_commit_guard:OptimizerCommitGuard: commit BLOCKED (step=9201, reason=hard_failure_rank_49_step_9201)
WARNING:megatron.core.transformer.moe.bsr_integration:BSR-MoE: optimizer commit blocked for step 9201 (hard failure of rank 49)
WARNING:megatron.core.transformer.moe.bsr_integration:BSR-MoE: entering waiting-for-replacement state (failed_rank=49, step=9201, experts=[16, 17, 18, 19, 20, 21, 22, 23, 24, 25, 26, 27, 28, 29, 30, 31])
WARNING:megatron.core.transformer.moe.bsr_integration:[2026-05-29 01:01:45] BSR-MoE restart-in-place fault burst: injecting 1 ranks together for scheduled_step=723 at step=9201
WARNING:megatron.core.transformer.moe.recovery_controller:[2026-05-29 01:01:45] BSR-MoE controller: HEALTHY_TRAINING → PENDING_GROUP_REPAIR (event=hard_rank_failure, step=9201)
WARNING:megatron.core.transformer.moe.recovery_controller:[2026-05-29 01:01:45] BSR-MoE controller: replacement assigned — failed_rank=49, replacement_rank=49 (step=9201)
WARNING:megatron.core.transformer.moe.bsr_integration:[2026-05-29 01:01:45] BSR-MoE FAULT INJECTION #1: type=restart_in_place, rank=49, step=9201, scheduled_step=723, experts=[16, 17, 18, 19, 20, 21, 22, 23, 24, 25, 26, 27, 28, 29, 30, 31], ep_group=[48, 49, 50, 51, 52, 53, 54, 55]
WARNING:megatron.core.transformer.moe.bsr_integration:BSR-MoE: restart-in-place invalidate_tensor_fn wired (target rank only)
INFO:megatron.core.transformer.moe.replacement_registry:BSR-MoE replacement: failed_rank=49, replacement_rank=49, NOT_PRESENT → BOOTSTRAPPING (step=9201)
WARNING:megatron.core.transformer.moe.recovery_controller:[2026-05-29 01:01:45] BSR-MoE controller: rank 49 HARD FAILURE (step=9201, reason=scheduled_restart_in_place_injection, experts=[16, 17, 18, 19, 20, 21, 22, 23, 24, 25, 26, 27, 28, 29, 30, 31], mid_iteration=False)
WARNING:megatron.core.transformer.moe.replacement_registry:BSR-MoE: replacement announced — failed_rank=49 → replacement_rank=49 (step=9201, reason='')
WARNING:megatron.core.transformer.moe.bsr_integration:[2026-05-29 01:01:45] BSR-MoE: initialization complete on rank 62
INFO:megatron.core.transformer.moe.recovery_controller:ExpertRecoveryTracker: experts [16, 17, 18, 19, 20, 21, 22, 23, 24, 25, 26, 27, 28, 29, 30, 31] → RECOVERING (step=9201)
WARNING:megatron.core.transformer.moe.recovery_controller:[2026-05-29 01:01:45] BSR-MoE controller: PENDING_GROUP_REPAIR → WAITING_FOR_REPLACEMENT (event=replacement_assigned, step=9201)
WARNING:megatron.core.transformer.moe.optimizer_commit_guard:OptimizerCommitGuard: commit BLOCKED (step=9201, reason=hard_failure_rank_49_step_9201)
WARNING:megatron.core.transformer.moe.bsr_integration:BSR-MoE: optimizer commit blocked for step 9201 (hard failure of rank 49)
WARNING:megatron.core.transformer.moe.recovery_controller:[2026-05-29 01:01:45] BSR-MoE controller: replacement ready — failed_rank=49 (step=9201)
WARNING:megatron.core.transformer.moe.bsr_integration:BSR-MoE: entering waiting-for-replacement state (failed_rank=49, step=9201, experts=[16, 17, 18, 19, 20, 21, 22, 23, 24, 25, 26, 27, 28, 29, 30, 31])
WARNING:megatron.core.transformer.moe.recovery_controller:[2026-05-29 01:01:45] BSR-MoE controller: WAITING_FOR_REPLACEMENT → SAFE_POINT_REPAIR (event=replacement_ready, step=9201)
WARNING:megatron.core.transformer.moe.recovery_controller:BSR-MoE controller: restart-in-place fast path for rank 49 (replacement=self, step=9201)
WARNING:megatron.core.transformer.moe.recovery_controller:[2026-05-29 01:01:45] BSR-MoE controller: HEALTHY_TRAINING → PENDING_GROUP_REPAIR (event=hard_rank_failure, step=9201)
WARNING:megatron.core.transformer.moe.recovery_controller:[2026-05-29 01:01:45] BSR-MoE controller: ⏱️  START safe-point repair at step 9201 (failed=49, replacement=49)
WARNING:megatron.core.transformer.moe.recovery_controller:[2026-05-29 01:01:45] BSR-MoE controller: replacement assigned — failed_rank=49, replacement_rank=49 (step=9201)
INFO:megatron.core.transformer.moe.replacement_registry:BSR-MoE replacement: failed_rank=49, replacement_rank=49, NOT_PRESENT → BOOTSTRAPPING (step=9201)
WARNING:megatron.core.transformer.moe.replacement_registry:BSR-MoE: replacement announced — failed_rank=49 → replacement_rank=49 (step=9201, reason='')
WARNING:megatron.core.transformer.moe.recovery_controller:[2026-05-29 01:01:45] BSR-MoE controller: PENDING_GROUP_REPAIR → WAITING_FOR_REPLACEMENT (event=replacement_assigned, step=9201)
WARNING:megatron.core.transformer.moe.recovery_controller:[2026-05-29 01:01:45] BSR-MoE controller: replacement ready — failed_rank=49 (step=9201)
WARNING:megatron.core.transformer.moe.bsr_integration:[2026-05-29 01:01:45] BSR-MoE restart-in-place fault burst: injecting 1 ranks together for scheduled_step=723 at step=9201
WARNING:megatron.core.transformer.moe.recovery_controller:[2026-05-29 01:01:45] BSR-MoE controller: WAITING_FOR_REPLACEMENT → SAFE_POINT_REPAIR (event=replacement_ready, step=9201)
WARNING:megatron.core.transformer.moe.recovery_controller:[2026-05-29 01:01:45] BSR-MoE controller: ⏱️  [Phase A] Starting infrastructure repair...
WARNING:megatron.core.transformer.moe.recovery_controller:BSR-MoE controller: restart-in-place fast path for rank 49 (replacement=self, step=9201)
WARNING:megatron.core.transformer.moe.bsr_integration:[2026-05-29 01:01:45] BSR-MoE FAULT INJECTION #1: type=restart_in_place, rank=49, step=9201, scheduled_step=723, experts=[16, 17, 18, 19, 20, 21, 22, 23, 24, 25, 26, 27, 28, 29, 30, 31], ep_group=[48, 49, 50, 51, 52, 53, 54, 55]
WARNING:megatron.core.transformer.moe.recovery_controller:[2026-05-29 01:01:45] BSR-MoE controller: ⏱️  START safe-point repair at step 9201 (failed=49, replacement=49)
INFO:megatron.core.transformer.moe.replacement_registry:BSR-MoE replacement: failed_rank=49, replacement_rank=49, BOOTSTRAPPING → READY_FOR_REPAIR (step=9201)
INFO:megatron.core.transformer.moe.replacement_registry:BSR-MoE replacement: failed_rank=49, replacement_rank=49, READY_FOR_REPAIR → INTEGRATED (step=9201)
WARNING:megatron.core.transformer.moe.replacement_registry:BSR-MoE: replacement INTEGRATED — failed_rank=49, replacement_rank=49 (step=9201)
WARNING:megatron.core.transformer.moe.recovery_controller:[2026-05-29 01:01:45] BSR-MoE controller: rank 49 HARD FAILURE (step=9201, reason=scheduled_restart_in_place_injection, experts=[16, 17, 18, 19, 20, 21, 22, 23, 24, 25, 26, 27, 28, 29, 30, 31], mid_iteration=False)
WARNING:megatron.core.transformer.moe.recovery_controller:[2026-05-29 01:01:45] BSR-MoE controller: step1 replacement_integrate elapsed=0.000s (step=9201)
INFO:megatron.core.transformer.moe.recovery_controller:ExpertRecoveryTracker: experts [16, 17, 18, 19, 20, 21, 22, 23, 24, 25, 26, 27, 28, 29, 30, 31] → RECOVERING (step=9201)
WARNING:megatron.core.transformer.moe.recovery_controller:[2026-05-29 01:01:45] BSR-MoE controller: step2 group_rebuild_request elapsed=0.000s (step=9201)
WARNING:megatron.core.transformer.moe.optimizer_commit_guard:OptimizerCommitGuard: commit BLOCKED (step=9201, reason=hard_failure_rank_49_step_9201)
WARNING:megatron.core.transformer.moe.recovery_controller:[2026-05-29 01:01:45] BSR-MoE controller: step3 group_rebuild_execute elapsed=0.000s (step=9201)
WARNING:megatron.core.transformer.moe.bsr_integration:BSR-MoE: optimizer commit blocked for step 9201 (hard failure of rank 49)
WARNING:megatron.core.transformer.moe.recovery_controller:[2026-05-29 01:01:45] BSR-MoE controller: step4 group_rebuild_finish elapsed=0.000s (step=9201)
WARNING:megatron.core.transformer.moe.bsr_integration:BSR-MoE: entering waiting-for-replacement state (failed_rank=49, step=9201, experts=[16, 17, 18, 19, 20, 21, 22, 23, 24, 25, 26, 27, 28, 29, 30, 31])
WARNING:megatron.core.transformer.moe.recovery_controller:[2026-05-29 01:01:45] BSR-MoE controller: step5 topology_refresh elapsed=0.000s (step=9201)
WARNING:megatron.core.transformer.moe.recovery_controller:[2026-05-29 01:01:45] BSR-MoE controller: ⏱️  [Phase A] Infrastructure repair COMPLETED (elapsed=0.000s)
WARNING:megatron.core.transformer.moe.recovery_controller:[2026-05-29 01:01:45] BSR-MoE controller: HEALTHY_TRAINING → PENDING_GROUP_REPAIR (event=hard_rank_failure, step=9201)
WARNING:megatron.core.transformer.moe.recovery_controller:[2026-05-29 01:01:45] BSR-MoE controller: ⏱️  [Phase A] Starting infrastructure repair...
WARNING:megatron.core.transformer.moe.recovery_controller:[2026-05-29 01:01:45] BSR-MoE controller: ⏱️  [Phase B] Starting parameter recovery...
INFO:megatron.core.transformer.moe.replacement_registry:BSR-MoE replacement: failed_rank=49, replacement_rank=49, BOOTSTRAPPING → READY_FOR_REPAIR (step=9201)
WARNING:megatron.core.transformer.moe.recovery_controller:[2026-05-29 01:01:45] BSR-MoE controller: replacement assigned — failed_rank=49, replacement_rank=49 (step=9201)
INFO:megatron.core.transformer.moe.replacement_registry:BSR-MoE replacement: failed_rank=49, replacement_rank=49, READY_FOR_REPAIR → INTEGRATED (step=9201)
WARNING:megatron.core.transformer.moe.replacement_registry:BSR-MoE: replacement INTEGRATED — failed_rank=49, replacement_rank=49 (step=9201)
INFO:megatron.core.transformer.moe.replacement_registry:BSR-MoE replacement: failed_rank=49, replacement_rank=49, NOT_PRESENT → BOOTSTRAPPING (step=9201)
WARNING:megatron.core.transformer.moe.recovery_controller:[2026-05-29 01:01:45] BSR-MoE controller: step1 replacement_integrate elapsed=0.000s (step=9201)
WARNING:megatron.core.transformer.moe.replacement_registry:BSR-MoE: replacement announced — failed_rank=49 → replacement_rank=49 (step=9201, reason='')
WARNING:megatron.core.transformer.moe.recovery_controller:[2026-05-29 01:01:45] BSR-MoE controller: step2 group_rebuild_request elapsed=0.000s (step=9201)
WARNING:megatron.core.transformer.moe.recovery_controller:[2026-05-29 01:01:45] BSR-MoE controller: step3 group_rebuild_execute elapsed=0.000s (step=9201)
WARNING:megatron.core.transformer.moe.recovery_controller:[2026-05-29 01:01:45] BSR-MoE controller: PENDING_GROUP_REPAIR → WAITING_FOR_REPLACEMENT (event=replacement_assigned, step=9201)
WARNING:megatron.core.transformer.moe.recovery_controller:[2026-05-29 01:01:45] BSR-MoE controller: step4 group_rebuild_finish elapsed=0.000s (step=9201)
WARNING:megatron.core.transformer.moe.recovery_controller:[2026-05-29 01:01:45] BSR-MoE controller: step5 topology_refresh elapsed=0.000s (step=9201)
WARNING:megatron.core.transformer.moe.recovery_controller:[2026-05-29 01:01:45] BSR-MoE controller: replacement ready — failed_rank=49 (step=9201)
WARNING:megatron.core.transformer.moe.recovery_controller:[2026-05-29 01:01:45] BSR-MoE controller: ⏱️  [Phase A] Infrastructure repair COMPLETED (elapsed=0.000s)
WARNING:megatron.core.transformer.moe.recovery_controller:[2026-05-29 01:01:45] BSR-MoE controller: ⏱️  [Phase B] Starting parameter recovery...
WARNING:megatron.core.transformer.moe.recovery_controller:[2026-05-29 01:01:45] BSR-MoE controller: WAITING_FOR_REPLACEMENT → SAFE_POINT_REPAIR (event=replacement_ready, step=9201)
WARNING:megatron.core.transformer.moe.recovery_controller:BSR-MoE controller: restart-in-place fast path for rank 49 (replacement=self, step=9201)
WARNING:megatron.core.transformer.moe.recovery_controller:[2026-05-29 01:01:45] BSR-MoE controller: ⏱️  START safe-point repair at step 9201 (failed=49, replacement=49)
WARNING:megatron.core.transformer.moe.recovery_controller:[2026-05-29 01:01:45] BSR-MoE controller: ⏱️  [Phase A] Starting infrastructure repair...
INFO:megatron.core.transformer.moe.replacement_registry:BSR-MoE replacement: failed_rank=49, replacement_rank=49, BOOTSTRAPPING → READY_FOR_REPAIR (step=9201)
INFO:megatron.core.transformer.moe.bsr_integration:BSR-MoE: found latest checkpoint with BSR manifest at /mnt/ais-c1/dataset/zds/main_exp/5.27/moeguard/ckpt/iter_0009200 (step=9200)
WARNING:megatron.core.transformer.moe.recovery_controller:[2026-05-29 01:01:49] BSR-MoE controller: HYBRID_RECOVERY path — dense from DP peer, experts from checkpoint (step=9201, failed=49, replacement=49)
WARNING:megatron.core.transformer.moe.recovery_controller:[2026-05-29 01:01:49] BSR-MoE controller: dense_sync elapsed=0.000s (step=9201)
WARNING:megatron.core.transformer.moe.recovery_controller:[2026-05-29 01:01:49] BSR-MoE controller: expert_restore (sync weights, deferred optimizer) elapsed=0.000s (step=9201)
WARNING:megatron.core.transformer.moe.recovery_controller:[2026-05-29 01:01:49] BSR-MoE controller: ⏱️  [Phase B] Parameter recovery COMPLETED (path=HYBRID_RECOVERY, elapsed=4.662s)
INFO:megatron.core.transformer.moe.bsr_integration:BSR-MoE post-recovery convergence: views consistent after HYBRID_RECOVERY path (step=9201)
WARNING:megatron.core.transformer.moe.recovery_controller:[2026-05-29 01:01:49] BSR-MoE controller: ⏱️  [Phase B→C] Post-recovery convergence completed (path=HYBRID_RECOVERY, elapsed=0.001s, step=9201)
WARNING:megatron.core.transformer.moe.recovery_controller:[2026-05-29 01:01:49] BSR-MoE controller: ⏱️  [Phase C] Starting post-repair...
INFO:megatron.core.transformer.moe.reintegration_barrier:BSR-MoE barrier: begin reintegration for rank 49 -> 49 (experts=[16, 17, 18, 19, 20, 21, 22, 23, 24, 25, 26, 27, 28, 29, 30, 31], step=9201)
INFO:megatron.core.transformer.moe.reintegration_barrier:BSR-MoE barrier: rank 49 -> REPAIRED_NOT_ROUTED (all preconditions met, step=9201)
WARNING:megatron.core.transformer.moe.recovery_controller:[2026-05-29 01:01:49] BSR-MoE controller: reintegration barrier initialized for rank 49 (all preconditions marked, step=9201)
WARNING:megatron.core.transformer.moe.recovery_controller:[2026-05-29 01:01:49] BSR-MoE controller: SAFE_POINT_REPAIR → REINTEGRATED (event=safe_point_repair_completed, step=9201)
WARNING:megatron.core.transformer.moe.recovery_controller:[2026-05-29 01:01:49] BSR-MoE controller: ⏱️  ✅ SAFE-POINT REPAIR COMPLETED (path=HYBRID_RECOVERY, step=9201, failed=49, replacement=49) | Total=4.664s | Breakdown: PhaseA=0.000s, PhaseB=4.662s, PhaseC=0.000s
INFO:megatron.core.transformer.moe.bsr_integration:BSR-MoE: found latest checkpoint with BSR manifest at /mnt/ais-c1/dataset/zds/main_exp/5.27/moeguard/ckpt/iter_0009200 (step=9200)
WARNING:megatron.core.transformer.moe.recovery_controller:[2026-05-29 01:01:52] BSR-MoE controller: HYBRID_RECOVERY path — dense from DP peer, experts from checkpoint (step=9201, failed=49, replacement=49)
WARNING:megatron.core.transformer.moe.recovery_controller:[2026-05-29 01:01:52] BSR-MoE controller: dense_sync elapsed=0.000s (step=9201)
WARNING:megatron.core.transformer.moe.recovery_controller:[2026-05-29 01:01:52] BSR-MoE controller: expert_restore (sync weights, deferred optimizer) elapsed=0.000s (step=9201)
WARNING:megatron.core.transformer.moe.recovery_controller:[2026-05-29 01:01:52] BSR-MoE controller: ⏱️  [Phase B] Parameter recovery COMPLETED (path=HYBRID_RECOVERY, elapsed=6.913s)
INFO:megatron.core.transformer.moe.bsr_integration:BSR-MoE post-recovery convergence: views consistent after HYBRID_RECOVERY path (step=9201)
WARNING:megatron.core.transformer.moe.recovery_controller:[2026-05-29 01:01:52] BSR-MoE controller: ⏱️  [Phase B→C] Post-recovery convergence completed (path=HYBRID_RECOVERY, elapsed=0.001s, step=9201)
WARNING:megatron.core.transformer.moe.recovery_controller:[2026-05-29 01:01:52] BSR-MoE controller: ⏱️  [Phase C] Starting post-repair...
INFO:megatron.core.transformer.moe.reintegration_barrier:BSR-MoE barrier: begin reintegration for rank 49 -> 49 (experts=[16, 17, 18, 19, 20, 21, 22, 23, 24, 25, 26, 27, 28, 29, 30, 31], step=9201)
INFO:megatron.core.transformer.moe.reintegration_barrier:BSR-MoE barrier: rank 49 -> REPAIRED_NOT_ROUTED (all preconditions met, step=9201)
WARNING:megatron.core.transformer.moe.recovery_controller:[2026-05-29 01:01:52] BSR-MoE controller: reintegration barrier initialized for rank 49 (all preconditions marked, step=9201)
WARNING:megatron.core.transformer.moe.recovery_controller:[2026-05-29 01:01:52] BSR-MoE controller: SAFE_POINT_REPAIR → REINTEGRATED (event=safe_point_repair_completed, step=9201)
WARNING:megatron.core.transformer.moe.recovery_controller:[2026-05-29 01:01:52] BSR-MoE controller: ⏱️  ✅ SAFE-POINT REPAIR COMPLETED (path=HYBRID_RECOVERY, step=9201, failed=49, replacement=49) | Total=6.915s | Breakdown: PhaseA=0.000s, PhaseB=6.913s, PhaseC=0.000s
INFO:megatron.core.transformer.moe.bsr_integration:BSR-MoE: found latest checkpoint with BSR manifest at /mnt/ais-c1/dataset/zds/main_exp/5.27/moeguard/ckpt/iter_0009200 (step=9200)
WARNING:megatron.core.transformer.moe.recovery_controller:[2026-05-29 01:02:00] BSR-MoE controller: HYBRID_RECOVERY path — dense from DP peer, experts from checkpoint (step=9201, failed=49, replacement=49)
WARNING:megatron.core.transformer.moe.recovery_controller:[2026-05-29 01:02:00] BSR-MoE controller: dense_sync elapsed=0.000s (step=9201)
WARNING:megatron.core.transformer.moe.recovery_controller:[2026-05-29 01:02:00] BSR-MoE controller: expert_restore (sync weights, deferred optimizer) elapsed=0.000s (step=9201)
WARNING:megatron.core.transformer.moe.recovery_controller:[2026-05-29 01:02:00] BSR-MoE controller: ⏱️  [Phase B] Parameter recovery COMPLETED (path=HYBRID_RECOVERY, elapsed=15.572s)
INFO:megatron.core.transformer.moe.bsr_integration:BSR-MoE post-recovery convergence: views consistent after HYBRID_RECOVERY path (step=9201)
WARNING:megatron.core.transformer.moe.recovery_controller:[2026-05-29 01:02:00] BSR-MoE controller: ⏱️  [Phase B→C] Post-recovery convergence completed (path=HYBRID_RECOVERY, elapsed=0.001s, step=9201)
WARNING:megatron.core.transformer.moe.recovery_controller:[2026-05-29 01:02:00] BSR-MoE controller: ⏱️  [Phase C] Starting post-repair...
INFO:megatron.core.transformer.moe.reintegration_barrier:BSR-MoE barrier: begin reintegration for rank 49 -> 49 (experts=[16, 17, 18, 19, 20, 21, 22, 23, 24, 25, 26, 27, 28, 29, 30, 31], step=9201)
INFO:megatron.core.transformer.moe.reintegration_barrier:BSR-MoE barrier: rank 49 -> REPAIRED_NOT_ROUTED (all preconditions met, step=9201)
WARNING:megatron.core.transformer.moe.recovery_controller:[2026-05-29 01:02:00] BSR-MoE controller: reintegration barrier initialized for rank 49 (all preconditions marked, step=9201)
WARNING:megatron.core.transformer.moe.recovery_controller:[2026-05-29 01:02:00] BSR-MoE controller: SAFE_POINT_REPAIR → REINTEGRATED (event=safe_point_repair_completed, step=9201)
WARNING:megatron.core.transformer.moe.recovery_controller:[2026-05-29 01:02:00] BSR-MoE controller: ⏱️  ✅ SAFE-POINT REPAIR COMPLETED (path=HYBRID_RECOVERY, step=9201, failed=49, replacement=49) | Total=15.574s | Breakdown: PhaseA=0.000s, PhaseB=15.572s, PhaseC=0.000s
INFO:megatron.core.transformer.moe.bsr_integration:BSR-MoE: found latest checkpoint with BSR manifest at /mnt/ais-c1/dataset/zds/main_exp/5.27/moeguard/ckpt/iter_0009200 (step=9200)
WARNING:megatron.core.transformer.moe.recovery_controller:[2026-05-29 01:02:02] BSR-MoE controller: HYBRID_RECOVERY path — dense from DP peer, experts from checkpoint (step=9201, failed=49, replacement=49)
WARNING:megatron.core.transformer.moe.recovery_controller:[2026-05-29 01:02:02] BSR-MoE controller: dense_sync elapsed=0.000s (step=9201)
WARNING:megatron.core.transformer.moe.recovery_controller:[2026-05-29 01:02:02] BSR-MoE controller: expert_restore (sync weights, deferred optimizer) elapsed=0.000s (step=9201)
WARNING:megatron.core.transformer.moe.recovery_controller:[2026-05-29 01:02:02] BSR-MoE controller: ⏱️  [Phase B] Parameter recovery COMPLETED (path=HYBRID_RECOVERY, elapsed=17.385s)
INFO:megatron.core.transformer.moe.bsr_integration:BSR-MoE post-recovery convergence: views consistent after HYBRID_RECOVERY path (step=9201)
WARNING:megatron.core.transformer.moe.recovery_controller:[2026-05-29 01:02:02] BSR-MoE controller: ⏱️  [Phase B→C] Post-recovery convergence completed (path=HYBRID_RECOVERY, elapsed=0.001s, step=9201)
WARNING:megatron.core.transformer.moe.recovery_controller:[2026-05-29 01:02:02] BSR-MoE controller: ⏱️  [Phase C] Starting post-repair...
INFO:megatron.core.transformer.moe.reintegration_barrier:BSR-MoE barrier: begin reintegration for rank 49 -> 49 (experts=[16, 17, 18, 19, 20, 21, 22, 23, 24, 25, 26, 27, 28, 29, 30, 31], step=9201)
INFO:megatron.core.transformer.moe.reintegration_barrier:BSR-MoE barrier: rank 49 -> REPAIRED_NOT_ROUTED (all preconditions met, step=9201)
WARNING:megatron.core.transformer.moe.recovery_controller:[2026-05-29 01:02:02] BSR-MoE controller: reintegration barrier initialized for rank 49 (all preconditions marked, step=9201)
WARNING:megatron.core.transformer.moe.recovery_controller:[2026-05-29 01:02:02] BSR-MoE controller: SAFE_POINT_REPAIR → REINTEGRATED (event=safe_point_repair_completed, step=9201)
WARNING:megatron.core.transformer.moe.recovery_controller:[2026-05-29 01:02:02] BSR-MoE controller: ⏱️  ✅ SAFE-POINT REPAIR COMPLETED (path=HYBRID_RECOVERY, step=9201, failed=49, replacement=49) | Total=17.387s | Breakdown: PhaseA=0.000s, PhaseB=17.385s, PhaseC=0.000s
INFO:megatron.core.transformer.moe.bsr_integration:BSR-MoE: found latest checkpoint with BSR manifest at /mnt/ais-c1/dataset/zds/main_exp/5.27/moeguard/ckpt/iter_0009200 (step=9200)
WARNING:megatron.core.transformer.moe.recovery_controller:[2026-05-29 01:02:14] BSR-MoE controller: HYBRID_RECOVERY path — dense from DP peer, experts from checkpoint (step=9201, failed=49, replacement=49)
WARNING:megatron.core.transformer.moe.recovery_controller:[2026-05-29 01:02:14] BSR-MoE controller: dense_sync elapsed=0.000s (step=9201)
WARNING:megatron.core.transformer.moe.recovery_controller:[2026-05-29 01:02:14] BSR-MoE controller: expert_restore (sync weights, deferred optimizer) elapsed=0.000s (step=9201)
WARNING:megatron.core.transformer.moe.recovery_controller:[2026-05-29 01:02:14] BSR-MoE controller: ⏱️  [Phase B] Parameter recovery COMPLETED (path=HYBRID_RECOVERY, elapsed=29.338s)
INFO:megatron.core.transformer.moe.bsr_integration:BSR-MoE post-recovery convergence: views consistent after HYBRID_RECOVERY path (step=9201)
WARNING:megatron.core.transformer.moe.recovery_controller:[2026-05-29 01:02:14] BSR-MoE controller: ⏱️  [Phase B→C] Post-recovery convergence completed (path=HYBRID_RECOVERY, elapsed=0.001s, step=9201)
WARNING:megatron.core.transformer.moe.recovery_controller:[2026-05-29 01:02:14] BSR-MoE controller: ⏱️  [Phase C] Starting post-repair...
INFO:megatron.core.transformer.moe.reintegration_barrier:BSR-MoE barrier: begin reintegration for rank 49 -> 49 (experts=[16, 17, 18, 19, 20, 21, 22, 23, 24, 25, 26, 27, 28, 29, 30, 31], step=9201)
INFO:megatron.core.transformer.moe.reintegration_barrier:BSR-MoE barrier: rank 49 -> REPAIRED_NOT_ROUTED (all preconditions met, step=9201)
WARNING:megatron.core.transformer.moe.recovery_controller:[2026-05-29 01:02:14] BSR-MoE controller: reintegration barrier initialized for rank 49 (all preconditions marked, step=9201)
WARNING:megatron.core.transformer.moe.recovery_controller:[2026-05-29 01:02:14] BSR-MoE controller: SAFE_POINT_REPAIR → REINTEGRATED (event=safe_point_repair_completed, step=9201)
WARNING:megatron.core.transformer.moe.recovery_controller:[2026-05-29 01:02:14] BSR-MoE controller: ⏱️  ✅ SAFE-POINT REPAIR COMPLETED (path=HYBRID_RECOVERY, step=9201, failed=49, replacement=49) | Total=29.340s | Breakdown: PhaseA=0.000s, PhaseB=29.338s, PhaseC=0.000s
INFO:megatron.core.transformer.moe.replacement_registry:BSR-MoE replacement: failed_rank=49, replacement_rank=49, READY_FOR_REPAIR → INTEGRATED (step=9201)
WARNING:megatron.core.transformer.moe.replacement_registry:BSR-MoE: replacement INTEGRATED — failed_rank=49, replacement_rank=49 (step=9201)
WARNING:megatron.core.transformer.moe.recovery_controller:[2026-05-29 01:02:30] BSR-MoE controller: step1 replacement_integrate elapsed=44.790s (step=9201)
WARNING:megatron.core.transformer.moe.recovery_controller:[2026-05-29 01:02:30] BSR-MoE controller: step2 group_rebuild_request elapsed=0.000s (step=9201)
WARNING:megatron.core.transformer.moe.recovery_controller:[2026-05-29 01:02:30] BSR-MoE controller: step3 group_rebuild_execute elapsed=0.000s (step=9201)
WARNING:megatron.core.transformer.moe.recovery_controller:[2026-05-29 01:02:30] BSR-MoE controller: step4 group_rebuild_finish elapsed=0.000s (step=9201)
WARNING:megatron.core.transformer.moe.recovery_controller:[2026-05-29 01:02:30] BSR-MoE controller: step5 topology_refresh elapsed=0.000s (step=9201)
WARNING:megatron.core.transformer.moe.recovery_controller:[2026-05-29 01:02:30] BSR-MoE controller: ⏱️  [Phase A] Infrastructure repair COMPLETED (elapsed=44.790s)
WARNING:megatron.core.transformer.moe.recovery_controller:[2026-05-29 01:02:30] BSR-MoE controller: ⏱️  [Phase B] Starting parameter recovery...
INFO:megatron.core.transformer.moe.bsr_integration:BSR-MoE: found latest checkpoint with BSR manifest at /mnt/ais-c1/dataset/zds/main_exp/5.27/moeguard/ckpt/iter_0009200 (step=9200)
WARNING:megatron.core.transformer.moe.recovery_controller:[2026-05-29 01:02:30] BSR-MoE controller: HYBRID_RECOVERY path — dense from DP peer, experts from checkpoint (step=9201, failed=49, replacement=49)
WARNING:megatron.core.transformer.moe.recovery_controller:[2026-05-29 01:02:30] BSR-MoE controller: dense_sync elapsed=0.000s (step=9201)
WARNING:megatron.core.transformer.moe.recovery_controller:[2026-05-29 01:02:30] BSR-MoE controller: expert_restore (sync weights, deferred optimizer) elapsed=0.000s (step=9201)
WARNING:megatron.core.transformer.moe.recovery_controller:[2026-05-29 01:02:30] BSR-MoE controller: ⏱️  [Phase B] Parameter recovery COMPLETED (path=HYBRID_RECOVERY, elapsed=0.017s)
INFO:megatron.core.transformer.moe.bsr_integration:BSR-MoE post-recovery convergence: views consistent after HYBRID_RECOVERY path (step=9201)
WARNING:megatron.core.transformer.moe.recovery_controller:[2026-05-29 01:02:30] BSR-MoE controller: ⏱️  [Phase B→C] Post-recovery convergence completed (path=HYBRID_RECOVERY, elapsed=0.001s, step=9201)
WARNING:megatron.core.transformer.moe.recovery_controller:[2026-05-29 01:02:30] BSR-MoE controller: ⏱️  [Phase C] Starting post-repair...
INFO:megatron.core.transformer.moe.reintegration_barrier:BSR-MoE barrier: begin reintegration for rank 49 -> 49 (experts=[16, 17, 18, 19, 20, 21, 22, 23, 24, 25, 26, 27, 28, 29, 30, 31], step=9201)
INFO:megatron.core.transformer.moe.reintegration_barrier:BSR-MoE barrier: rank 49 -> REPAIRED_NOT_ROUTED (all preconditions met, step=9201)
WARNING:megatron.core.transformer.moe.recovery_controller:[2026-05-29 01:02:30] BSR-MoE controller: reintegration barrier initialized for rank 49 (all preconditions marked, step=9201)
WARNING:megatron.core.transformer.moe.recovery_controller:[2026-05-29 01:02:30] BSR-MoE controller: SAFE_POINT_REPAIR → REINTEGRATED (event=safe_point_repair_completed, step=9201)
WARNING:megatron.core.transformer.moe.recovery_controller:[2026-05-29 01:02:30] BSR-MoE controller: ⏱️  ✅ SAFE-POINT REPAIR COMPLETED (path=HYBRID_RECOVERY, step=9201, failed=49, replacement=49) | Total=44.809s | Breakdown: PhaseA=44.790s, PhaseB=0.017s, PhaseC=0.000s
INFO:megatron.core.transformer.moe.bsr_integration:BSR-MoE: found latest checkpoint with BSR manifest at /mnt/ais-c1/dataset/zds/main_exp/5.27/moeguard/ckpt/iter_0009200 (step=9200)
WARNING:megatron.core.transformer.moe.recovery_controller:[2026-05-29 01:02:30] BSR-MoE controller: HYBRID_RECOVERY path — dense from DP peer, experts from checkpoint (step=9201, failed=49, replacement=49)
WARNING:megatron.core.transformer.moe.recovery_controller:[2026-05-29 01:02:30] BSR-MoE controller: dense_sync elapsed=0.000s (step=9201)
WARNING:megatron.core.transformer.moe.recovery_controller:[2026-05-29 01:02:30] BSR-MoE controller: expert_restore (sync weights, deferred optimizer) elapsed=0.000s (step=9201)
WARNING:megatron.core.transformer.moe.recovery_controller:[2026-05-29 01:02:30] BSR-MoE controller: ⏱️  [Phase B] Parameter recovery COMPLETED (path=HYBRID_RECOVERY, elapsed=45.564s)
INFO:megatron.core.transformer.moe.bsr_integration:BSR-MoE post-recovery convergence: views consistent after HYBRID_RECOVERY path (step=9201)
WARNING:megatron.core.transformer.moe.recovery_controller:[2026-05-29 01:02:30] BSR-MoE controller: ⏱️  [Phase B→C] Post-recovery convergence completed (path=HYBRID_RECOVERY, elapsed=0.001s, step=9201)
WARNING:megatron.core.transformer.moe.recovery_controller:[2026-05-29 01:02:30] BSR-MoE controller: ⏱️  [Phase C] Starting post-repair...
INFO:megatron.core.transformer.moe.reintegration_barrier:BSR-MoE barrier: begin reintegration for rank 49 -> 49 (experts=[16, 17, 18, 19, 20, 21, 22, 23, 24, 25, 26, 27, 28, 29, 30, 31], step=9201)
INFO:megatron.core.transformer.moe.reintegration_barrier:BSR-MoE barrier: rank 49 -> REPAIRED_NOT_ROUTED (all preconditions met, step=9201)
WARNING:megatron.core.transformer.moe.recovery_controller:[2026-05-29 01:02:30] BSR-MoE controller: reintegration barrier initialized for rank 49 (all preconditions marked, step=9201)
WARNING:megatron.core.transformer.moe.recovery_controller:[2026-05-29 01:02:30] BSR-MoE controller: SAFE_POINT_REPAIR → REINTEGRATED (event=safe_point_repair_completed, step=9201)
WARNING:megatron.core.transformer.moe.recovery_controller:[2026-05-29 01:02:30] BSR-MoE controller: ⏱️  ✅ SAFE-POINT REPAIR COMPLETED (path=HYBRID_RECOVERY, step=9201, failed=49, replacement=49) | Total=45.565s | Breakdown: PhaseA=0.000s, PhaseB=45.564s, PhaseC=0.000s
INFO:megatron.core.transformer.moe.bsr_integration:BSR-MoE: found latest checkpoint with BSR manifest at /mnt/ais-c1/dataset/zds/main_exp/5.27/moeguard/ckpt/iter_0009200 (step=9200)
WARNING:megatron.core.transformer.moe.recovery_controller:[2026-05-29 01:02:34] BSR-MoE controller: HYBRID_RECOVERY path — dense from DP peer, experts from checkpoint (step=9201, failed=49, replacement=49)
WARNING:megatron.core.transformer.moe.recovery_controller:[2026-05-29 01:02:34] BSR-MoE controller: dense_sync elapsed=0.000s (step=9201)
WARNING:megatron.core.transformer.moe.recovery_controller:[2026-05-29 01:02:34] BSR-MoE controller: expert_restore (sync weights, deferred optimizer) elapsed=0.000s (step=9201)
WARNING:megatron.core.transformer.moe.recovery_controller:[2026-05-29 01:02:34] BSR-MoE controller: ⏱️  [Phase B] Parameter recovery COMPLETED (path=HYBRID_RECOVERY, elapsed=49.112s)
INFO:megatron.core.transformer.moe.bsr_integration:BSR-MoE post-recovery convergence: views consistent after HYBRID_RECOVERY path (step=9201)
WARNING:megatron.core.transformer.moe.recovery_controller:[2026-05-29 01:02:34] BSR-MoE controller: ⏱️  [Phase B→C] Post-recovery convergence completed (path=HYBRID_RECOVERY, elapsed=0.001s, step=9201)
WARNING:megatron.core.transformer.moe.recovery_controller:[2026-05-29 01:02:34] BSR-MoE controller: ⏱️  [Phase C] Starting post-repair...
INFO:megatron.core.transformer.moe.reintegration_barrier:BSR-MoE barrier: begin reintegration for rank 49 -> 49 (experts=[16, 17, 18, 19, 20, 21, 22, 23, 24, 25, 26, 27, 28, 29, 30, 31], step=9201)
INFO:megatron.core.transformer.moe.reintegration_barrier:BSR-MoE barrier: rank 49 -> REPAIRED_NOT_ROUTED (all preconditions met, step=9201)
WARNING:megatron.core.transformer.moe.recovery_controller:[2026-05-29 01:02:34] BSR-MoE controller: reintegration barrier initialized for rank 49 (all preconditions marked, step=9201)
WARNING:megatron.core.transformer.moe.recovery_controller:[2026-05-29 01:02:34] BSR-MoE controller: SAFE_POINT_REPAIR → REINTEGRATED (event=safe_point_repair_completed, step=9201)
WARNING:megatron.core.transformer.moe.recovery_controller:[2026-05-29 01:02:34] BSR-MoE controller: ⏱️  ✅ SAFE-POINT REPAIR COMPLETED (path=HYBRID_RECOVERY, step=9201, failed=49, replacement=49) | Total=49.114s | Breakdown: PhaseA=0.000s, PhaseB=49.112s, PhaseC=0.000s
NCCL version 2.21.5+cuda12.4
NCCL version 2.21.5+cuda12.4
NCCL version 2.21.5+cuda12.4
NCCL version 2.21.5+cuda12.4
NCCL version 2.21.5+cuda12.4
NCCL version 2.21.5+cuda12.4
NCCL version 2.21.5+cuda12.4
NCCL version 2.21.5+cuda12.4
WARNING:megatron.core.transformer.moe.optimizer_commit_guard:BSR-MoE OptimizerCommitGuard: BLOCKING optimizer.step() at step 9201 — explicitly blocked (reason=hard_failure_rank_49_step_9201)
INFO:megatron.core.transformer.moe.optimizer_commit_guard:BSR-MoE OptimizerCommitGuard: optimizer.step() SKIPPED at step 9201 (reason: iteration_invalidated)
WARNING:megatron.core.transformer.moe.optimizer_commit_guard:BSR-MoE OptimizerCommitGuard: BLOCKING optimizer.step() at step 9201 — explicitly blocked (reason=hard_failure_rank_49_step_9201)
WARNING:megatron.core.transformer.moe.optimizer_commit_guard:BSR-MoE OptimizerCommitGuard: BLOCKING optimizer.step() at step 9201 — explicitly blocked (reason=hard_failure_rank_49_step_9201)
INFO:megatron.core.transformer.moe.optimizer_commit_guard:BSR-MoE OptimizerCommitGuard: optimizer.step() SKIPPED at step 9201 (reason: iteration_invalidated)
INFO:megatron.core.transformer.moe.optimizer_commit_guard:BSR-MoE OptimizerCommitGuard: optimizer.step() SKIPPED at step 9201 (reason: iteration_invalidated)
WARNING:megatron.core.transformer.moe.optimizer_commit_guard:BSR-MoE OptimizerCommitGuard: BLOCKING optimizer.step() at step 9201 — explicitly blocked (reason=hard_failure_rank_49_step_9201)
INFO:megatron.core.transformer.moe.optimizer_commit_guard:BSR-MoE OptimizerCommitGuard: optimizer.step() SKIPPED at step 9201 (reason: iteration_invalidated)
WARNING:megatron.core.transformer.moe.optimizer_commit_guard:BSR-MoE OptimizerCommitGuard: BLOCKING optimizer.step() at step 9201 — explicitly blocked (reason=hard_failure_rank_49_step_9201)
WARNING:megatron.core.transformer.moe.optimizer_commit_guard:BSR-MoE OptimizerCommitGuard: BLOCKING optimizer.step() at step 9201 — explicitly blocked (reason=hard_failure_rank_49_step_9201)
INFO:megatron.core.transformer.moe.optimizer_commit_guard:BSR-MoE OptimizerCommitGuard: optimizer.step() SKIPPED at step 9201 (reason: iteration_invalidated)
INFO:megatron.core.transformer.moe.optimizer_commit_guard:BSR-MoE OptimizerCommitGuard: optimizer.step() SKIPPED at step 9201 (reason: iteration_invalidated)
WARNING:megatron.core.transformer.moe.optimizer_commit_guard:BSR-MoE OptimizerCommitGuard: BLOCKING optimizer.step() at step 9201 — explicitly blocked (reason=hard_failure_rank_49_step_9201)
INFO:megatron.core.transformer.moe.optimizer_commit_guard:BSR-MoE OptimizerCommitGuard: optimizer.step() SKIPPED at step 9201 (reason: iteration_invalidated)
WARNING:megatron.core.transformer.moe.optimizer_commit_guard:BSR-MoE OptimizerCommitGuard: BLOCKING optimizer.step() at step 9201 — explicitly blocked (reason=hard_failure_rank_49_step_9201)
INFO:megatron.core.transformer.moe.optimizer_commit_guard:BSR-MoE OptimizerCommitGuard: optimizer.step() SKIPPED at step 9201 (reason: iteration_invalidated)
 [2026-05-29 01:06:48] iteration     9201/   10000 | consumed samples:       588864 | elapsed time per iteration (ms): 303163.7 | learning rate: 1.144701E-05 | global batch size:    64 | load_balancing_loss: 1.022664E+00 | loss scale: 1.0 | number of skipped iterations:   1 | number of nan iterations:   0 |
[Rank 56] (after 9201 iterations) memory (MB) | allocated: 16203.49169921875 | max allocated: 73636.31787109375 | reserved: 79544.0 | max reserved: 79544.0
INFO:megatron.core.transformer.moe.recovery_controller:ExpertRecoveryTracker: experts [16, 17, 18, 19, 20, 21, 22, 23, 24, 25, 26, 27, 28, 29, 30, 31] → HEALTHY (step=9201)
INFO:megatron.core.transformer.moe.recovery_controller:ExpertRecoveryTracker: experts [16, 17, 18, 19, 20, 21, 22, 23, 24, 25, 26, 27, 28, 29, 30, 31] → HEALTHY (step=9201)
INFO:megatron.core.transformer.moe.recovery_controller:ExpertRecoveryTracker: experts [16, 17, 18, 19, 20, 21, 22, 23, 24, 25, 26, 27, 28, 29, 30, 31] → HEALTHY (step=9201)
INFO:megatron.core.transformer.moe.recovery_controller:ExpertRecoveryTracker: experts [16, 17, 18, 19, 20, 21, 22, 23, 24, 25, 26, 27, 28, 29, 30, 31] → HEALTHY (step=9201)
INFO:megatron.core.transformer.moe.recovery_controller:ExpertRecoveryTracker: experts [16, 17, 18, 19, 20, 21, 22, 23, 24, 25, 26, 27, 28, 29, 30, 31] → HEALTHY (step=9201)
INFO:megatron.core.transformer.moe.recovery_controller:ExpertRecoveryTracker: experts [16, 17, 18, 19, 20, 21, 22, 23, 24, 25, 26, 27, 28, 29, 30, 31] → HEALTHY (step=9201)
INFO:megatron.core.transformer.moe.recovery_controller:ExpertRecoveryTracker: experts [16, 17, 18, 19, 20, 21, 22, 23, 24, 25, 26, 27, 28, 29, 30, 31] → HEALTHY (step=9201)
INFO:megatron.core.transformer.moe.recovery_controller:ExpertRecoveryTracker: experts [16, 17, 18, 19, 20, 21, 22, 23, 24, 25, 26, 27, 28, 29, 30, 31] → HEALTHY (step=9201)
WARNING:megatron.core.transformer.moe.reintegration_barrier:BSR-MoE barrier: rank 49 reintegrated at step 9201 (replacement=49, experts=[16, 17, 18, 19, 20, 21, 22, 23, 24, 25, 26, 27, 28, 29, 30, 31])
WARNING:megatron.core.transformer.moe.reintegration_barrier:BSR-MoE barrier: rank 49 reintegrated at step 9201 (replacement=49, experts=[16, 17, 18, 19, 20, 21, 22, 23, 24, 25, 26, 27, 28, 29, 30, 31])
INFO:megatron.core.transformer.moe.recovery_controller:BSR-MoE controller: barrier reintegration executed for rank 49 at step 9201
INFO:megatron.core.transformer.moe.recovery_controller:BSR-MoE controller: barrier reintegration executed for rank 49 at step 9201
WARNING:megatron.core.transformer.moe.reintegration_barrier:BSR-MoE barrier: rank 49 reintegrated at step 9201 (replacement=49, experts=[16, 17, 18, 19, 20, 21, 22, 23, 24, 25, 26, 27, 28, 29, 30, 31])
INFO:megatron.core.transformer.moe.recovery_controller:BSR-MoE controller: barrier reintegration executed for rank 49 at step 9201
WARNING:megatron.core.transformer.moe.reintegration_barrier:BSR-MoE barrier: rank 49 reintegrated at step 9201 (replacement=49, experts=[16, 17, 18, 19, 20, 21, 22, 23, 24, 25, 26, 27, 28, 29, 30, 31])
INFO:megatron.core.transformer.moe.recovery_controller:BSR-MoE controller: barrier reintegration executed for rank 49 at step 9201
WARNING:megatron.core.transformer.moe.recovery_controller:[2026-05-29 01:06:48] BSR-MoE controller: REINTEGRATED → HEALTHY_TRAINING (event=reintegration_finalized, step=9201)
WARNING:megatron.core.transformer.moe.recovery_controller:[2026-05-29 01:06:48] BSR-MoE controller: REINTEGRATED → HEALTHY_TRAINING (event=reintegration_finalized, step=9201)
WARNING:megatron.core.transformer.moe.recovery_controller:[2026-05-29 01:06:48] BSR-MoE controller: reintegration finalized at step 9201 (1 recoveries completed)
WARNING:megatron.core.transformer.moe.reintegration_barrier:BSR-MoE barrier: rank 49 reintegrated at step 9201 (replacement=49, experts=[16, 17, 18, 19, 20, 21, 22, 23, 24, 25, 26, 27, 28, 29, 30, 31])
WARNING:megatron.core.transformer.moe.recovery_controller:[2026-05-29 01:06:48] BSR-MoE controller: reintegration finalized at step 9201 (1 recoveries completed)
INFO:megatron.core.transformer.moe.recovery_controller:BSR-MoE controller: barrier reintegration executed for rank 49 at step 9201
WARNING:megatron.core.transformer.moe.recovery_controller:[2026-05-29 01:06:48] BSR-MoE controller: REINTEGRATED → HEALTHY_TRAINING (event=reintegration_finalized, step=9201)
WARNING:megatron.core.transformer.moe.reintegration_barrier:BSR-MoE barrier: rank 49 reintegrated at step 9201 (replacement=49, experts=[16, 17, 18, 19, 20, 21, 22, 23, 24, 25, 26, 27, 28, 29, 30, 31])
WARNING:megatron.core.transformer.moe.recovery_controller:[2026-05-29 01:06:48] BSR-MoE controller: reintegration finalized at step 9201 (1 recoveries completed)
WARNING:megatron.core.transformer.moe.recovery_controller:[2026-05-29 01:06:48] BSR-MoE controller: REINTEGRATED → HEALTHY_TRAINING (event=reintegration_finalized, step=9201)
INFO:megatron.core.transformer.moe.recovery_controller:BSR-MoE controller: barrier reintegration executed for rank 49 at step 9201
WARNING:megatron.core.transformer.moe.reintegration_barrier:BSR-MoE barrier: rank 49 reintegrated at step 9201 (replacement=49, experts=[16, 17, 18, 19, 20, 21, 22, 23, 24, 25, 26, 27, 28, 29, 30, 31])
WARNING:megatron.core.transformer.moe.recovery_controller:[2026-05-29 01:06:48] BSR-MoE controller: reintegration finalized at step 9201 (1 recoveries completed)
INFO:megatron.core.transformer.moe.recovery_controller:BSR-MoE controller: barrier reintegration executed for rank 49 at step 9201
WARNING:megatron.core.transformer.moe.reintegration_barrier:BSR-MoE barrier: rank 49 reintegrated at step 9201 (replacement=49, experts=[16, 17, 18, 19, 20, 21, 22, 23, 24, 25, 26, 27, 28, 29, 30, 31])
WARNING:megatron.core.transformer.moe.recovery_controller:[2026-05-29 01:06:48] BSR-MoE controller: REINTEGRATED → HEALTHY_TRAINING (event=reintegration_finalized, step=9201)
INFO:megatron.core.transformer.moe.recovery_controller:BSR-MoE controller: barrier reintegration executed for rank 49 at step 9201
WARNING:megatron.core.transformer.moe.recovery_controller:[2026-05-29 01:06:48] BSR-MoE controller: reintegration finalized at step 9201 (1 recoveries completed)
WARNING:megatron.core.transformer.moe.recovery_controller:[2026-05-29 01:06:48] BSR-MoE controller: REINTEGRATED → HEALTHY_TRAINING (event=reintegration_finalized, step=9201)
WARNING:megatron.core.transformer.moe.recovery_controller:[2026-05-29 01:06:48] BSR-MoE controller: reintegration finalized at step 9201 (1 recoveries completed)
WARNING:megatron.core.transformer.moe.recovery_controller:[2026-05-29 01:06:48] BSR-MoE controller: REINTEGRATED → HEALTHY_TRAINING (event=reintegration_finalized, step=9201)
WARNING:megatron.core.transformer.moe.recovery_controller:[2026-05-29 01:06:48] BSR-MoE controller: reintegration finalized at step 9201 (1 recoveries completed)
WARNING:megatron.core.transformer.moe.recovery_controller:[2026-05-29 01:06:48] BSR-MoE controller: REINTEGRATED → HEALTHY_TRAINING (event=reintegration_finalized, step=9201)
WARNING:megatron.core.transformer.moe.recovery_controller:[2026-05-29 01:06:48] BSR-MoE controller: reintegration finalized at step 9201 (1 recoveries completed)
 [2026-05-29 01:06:59] iteration     9202/   10000 | consumed samples:       588928 | elapsed time per iteration (ms): 11016.5 | learning rate: 1.144346E-05 | global batch size:    64 | load_balancing_loss: 1.024188E+00 | lm loss: 2.747746E+00 | loss scale: 1.0 | grad norm: 0.203 | number of skipped iterations:   0 | number of nan iterations:   0 |
WARNING:megatron.core.transformer.moe.bsr_integration:[2026-05-29 01:06:59] BSR-MoE restart-in-place fault burst: injecting 1 ranks together for scheduled_step=1188 at step=9203
WARNING:megatron.core.transformer.moe.bsr_integration:[2026-05-29 01:06:59] BSR-MoE FAULT INJECTION #2: type=restart_in_place, rank=35, step=9203, scheduled_step=1188, experts=[48, 49, 50, 51, 52, 53, 54, 55, 56, 57, 58, 59, 60, 61, 62, 63], ep_group=[32, 33, 34, 35, 36, 37, 38, 39]
WARNING:megatron.core.transformer.moe.bsr_integration:[2026-05-29 01:06:59] BSR-MoE restart-in-place fault burst: injecting 1 ranks together for scheduled_step=1188 at step=9203
WARNING:megatron.core.transformer.moe.recovery_controller:[2026-05-29 01:06:59] BSR-MoE controller: rank 35 HARD FAILURE (step=9203, reason=scheduled_restart_in_place_injection, experts=[48, 49, 50, 51, 52, 53, 54, 55, 56, 57, 58, 59, 60, 61, 62, 63], mid_iteration=False)
WARNING:megatron.core.transformer.moe.bsr_integration:[2026-05-29 01:06:59] BSR-MoE FAULT INJECTION #2: type=restart_in_place, rank=35, step=9203, scheduled_step=1188, experts=[48, 49, 50, 51, 52, 53, 54, 55, 56, 57, 58, 59, 60, 61, 62, 63], ep_group=[32, 33, 34, 35, 36, 37, 38, 39]
INFO:megatron.core.transformer.moe.recovery_controller:ExpertRecoveryTracker: experts [48, 49, 50, 51, 52, 53, 54, 55, 56, 57, 58, 59, 60, 61, 62, 63] → RECOVERING (step=9203)
WARNING:megatron.core.transformer.moe.bsr_integration:[2026-05-29 01:06:59] BSR-MoE restart-in-place fault burst: injecting 1 ranks together for scheduled_step=1188 at step=9203
WARNING:megatron.core.transformer.moe.optimizer_commit_guard:OptimizerCommitGuard: commit BLOCKED (step=9203, reason=hard_failure_rank_35_step_9203)
WARNING:megatron.core.transformer.moe.bsr_integration:BSR-MoE: optimizer commit blocked for step 9203 (hard failure of rank 35)
WARNING:megatron.core.transformer.moe.recovery_controller:[2026-05-29 01:06:59] BSR-MoE controller: rank 35 HARD FAILURE (step=9203, reason=scheduled_restart_in_place_injection, experts=[48, 49, 50, 51, 52, 53, 54, 55, 56, 57, 58, 59, 60, 61, 62, 63], mid_iteration=False)
WARNING:megatron.core.transformer.moe.bsr_integration:BSR-MoE: entering waiting-for-replacement state (failed_rank=35, step=9203, experts=[48, 49, 50, 51, 52, 53, 54, 55, 56, 57, 58, 59, 60, 61, 62, 63])
WARNING:megatron.core.transformer.moe.bsr_integration:[2026-05-29 01:06:59] BSR-MoE FAULT INJECTION #2: type=restart_in_place, rank=35, step=9203, scheduled_step=1188, experts=[48, 49, 50, 51, 52, 53, 54, 55, 56, 57, 58, 59, 60, 61, 62, 63], ep_group=[32, 33, 34, 35, 36, 37, 38, 39]
INFO:megatron.core.transformer.moe.recovery_controller:ExpertRecoveryTracker: experts [48, 49, 50, 51, 52, 53, 54, 55, 56, 57, 58, 59, 60, 61, 62, 63] → RECOVERING (step=9203)
WARNING:megatron.core.transformer.moe.bsr_integration:[2026-05-29 01:06:59] BSR-MoE restart-in-place fault burst: injecting 1 ranks together for scheduled_step=1188 at step=9203
WARNING:megatron.core.transformer.moe.recovery_controller:[2026-05-29 01:06:59] BSR-MoE controller: HEALTHY_TRAINING → PENDING_GROUP_REPAIR (event=hard_rank_failure, step=9203)
WARNING:megatron.core.transformer.moe.optimizer_commit_guard:OptimizerCommitGuard: commit BLOCKED (step=9203, reason=hard_failure_rank_35_step_9203)
WARNING:megatron.core.transformer.moe.recovery_controller:[2026-05-29 01:06:59] BSR-MoE controller: rank 35 HARD FAILURE (step=9203, reason=scheduled_restart_in_place_injection, experts=[48, 49, 50, 51, 52, 53, 54, 55, 56, 57, 58, 59, 60, 61, 62, 63], mid_iteration=False)
WARNING:megatron.core.transformer.moe.bsr_integration:[2026-05-29 01:06:59] BSR-MoE restart-in-place fault burst: injecting 1 ranks together for scheduled_step=1188 at step=9203
WARNING:megatron.core.transformer.moe.recovery_controller:[2026-05-29 01:06:59] BSR-MoE controller: replacement assigned — failed_rank=35, replacement_rank=35 (step=9203)
WARNING:megatron.core.transformer.moe.bsr_integration:BSR-MoE: optimizer commit blocked for step 9203 (hard failure of rank 35)
WARNING:megatron.core.transformer.moe.bsr_integration:BSR-MoE: entering waiting-for-replacement state (failed_rank=35, step=9203, experts=[48, 49, 50, 51, 52, 53, 54, 55, 56, 57, 58, 59, 60, 61, 62, 63])
WARNING:megatron.core.transformer.moe.bsr_integration:[2026-05-29 01:06:59] BSR-MoE FAULT INJECTION #2: type=restart_in_place, rank=35, step=9203, scheduled_step=1188, experts=[48, 49, 50, 51, 52, 53, 54, 55, 56, 57, 58, 59, 60, 61, 62, 63], ep_group=[32, 33, 34, 35, 36, 37, 38, 39]
INFO:megatron.core.transformer.moe.recovery_controller:ExpertRecoveryTracker: experts [48, 49, 50, 51, 52, 53, 54, 55, 56, 57, 58, 59, 60, 61, 62, 63] → RECOVERING (step=9203)
WARNING:megatron.core.transformer.moe.recovery_controller:[2026-05-29 01:06:59] BSR-MoE controller: HEALTHY_TRAINING → PENDING_GROUP_REPAIR (event=hard_rank_failure, step=9203)
INFO:megatron.core.transformer.moe.replacement_registry:BSR-MoE replacement: failed_rank=35, replacement_rank=35, NOT_PRESENT → BOOTSTRAPPING (step=9203)
WARNING:megatron.core.transformer.moe.bsr_integration:[2026-05-29 01:06:59] BSR-MoE restart-in-place fault burst: injecting 1 ranks together for scheduled_step=1188 at step=9203
WARNING:megatron.core.transformer.moe.optimizer_commit_guard:OptimizerCommitGuard: commit BLOCKED (step=9203, reason=hard_failure_rank_35_step_9203)
WARNING:megatron.core.transformer.moe.bsr_integration:[2026-05-29 01:06:59] BSR-MoE FAULT INJECTION #2: type=restart_in_place, rank=35, step=9203, scheduled_step=1188, experts=[48, 49, 50, 51, 52, 53, 54, 55, 56, 57, 58, 59, 60, 61, 62, 63], ep_group=[32, 33, 34, 35, 36, 37, 38, 39]
WARNING:megatron.core.transformer.moe.bsr_integration:BSR-MoE: optimizer commit blocked for step 9203 (hard failure of rank 35)
WARNING:megatron.core.transformer.moe.replacement_registry:BSR-MoE: replacement announced — failed_rank=35 → replacement_rank=35 (step=9203, reason='')
WARNING:megatron.core.transformer.moe.recovery_controller:[2026-05-29 01:06:59] BSR-MoE controller: rank 35 HARD FAILURE (step=9203, reason=scheduled_restart_in_place_injection, experts=[48, 49, 50, 51, 52, 53, 54, 55, 56, 57, 58, 59, 60, 61, 62, 63], mid_iteration=False)
WARNING:megatron.core.transformer.moe.bsr_integration:BSR-MoE: entering waiting-for-replacement state (failed_rank=35, step=9203, experts=[48, 49, 50, 51, 52, 53, 54, 55, 56, 57, 58, 59, 60, 61, 62, 63])
WARNING:megatron.core.transformer.moe.recovery_controller:[2026-05-29 01:06:59] BSR-MoE controller: replacement assigned — failed_rank=35, replacement_rank=35 (step=9203)
WARNING:megatron.core.transformer.moe.recovery_controller:[2026-05-29 01:06:59] BSR-MoE controller: PENDING_GROUP_REPAIR → WAITING_FOR_REPLACEMENT (event=replacement_assigned, step=9203)
WARNING:megatron.core.transformer.moe.recovery_controller:[2026-05-29 01:06:59] BSR-MoE controller: replacement ready — failed_rank=35 (step=9203)
WARNING:megatron.core.transformer.moe.recovery_controller:[2026-05-29 01:06:59] BSR-MoE controller: HEALTHY_TRAINING → PENDING_GROUP_REPAIR (event=hard_rank_failure, step=9203)
INFO:megatron.core.transformer.moe.recovery_controller:ExpertRecoveryTracker: experts [48, 49, 50, 51, 52, 53, 54, 55, 56, 57, 58, 59, 60, 61, 62, 63] → RECOVERING (step=9203)
WARNING:megatron.core.transformer.moe.bsr_integration:[2026-05-29 01:06:59] BSR-MoE FAULT INJECTION #2: type=restart_in_place, rank=35, step=9203, scheduled_step=1188, experts=[48, 49, 50, 51, 52, 53, 54, 55, 56, 57, 58, 59, 60, 61, 62, 63], ep_group=[32, 33, 34, 35, 36, 37, 38, 39]
WARNING:megatron.core.transformer.moe.recovery_controller:[2026-05-29 01:06:59] BSR-MoE controller: rank 35 HARD FAILURE (step=9203, reason=scheduled_restart_in_place_injection, experts=[48, 49, 50, 51, 52, 53, 54, 55, 56, 57, 58, 59, 60, 61, 62, 63], mid_iteration=False)
WARNING:megatron.core.transformer.moe.recovery_controller:[2026-05-29 01:06:59] BSR-MoE controller: WAITING_FOR_REPLACEMENT → SAFE_POINT_REPAIR (event=replacement_ready, step=9203)
INFO:megatron.core.transformer.moe.replacement_registry:BSR-MoE replacement: failed_rank=35, replacement_rank=35, NOT_PRESENT → BOOTSTRAPPING (step=9203)
WARNING:megatron.core.transformer.moe.recovery_controller:BSR-MoE controller: restart-in-place fast path for rank 35 (replacement=self, step=9203)
WARNING:megatron.core.transformer.moe.recovery_controller:[2026-05-29 01:06:59] BSR-MoE controller: replacement assigned — failed_rank=35, replacement_rank=35 (step=9203)
WARNING:megatron.core.transformer.moe.optimizer_commit_guard:OptimizerCommitGuard: commit BLOCKED (step=9203, reason=hard_failure_rank_35_step_9203)
WARNING:megatron.core.transformer.moe.replacement_registry:BSR-MoE: replacement announced — failed_rank=35 → replacement_rank=35 (step=9203, reason='')
WARNING:megatron.core.transformer.moe.bsr_integration:BSR-MoE: optimizer commit blocked for step 9203 (hard failure of rank 35)
WARNING:megatron.core.transformer.moe.recovery_controller:[2026-05-29 01:06:59] BSR-MoE controller: ⏱️  START safe-point repair at step 9203 (failed=35, replacement=35)
INFO:megatron.core.transformer.moe.recovery_controller:ExpertRecoveryTracker: experts [48, 49, 50, 51, 52, 53, 54, 55, 56, 57, 58, 59, 60, 61, 62, 63] → RECOVERING (step=9203)
WARNING:megatron.core.transformer.moe.recovery_controller:[2026-05-29 01:06:59] BSR-MoE controller: rank 35 HARD FAILURE (step=9203, reason=scheduled_restart_in_place_injection, experts=[48, 49, 50, 51, 52, 53, 54, 55, 56, 57, 58, 59, 60, 61, 62, 63], mid_iteration=False)
WARNING:megatron.core.transformer.moe.bsr_integration:BSR-MoE: entering waiting-for-replacement state (failed_rank=35, step=9203, experts=[48, 49, 50, 51, 52, 53, 54, 55, 56, 57, 58, 59, 60, 61, 62, 63])
WARNING:megatron.core.transformer.moe.recovery_controller:[2026-05-29 01:06:59] BSR-MoE controller: PENDING_GROUP_REPAIR → WAITING_FOR_REPLACEMENT (event=replacement_assigned, step=9203)
WARNING:megatron.core.transformer.moe.recovery_controller:[2026-05-29 01:06:59] BSR-MoE controller: ⏱️  [Phase A] Starting infrastructure repair...
WARNING:megatron.core.transformer.moe.optimizer_commit_guard:OptimizerCommitGuard: commit BLOCKED (step=9203, reason=hard_failure_rank_35_step_9203)
INFO:megatron.core.transformer.moe.replacement_registry:BSR-MoE replacement: failed_rank=35, replacement_rank=35, NOT_PRESENT → BOOTSTRAPPING (step=9203)
WARNING:megatron.core.transformer.moe.recovery_controller:[2026-05-29 01:06:59] BSR-MoE controller: replacement ready — failed_rank=35 (step=9203)
INFO:megatron.core.transformer.moe.recovery_controller:ExpertRecoveryTracker: experts [48, 49, 50, 51, 52, 53, 54, 55, 56, 57, 58, 59, 60, 61, 62, 63] → RECOVERING (step=9203)
WARNING:megatron.core.transformer.moe.bsr_integration:BSR-MoE: optimizer commit blocked for step 9203 (hard failure of rank 35)
WARNING:megatron.core.transformer.moe.replacement_registry:BSR-MoE: replacement announced — failed_rank=35 → replacement_rank=35 (step=9203, reason='')
WARNING:megatron.core.transformer.moe.recovery_controller:[2026-05-29 01:06:59] BSR-MoE controller: HEALTHY_TRAINING → PENDING_GROUP_REPAIR (event=hard_rank_failure, step=9203)
WARNING:megatron.core.transformer.moe.recovery_controller:[2026-05-29 01:06:59] BSR-MoE controller: WAITING_FOR_REPLACEMENT → SAFE_POINT_REPAIR (event=replacement_ready, step=9203)
INFO:megatron.core.transformer.moe.replacement_registry:BSR-MoE replacement: failed_rank=35, replacement_rank=35, BOOTSTRAPPING → READY_FOR_REPAIR (step=9203)
WARNING:megatron.core.transformer.moe.bsr_integration:BSR-MoE: entering waiting-for-replacement state (failed_rank=35, step=9203, experts=[48, 49, 50, 51, 52, 53, 54, 55, 56, 57, 58, 59, 60, 61, 62, 63])
WARNING:megatron.core.transformer.moe.recovery_controller:BSR-MoE controller: restart-in-place fast path for rank 35 (replacement=self, step=9203)
WARNING:megatron.core.transformer.moe.recovery_controller:[2026-05-29 01:06:59] BSR-MoE controller: PENDING_GROUP_REPAIR → WAITING_FOR_REPLACEMENT (event=replacement_assigned, step=9203)
INFO:megatron.core.transformer.moe.replacement_registry:BSR-MoE replacement: failed_rank=35, replacement_rank=35, READY_FOR_REPAIR → INTEGRATED (step=9203)
WARNING:megatron.core.transformer.moe.optimizer_commit_guard:OptimizerCommitGuard: commit BLOCKED (step=9203, reason=hard_failure_rank_35_step_9203)
WARNING:megatron.core.transformer.moe.recovery_controller:[2026-05-29 01:06:59] BSR-MoE controller: replacement assigned — failed_rank=35, replacement_rank=35 (step=9203)
WARNING:megatron.core.transformer.moe.replacement_registry:BSR-MoE: replacement INTEGRATED — failed_rank=35, replacement_rank=35 (step=9203)
WARNING:megatron.core.transformer.moe.bsr_integration:BSR-MoE: optimizer commit blocked for step 9203 (hard failure of rank 35)
WARNING:megatron.core.transformer.moe.recovery_controller:[2026-05-29 01:06:59] BSR-MoE controller: replacement ready — failed_rank=35 (step=9203)
WARNING:megatron.core.transformer.moe.recovery_controller:[2026-05-29 01:06:59] BSR-MoE controller: ⏱️  START safe-point repair at step 9203 (failed=35, replacement=35)
WARNING:megatron.core.transformer.moe.recovery_controller:[2026-05-29 01:06:59] BSR-MoE controller: HEALTHY_TRAINING → PENDING_GROUP_REPAIR (event=hard_rank_failure, step=9203)
WARNING:megatron.core.transformer.moe.bsr_integration:BSR-MoE: entering waiting-for-replacement state (failed_rank=35, step=9203, experts=[48, 49, 50, 51, 52, 53, 54, 55, 56, 57, 58, 59, 60, 61, 62, 63])
WARNING:megatron.core.transformer.moe.recovery_controller:[2026-05-29 01:06:59] BSR-MoE controller: step1 replacement_integrate elapsed=0.000s (step=9203)
WARNING:megatron.core.transformer.moe.recovery_controller:[2026-05-29 01:06:59] BSR-MoE controller: WAITING_FOR_REPLACEMENT → SAFE_POINT_REPAIR (event=replacement_ready, step=9203)
WARNING:megatron.core.transformer.moe.recovery_controller:[2026-05-29 01:06:59] BSR-MoE controller: step2 group_rebuild_request elapsed=0.000s (step=9203)
WARNING:megatron.core.transformer.moe.recovery_controller:[2026-05-29 01:06:59] BSR-MoE controller: ⏱️  [Phase A] Starting infrastructure repair...
WARNING:megatron.core.transformer.moe.recovery_controller:BSR-MoE controller: restart-in-place fast path for rank 35 (replacement=self, step=9203)
WARNING:megatron.core.transformer.moe.recovery_controller:[2026-05-29 01:06:59] BSR-MoE controller: replacement assigned — failed_rank=35, replacement_rank=35 (step=9203)
WARNING:megatron.core.transformer.moe.recovery_controller:[2026-05-29 01:06:59] BSR-MoE controller: step3 group_rebuild_execute elapsed=0.000s (step=9203)
INFO:megatron.core.transformer.moe.replacement_registry:BSR-MoE replacement: failed_rank=35, replacement_rank=35, NOT_PRESENT → BOOTSTRAPPING (step=9203)
WARNING:megatron.core.transformer.moe.recovery_controller:[2026-05-29 01:06:59] BSR-MoE controller: HEALTHY_TRAINING → PENDING_GROUP_REPAIR (event=hard_rank_failure, step=9203)
WARNING:megatron.core.transformer.moe.recovery_controller:[2026-05-29 01:06:59] BSR-MoE controller: step4 group_rebuild_finish elapsed=0.000s (step=9203)
INFO:megatron.core.transformer.moe.replacement_registry:BSR-MoE replacement: failed_rank=35, replacement_rank=35, BOOTSTRAPPING → READY_FOR_REPAIR (step=9203)
WARNING:megatron.core.transformer.moe.recovery_controller:[2026-05-29 01:06:59] BSR-MoE controller: ⏱️  START safe-point repair at step 9203 (failed=35, replacement=35)
WARNING:megatron.core.transformer.moe.replacement_registry:BSR-MoE: replacement announced — failed_rank=35 → replacement_rank=35 (step=9203, reason='')
WARNING:megatron.core.transformer.moe.recovery_controller:[2026-05-29 01:06:59] BSR-MoE controller: step5 topology_refresh elapsed=0.000s (step=9203)
INFO:megatron.core.transformer.moe.replacement_registry:BSR-MoE replacement: failed_rank=35, replacement_rank=35, READY_FOR_REPAIR → INTEGRATED (step=9203)
WARNING:megatron.core.transformer.moe.replacement_registry:BSR-MoE: replacement INTEGRATED — failed_rank=35, replacement_rank=35 (step=9203)
WARNING:megatron.core.transformer.moe.recovery_controller:[2026-05-29 01:06:59] BSR-MoE controller: ⏱️  [Phase A] Infrastructure repair COMPLETED (elapsed=0.000s)
WARNING:megatron.core.transformer.moe.recovery_controller:[2026-05-29 01:06:59] BSR-MoE controller: ⏱️  [Phase A] Starting infrastructure repair...
WARNING:megatron.core.transformer.moe.recovery_controller:[2026-05-29 01:06:59] BSR-MoE controller: replacement assigned — failed_rank=35, replacement_rank=35 (step=9203)
WARNING:megatron.core.transformer.moe.recovery_controller:[2026-05-29 01:06:59] BSR-MoE controller: PENDING_GROUP_REPAIR → WAITING_FOR_REPLACEMENT (event=replacement_assigned, step=9203)
WARNING:megatron.core.transformer.moe.recovery_controller:[2026-05-29 01:06:59] BSR-MoE controller: ⏱️  [Phase B] Starting parameter recovery...
WARNING:megatron.core.transformer.moe.recovery_controller:[2026-05-29 01:06:59] BSR-MoE controller: step1 replacement_integrate elapsed=0.000s (step=9203)
INFO:megatron.core.transformer.moe.replacement_registry:BSR-MoE replacement: failed_rank=35, replacement_rank=35, NOT_PRESENT → BOOTSTRAPPING (step=9203)
WARNING:megatron.core.transformer.moe.recovery_controller:[2026-05-29 01:06:59] BSR-MoE controller: replacement ready — failed_rank=35 (step=9203)
INFO:megatron.core.transformer.moe.replacement_registry:BSR-MoE replacement: failed_rank=35, replacement_rank=35, BOOTSTRAPPING → READY_FOR_REPAIR (step=9203)
WARNING:megatron.core.transformer.moe.recovery_controller:[2026-05-29 01:06:59] BSR-MoE controller: step2 group_rebuild_request elapsed=0.000s (step=9203)
WARNING:megatron.core.transformer.moe.replacement_registry:BSR-MoE: replacement announced — failed_rank=35 → replacement_rank=35 (step=9203, reason='')
INFO:megatron.core.transformer.moe.replacement_registry:BSR-MoE replacement: failed_rank=35, replacement_rank=35, READY_FOR_REPAIR → INTEGRATED (step=9203)
WARNING:megatron.core.transformer.moe.recovery_controller:[2026-05-29 01:06:59] BSR-MoE controller: step3 group_rebuild_execute elapsed=0.000s (step=9203)
WARNING:megatron.core.transformer.moe.recovery_controller:[2026-05-29 01:06:59] BSR-MoE controller: WAITING_FOR_REPLACEMENT → SAFE_POINT_REPAIR (event=replacement_ready, step=9203)
WARNING:megatron.core.transformer.moe.replacement_registry:BSR-MoE: replacement INTEGRATED — failed_rank=35, replacement_rank=35 (step=9203)
WARNING:megatron.core.transformer.moe.recovery_controller:[2026-05-29 01:06:59] BSR-MoE controller: PENDING_GROUP_REPAIR → WAITING_FOR_REPLACEMENT (event=replacement_assigned, step=9203)
WARNING:megatron.core.transformer.moe.recovery_controller:BSR-MoE controller: restart-in-place fast path for rank 35 (replacement=self, step=9203)
WARNING:megatron.core.transformer.moe.recovery_controller:[2026-05-29 01:06:59] BSR-MoE controller: step4 group_rebuild_finish elapsed=0.000s (step=9203)
INFO:megatron.core.transformer.moe.replacement_registry:BSR-MoE replacement: failed_rank=35, replacement_rank=35, NOT_PRESENT → BOOTSTRAPPING (step=9203)
WARNING:megatron.core.transformer.moe.recovery_controller:[2026-05-29 01:06:59] BSR-MoE controller: step5 topology_refresh elapsed=0.000s (step=9203)
WARNING:megatron.core.transformer.moe.recovery_controller:[2026-05-29 01:06:59] BSR-MoE controller: step1 replacement_integrate elapsed=0.000s (step=9203)
WARNING:megatron.core.transformer.moe.recovery_controller:[2026-05-29 01:06:59] BSR-MoE controller: replacement ready — failed_rank=35 (step=9203)
WARNING:megatron.core.transformer.moe.replacement_registry:BSR-MoE: replacement announced — failed_rank=35 → replacement_rank=35 (step=9203, reason='')
WARNING:megatron.core.transformer.moe.recovery_controller:[2026-05-29 01:06:59] BSR-MoE controller: ⏱️  [Phase A] Infrastructure repair COMPLETED (elapsed=0.000s)
WARNING:megatron.core.transformer.moe.recovery_controller:[2026-05-29 01:06:59] BSR-MoE controller: ⏱️  START safe-point repair at step 9203 (failed=35, replacement=35)
WARNING:megatron.core.transformer.moe.recovery_controller:[2026-05-29 01:06:59] BSR-MoE controller: step2 group_rebuild_request elapsed=0.000s (step=9203)
WARNING:megatron.core.transformer.moe.recovery_controller:[2026-05-29 01:06:59] BSR-MoE controller: WAITING_FOR_REPLACEMENT → SAFE_POINT_REPAIR (event=replacement_ready, step=9203)
WARNING:megatron.core.transformer.moe.recovery_controller:[2026-05-29 01:06:59] BSR-MoE controller: ⏱️  [Phase B] Starting parameter recovery...
WARNING:megatron.core.transformer.moe.recovery_controller:[2026-05-29 01:06:59] BSR-MoE controller: step3 group_rebuild_execute elapsed=0.000s (step=9203)
WARNING:megatron.core.transformer.moe.recovery_controller:[2026-05-29 01:06:59] BSR-MoE controller: PENDING_GROUP_REPAIR → WAITING_FOR_REPLACEMENT (event=replacement_assigned, step=9203)
WARNING:megatron.core.transformer.moe.recovery_controller:BSR-MoE controller: restart-in-place fast path for rank 35 (replacement=self, step=9203)
WARNING:megatron.core.transformer.moe.bsr_integration:[2026-05-29 01:06:59] BSR-MoE restart-in-place fault burst: injecting 1 ranks together for scheduled_step=1188 at step=9203
WARNING:megatron.core.transformer.moe.recovery_controller:[2026-05-29 01:06:59] BSR-MoE controller: ⏱️  [Phase A] Starting infrastructure repair...
WARNING:megatron.core.transformer.moe.recovery_controller:[2026-05-29 01:06:59] BSR-MoE controller: step4 group_rebuild_finish elapsed=0.000s (step=9203)
WARNING:megatron.core.transformer.moe.recovery_controller:[2026-05-29 01:06:59] BSR-MoE controller: replacement ready — failed_rank=35 (step=9203)
WARNING:megatron.core.transformer.moe.recovery_controller:[2026-05-29 01:06:59] BSR-MoE controller: step5 topology_refresh elapsed=0.000s (step=9203)
WARNING:megatron.core.transformer.moe.recovery_controller:[2026-05-29 01:06:59] BSR-MoE controller: ⏱️  START safe-point repair at step 9203 (failed=35, replacement=35)
WARNING:megatron.core.transformer.moe.recovery_controller:[2026-05-29 01:06:59] BSR-MoE controller: WAITING_FOR_REPLACEMENT → SAFE_POINT_REPAIR (event=replacement_ready, step=9203)
INFO:megatron.core.transformer.moe.replacement_registry:BSR-MoE replacement: failed_rank=35, replacement_rank=35, BOOTSTRAPPING → READY_FOR_REPAIR (step=9203)
WARNING:megatron.core.transformer.moe.recovery_controller:[2026-05-29 01:06:59] BSR-MoE controller: ⏱️  [Phase A] Infrastructure repair COMPLETED (elapsed=0.000s)
WARNING:megatron.core.transformer.moe.recovery_controller:BSR-MoE controller: restart-in-place fast path for rank 35 (replacement=self, step=9203)
WARNING:megatron.core.transformer.moe.recovery_controller:[2026-05-29 01:06:59] BSR-MoE controller: ⏱️  [Phase B] Starting parameter recovery...
INFO:megatron.core.transformer.moe.replacement_registry:BSR-MoE replacement: failed_rank=35, replacement_rank=35, READY_FOR_REPAIR → INTEGRATED (step=9203)
WARNING:megatron.core.transformer.moe.recovery_controller:[2026-05-29 01:06:59] BSR-MoE controller: ⏱️  [Phase A] Starting infrastructure repair...
WARNING:megatron.core.transformer.moe.replacement_registry:BSR-MoE: replacement INTEGRATED — failed_rank=35, replacement_rank=35 (step=9203)
WARNING:megatron.core.transformer.moe.bsr_integration:[2026-05-29 01:06:59] BSR-MoE FAULT INJECTION #2: type=restart_in_place, rank=35, step=9203, scheduled_step=1188, experts=[48, 49, 50, 51, 52, 53, 54, 55, 56, 57, 58, 59, 60, 61, 62, 63], ep_group=[32, 33, 34, 35, 36, 37, 38, 39]
WARNING:megatron.core.transformer.moe.recovery_controller:[2026-05-29 01:06:59] BSR-MoE controller: ⏱️  START safe-point repair at step 9203 (failed=35, replacement=35)
WARNING:megatron.core.transformer.moe.recovery_controller:[2026-05-29 01:06:59] BSR-MoE controller: step1 replacement_integrate elapsed=0.000s (step=9203)
INFO:megatron.core.transformer.moe.replacement_registry:BSR-MoE replacement: failed_rank=35, replacement_rank=35, BOOTSTRAPPING → READY_FOR_REPAIR (step=9203)
WARNING:megatron.core.transformer.moe.recovery_controller:[2026-05-29 01:06:59] BSR-MoE controller: step2 group_rebuild_request elapsed=0.000s (step=9203)
WARNING:megatron.core.transformer.moe.bsr_integration:[2026-05-29 01:06:59] BSR-MoE restart-in-place fault burst: injecting 1 ranks together for scheduled_step=1188 at step=9203
WARNING:megatron.core.transformer.moe.recovery_controller:[2026-05-29 01:06:59] BSR-MoE controller: ⏱️  [Phase A] Starting infrastructure repair...
WARNING:megatron.core.transformer.moe.recovery_controller:[2026-05-29 01:06:59] BSR-MoE controller: step3 group_rebuild_execute elapsed=0.000s (step=9203)
INFO:megatron.core.transformer.moe.replacement_registry:BSR-MoE replacement: failed_rank=35, replacement_rank=35, READY_FOR_REPAIR → INTEGRATED (step=9203)
WARNING:megatron.core.transformer.moe.recovery_controller:[2026-05-29 01:06:59] BSR-MoE controller: step4 group_rebuild_finish elapsed=0.000s (step=9203)
WARNING:megatron.core.transformer.moe.replacement_registry:BSR-MoE: replacement INTEGRATED — failed_rank=35, replacement_rank=35 (step=9203)
WARNING:megatron.core.transformer.moe.recovery_controller:[2026-05-29 01:06:59] BSR-MoE controller: rank 35 HARD FAILURE (step=9203, reason=scheduled_restart_in_place_injection, experts=[48, 49, 50, 51, 52, 53, 54, 55, 56, 57, 58, 59, 60, 61, 62, 63], mid_iteration=False)
INFO:megatron.core.transformer.moe.replacement_registry:BSR-MoE replacement: failed_rank=35, replacement_rank=35, BOOTSTRAPPING → READY_FOR_REPAIR (step=9203)
WARNING:megatron.core.transformer.moe.recovery_controller:[2026-05-29 01:06:59] BSR-MoE controller: step5 topology_refresh elapsed=0.000s (step=9203)
WARNING:megatron.core.transformer.moe.recovery_controller:[2026-05-29 01:06:59] BSR-MoE controller: step1 replacement_integrate elapsed=0.000s (step=9203)
WARNING:megatron.core.transformer.moe.recovery_controller:[2026-05-29 01:06:59] BSR-MoE controller: ⏱️  [Phase A] Infrastructure repair COMPLETED (elapsed=0.000s)
INFO:megatron.core.transformer.moe.replacement_registry:BSR-MoE replacement: failed_rank=35, replacement_rank=35, READY_FOR_REPAIR → INTEGRATED (step=9203)
WARNING:megatron.core.transformer.moe.recovery_controller:[2026-05-29 01:06:59] BSR-MoE controller: step2 group_rebuild_request elapsed=0.000s (step=9203)
WARNING:megatron.core.transformer.moe.replacement_registry:BSR-MoE: replacement INTEGRATED — failed_rank=35, replacement_rank=35 (step=9203)
WARNING:megatron.core.transformer.moe.recovery_controller:[2026-05-29 01:06:59] BSR-MoE controller: ⏱️  [Phase B] Starting parameter recovery...
WARNING:megatron.core.transformer.moe.bsr_integration:[2026-05-29 01:06:59] BSR-MoE FAULT INJECTION #2: type=restart_in_place, rank=35, step=9203, scheduled_step=1188, experts=[48, 49, 50, 51, 52, 53, 54, 55, 56, 57, 58, 59, 60, 61, 62, 63], ep_group=[32, 33, 34, 35, 36, 37, 38, 39]
WARNING:megatron.core.transformer.moe.recovery_controller:[2026-05-29 01:06:59] BSR-MoE controller: step3 group_rebuild_execute elapsed=0.000s (step=9203)
INFO:megatron.core.transformer.moe.recovery_controller:ExpertRecoveryTracker: experts [48, 49, 50, 51, 52, 53, 54, 55, 56, 57, 58, 59, 60, 61, 62, 63] → RECOVERING (step=9203)
WARNING:megatron.core.transformer.moe.recovery_controller:[2026-05-29 01:06:59] BSR-MoE controller: step1 replacement_integrate elapsed=0.000s (step=9203)
WARNING:megatron.core.transformer.moe.recovery_controller:[2026-05-29 01:06:59] BSR-MoE controller: step4 group_rebuild_finish elapsed=0.000s (step=9203)
WARNING:megatron.core.transformer.moe.recovery_controller:[2026-05-29 01:06:59] BSR-MoE controller: step2 group_rebuild_request elapsed=0.000s (step=9203)
WARNING:megatron.core.transformer.moe.recovery_controller:[2026-05-29 01:06:59] BSR-MoE controller: step5 topology_refresh elapsed=0.000s (step=9203)
WARNING:megatron.core.transformer.moe.optimizer_commit_guard:OptimizerCommitGuard: commit BLOCKED (step=9203, reason=hard_failure_rank_35_step_9203)
WARNING:megatron.core.transformer.moe.recovery_controller:[2026-05-29 01:06:59] BSR-MoE controller: step3 group_rebuild_execute elapsed=0.000s (step=9203)
WARNING:megatron.core.transformer.moe.recovery_controller:[2026-05-29 01:06:59] BSR-MoE controller: ⏱️  [Phase A] Infrastructure repair COMPLETED (elapsed=0.000s)
WARNING:megatron.core.transformer.moe.recovery_controller:[2026-05-29 01:06:59] BSR-MoE controller: step4 group_rebuild_finish elapsed=0.000s (step=9203)
WARNING:megatron.core.transformer.moe.recovery_controller:[2026-05-29 01:06:59] BSR-MoE controller: ⏱️  [Phase B] Starting parameter recovery...
WARNING:megatron.core.transformer.moe.bsr_integration:BSR-MoE: optimizer commit blocked for step 9203 (hard failure of rank 35)
WARNING:megatron.core.transformer.moe.recovery_controller:[2026-05-29 01:06:59] BSR-MoE controller: step5 topology_refresh elapsed=0.000s (step=9203)
WARNING:megatron.core.transformer.moe.recovery_controller:[2026-05-29 01:06:59] BSR-MoE controller: rank 35 HARD FAILURE (step=9203, reason=scheduled_restart_in_place_injection, experts=[48, 49, 50, 51, 52, 53, 54, 55, 56, 57, 58, 59, 60, 61, 62, 63], mid_iteration=False)
WARNING:megatron.core.transformer.moe.bsr_integration:BSR-MoE: entering waiting-for-replacement state (failed_rank=35, step=9203, experts=[48, 49, 50, 51, 52, 53, 54, 55, 56, 57, 58, 59, 60, 61, 62, 63])
WARNING:megatron.core.transformer.moe.recovery_controller:[2026-05-29 01:06:59] BSR-MoE controller: ⏱️  [Phase A] Infrastructure repair COMPLETED (elapsed=0.000s)
WARNING:megatron.core.transformer.moe.recovery_controller:[2026-05-29 01:06:59] BSR-MoE controller: ⏱️  [Phase B] Starting parameter recovery...
INFO:megatron.core.transformer.moe.recovery_controller:ExpertRecoveryTracker: experts [48, 49, 50, 51, 52, 53, 54, 55, 56, 57, 58, 59, 60, 61, 62, 63] → RECOVERING (step=9203)
WARNING:megatron.core.transformer.moe.recovery_controller:[2026-05-29 01:06:59] BSR-MoE controller: HEALTHY_TRAINING → PENDING_GROUP_REPAIR (event=hard_rank_failure, step=9203)
WARNING:megatron.core.transformer.moe.optimizer_commit_guard:OptimizerCommitGuard: commit BLOCKED (step=9203, reason=hard_failure_rank_35_step_9203)
WARNING:megatron.core.transformer.moe.recovery_controller:[2026-05-29 01:06:59] BSR-MoE controller: replacement assigned — failed_rank=35, replacement_rank=35 (step=9203)
WARNING:megatron.core.transformer.moe.bsr_integration:BSR-MoE: optimizer commit blocked for step 9203 (hard failure of rank 35)
WARNING:megatron.core.transformer.moe.bsr_integration:BSR-MoE: entering waiting-for-replacement state (failed_rank=35, step=9203, experts=[48, 49, 50, 51, 52, 53, 54, 55, 56, 57, 58, 59, 60, 61, 62, 63])
INFO:megatron.core.transformer.moe.replacement_registry:BSR-MoE replacement: failed_rank=35, replacement_rank=35, NOT_PRESENT → BOOTSTRAPPING (step=9203)
WARNING:megatron.core.transformer.moe.recovery_controller:[2026-05-29 01:06:59] BSR-MoE controller: HEALTHY_TRAINING → PENDING_GROUP_REPAIR (event=hard_rank_failure, step=9203)
WARNING:megatron.core.transformer.moe.replacement_registry:BSR-MoE: replacement announced — failed_rank=35 → replacement_rank=35 (step=9203, reason='')
WARNING:megatron.core.transformer.moe.recovery_controller:[2026-05-29 01:06:59] BSR-MoE controller: PENDING_GROUP_REPAIR → WAITING_FOR_REPLACEMENT (event=replacement_assigned, step=9203)
WARNING:megatron.core.transformer.moe.recovery_controller:[2026-05-29 01:06:59] BSR-MoE controller: replacement assigned — failed_rank=35, replacement_rank=35 (step=9203)
WARNING:megatron.core.transformer.moe.recovery_controller:[2026-05-29 01:06:59] BSR-MoE controller: replacement ready — failed_rank=35 (step=9203)
WARNING:megatron.core.transformer.moe.recovery_controller:[2026-05-29 01:06:59] BSR-MoE controller: WAITING_FOR_REPLACEMENT → SAFE_POINT_REPAIR (event=replacement_ready, step=9203)
WARNING:megatron.core.transformer.moe.recovery_controller:BSR-MoE controller: restart-in-place fast path for rank 35 (replacement=self, step=9203)
INFO:megatron.core.transformer.moe.replacement_registry:BSR-MoE replacement: failed_rank=35, replacement_rank=35, NOT_PRESENT → BOOTSTRAPPING (step=9203)
WARNING:megatron.core.transformer.moe.recovery_controller:[2026-05-29 01:06:59] BSR-MoE controller: ⏱️  START safe-point repair at step 9203 (failed=35, replacement=35)
WARNING:megatron.core.transformer.moe.replacement_registry:BSR-MoE: replacement announced — failed_rank=35 → replacement_rank=35 (step=9203, reason='')
WARNING:megatron.core.transformer.moe.recovery_controller:[2026-05-29 01:06:59] BSR-MoE controller: ⏱️  [Phase A] Starting infrastructure repair...
WARNING:megatron.core.transformer.moe.recovery_controller:[2026-05-29 01:06:59] BSR-MoE controller: PENDING_GROUP_REPAIR → WAITING_FOR_REPLACEMENT (event=replacement_assigned, step=9203)
INFO:megatron.core.transformer.moe.replacement_registry:BSR-MoE replacement: failed_rank=35, replacement_rank=35, BOOTSTRAPPING → READY_FOR_REPAIR (step=9203)
WARNING:megatron.core.transformer.moe.recovery_controller:[2026-05-29 01:06:59] BSR-MoE controller: replacement ready — failed_rank=35 (step=9203)
INFO:megatron.core.transformer.moe.replacement_registry:BSR-MoE replacement: failed_rank=35, replacement_rank=35, READY_FOR_REPAIR → INTEGRATED (step=9203)
WARNING:megatron.core.transformer.moe.replacement_registry:BSR-MoE: replacement INTEGRATED — failed_rank=35, replacement_rank=35 (step=9203)
WARNING:megatron.core.transformer.moe.recovery_controller:[2026-05-29 01:06:59] BSR-MoE controller: WAITING_FOR_REPLACEMENT → SAFE_POINT_REPAIR (event=replacement_ready, step=9203)
WARNING:megatron.core.transformer.moe.recovery_controller:BSR-MoE controller: restart-in-place fast path for rank 35 (replacement=self, step=9203)
WARNING:megatron.core.transformer.moe.recovery_controller:[2026-05-29 01:06:59] BSR-MoE controller: step1 replacement_integrate elapsed=0.000s (step=9203)
WARNING:megatron.core.transformer.moe.recovery_controller:[2026-05-29 01:06:59] BSR-MoE controller: step2 group_rebuild_request elapsed=0.000s (step=9203)
WARNING:megatron.core.transformer.moe.recovery_controller:[2026-05-29 01:06:59] BSR-MoE controller: ⏱️  START safe-point repair at step 9203 (failed=35, replacement=35)
WARNING:megatron.core.transformer.moe.recovery_controller:[2026-05-29 01:06:59] BSR-MoE controller: step3 group_rebuild_execute elapsed=0.000s (step=9203)
WARNING:megatron.core.transformer.moe.recovery_controller:[2026-05-29 01:06:59] BSR-MoE controller: step4 group_rebuild_finish elapsed=0.000s (step=9203)
WARNING:megatron.core.transformer.moe.recovery_controller:[2026-05-29 01:06:59] BSR-MoE controller: ⏱️  [Phase A] Starting infrastructure repair...
WARNING:megatron.core.transformer.moe.recovery_controller:[2026-05-29 01:06:59] BSR-MoE controller: step5 topology_refresh elapsed=0.000s (step=9203)
WARNING:megatron.core.transformer.moe.recovery_controller:[2026-05-29 01:06:59] BSR-MoE controller: ⏱️  [Phase A] Infrastructure repair COMPLETED (elapsed=0.000s)
INFO:megatron.core.transformer.moe.replacement_registry:BSR-MoE replacement: failed_rank=35, replacement_rank=35, BOOTSTRAPPING → READY_FOR_REPAIR (step=9203)
WARNING:megatron.core.transformer.moe.recovery_controller:[2026-05-29 01:06:59] BSR-MoE controller: ⏱️  [Phase B] Starting parameter recovery...
INFO:megatron.core.transformer.moe.replacement_registry:BSR-MoE replacement: failed_rank=35, replacement_rank=35, READY_FOR_REPAIR → INTEGRATED (step=9203)
WARNING:megatron.core.transformer.moe.replacement_registry:BSR-MoE: replacement INTEGRATED — failed_rank=35, replacement_rank=35 (step=9203)
WARNING:megatron.core.transformer.moe.recovery_controller:[2026-05-29 01:06:59] BSR-MoE controller: step1 replacement_integrate elapsed=0.000s (step=9203)
WARNING:megatron.core.transformer.moe.recovery_controller:[2026-05-29 01:06:59] BSR-MoE controller: step2 group_rebuild_request elapsed=0.000s (step=9203)
WARNING:megatron.core.transformer.moe.recovery_controller:[2026-05-29 01:06:59] BSR-MoE controller: step3 group_rebuild_execute elapsed=0.000s (step=9203)
WARNING:megatron.core.transformer.moe.recovery_controller:[2026-05-29 01:06:59] BSR-MoE controller: step4 group_rebuild_finish elapsed=0.000s (step=9203)
WARNING:megatron.core.transformer.moe.recovery_controller:[2026-05-29 01:06:59] BSR-MoE controller: step5 topology_refresh elapsed=0.000s (step=9203)
WARNING:megatron.core.transformer.moe.recovery_controller:[2026-05-29 01:06:59] BSR-MoE controller: ⏱️  [Phase A] Infrastructure repair COMPLETED (elapsed=0.000s)
WARNING:megatron.core.transformer.moe.recovery_controller:[2026-05-29 01:06:59] BSR-MoE controller: ⏱️  [Phase B] Starting parameter recovery...
INFO:megatron.core.transformer.moe.bsr_integration:BSR-MoE: found latest checkpoint with BSR manifest at /mnt/ais-c1/dataset/zds/main_exp/5.27/moeguard/ckpt/iter_0009200 (step=9200)
INFO:megatron.core.transformer.moe.bsr_integration:BSR-MoE: found latest checkpoint with BSR manifest at /mnt/ais-c1/dataset/zds/main_exp/5.27/moeguard/ckpt/iter_0009200 (step=9200)
INFO:megatron.core.transformer.moe.bsr_integration:BSR-MoE: found latest checkpoint with BSR manifest at /mnt/ais-c1/dataset/zds/main_exp/5.27/moeguard/ckpt/iter_0009200 (step=9200)
INFO:megatron.core.transformer.moe.bsr_integration:BSR-MoE: found latest checkpoint with BSR manifest at /mnt/ais-c1/dataset/zds/main_exp/5.27/moeguard/ckpt/iter_0009200 (step=9200)
INFO:megatron.core.transformer.moe.bsr_integration:BSR-MoE: found latest checkpoint with BSR manifest at /mnt/ais-c1/dataset/zds/main_exp/5.27/moeguard/ckpt/iter_0009200 (step=9200)
INFO:megatron.core.transformer.moe.bsr_integration:BSR-MoE: found latest checkpoint with BSR manifest at /mnt/ais-c1/dataset/zds/main_exp/5.27/moeguard/ckpt/iter_0009200 (step=9200)
INFO:megatron.core.transformer.moe.bsr_integration:BSR-MoE: found latest checkpoint with BSR manifest at /mnt/ais-c1/dataset/zds/main_exp/5.27/moeguard/ckpt/iter_0009200 (step=9200)
INFO:megatron.core.transformer.moe.bsr_integration:BSR-MoE: found latest checkpoint with BSR manifest at /mnt/ais-c1/dataset/zds/main_exp/5.27/moeguard/ckpt/iter_0009200 (step=9200)
WARNING:megatron.core.transformer.moe.recovery_controller:[2026-05-29 01:06:59] BSR-MoE controller: HYBRID_RECOVERY path — dense from DP peer, experts from checkpoint (step=9203, failed=35, replacement=35)
WARNING:megatron.core.transformer.moe.recovery_controller:[2026-05-29 01:06:59] BSR-MoE controller: dense_sync elapsed=0.000s (step=9203)
WARNING:megatron.core.transformer.moe.recovery_controller:[2026-05-29 01:06:59] BSR-MoE controller: HYBRID_RECOVERY path — dense from DP peer, experts from checkpoint (step=9203, failed=35, replacement=35)
WARNING:megatron.core.transformer.moe.recovery_controller:[2026-05-29 01:06:59] BSR-MoE controller: expert_restore (sync weights, deferred optimizer) elapsed=0.000s (step=9203)
WARNING:megatron.core.transformer.moe.recovery_controller:[2026-05-29 01:06:59] BSR-MoE controller: ⏱️  [Phase B] Parameter recovery COMPLETED (path=HYBRID_RECOVERY, elapsed=0.239s)
WARNING:megatron.core.transformer.moe.recovery_controller:[2026-05-29 01:06:59] BSR-MoE controller: dense_sync elapsed=0.000s (step=9203)
INFO:megatron.core.transformer.moe.bsr_integration:BSR-MoE post-recovery convergence: views consistent after HYBRID_RECOVERY path (step=9203)
WARNING:megatron.core.transformer.moe.recovery_controller:[2026-05-29 01:06:59] BSR-MoE controller: ⏱️  [Phase B→C] Post-recovery convergence completed (path=HYBRID_RECOVERY, elapsed=0.000s, step=9203)
WARNING:megatron.core.transformer.moe.recovery_controller:[2026-05-29 01:06:59] BSR-MoE controller: ⏱️  [Phase C] Starting post-repair...
WARNING:megatron.core.transformer.moe.recovery_controller:[2026-05-29 01:06:59] BSR-MoE controller: expert_restore (sync weights, deferred optimizer) elapsed=0.000s (step=9203)
WARNING:megatron.core.transformer.moe.recovery_controller:[2026-05-29 01:06:59] BSR-MoE controller: ⏱️  [Phase B] Parameter recovery COMPLETED (path=HYBRID_RECOVERY, elapsed=0.239s)
INFO:megatron.core.transformer.moe.reintegration_barrier:BSR-MoE barrier: begin reintegration for rank 35 -> 35 (experts=[48, 49, 50, 51, 52, 53, 54, 55, 56, 57, 58, 59, 60, 61, 62, 63], step=9203)
INFO:megatron.core.transformer.moe.reintegration_barrier:BSR-MoE barrier: rank 35 -> REPAIRED_NOT_ROUTED (all preconditions met, step=9203)
WARNING:megatron.core.transformer.moe.recovery_controller:[2026-05-29 01:06:59] BSR-MoE controller: HYBRID_RECOVERY path — dense from DP peer, experts from checkpoint (step=9203, failed=35, replacement=35)
WARNING:megatron.core.transformer.moe.recovery_controller:[2026-05-29 01:06:59] BSR-MoE controller: reintegration barrier initialized for rank 35 (all preconditions marked, step=9203)
INFO:megatron.core.transformer.moe.bsr_integration:BSR-MoE post-recovery convergence: views consistent after HYBRID_RECOVERY path (step=9203)
WARNING:megatron.core.transformer.moe.recovery_controller:[2026-05-29 01:06:59] BSR-MoE controller: ⏱️  [Phase B→C] Post-recovery convergence completed (path=HYBRID_RECOVERY, elapsed=0.000s, step=9203)
WARNING:megatron.core.transformer.moe.recovery_controller:[2026-05-29 01:06:59] BSR-MoE controller: SAFE_POINT_REPAIR → REINTEGRATED (event=safe_point_repair_completed, step=9203)
WARNING:megatron.core.transformer.moe.recovery_controller:[2026-05-29 01:06:59] BSR-MoE controller: ⏱️  ✅ SAFE-POINT REPAIR COMPLETED (path=HYBRID_RECOVERY, step=9203, failed=35, replacement=35) | Total=0.239s | Breakdown: PhaseA=0.000s, PhaseB=0.239s, PhaseC=0.000s
WARNING:megatron.core.transformer.moe.recovery_controller:[2026-05-29 01:06:59] BSR-MoE controller: ⏱️  [Phase C] Starting post-repair...
WARNING:megatron.core.transformer.moe.recovery_controller:[2026-05-29 01:06:59] BSR-MoE controller: dense_sync elapsed=0.000s (step=9203)
INFO:megatron.core.transformer.moe.reintegration_barrier:BSR-MoE barrier: begin reintegration for rank 35 -> 35 (experts=[48, 49, 50, 51, 52, 53, 54, 55, 56, 57, 58, 59, 60, 61, 62, 63], step=9203)
WARNING:megatron.core.transformer.moe.recovery_controller:[2026-05-29 01:06:59] BSR-MoE controller: expert_restore (sync weights, deferred optimizer) elapsed=0.000s (step=9203)
INFO:megatron.core.transformer.moe.reintegration_barrier:BSR-MoE barrier: rank 35 -> REPAIRED_NOT_ROUTED (all preconditions met, step=9203)
WARNING:megatron.core.transformer.moe.recovery_controller:[2026-05-29 01:06:59] BSR-MoE controller: ⏱️  [Phase B] Parameter recovery COMPLETED (path=HYBRID_RECOVERY, elapsed=0.239s)
WARNING:megatron.core.transformer.moe.recovery_controller:[2026-05-29 01:06:59] BSR-MoE controller: reintegration barrier initialized for rank 35 (all preconditions marked, step=9203)
WARNING:megatron.core.transformer.moe.recovery_controller:[2026-05-29 01:06:59] BSR-MoE controller: SAFE_POINT_REPAIR → REINTEGRATED (event=safe_point_repair_completed, step=9203)
WARNING:megatron.core.transformer.moe.recovery_controller:[2026-05-29 01:06:59] BSR-MoE controller: HYBRID_RECOVERY path — dense from DP peer, experts from checkpoint (step=9203, failed=35, replacement=35)
WARNING:megatron.core.transformer.moe.recovery_controller:[2026-05-29 01:06:59] BSR-MoE controller: ⏱️  ✅ SAFE-POINT REPAIR COMPLETED (path=HYBRID_RECOVERY, step=9203, failed=35, replacement=35) | Total=0.239s | Breakdown: PhaseA=0.000s, PhaseB=0.239s, PhaseC=0.000s
INFO:megatron.core.transformer.moe.bsr_integration:BSR-MoE post-recovery convergence: views consistent after HYBRID_RECOVERY path (step=9203)
WARNING:megatron.core.transformer.moe.recovery_controller:[2026-05-29 01:06:59] BSR-MoE controller: HYBRID_RECOVERY path — dense from DP peer, experts from checkpoint (step=9203, failed=35, replacement=35)
WARNING:megatron.core.transformer.moe.recovery_controller:[2026-05-29 01:06:59] BSR-MoE controller: HYBRID_RECOVERY path — dense from DP peer, experts from checkpoint (step=9203, failed=35, replacement=35)
WARNING:megatron.core.transformer.moe.recovery_controller:[2026-05-29 01:06:59] BSR-MoE controller: ⏱️  [Phase B→C] Post-recovery convergence completed (path=HYBRID_RECOVERY, elapsed=0.000s, step=9203)
WARNING:megatron.core.transformer.moe.recovery_controller:[2026-05-29 01:06:59] BSR-MoE controller: dense_sync elapsed=0.000s (step=9203)
WARNING:megatron.core.transformer.moe.recovery_controller:[2026-05-29 01:06:59] BSR-MoE controller: ⏱️  [Phase C] Starting post-repair...
WARNING:megatron.core.transformer.moe.recovery_controller:[2026-05-29 01:06:59] BSR-MoE controller: expert_restore (sync weights, deferred optimizer) elapsed=0.000s (step=9203)
WARNING:megatron.core.transformer.moe.recovery_controller:[2026-05-29 01:06:59] BSR-MoE controller: dense_sync elapsed=0.000s (step=9203)
WARNING:megatron.core.transformer.moe.recovery_controller:[2026-05-29 01:06:59] BSR-MoE controller: dense_sync elapsed=0.000s (step=9203)
INFO:megatron.core.transformer.moe.reintegration_barrier:BSR-MoE barrier: begin reintegration for rank 35 -> 35 (experts=[48, 49, 50, 51, 52, 53, 54, 55, 56, 57, 58, 59, 60, 61, 62, 63], step=9203)
WARNING:megatron.core.transformer.moe.recovery_controller:[2026-05-29 01:06:59] BSR-MoE controller: ⏱️  [Phase B] Parameter recovery COMPLETED (path=HYBRID_RECOVERY, elapsed=0.239s)
WARNING:megatron.core.transformer.moe.recovery_controller:[2026-05-29 01:06:59] BSR-MoE controller: HYBRID_RECOVERY path — dense from DP peer, experts from checkpoint (step=9203, failed=35, replacement=35)
WARNING:megatron.core.transformer.moe.recovery_controller:[2026-05-29 01:06:59] BSR-MoE controller: HYBRID_RECOVERY path — dense from DP peer, experts from checkpoint (step=9203, failed=35, replacement=35)
INFO:megatron.core.transformer.moe.reintegration_barrier:BSR-MoE barrier: rank 35 -> REPAIRED_NOT_ROUTED (all preconditions met, step=9203)
WARNING:megatron.core.transformer.moe.recovery_controller:[2026-05-29 01:06:59] BSR-MoE controller: expert_restore (sync weights, deferred optimizer) elapsed=0.000s (step=9203)
INFO:megatron.core.transformer.moe.bsr_integration:BSR-MoE post-recovery convergence: views consistent after HYBRID_RECOVERY path (step=9203)
WARNING:megatron.core.transformer.moe.recovery_controller:[2026-05-29 01:06:59] BSR-MoE controller: expert_restore (sync weights, deferred optimizer) elapsed=0.000s (step=9203)
WARNING:megatron.core.transformer.moe.recovery_controller:[2026-05-29 01:06:59] BSR-MoE controller: reintegration barrier initialized for rank 35 (all preconditions marked, step=9203)
WARNING:megatron.core.transformer.moe.recovery_controller:[2026-05-29 01:06:59] BSR-MoE controller: dense_sync elapsed=0.000s (step=9203)
WARNING:megatron.core.transformer.moe.recovery_controller:[2026-05-29 01:06:59] BSR-MoE controller: ⏱️  [Phase B→C] Post-recovery convergence completed (path=HYBRID_RECOVERY, elapsed=0.000s, step=9203)
WARNING:megatron.core.transformer.moe.recovery_controller:[2026-05-29 01:06:59] BSR-MoE controller: ⏱️  [Phase B] Parameter recovery COMPLETED (path=HYBRID_RECOVERY, elapsed=0.240s)
WARNING:megatron.core.transformer.moe.recovery_controller:[2026-05-29 01:06:59] BSR-MoE controller: SAFE_POINT_REPAIR → REINTEGRATED (event=safe_point_repair_completed, step=9203)
WARNING:megatron.core.transformer.moe.recovery_controller:[2026-05-29 01:06:59] BSR-MoE controller: ⏱️  [Phase C] Starting post-repair...
WARNING:megatron.core.transformer.moe.recovery_controller:[2026-05-29 01:06:59] BSR-MoE controller: ⏱️  [Phase B] Parameter recovery COMPLETED (path=HYBRID_RECOVERY, elapsed=0.238s)
WARNING:megatron.core.transformer.moe.recovery_controller:[2026-05-29 01:06:59] BSR-MoE controller: ⏱️  ✅ SAFE-POINT REPAIR COMPLETED (path=HYBRID_RECOVERY, step=9203, failed=35, replacement=35) | Total=0.240s | Breakdown: PhaseA=0.000s, PhaseB=0.239s, PhaseC=0.000s
WARNING:megatron.core.transformer.moe.recovery_controller:[2026-05-29 01:06:59] BSR-MoE controller: dense_sync elapsed=0.000s (step=9203)
WARNING:megatron.core.transformer.moe.recovery_controller:[2026-05-29 01:06:59] BSR-MoE controller: expert_restore (sync weights, deferred optimizer) elapsed=0.000s (step=9203)
INFO:megatron.core.transformer.moe.reintegration_barrier:BSR-MoE barrier: begin reintegration for rank 35 -> 35 (experts=[48, 49, 50, 51, 52, 53, 54, 55, 56, 57, 58, 59, 60, 61, 62, 63], step=9203)
WARNING:megatron.core.transformer.moe.recovery_controller:[2026-05-29 01:06:59] BSR-MoE controller: ⏱️  [Phase B] Parameter recovery COMPLETED (path=HYBRID_RECOVERY, elapsed=0.240s)
WARNING:megatron.core.transformer.moe.recovery_controller:[2026-05-29 01:06:59] BSR-MoE controller: expert_restore (sync weights, deferred optimizer) elapsed=0.000s (step=9203)
INFO:megatron.core.transformer.moe.bsr_integration:BSR-MoE post-recovery convergence: views consistent after HYBRID_RECOVERY path (step=9203)
WARNING:megatron.core.transformer.moe.recovery_controller:[2026-05-29 01:06:59] BSR-MoE controller: ⏱️  [Phase B] Parameter recovery COMPLETED (path=HYBRID_RECOVERY, elapsed=0.239s)
INFO:megatron.core.transformer.moe.bsr_integration:BSR-MoE post-recovery convergence: views consistent after HYBRID_RECOVERY path (step=9203)
INFO:megatron.core.transformer.moe.reintegration_barrier:BSR-MoE barrier: rank 35 -> REPAIRED_NOT_ROUTED (all preconditions met, step=9203)
WARNING:megatron.core.transformer.moe.recovery_controller:[2026-05-29 01:06:59] BSR-MoE controller: ⏱️  [Phase B→C] Post-recovery convergence completed (path=HYBRID_RECOVERY, elapsed=0.000s, step=9203)
WARNING:megatron.core.transformer.moe.recovery_controller:[2026-05-29 01:06:59] BSR-MoE controller: reintegration barrier initialized for rank 35 (all preconditions marked, step=9203)
INFO:megatron.core.transformer.moe.bsr_integration:BSR-MoE post-recovery convergence: views consistent after HYBRID_RECOVERY path (step=9203)
WARNING:megatron.core.transformer.moe.recovery_controller:[2026-05-29 01:06:59] BSR-MoE controller: ⏱️  [Phase B→C] Post-recovery convergence completed (path=HYBRID_RECOVERY, elapsed=0.000s, step=9203)
WARNING:megatron.core.transformer.moe.recovery_controller:[2026-05-29 01:06:59] BSR-MoE controller: ⏱️  [Phase B→C] Post-recovery convergence completed (path=HYBRID_RECOVERY, elapsed=0.000s, step=9203)
WARNING:megatron.core.transformer.moe.recovery_controller:[2026-05-29 01:06:59] BSR-MoE controller: ⏱️  [Phase C] Starting post-repair...
WARNING:megatron.core.transformer.moe.recovery_controller:[2026-05-29 01:06:59] BSR-MoE controller: SAFE_POINT_REPAIR → REINTEGRATED (event=safe_point_repair_completed, step=9203)
WARNING:megatron.core.transformer.moe.recovery_controller:[2026-05-29 01:06:59] BSR-MoE controller: ⏱️  [Phase C] Starting post-repair...
INFO:megatron.core.transformer.moe.bsr_integration:BSR-MoE post-recovery convergence: views consistent after HYBRID_RECOVERY path (step=9203)
WARNING:megatron.core.transformer.moe.recovery_controller:[2026-05-29 01:06:59] BSR-MoE controller: ⏱️  [Phase C] Starting post-repair...
WARNING:megatron.core.transformer.moe.recovery_controller:[2026-05-29 01:06:59] BSR-MoE controller: ⏱️  ✅ SAFE-POINT REPAIR COMPLETED (path=HYBRID_RECOVERY, step=9203, failed=35, replacement=35) | Total=0.239s | Breakdown: PhaseA=0.000s, PhaseB=0.239s, PhaseC=0.000s
WARNING:megatron.core.transformer.moe.recovery_controller:[2026-05-29 01:06:59] BSR-MoE controller: ⏱️  [Phase B→C] Post-recovery convergence completed (path=HYBRID_RECOVERY, elapsed=0.000s, step=9203)
WARNING:megatron.core.transformer.moe.recovery_controller:[2026-05-29 01:06:59] BSR-MoE controller: ⏱️  [Phase C] Starting post-repair...
INFO:megatron.core.transformer.moe.reintegration_barrier:BSR-MoE barrier: begin reintegration for rank 35 -> 35 (experts=[48, 49, 50, 51, 52, 53, 54, 55, 56, 57, 58, 59, 60, 61, 62, 63], step=9203)
INFO:megatron.core.transformer.moe.reintegration_barrier:BSR-MoE barrier: begin reintegration for rank 35 -> 35 (experts=[48, 49, 50, 51, 52, 53, 54, 55, 56, 57, 58, 59, 60, 61, 62, 63], step=9203)
INFO:megatron.core.transformer.moe.reintegration_barrier:BSR-MoE barrier: begin reintegration for rank 35 -> 35 (experts=[48, 49, 50, 51, 52, 53, 54, 55, 56, 57, 58, 59, 60, 61, 62, 63], step=9203)
INFO:megatron.core.transformer.moe.reintegration_barrier:BSR-MoE barrier: begin reintegration for rank 35 -> 35 (experts=[48, 49, 50, 51, 52, 53, 54, 55, 56, 57, 58, 59, 60, 61, 62, 63], step=9203)
INFO:megatron.core.transformer.moe.reintegration_barrier:BSR-MoE barrier: rank 35 -> REPAIRED_NOT_ROUTED (all preconditions met, step=9203)
INFO:megatron.core.transformer.moe.reintegration_barrier:BSR-MoE barrier: rank 35 -> REPAIRED_NOT_ROUTED (all preconditions met, step=9203)
WARNING:megatron.core.transformer.moe.recovery_controller:[2026-05-29 01:06:59] BSR-MoE controller: reintegration barrier initialized for rank 35 (all preconditions marked, step=9203)
INFO:megatron.core.transformer.moe.reintegration_barrier:BSR-MoE barrier: rank 35 -> REPAIRED_NOT_ROUTED (all preconditions met, step=9203)
WARNING:megatron.core.transformer.moe.recovery_controller:[2026-05-29 01:06:59] BSR-MoE controller: reintegration barrier initialized for rank 35 (all preconditions marked, step=9203)
WARNING:megatron.core.transformer.moe.recovery_controller:[2026-05-29 01:06:59] BSR-MoE controller: SAFE_POINT_REPAIR → REINTEGRATED (event=safe_point_repair_completed, step=9203)
INFO:megatron.core.transformer.moe.reintegration_barrier:BSR-MoE barrier: rank 35 -> REPAIRED_NOT_ROUTED (all preconditions met, step=9203)
WARNING:megatron.core.transformer.moe.recovery_controller:[2026-05-29 01:06:59] BSR-MoE controller: reintegration barrier initialized for rank 35 (all preconditions marked, step=9203)
WARNING:megatron.core.transformer.moe.recovery_controller:[2026-05-29 01:06:59] BSR-MoE controller: ⏱️  ✅ SAFE-POINT REPAIR COMPLETED (path=HYBRID_RECOVERY, step=9203, failed=35, replacement=35) | Total=0.240s | Breakdown: PhaseA=0.000s, PhaseB=0.240s, PhaseC=0.000s
WARNING:megatron.core.transformer.moe.recovery_controller:[2026-05-29 01:06:59] BSR-MoE controller: reintegration barrier initialized for rank 35 (all preconditions marked, step=9203)
WARNING:megatron.core.transformer.moe.recovery_controller:[2026-05-29 01:06:59] BSR-MoE controller: SAFE_POINT_REPAIR → REINTEGRATED (event=safe_point_repair_completed, step=9203)
WARNING:megatron.core.transformer.moe.recovery_controller:[2026-05-29 01:06:59] BSR-MoE controller: SAFE_POINT_REPAIR → REINTEGRATED (event=safe_point_repair_completed, step=9203)
WARNING:megatron.core.transformer.moe.recovery_controller:[2026-05-29 01:06:59] BSR-MoE controller: ⏱️  ✅ SAFE-POINT REPAIR COMPLETED (path=HYBRID_RECOVERY, step=9203, failed=35, replacement=35) | Total=0.240s | Breakdown: PhaseA=0.000s, PhaseB=0.239s, PhaseC=0.000s
WARNING:megatron.core.transformer.moe.recovery_controller:[2026-05-29 01:06:59] BSR-MoE controller: ⏱️  ✅ SAFE-POINT REPAIR COMPLETED (path=HYBRID_RECOVERY, step=9203, failed=35, replacement=35) | Total=0.240s | Breakdown: PhaseA=0.000s, PhaseB=0.240s, PhaseC=0.000s
WARNING:megatron.core.transformer.moe.recovery_controller:[2026-05-29 01:06:59] BSR-MoE controller: SAFE_POINT_REPAIR → REINTEGRATED (event=safe_point_repair_completed, step=9203)
WARNING:megatron.core.transformer.moe.recovery_controller:[2026-05-29 01:06:59] BSR-MoE controller: ⏱️  ✅ SAFE-POINT REPAIR COMPLETED (path=HYBRID_RECOVERY, step=9203, failed=35, replacement=35) | Total=0.239s | Breakdown: PhaseA=0.000s, PhaseB=0.238s, PhaseC=0.000s
WARNING:megatron.core.transformer.moe.optimizer_commit_guard:BSR-MoE OptimizerCommitGuard: BLOCKING optimizer.step() at step 9203 — explicitly blocked (reason=hard_failure_rank_35_step_9203)
INFO:megatron.core.transformer.moe.optimizer_commit_guard:BSR-MoE OptimizerCommitGuard: optimizer.step() SKIPPED at step 9203 (reason: iteration_invalidated)
WARNING:megatron.core.transformer.moe.optimizer_commit_guard:BSR-MoE OptimizerCommitGuard: BLOCKING optimizer.step() at step 9203 — explicitly blocked (reason=hard_failure_rank_35_step_9203)
INFO:megatron.core.transformer.moe.optimizer_commit_guard:BSR-MoE OptimizerCommitGuard: optimizer.step() SKIPPED at step 9203 (reason: iteration_invalidated)
WARNING:megatron.core.transformer.moe.optimizer_commit_guard:BSR-MoE OptimizerCommitGuard: BLOCKING optimizer.step() at step 9203 — explicitly blocked (reason=hard_failure_rank_35_step_9203)
INFO:megatron.core.transformer.moe.optimizer_commit_guard:BSR-MoE OptimizerCommitGuard: optimizer.step() SKIPPED at step 9203 (reason: iteration_invalidated)
WARNING:megatron.core.transformer.moe.optimizer_commit_guard:BSR-MoE OptimizerCommitGuard: BLOCKING optimizer.step() at step 9203 — explicitly blocked (reason=hard_failure_rank_35_step_9203)
INFO:megatron.core.transformer.moe.optimizer_commit_guard:BSR-MoE OptimizerCommitGuard: optimizer.step() SKIPPED at step 9203 (reason: iteration_invalidated)
WARNING:megatron.core.transformer.moe.optimizer_commit_guard:BSR-MoE OptimizerCommitGuard: BLOCKING optimizer.step() at step 9203 — explicitly blocked (reason=hard_failure_rank_35_step_9203)
INFO:megatron.core.transformer.moe.optimizer_commit_guard:BSR-MoE OptimizerCommitGuard: optimizer.step() SKIPPED at step 9203 (reason: iteration_invalidated)
WARNING:megatron.core.transformer.moe.optimizer_commit_guard:BSR-MoE OptimizerCommitGuard: BLOCKING optimizer.step() at step 9203 — explicitly blocked (reason=hard_failure_rank_35_step_9203)
WARNING:megatron.core.transformer.moe.optimizer_commit_guard:BSR-MoE OptimizerCommitGuard: BLOCKING optimizer.step() at step 9203 — explicitly blocked (reason=hard_failure_rank_35_step_9203)
INFO:megatron.core.transformer.moe.optimizer_commit_guard:BSR-MoE OptimizerCommitGuard: optimizer.step() SKIPPED at step 9203 (reason: iteration_invalidated)
INFO:megatron.core.transformer.moe.optimizer_commit_guard:BSR-MoE OptimizerCommitGuard: optimizer.step() SKIPPED at step 9203 (reason: iteration_invalidated)
WARNING:megatron.core.transformer.moe.optimizer_commit_guard:BSR-MoE OptimizerCommitGuard: BLOCKING optimizer.step() at step 9203 — explicitly blocked (reason=hard_failure_rank_35_step_9203)
INFO:megatron.core.transformer.moe.optimizer_commit_guard:BSR-MoE OptimizerCommitGuard: optimizer.step() SKIPPED at step 9203 (reason: iteration_invalidated)
 [2026-05-29 01:08:32] iteration     9203/   10000 | consumed samples:       588992 | elapsed time per iteration (ms): 93169.7 | learning rate: 1.144346E-05 | global batch size:    64 | load_balancing_loss: 1.029514E+00 | loss scale: 1.0 | number of skipped iterations:   1 | number of nan iterations:   0 |
INFO:megatron.core.transformer.moe.recovery_controller:ExpertRecoveryTracker: experts [48, 49, 50, 51, 52, 53, 54, 55, 56, 57, 58, 59, 60, 61, 62, 63] → HEALTHY (step=9203)
INFO:megatron.core.transformer.moe.recovery_controller:ExpertRecoveryTracker: experts [48, 49, 50, 51, 52, 53, 54, 55, 56, 57, 58, 59, 60, 61, 62, 63] → HEALTHY (step=9203)
INFO:megatron.core.transformer.moe.recovery_controller:ExpertRecoveryTracker: experts [48, 49, 50, 51, 52, 53, 54, 55, 56, 57, 58, 59, 60, 61, 62, 63] → HEALTHY (step=9203)
INFO:megatron.core.transformer.moe.recovery_controller:ExpertRecoveryTracker: experts [48, 49, 50, 51, 52, 53, 54, 55, 56, 57, 58, 59, 60, 61, 62, 63] → HEALTHY (step=9203)
INFO:megatron.core.transformer.moe.recovery_controller:ExpertRecoveryTracker: experts [48, 49, 50, 51, 52, 53, 54, 55, 56, 57, 58, 59, 60, 61, 62, 63] → HEALTHY (step=9203)
INFO:megatron.core.transformer.moe.recovery_controller:ExpertRecoveryTracker: experts [48, 49, 50, 51, 52, 53, 54, 55, 56, 57, 58, 59, 60, 61, 62, 63] → HEALTHY (step=9203)
INFO:megatron.core.transformer.moe.recovery_controller:ExpertRecoveryTracker: experts [48, 49, 50, 51, 52, 53, 54, 55, 56, 57, 58, 59, 60, 61, 62, 63] → HEALTHY (step=9203)
INFO:megatron.core.transformer.moe.recovery_controller:ExpertRecoveryTracker: experts [48, 49, 50, 51, 52, 53, 54, 55, 56, 57, 58, 59, 60, 61, 62, 63] → HEALTHY (step=9203)
WARNING:megatron.core.transformer.moe.reintegration_barrier:BSR-MoE barrier: rank 35 reintegrated at step 9203 (replacement=35, experts=[48, 49, 50, 51, 52, 53, 54, 55, 56, 57, 58, 59, 60, 61, 62, 63])
WARNING:megatron.core.transformer.moe.reintegration_barrier:BSR-MoE barrier: rank 35 reintegrated at step 9203 (replacement=35, experts=[48, 49, 50, 51, 52, 53, 54, 55, 56, 57, 58, 59, 60, 61, 62, 63])
INFO:megatron.core.transformer.moe.recovery_controller:BSR-MoE controller: barrier reintegration executed for rank 35 at step 9203
INFO:megatron.core.transformer.moe.recovery_controller:BSR-MoE controller: barrier reintegration executed for rank 35 at step 9203
WARNING:megatron.core.transformer.moe.reintegration_barrier:BSR-MoE barrier: rank 35 reintegrated at step 9203 (replacement=35, experts=[48, 49, 50, 51, 52, 53, 54, 55, 56, 57, 58, 59, 60, 61, 62, 63])
WARNING:megatron.core.transformer.moe.recovery_controller:[2026-05-29 01:08:32] BSR-MoE controller: REINTEGRATED → HEALTHY_TRAINING (event=reintegration_finalized, step=9203)
INFO:megatron.core.transformer.moe.recovery_controller:BSR-MoE controller: barrier reintegration executed for rank 35 at step 9203
WARNING:megatron.core.transformer.moe.recovery_controller:[2026-05-29 01:08:32] BSR-MoE controller: REINTEGRATED → HEALTHY_TRAINING (event=reintegration_finalized, step=9203)
WARNING:megatron.core.transformer.moe.recovery_controller:[2026-05-29 01:08:32] BSR-MoE controller: reintegration finalized at step 9203 (1 recoveries completed)
WARNING:megatron.core.transformer.moe.reintegration_barrier:BSR-MoE barrier: rank 35 reintegrated at step 9203 (replacement=35, experts=[48, 49, 50, 51, 52, 53, 54, 55, 56, 57, 58, 59, 60, 61, 62, 63])
WARNING:megatron.core.transformer.moe.recovery_controller:[2026-05-29 01:08:32] BSR-MoE controller: reintegration finalized at step 9203 (1 recoveries completed)
INFO:megatron.core.transformer.moe.recovery_controller:BSR-MoE controller: barrier reintegration executed for rank 35 at step 9203
WARNING:megatron.core.transformer.moe.recovery_controller:[2026-05-29 01:08:32] BSR-MoE controller: REINTEGRATED → HEALTHY_TRAINING (event=reintegration_finalized, step=9203)
WARNING:megatron.core.transformer.moe.reintegration_barrier:BSR-MoE barrier: rank 35 reintegrated at step 9203 (replacement=35, experts=[48, 49, 50, 51, 52, 53, 54, 55, 56, 57, 58, 59, 60, 61, 62, 63])
WARNING:megatron.core.transformer.moe.recovery_controller:[2026-05-29 01:08:32] BSR-MoE controller: reintegration finalized at step 9203 (1 recoveries completed)
INFO:megatron.core.transformer.moe.recovery_controller:BSR-MoE controller: barrier reintegration executed for rank 35 at step 9203
WARNING:megatron.core.transformer.moe.recovery_controller:[2026-05-29 01:08:32] BSR-MoE controller: REINTEGRATED → HEALTHY_TRAINING (event=reintegration_finalized, step=9203)
WARNING:megatron.core.transformer.moe.reintegration_barrier:BSR-MoE barrier: rank 35 reintegrated at step 9203 (replacement=35, experts=[48, 49, 50, 51, 52, 53, 54, 55, 56, 57, 58, 59, 60, 61, 62, 63])
WARNING:megatron.core.transformer.moe.recovery_controller:[2026-05-29 01:08:32] BSR-MoE controller: reintegration finalized at step 9203 (1 recoveries completed)
INFO:megatron.core.transformer.moe.recovery_controller:BSR-MoE controller: barrier reintegration executed for rank 35 at step 9203
WARNING:megatron.core.transformer.moe.reintegration_barrier:BSR-MoE barrier: rank 35 reintegrated at step 9203 (replacement=35, experts=[48, 49, 50, 51, 52, 53, 54, 55, 56, 57, 58, 59, 60, 61, 62, 63])
INFO:megatron.core.transformer.moe.recovery_controller:BSR-MoE controller: barrier reintegration executed for rank 35 at step 9203
WARNING:megatron.core.transformer.moe.recovery_controller:[2026-05-29 01:08:32] BSR-MoE controller: REINTEGRATED → HEALTHY_TRAINING (event=reintegration_finalized, step=9203)
WARNING:megatron.core.transformer.moe.recovery_controller:[2026-05-29 01:08:32] BSR-MoE controller: reintegration finalized at step 9203 (1 recoveries completed)
WARNING:megatron.core.transformer.moe.recovery_controller:[2026-05-29 01:08:32] BSR-MoE controller: REINTEGRATED → HEALTHY_TRAINING (event=reintegration_finalized, step=9203)
WARNING:megatron.core.transformer.moe.recovery_controller:[2026-05-29 01:08:32] BSR-MoE controller: reintegration finalized at step 9203 (1 recoveries completed)
WARNING:megatron.core.transformer.moe.recovery_controller:[2026-05-29 01:08:32] BSR-MoE controller: REINTEGRATED → HEALTHY_TRAINING (event=reintegration_finalized, step=9203)
WARNING:megatron.core.transformer.moe.recovery_controller:[2026-05-29 01:08:32] BSR-MoE controller: reintegration finalized at step 9203 (1 recoveries completed)
WARNING:megatron.core.transformer.moe.reintegration_barrier:BSR-MoE barrier: rank 35 reintegrated at step 9203 (replacement=35, experts=[48, 49, 50, 51, 52, 53, 54, 55, 56, 57, 58, 59, 60, 61, 62, 63])
INFO:megatron.core.transformer.moe.recovery_controller:BSR-MoE controller: barrier reintegration executed for rank 35 at step 9203
WARNING:megatron.core.transformer.moe.recovery_controller:[2026-05-29 01:08:32] BSR-MoE controller: REINTEGRATED → HEALTHY_TRAINING (event=reintegration_finalized, step=9203)
WARNING:megatron.core.transformer.moe.recovery_controller:[2026-05-29 01:08:32] BSR-MoE controller: reintegration finalized at step 9203 (1 recoveries completed)
 [2026-05-29 01:08:57] iteration     9204/   10000 | consumed samples:       589056 | elapsed time per iteration (ms): 24578.3 | learning rate: 1.143991E-05 | global batch size:    64 | load_balancing_loss: 1.026870E+00 | lm loss: 2.837178E+00 | loss scale: 1.0 | grad norm: 0.203 | number of skipped iterations:   0 | number of nan iterations:   0 |
WARNING:megatron.core.transformer.moe.bsr_integration:[2026-05-29 01:08:57] BSR-MoE restart-in-place fault burst: injecting 1 ranks together for scheduled_step=2461 at step=9205
WARNING:megatron.core.transformer.moe.bsr_integration:[2026-05-29 01:08:57] BSR-MoE restart-in-place fault burst: injecting 1 ranks together for scheduled_step=2461 at step=9205
WARNING:megatron.core.transformer.moe.bsr_integration:[2026-05-29 01:08:57] BSR-MoE restart-in-place fault burst: injecting 1 ranks together for scheduled_step=2461 at step=9205
WARNING:megatron.core.transformer.moe.bsr_integration:[2026-05-29 01:08:57] BSR-MoE restart-in-place fault burst: injecting 1 ranks together for scheduled_step=2461 at step=9205
WARNING:megatron.core.transformer.moe.bsr_integration:[2026-05-29 01:08:57] BSR-MoE restart-in-place fault burst: injecting 1 ranks together for scheduled_step=2461 at step=9205
WARNING:megatron.core.transformer.moe.bsr_integration:[2026-05-29 01:08:57] BSR-MoE FAULT INJECTION #3: type=restart_in_place, rank=52, step=9205, scheduled_step=2461, experts=[64, 65, 66, 67, 68, 69, 70, 71, 72, 73, 74, 75, 76, 77, 78, 79], ep_group=[48, 49, 50, 51, 52, 53, 54, 55]
WARNING:megatron.core.transformer.moe.bsr_integration:[2026-05-29 01:08:57] BSR-MoE FAULT INJECTION #3: type=restart_in_place, rank=52, step=9205, scheduled_step=2461, experts=[64, 65, 66, 67, 68, 69, 70, 71, 72, 73, 74, 75, 76, 77, 78, 79], ep_group=[48, 49, 50, 51, 52, 53, 54, 55]
WARNING:megatron.core.transformer.moe.bsr_integration:[2026-05-29 01:08:57] BSR-MoE restart-in-place fault burst: injecting 1 ranks together for scheduled_step=2461 at step=9205
WARNING:megatron.core.transformer.moe.bsr_integration:[2026-05-29 01:08:57] BSR-MoE FAULT INJECTION #3: type=restart_in_place, rank=52, step=9205, scheduled_step=2461, experts=[64, 65, 66, 67, 68, 69, 70, 71, 72, 73, 74, 75, 76, 77, 78, 79], ep_group=[48, 49, 50, 51, 52, 53, 54, 55]
WARNING:megatron.core.transformer.moe.bsr_integration:[2026-05-29 01:08:57] BSR-MoE FAULT INJECTION #3: type=restart_in_place, rank=52, step=9205, scheduled_step=2461, experts=[64, 65, 66, 67, 68, 69, 70, 71, 72, 73, 74, 75, 76, 77, 78, 79], ep_group=[48, 49, 50, 51, 52, 53, 54, 55]
WARNING:megatron.core.transformer.moe.bsr_integration:[2026-05-29 01:08:57] BSR-MoE restart-in-place fault burst: injecting 1 ranks together for scheduled_step=2461 at step=9205
WARNING:megatron.core.transformer.moe.bsr_integration:[2026-05-29 01:08:57] BSR-MoE FAULT INJECTION #3: type=restart_in_place, rank=52, step=9205, scheduled_step=2461, experts=[64, 65, 66, 67, 68, 69, 70, 71, 72, 73, 74, 75, 76, 77, 78, 79], ep_group=[48, 49, 50, 51, 52, 53, 54, 55]
WARNING:megatron.core.transformer.moe.recovery_controller:[2026-05-29 01:08:57] BSR-MoE controller: rank 52 HARD FAILURE (step=9205, reason=scheduled_restart_in_place_injection, experts=[64, 65, 66, 67, 68, 69, 70, 71, 72, 73, 74, 75, 76, 77, 78, 79], mid_iteration=False)
WARNING:megatron.core.transformer.moe.recovery_controller:[2026-05-29 01:08:57] BSR-MoE controller: rank 52 HARD FAILURE (step=9205, reason=scheduled_restart_in_place_injection, experts=[64, 65, 66, 67, 68, 69, 70, 71, 72, 73, 74, 75, 76, 77, 78, 79], mid_iteration=False)
WARNING:megatron.core.transformer.moe.recovery_controller:[2026-05-29 01:08:57] BSR-MoE controller: rank 52 HARD FAILURE (step=9205, reason=scheduled_restart_in_place_injection, experts=[64, 65, 66, 67, 68, 69, 70, 71, 72, 73, 74, 75, 76, 77, 78, 79], mid_iteration=False)
WARNING:megatron.core.transformer.moe.bsr_integration:[2026-05-29 01:08:57] BSR-MoE restart-in-place fault burst: injecting 1 ranks together for scheduled_step=2461 at step=9205
WARNING:megatron.core.transformer.moe.recovery_controller:[2026-05-29 01:08:57] BSR-MoE controller: rank 52 HARD FAILURE (step=9205, reason=scheduled_restart_in_place_injection, experts=[64, 65, 66, 67, 68, 69, 70, 71, 72, 73, 74, 75, 76, 77, 78, 79], mid_iteration=False)
WARNING:megatron.core.transformer.moe.bsr_integration:[2026-05-29 01:08:57] BSR-MoE FAULT INJECTION #3: type=restart_in_place, rank=52, step=9205, scheduled_step=2461, experts=[64, 65, 66, 67, 68, 69, 70, 71, 72, 73, 74, 75, 76, 77, 78, 79], ep_group=[48, 49, 50, 51, 52, 53, 54, 55]
WARNING:megatron.core.transformer.moe.recovery_controller:[2026-05-29 01:08:57] BSR-MoE controller: rank 52 HARD FAILURE (step=9205, reason=scheduled_restart_in_place_injection, experts=[64, 65, 66, 67, 68, 69, 70, 71, 72, 73, 74, 75, 76, 77, 78, 79], mid_iteration=False)
WARNING:megatron.core.transformer.moe.bsr_integration:[2026-05-29 01:08:57] BSR-MoE FAULT INJECTION #3: type=restart_in_place, rank=52, step=9205, scheduled_step=2461, experts=[64, 65, 66, 67, 68, 69, 70, 71, 72, 73, 74, 75, 76, 77, 78, 79], ep_group=[48, 49, 50, 51, 52, 53, 54, 55]
INFO:megatron.core.transformer.moe.recovery_controller:ExpertRecoveryTracker: experts [64, 65, 66, 67, 68, 69, 70, 71, 72, 73, 74, 75, 76, 77, 78, 79] → RECOVERING (step=9205)
INFO:megatron.core.transformer.moe.recovery_controller:ExpertRecoveryTracker: experts [64, 65, 66, 67, 68, 69, 70, 71, 72, 73, 74, 75, 76, 77, 78, 79] → RECOVERING (step=9205)
INFO:megatron.core.transformer.moe.recovery_controller:ExpertRecoveryTracker: experts [64, 65, 66, 67, 68, 69, 70, 71, 72, 73, 74, 75, 76, 77, 78, 79] → RECOVERING (step=9205)
INFO:megatron.core.transformer.moe.recovery_controller:ExpertRecoveryTracker: experts [64, 65, 66, 67, 68, 69, 70, 71, 72, 73, 74, 75, 76, 77, 78, 79] → RECOVERING (step=9205)
INFO:megatron.core.transformer.moe.recovery_controller:ExpertRecoveryTracker: experts [64, 65, 66, 67, 68, 69, 70, 71, 72, 73, 74, 75, 76, 77, 78, 79] → RECOVERING (step=9205)
WARNING:megatron.core.transformer.moe.optimizer_commit_guard:OptimizerCommitGuard: commit BLOCKED (step=9205, reason=hard_failure_rank_52_step_9205)
WARNING:megatron.core.transformer.moe.optimizer_commit_guard:OptimizerCommitGuard: commit BLOCKED (step=9205, reason=hard_failure_rank_52_step_9205)
WARNING:megatron.core.transformer.moe.bsr_integration:BSR-MoE: optimizer commit blocked for step 9205 (hard failure of rank 52)
WARNING:megatron.core.transformer.moe.bsr_integration:[2026-05-29 01:08:57] BSR-MoE FAULT INJECTION #3: type=restart_in_place, rank=52, step=9205, scheduled_step=2461, experts=[64, 65, 66, 67, 68, 69, 70, 71, 72, 73, 74, 75, 76, 77, 78, 79], ep_group=[48, 49, 50, 51, 52, 53, 54, 55]
WARNING:megatron.core.transformer.moe.bsr_integration:BSR-MoE: optimizer commit blocked for step 9205 (hard failure of rank 52)
WARNING:megatron.core.transformer.moe.optimizer_commit_guard:OptimizerCommitGuard: commit BLOCKED (step=9205, reason=hard_failure_rank_52_step_9205)
WARNING:megatron.core.transformer.moe.recovery_controller:[2026-05-29 01:08:57] BSR-MoE controller: rank 52 HARD FAILURE (step=9205, reason=scheduled_restart_in_place_injection, experts=[64, 65, 66, 67, 68, 69, 70, 71, 72, 73, 74, 75, 76, 77, 78, 79], mid_iteration=False)
WARNING:megatron.core.transformer.moe.optimizer_commit_guard:OptimizerCommitGuard: commit BLOCKED (step=9205, reason=hard_failure_rank_52_step_9205)
WARNING:megatron.core.transformer.moe.recovery_controller:[2026-05-29 01:08:57] BSR-MoE controller: rank 52 HARD FAILURE (step=9205, reason=scheduled_restart_in_place_injection, experts=[64, 65, 66, 67, 68, 69, 70, 71, 72, 73, 74, 75, 76, 77, 78, 79], mid_iteration=False)
WARNING:megatron.core.transformer.moe.optimizer_commit_guard:OptimizerCommitGuard: commit BLOCKED (step=9205, reason=hard_failure_rank_52_step_9205)
WARNING:megatron.core.transformer.moe.bsr_integration:BSR-MoE: entering waiting-for-replacement state (failed_rank=52, step=9205, experts=[64, 65, 66, 67, 68, 69, 70, 71, 72, 73, 74, 75, 76, 77, 78, 79])
WARNING:megatron.core.transformer.moe.bsr_integration:BSR-MoE: optimizer commit blocked for step 9205 (hard failure of rank 52)
WARNING:megatron.core.transformer.moe.bsr_integration:BSR-MoE: entering waiting-for-replacement state (failed_rank=52, step=9205, experts=[64, 65, 66, 67, 68, 69, 70, 71, 72, 73, 74, 75, 76, 77, 78, 79])
WARNING:megatron.core.transformer.moe.bsr_integration:BSR-MoE: optimizer commit blocked for step 9205 (hard failure of rank 52)
WARNING:megatron.core.transformer.moe.bsr_integration:BSR-MoE: optimizer commit blocked for step 9205 (hard failure of rank 52)
WARNING:megatron.core.transformer.moe.bsr_integration:BSR-MoE: entering waiting-for-replacement state (failed_rank=52, step=9205, experts=[64, 65, 66, 67, 68, 69, 70, 71, 72, 73, 74, 75, 76, 77, 78, 79])
WARNING:megatron.core.transformer.moe.bsr_integration:BSR-MoE: entering waiting-for-replacement state (failed_rank=52, step=9205, experts=[64, 65, 66, 67, 68, 69, 70, 71, 72, 73, 74, 75, 76, 77, 78, 79])
