nohup: ignoring input
+ export NCCL_IB_DISABLE=1
+ NCCL_IB_DISABLE=1
+ export NCCL_DEBUG=WARN
+ NCCL_DEBUG=WARN
+ export PYTHONPATH=/opt/conda/lib/python3.10/site-packages/aistudio_notebook/public:/opt/conda/lib/python3.10/site-packages/aistudio_notebook/public::./Megatron-LM
+ PYTHONPATH=/opt/conda/lib/python3.10/site-packages/aistudio_notebook/public:/opt/conda/lib/python3.10/site-packages/aistudio_notebook/public::./Megatron-LM
+ export HF_HUB_OFFLINE=1
+ HF_HUB_OFFLINE=1
+ export TRANSFORMERS_OFFLINE=1
+ TRANSFORMERS_OFFLINE=1
+ export CUDA_DEVICE_MAX_CONNECTIONS=1
+ CUDA_DEVICE_MAX_CONNECTIONS=1
+ export PYTORCH_CUDA_ALLOC_CONF=expandable_segments:True
+ PYTORCH_CUDA_ALLOC_CONF=expandable_segments:True
+ export TORCH_NCCL_ASYNC_ERROR_HANDLING=1
+ TORCH_NCCL_ASYNC_ERROR_HANDLING=1
+ export TORCH_FORCE_NO_WEIGHTS_ONLY_LOAD=1
+ TORCH_FORCE_NO_WEIGHTS_ONLY_LOAD=1
+ export TORCH_CUDA_ARCH_LIST=9.0
+ TORCH_CUDA_ARCH_LIST=9.0
+++ dirname ./find_multi_fault.sh
++ cd .
++ pwd
+ SCRIPT_DIR=/root/workdir/antllm/bsr2
+ BASE_DIR=/mnt/ais-c1/dataset/zds/find_multi_fault/5.20
+ export SCRIPT_DIR BASE_DIR
+ NPROC_PER_NODE=8
+ NNODES=8
+ PLAN_WORLD_SIZE=64
+ PP_SIZE=8
+ EP_SIZE=8
+ export NPROC_PER_NODE NNODES PLAN_WORLD_SIZE PP_SIZE EP_SIZE
+ FAULT_STEPS=(${FAULT_STEPS:-250 300 350 399})
+ FAULT_COUNTS=(${FAULT_COUNTS:-8 16 32})
+ PLAN_SEED=42
+ MAX_RETRIES=1
+ RETRY_DELAY=30
+ SAVE_LOG_SCRIPT=/root/workdir/antllm/bsr2/log_analysis/save_train_log.sh
+ for STEP in "${FAULT_STEPS[@]}"
+ for COUNT in "${FAULT_COUNTS[@]}"
++ build_fault_plan 250 8
++ local fault_step=250
++ local fault_count=8
++ python3 - 250 8 64 8 42
+ PLAN=250:1,13,17,26,35,41,51,62
+ '[' -z 250:1,13,17,26,35,41,51,62 ']'
+ RUN_DIR=/mnt/ais-c1/dataset/zds/find_multi_fault/5.20/step_250_faults_8
+ export CURRENT_FAULT_STEP=250
+ CURRENT_FAULT_STEP=250
+ export CURRENT_FAULT_COUNT=8
+ CURRENT_FAULT_COUNT=8
+ export CURRENT_FAULT_PLAN=250:1,13,17,26,35,41,51,62
+ CURRENT_FAULT_PLAN=250:1,13,17,26,35,41,51,62
+ export TRAIN_LOG_DIR=/mnt/ais-c1/dataset/zds/find_multi_fault/5.20/step_250_faults_8/log
+ TRAIN_LOG_DIR=/mnt/ais-c1/dataset/zds/find_multi_fault/5.20/step_250_faults_8/log
+ export LOG_ANALYZE_INTERVAL=0
+ LOG_ANALYZE_INTERVAL=0
+ export LOG_ANALYZE_ON_EXIT=0
+ LOG_ANALYZE_ON_EXIT=0
+ export LOG_ANALYZE_SCRIPT=/root/workdir/antllm/bsr2/log_analysis/analyze_train_log.py
+ LOG_ANALYZE_SCRIPT=/root/workdir/antllm/bsr2/log_analysis/analyze_train_log.py
+ echo ''

+ echo '############################################################'
############################################################
+ echo '# find_multi_fault: fault_step=250, fault_count=8'
# find_multi_fault: fault_step=250, fault_count=8
+ echo '# plan=250:1,13,17,26,35,41,51,62'
# plan=250:1,13,17,26,35,41,51,62
+ echo '############################################################'
############################################################
+ retry=0
+ true
+ '[' -f /root/workdir/antllm/bsr2/log_analysis/save_train_log.sh ']'
++ declare -f run_training
+ bash /root/workdir/antllm/bsr2/log_analysis/save_train_log.sh bash -c 'run_training () 
{ 
    local FAULT_STEP="${CURRENT_FAULT_STEP:?CURRENT_FAULT_STEP required}";
    local FAULT_COUNT="${CURRENT_FAULT_COUNT:?CURRENT_FAULT_COUNT required}";
    local FAULT_PLAN="${CURRENT_FAULT_PLAN:?CURRENT_FAULT_PLAN required}";
    local RUN_DIR="${BASE_DIR}/step_${FAULT_STEP}_faults_${FAULT_COUNT}";
    local CKPT_DIR="${RUN_DIR}/ckpt";
    mkdir -p "${CKPT_DIR}";
    export TRAIN_LOG_DIR="${RUN_DIR}/log";
    export LOG_ANALYZE_INTERVAL="${LOG_ANALYZE_INTERVAL:-0}";
    export LOG_ANALYZE_ON_EXIT="${LOG_ANALYZE_ON_EXIT:-0}";
    export LOG_ANALYZE_SCRIPT="${LOG_ANALYZE_SCRIPT:-${SCRIPT_DIR}/log_analysis/analyze_train_log.py}";
    export BSR_FAULT_INJECT_TYPE="${BSR_FAULT_INJECT_TYPE:-restart_in_place}";
    export BSR_FAULT_INJECT_RANK="${BSR_FAULT_INJECT_RANK:-0}";
    export BSR_FAULT_INJECT_STEP="${FAULT_STEP}";
    export BSR_FAULT_INJECT_INTERVAL="0";
    export BSR_FAULT_INJECT_SEED="${BSR_FAULT_INJECT_SEED:-42}";
    export BSR_FAULT_INJECT_PLAN="${FAULT_PLAN}";
    export BSR_FAULT_REPLACEMENT_STEP="${FAULT_STEP}";
    export BSR_FAULT_REPLACEMENT_RANK="${BSR_FAULT_REPLACEMENT_RANK:--1}";
    export BSR_FAULT_ZERO_MEMORY="${BSR_FAULT_ZERO_MEMORY:-1}";
    export BSR_FAULT_MEMORY_FILL="${BSR_FAULT_MEMORY_FILL:-zero}";
    echo "============================================================";
    echo "[find_multi_fault] Starting run: fault_step=${FAULT_STEP}, fault_count=${FAULT_COUNT}";
    echo "[find_multi_fault] fault_plan=${FAULT_PLAN}";
    echo "[find_multi_fault] topology: nproc_per_node=${NPROC_PER_NODE}, nnodes=${NNODES}, pp_size=${PP_SIZE}, ep_size=${EP_SIZE}, plan_world_size=${PLAN_WORLD_SIZE}";
    echo "[find_multi_fault] CKPT_DIR=${CKPT_DIR}";
    echo "[find_multi_fault] TRAIN_LOG_DIR=${TRAIN_LOG_DIR}";
    echo "============================================================";
    LOAD_ARGS=();
    if [ -f "${CKPT_DIR}/latest_checkpointed_iteration.txt" ] || ls "${CKPT_DIR}"/iter_* > /dev/null 2>&1; then
        LOAD_ARGS=(--load "${CKPT_DIR}");
    fi;
    torchrun --nproc_per_node="${NPROC_PER_NODE}" --nnodes="${NNODES}" --node_rank="${NODE_RANK:-0}" --master_addr="${MASTER_ADDR:-127.0.0.1}" --master_port="${MASTER_PORT:-20115}" ./Megatron-LM/pretrain_gpt.py --use-mcore-models --transformer-impl transformer_engine --tensor-model-parallel-size 1 --pipeline-model-parallel-size "${PP_SIZE}" --expert-model-parallel-size "${EP_SIZE}" --sequence-parallel --legacy-tokenizer --tokenizer-type HuggingFaceTokenizer --tokenizer-model ./tokenizer --vocab-file "./tokenizer/vocab.json" --merge-file "./tokenizer/merges.txt" --num-layers 48 --hidden-size 2048 --ffn-hidden-size 6144 --num-attention-heads 32 --group-query-attention --num-query-groups 4 --kv-channels 128 --qk-layernorm --seq-length 4096 --max-position-embeddings 40960 --rotary-base 1000000 --rotary-percent 1.0 --micro-batch-size 8 --global-batch-size 64 --train-iters 600 --lr 1e-4 --min-lr 1e-5 --lr-decay-style cosine --lr-warmup-iters 5 --weight-decay 0.1 --clip-grad 1.0 --adam-beta1 0.9 --adam-beta2 0.95 --init-method-std 0.02 --normalization RMSNorm --disable-bias-linear --position-embedding-type rope --no-rope-fusion --swiglu --no-bias-swiglu-fusion --untie-embeddings-and-output-weights --bf16 --num-experts 128 --moe-ffn-hidden-size 768 --moe-router-topk 8 --moe-router-dtype fp32 --moe-router-load-balancing-type aux_loss --moe-aux-loss-coeff 1e-3 --moe-token-dispatcher-type alltoall --moe-bsr-enable --moe-bsr-health-mask --moe-bsr-rank-quarantine --moe-bsr-dispatch-quarantine-assert --moe-bsr-dispatch-sanitize --moe-bsr-expert-directory --moe-bsr-replacement-protocol --moe-bsr-group-rebuild --moe-bsr-dispatch-topology-refresh --moe-bsr-dense-param-sync --moe-bsr-stale-expert-restore --moe-bsr-recovery-controller --moe-bsr-deferred-optimizer-load --moe-bsr-degraded-mode-policy --moe-bsr-reintegration-barrier --moe-bsr-fault-injection --moe-bsr-restart-in-place --moe-bsr-degraded-tau-c 0.5 --moe-bsr-degraded-t-max 1000 --moe-bsr-degraded-s-max 500 --data-path "/mnt/ais-c1/dataset/zds/bigdata/my_qwen3_data_text_document" --split 99,1,0 --ckpt-format torch --save "${CKPT_DIR}" --save-interval 200 --eval-interval 100 --eval-iters 20 --log-interval 1 "${LOAD_ARGS[@]}"
}; run_training'
============================================================
 Megatron 训练日志保存
 run_id:       20260520_145033_49665
 最新日志:     /mnt/ais-c1/dataset/zds/find_multi_fault/5.20/step_250_faults_8/log/train_latest.log (覆盖)
 完整日志:     /mnt/ais-c1/dataset/zds/find_multi_fault/5.20/step_250_faults_8/log/train_full.log (追加)
 状态文件:     /mnt/ais-c1/dataset/zds/find_multi_fault/5.20/step_250_faults_8/log/train_latest.status
 分析间隔:     0 iterations (0=仅结束时分析)
 结束时分析:   0
 信号后分析:   1
 分析脚本:     /root/workdir/antllm/bsr2/log_analysis/analyze_train_log.py
 启动命令:     bash -c run_training () 
{ 
    local FAULT_STEP="${CURRENT_FAULT_STEP:?CURRENT_FAULT_STEP required}";
    local FAULT_COUNT="${CURRENT_FAULT_COUNT:?CURRENT_FAULT_COUNT required}";
    local FAULT_PLAN="${CURRENT_FAULT_PLAN:?CURRENT_FAULT_PLAN required}";
    local RUN_DIR="${BASE_DIR}/step_${FAULT_STEP}_faults_${FAULT_COUNT}";
    local CKPT_DIR="${RUN_DIR}/ckpt";
    mkdir -p "${CKPT_DIR}";
    export TRAIN_LOG_DIR="${RUN_DIR}/log";
    export LOG_ANALYZE_INTERVAL="${LOG_ANALYZE_INTERVAL:-0}";
    export LOG_ANALYZE_ON_EXIT="${LOG_ANALYZE_ON_EXIT:-0}";
    export LOG_ANALYZE_SCRIPT="${LOG_ANALYZE_SCRIPT:-${SCRIPT_DIR}/log_analysis/analyze_train_log.py}";
    export BSR_FAULT_INJECT_TYPE="${BSR_FAULT_INJECT_TYPE:-restart_in_place}";
    export BSR_FAULT_INJECT_RANK="${BSR_FAULT_INJECT_RANK:-0}";
    export BSR_FAULT_INJECT_STEP="${FAULT_STEP}";
    export BSR_FAULT_INJECT_INTERVAL="0";
    export BSR_FAULT_INJECT_SEED="${BSR_FAULT_INJECT_SEED:-42}";
    export BSR_FAULT_INJECT_PLAN="${FAULT_PLAN}";
    export BSR_FAULT_REPLACEMENT_STEP="${FAULT_STEP}";
    export BSR_FAULT_REPLACEMENT_RANK="${BSR_FAULT_REPLACEMENT_RANK:--1}";
    export BSR_FAULT_ZERO_MEMORY="${BSR_FAULT_ZERO_MEMORY:-1}";
    export BSR_FAULT_MEMORY_FILL="${BSR_FAULT_MEMORY_FILL:-zero}";
    echo "============================================================";
    echo "[find_multi_fault] Starting run: fault_step=${FAULT_STEP}, fault_count=${FAULT_COUNT}";
    echo "[find_multi_fault] fault_plan=${FAULT_PLAN}";
    echo "[find_multi_fault] topology: nproc_per_node=${NPROC_PER_NODE}, nnodes=${NNODES}, pp_size=${PP_SIZE}, ep_size=${EP_SIZE}, plan_world_size=${PLAN_WORLD_SIZE}";
    echo "[find_multi_fault] CKPT_DIR=${CKPT_DIR}";
    echo "[find_multi_fault] TRAIN_LOG_DIR=${TRAIN_LOG_DIR}";
    echo "============================================================";
    LOAD_ARGS=();
    if [ -f "${CKPT_DIR}/latest_checkpointed_iteration.txt" ] || ls "${CKPT_DIR}"/iter_* > /dev/null 2>&1; then
        LOAD_ARGS=(--load "${CKPT_DIR}");
    fi;
    torchrun --nproc_per_node="${NPROC_PER_NODE}" --nnodes="${NNODES}" --node_rank="${NODE_RANK:-0}" --master_addr="${MASTER_ADDR:-127.0.0.1}" --master_port="${MASTER_PORT:-20115}" ./Megatron-LM/pretrain_gpt.py --use-mcore-models --transformer-impl transformer_engine --tensor-model-parallel-size 1 --pipeline-model-parallel-size "${PP_SIZE}" --expert-model-parallel-size "${EP_SIZE}" --sequence-parallel --legacy-tokenizer --tokenizer-type HuggingFaceTokenizer --tokenizer-model ./tokenizer --vocab-file "./tokenizer/vocab.json" --merge-file "./tokenizer/merges.txt" --num-layers 48 --hidden-size 2048 --ffn-hidden-size 6144 --num-attention-heads 32 --group-query-attention --num-query-groups 4 --kv-channels 128 --qk-layernorm --seq-length 4096 --max-position-embeddings 40960 --rotary-base 1000000 --rotary-percent 1.0 --micro-batch-size 8 --global-batch-size 64 --train-iters 600 --lr 1e-4 --min-lr 1e-5 --lr-decay-style cosine --lr-warmup-iters 5 --weight-decay 0.1 --clip-grad 1.0 --adam-beta1 0.9 --adam-beta2 0.95 --init-method-std 0.02 --normalization RMSNorm --disable-bias-linear --position-embedding-type rope --no-rope-fusion --swiglu --no-bias-swiglu-fusion --untie-embeddings-and-output-weights --bf16 --num-experts 128 --moe-ffn-hidden-size 768 --moe-router-topk 8 --moe-router-dtype fp32 --moe-router-load-balancing-type aux_loss --moe-aux-loss-coeff 1e-3 --moe-token-dispatcher-type alltoall --moe-bsr-enable --moe-bsr-health-mask --moe-bsr-rank-quarantine --moe-bsr-dispatch-quarantine-assert --moe-bsr-dispatch-sanitize --moe-bsr-expert-directory --moe-bsr-replacement-protocol --moe-bsr-group-rebuild --moe-bsr-dispatch-topology-refresh --moe-bsr-dense-param-sync --moe-bsr-stale-expert-restore --moe-bsr-recovery-controller --moe-bsr-deferred-optimizer-load --moe-bsr-degraded-mode-policy --moe-bsr-reintegration-barrier --moe-bsr-fault-injection --moe-bsr-restart-in-place --moe-bsr-degraded-tau-c 0.5 --moe-bsr-degraded-t-max 1000 --moe-bsr-degraded-s-max 500 --data-path "/mnt/ais-c1/dataset/zds/bigdata/my_qwen3_data_text_document" --split 99,1,0 --ckpt-format torch --save "${CKPT_DIR}" --save-interval 200 --eval-interval 100 --eval-iters 20 --log-interval 1 "${LOAD_ARGS[@]}"
}; run_training
 开始时间:     2026年 05月 20日 星期三 14:50:34 CST
============================================================
============================================================
[find_multi_fault] Starting run: fault_step=250, fault_count=8
[find_multi_fault] fault_plan=250:1,13,17,26,35,41,51,62
[find_multi_fault] topology: nproc_per_node=8, nnodes=8, pp_size=8, ep_size=8, plan_world_size=64
[find_multi_fault] CKPT_DIR=/mnt/ais-c1/dataset/zds/find_multi_fault/5.20/step_250_faults_8/ckpt
[find_multi_fault] TRAIN_LOG_DIR=/mnt/ais-c1/dataset/zds/find_multi_fault/5.20/step_250_faults_8/log
============================================================
W0520 14:50:35.790000 49771 site-packages/torch/distributed/run.py:792] 
W0520 14:50:35.790000 49771 site-packages/torch/distributed/run.py:792] *****************************************
W0520 14:50:35.790000 49771 site-packages/torch/distributed/run.py:792] Setting OMP_NUM_THREADS environment variable for each process to be 1 in default, to avoid your system being overloaded, please further tune the variable for optimal performance in your application as needed. 
W0520 14:50:35.790000 49771 site-packages/torch/distributed/run.py:792] *****************************************
fused_indices_to_multihot has reached end of life. Please migrate to a non-experimental function.
fused_indices_to_multihot has reached end of life. Please migrate to a non-experimental function.
fused_indices_to_multihot has reached end of life. Please migrate to a non-experimental function.
fused_indices_to_multihot has reached end of life. Please migrate to a non-experimental function.
fused_indices_to_multihot has reached end of life. Please migrate to a non-experimental function.
fused_indices_to_multihot has reached end of life. Please migrate to a non-experimental function.
fused_indices_to_multihot has reached end of life. Please migrate to a non-experimental function.
fused_indices_to_multihot has reached end of life. Please migrate to a non-experimental function.
WARNING: one_logger package is required to enable e2e metrics tracking. please go to https://confluence.nvidia.com/display/MLWFO/Package+Repositories for details to install it
[rank60]:[W520 14:50:50.113813371 ProcessGroupNCCL.cpp:4561] [PG ID 0 PG GUID 0 Rank 60]  using GPU 4 to perform barrier as devices used by this process are currently unknown. This can potentially cause a hang if this rank to GPU mapping is incorrect. Specify device_ids in barrier() to force use of a particular device, or call init_process_group() with a device_id.
[rank59]:[W520 14:50:50.113943592 ProcessGroupNCCL.cpp:4561] [PG ID 0 PG GUID 0 Rank 59]  using GPU 3 to perform barrier as devices used by this process are currently unknown. This can potentially cause a hang if this rank to GPU mapping is incorrect. Specify device_ids in barrier() to force use of a particular device, or call init_process_group() with a device_id.
[rank62]:[W520 14:50:50.115203657 ProcessGroupNCCL.cpp:4561] [PG ID 0 PG GUID 0 Rank 62]  using GPU 6 to perform barrier as devices used by this process are currently unknown. This can potentially cause a hang if this rank to GPU mapping is incorrect. Specify device_ids in barrier() to force use of a particular device, or call init_process_group() with a device_id.
[rank57]:[W520 14:50:50.115356972 ProcessGroupNCCL.cpp:4561] [PG ID 0 PG GUID 0 Rank 57]  using GPU 1 to perform barrier as devices used by this process are currently unknown. This can potentially cause a hang if this rank to GPU mapping is incorrect. Specify device_ids in barrier() to force use of a particular device, or call init_process_group() with a device_id.
[rank63]:[W520 14:50:50.117252347 ProcessGroupNCCL.cpp:4561] [PG ID 0 PG GUID 0 Rank 63]  using GPU 7 to perform barrier as devices used by this process are currently unknown. This can potentially cause a hang if this rank to GPU mapping is incorrect. Specify device_ids in barrier() to force use of a particular device, or call init_process_group() with a device_id.
[rank58]:[W520 14:50:50.117365392 ProcessGroupNCCL.cpp:4561] [PG ID 0 PG GUID 0 Rank 58]  using GPU 2 to perform barrier as devices used by this process are currently unknown. This can potentially cause a hang if this rank to GPU mapping is incorrect. Specify device_ids in barrier() to force use of a particular device, or call init_process_group() with a device_id.
[rank61]:[W520 14:50:50.117658205 ProcessGroupNCCL.cpp:4561] [PG ID 0 PG GUID 0 Rank 61]  using GPU 5 to perform barrier as devices used by this process are currently unknown. This can potentially cause a hang if this rank to GPU mapping is incorrect. Specify device_ids in barrier() to force use of a particular device, or call init_process_group() with a device_id.
[rank56]:[W520 14:50:50.194212076 ProcessGroupNCCL.cpp:4561] [PG ID 0 PG GUID 0 Rank 56]  using GPU 0 to perform barrier as devices used by this process are currently unknown. This can potentially cause a hang if this rank to GPU mapping is incorrect. Specify device_ids in barrier() to force use of a particular device, or call init_process_group() with a device_id.
 > number of parameters on (tensor, pipeline) model parallel rank (0, 7): 878472704
INFO:megatron.core.distributed.param_and_grad_buffer:Number of buckets for gradient all-reduce / reduce-scatter: 1
Params for bucket 1 (425487872 elements, 425487872 padded size):
	module.decoder.layers.5.self_attention.k_layernorm.weight
	module.decoder.layers.4.self_attention.q_layernorm.weight
	module.decoder.layers.3.self_attention.q_layernorm.weight
	module.decoder.layers.2.self_attention.linear_qkv.layer_norm_weight
	module.decoder.layers.1.pre_mlp_layernorm.weight
	module.decoder.layers.1.self_attention.linear_qkv.layer_norm_weight
	module.decoder.layers.2.pre_mlp_layernorm.weight
	module.decoder.layers.2.self_attention.linear_proj.weight
	module.decoder.layers.4.pre_mlp_layernorm.weight
	module.decoder.layers.1.self_attention.linear_proj.weight
	module.decoder.layers.5.self_attention.linear_qkv.layer_norm_weight
	module.decoder.layers.4.self_attention.linear_qkv.layer_norm_weight
	module.decoder.layers.3.self_attention.k_layernorm.weight
	module.decoder.layers.1.self_attention.q_layernorm.weight
	module.decoder.layers.1.self_attention.linear_qkv.weight
	module.decoder.layers.0.self_attention.k_layernorm.weight
	module.decoder.layers.4.self_attention.linear_proj.weight
	module.decoder.layers.2.self_attention.k_layernorm.weight
	module.decoder.layers.2.self_attention.linear_qkv.weight
	module.decoder.layers.5.mlp.router.weight
	module.decoder.final_layernorm.weight
	module.decoder.layers.5.self_attention.linear_qkv.weight
	module.decoder.layers.4.self_attention.k_layernorm.weight
	module.decoder.layers.3.self_attention.linear_qkv.weight
	module.decoder.layers.0.mlp.router.weight
	module.decoder.layers.0.self_attention.q_layernorm.weight
	module.decoder.layers.0.self_attention.linear_qkv.weight
	module.decoder.layers.0.self_attention.linear_qkv.layer_norm_weight
	module.decoder.layers.5.pre_mlp_layernorm.weight
	module.decoder.layers.5.self_attention.q_layernorm.weight
	module.decoder.layers.4.mlp.router.weight
	module.decoder.layers.4.self_attention.linear_qkv.weight
	module.decoder.layers.1.self_attention.k_layernorm.weight
	module.decoder.layers.0.self_attention.linear_proj.weight
	module.output_layer.weight
	module.decoder.layers.5.self_attention.linear_proj.weight
	module.decoder.layers.3.mlp.router.weight
	module.decoder.layers.3.pre_mlp_layernorm.weight
	module.decoder.layers.3.self_attention.linear_qkv.layer_norm_weight
	module.decoder.layers.3.self_attention.linear_proj.weight
	module.decoder.layers.2.mlp.router.weight
	module.decoder.layers.2.self_attention.q_layernorm.weight
	module.decoder.layers.1.mlp.router.weight
	module.decoder.layers.0.pre_mlp_layernorm.weight
INFO:megatron.core.distributed.param_and_grad_buffer:Number of buckets for gradient all-reduce / reduce-scatter: 1
Params for bucket 1 (452984832 elements, 452984832 padded size):
	module.decoder.layers.5.mlp.experts.local_experts.14.linear_fc2.weight
	module.decoder.layers.5.mlp.experts.local_experts.3.linear_fc2.weight
	module.decoder.layers.3.mlp.experts.local_experts.9.linear_fc1.weight
	module.decoder.layers.3.mlp.experts.local_experts.5.linear_fc1.weight
	module.decoder.layers.0.mlp.experts.local_experts.10.linear_fc2.weight
	module.decoder.layers.5.mlp.experts.local_experts.10.linear_fc1.weight
	module.decoder.layers.4.mlp.experts.local_experts.8.linear_fc1.weight
	module.decoder.layers.2.mlp.experts.local_experts.11.linear_fc2.weight
	module.decoder.layers.1.mlp.experts.local_experts.12.linear_fc2.weight
	module.decoder.layers.0.mlp.experts.local_experts.3.linear_fc1.weight
	module.decoder.layers.4.mlp.experts.local_experts.14.linear_fc2.weight
	module.decoder.layers.4.mlp.experts.local_experts.2.linear_fc1.weight
	module.decoder.layers.3.mlp.experts.local_experts.6.linear_fc1.weight
	module.decoder.layers.2.mlp.experts.local_experts.10.linear_fc1.weight
	module.decoder.layers.1.mlp.experts.local_experts.5.linear_fc1.weight
	module.decoder.layers.0.mlp.experts.local_experts.0.linear_fc1.weight
	module.decoder.layers.5.mlp.experts.local_experts.15.linear_fc2.weight
	module.decoder.layers.5.mlp.experts.local_experts.4.linear_fc2.weight
	module.decoder.layers.5.mlp.experts.local_experts.0.linear_fc1.weight
	module.decoder.layers.3.mlp.experts.local_experts.12.linear_fc2.weight
	module.decoder.layers.3.mlp.experts.local_experts.5.linear_fc2.weight
	module.decoder.layers.1.mlp.experts.local_experts.13.linear_fc1.weight
	module.decoder.layers.1.mlp.experts.local_experts.10.linear_fc2.weight
	module.decoder.layers.1.mlp.experts.local_experts.2.linear_fc2.weight
	module.decoder.layers.5.mlp.experts.local_experts.11.linear_fc1.weight
	module.decoder.layers.4.mlp.experts.local_experts.9.linear_fc1.weight
	module.decoder.layers.3.mlp.experts.local_experts.11.linear_fc2.weight
	module.decoder.layers.2.mlp.experts.local_experts.12.linear_fc2.weight
	module.decoder.layers.0.mlp.experts.local_experts.14.linear_fc2.weight
	module.decoder.layers.4.mlp.experts.local_experts.15.linear_fc2.weight
	module.decoder.layers.4.mlp.experts.local_experts.4.linear_fc1.weight
	module.decoder.layers.2.mlp.experts.local_experts.10.linear_fc2.weight
	module.decoder.layers.0.mlp.experts.local_experts.5.linear_fc1.weight
	module.decoder.layers.5.mlp.experts.local_experts.5.linear_fc2.weight
	module.decoder.layers.2.mlp.experts.local_experts.14.linear_fc1.weight
	module.decoder.layers.2.mlp.experts.local_experts.6.linear_fc1.weight
	module.decoder.layers.0.mlp.experts.local_experts.4.linear_fc2.weight
	module.decoder.layers.5.mlp.experts.local_experts.12.linear_fc1.weight
	module.decoder.layers.5.mlp.experts.local_experts.7.linear_fc2.weight
	module.decoder.layers.4.mlp.experts.local_experts.10.linear_fc1.weight
	module.decoder.layers.4.mlp.experts.local_experts.5.linear_fc2.weight
	module.decoder.layers.4.mlp.experts.local_experts.3.linear_fc1.weight
	module.decoder.layers.1.mlp.experts.local_experts.12.linear_fc1.weight
	module.decoder.layers.0.mlp.experts.local_experts.4.linear_fc1.weight
	module.decoder.layers.2.mlp.experts.local_experts.2.linear_fc2.weight
	module.decoder.layers.5.mlp.experts.local_experts.6.linear_fc2.weight
	module.decoder.layers.3.mlp.experts.local_experts.4.linear_fc1.weight
	module.decoder.layers.3.mlp.experts.local_experts.3.linear_fc1.weight
	module.decoder.layers.3.mlp.experts.local_experts.0.linear_fc2.weight
	module.decoder.layers.2.mlp.experts.local_experts.4.linear_fc2.weight
	module.decoder.layers.1.mlp.experts.local_experts.14.linear_fc1.weight
	module.decoder.layers.1.mlp.experts.local_experts.8.linear_fc1.weight
	module.decoder.layers.1.mlp.experts.local_experts.7.linear_fc1.weight
	module.decoder.layers.5.mlp.experts.local_experts.8.linear_fc2.weight
	module.decoder.layers.4.mlp.experts.local_experts.11.linear_fc1.weight
	module.decoder.layers.4.mlp.experts.local_experts.6.linear_fc2.weight
	module.decoder.layers.3.mlp.experts.local_experts.10.linear_fc2.weight
	module.decoder.layers.2.mlp.experts.local_experts.1.linear_fc1.weight
	module.decoder.layers.1.mlp.experts.local_experts.9.linear_fc2.weight
	module.decoder.layers.0.mlp.experts.local_experts.15.linear_fc1.weight
	module.decoder.layers.0.mlp.experts.local_experts.13.linear_fc2.weight
	module.decoder.layers.5.mlp.experts.local_experts.1.linear_fc1.weight
	module.decoder.layers.3.mlp.experts.local_experts.14.linear_fc2.weight
	module.decoder.layers.3.mlp.experts.local_experts.4.linear_fc2.weight
	module.decoder.layers.2.mlp.experts.local_experts.15.linear_fc1.weight
	module.decoder.layers.1.mlp.experts.local_experts.15.linear_fc1.weight
	module.decoder.layers.0.mlp.experts.local_experts.2.linear_fc2.weight
	module.decoder.layers.0.mlp.experts.local_experts.1.linear_fc1.weight
	module.decoder.layers.3.mlp.experts.local_experts.9.linear_fc2.weight
	module.decoder.layers.3.mlp.experts.local_experts.14.linear_fc1.weight
	module.decoder.layers.3.mlp.experts.local_experts.12.linear_fc1.weight
	module.decoder.layers.3.mlp.experts.local_experts.6.linear_fc2.weight
	module.decoder.layers.2.mlp.experts.local_experts.2.linear_fc1.weight
	module.decoder.layers.5.mlp.experts.local_experts.9.linear_fc2.weight
	module.decoder.layers.4.mlp.experts.local_experts.12.linear_fc1.weight
	module.decoder.layers.4.mlp.experts.local_experts.7.linear_fc2.weight
	module.decoder.layers.1.mlp.experts.local_experts.7.linear_fc2.weight
	module.decoder.layers.0.mlp.experts.local_experts.14.linear_fc1.weight
	module.decoder.layers.5.mlp.experts.local_experts.2.linear_fc1.weight
	module.decoder.layers.4.mlp.experts.local_experts.3.linear_fc2.weight
	module.decoder.layers.3.mlp.experts.local_experts.15.linear_fc2.weight
	module.decoder.layers.3.mlp.experts.local_experts.7.linear_fc1.weight
	module.decoder.layers.2.mlp.experts.local_experts.14.linear_fc2.weight
	module.decoder.layers.2.mlp.experts.local_experts.8.linear_fc1.weight
	module.decoder.layers.1.mlp.experts.local_experts.6.linear_fc1.weight
	module.decoder.layers.0.mlp.experts.local_experts.13.linear_fc1.weight
	module.decoder.layers.0.mlp.experts.local_experts.0.linear_fc2.weight
	module.decoder.layers.3.mlp.experts.local_experts.13.linear_fc1.weight
	module.decoder.layers.3.mlp.experts.local_experts.8.linear_fc2.weight
	module.decoder.layers.3.mlp.experts.local_experts.8.linear_fc1.weight
	module.decoder.layers.2.mlp.experts.local_experts.3.linear_fc2.weight
	module.decoder.layers.1.mlp.experts.local_experts.11.linear_fc1.weight
	module.decoder.layers.0.mlp.experts.local_experts.12.linear_fc2.weight
	module.decoder.layers.0.mlp.experts.local_experts.9.linear_fc2.weight
	module.decoder.layers.0.mlp.experts.local_experts.5.linear_fc2.weight
	module.decoder.layers.5.mlp.experts.local_experts.10.linear_fc2.weight
	module.decoder.layers.4.mlp.experts.local_experts.13.linear_fc1.weight
	module.decoder.layers.4.mlp.experts.local_experts.8.linear_fc2.weight
	module.decoder.layers.3.mlp.experts.local_experts.11.linear_fc1.weight
	module.decoder.layers.2.mlp.experts.local_experts.5.linear_fc2.weight
	module.decoder.layers.2.mlp.experts.local_experts.0.linear_fc1.weight
	module.decoder.layers.0.mlp.experts.local_experts.6.linear_fc1.weight
	module.decoder.layers.0.mlp.experts.local_experts.2.linear_fc1.weight
	module.decoder.layers.5.mlp.experts.local_experts.14.linear_fc1.weight
	module.decoder.layers.5.mlp.experts.local_experts.3.linear_fc1.weight
	module.decoder.layers.3.mlp.experts.local_experts.0.linear_fc1.weight
	module.decoder.layers.2.mlp.experts.local_experts.8.linear_fc2.weight
	module.decoder.layers.1.mlp.experts.local_experts.14.linear_fc2.weight
	module.decoder.layers.1.mlp.experts.local_experts.1.linear_fc1.weight
	module.decoder.layers.0.mlp.experts.local_experts.12.linear_fc1.weight
	module.decoder.layers.0.mlp.experts.local_experts.3.linear_fc2.weight
	module.decoder.layers.2.mlp.experts.local_experts.13.linear_fc1.weight
	module.decoder.layers.2.mlp.experts.local_experts.7.linear_fc1.weight
	module.decoder.layers.1.mlp.experts.local_experts.6.linear_fc2.weight
	module.decoder.layers.1.mlp.experts.local_experts.0.linear_fc2.weight
	module.decoder.layers.5.mlp.experts.local_experts.11.linear_fc2.weight
	module.decoder.layers.4.mlp.experts.local_experts.14.linear_fc1.weight
	module.decoder.layers.4.mlp.experts.local_experts.9.linear_fc2.weight
	module.decoder.layers.2.mlp.experts.local_experts.11.linear_fc1.weight
	module.decoder.layers.2.mlp.experts.local_experts.7.linear_fc2.weight
	module.decoder.layers.1.mlp.experts.local_experts.2.linear_fc1.weight
	module.decoder.layers.0.mlp.experts.local_experts.7.linear_fc2.weight
	module.decoder.layers.5.mlp.experts.local_experts.15.linear_fc1.weight
	module.decoder.layers.5.mlp.experts.local_experts.4.linear_fc1.weight
	module.decoder.layers.3.mlp.experts.local_experts.7.linear_fc2.weight
	module.decoder.layers.3.mlp.experts.local_experts.1.linear_fc1.weight
	module.decoder.layers.2.mlp.experts.local_experts.9.linear_fc2.weight
	module.decoder.layers.1.mlp.experts.local_experts.8.linear_fc2.weight
	module.decoder.layers.1.mlp.experts.local_experts.3.linear_fc2.weight
	module.decoder.layers.4.mlp.experts.local_experts.0.linear_fc2.weight
	module.decoder.layers.2.mlp.experts.local_experts.13.linear_fc2.weight
	module.decoder.layers.2.mlp.experts.local_experts.5.linear_fc1.weight
	module.decoder.layers.1.mlp.experts.local_experts.4.linear_fc1.weight
	module.decoder.layers.5.mlp.experts.local_experts.12.linear_fc2.weight
	module.decoder.layers.4.mlp.experts.local_experts.15.linear_fc1.weight
	module.decoder.layers.4.mlp.experts.local_experts.10.linear_fc2.weight
	module.decoder.layers.4.mlp.experts.local_experts.2.linear_fc2.weight
	module.decoder.layers.3.mlp.experts.local_experts.3.linear_fc2.weight
	module.decoder.layers.2.mlp.experts.local_experts.12.linear_fc1.weight
	module.decoder.layers.1.mlp.experts.local_experts.0.linear_fc1.weight
	module.decoder.layers.0.mlp.experts.local_experts.9.linear_fc1.weight
	module.decoder.layers.0.mlp.experts.local_experts.6.linear_fc2.weight
	module.decoder.layers.5.mlp.experts.local_experts.5.linear_fc1.weight
	module.decoder.layers.5.mlp.experts.local_experts.0.linear_fc2.weight
	module.decoder.layers.4.mlp.experts.local_experts.4.linear_fc2.weight
	module.decoder.layers.4.mlp.experts.local_experts.0.linear_fc1.weight
	module.decoder.layers.0.mlp.experts.local_experts.8.linear_fc2.weight
	module.decoder.layers.5.mlp.experts.local_experts.7.linear_fc1.weight
	module.decoder.layers.4.mlp.experts.local_experts.5.linear_fc1.weight
	module.decoder.layers.4.mlp.experts.local_experts.1.linear_fc2.weight
	module.decoder.layers.1.mlp.experts.local_experts.13.linear_fc2.weight
	module.decoder.layers.1.mlp.experts.local_experts.4.linear_fc2.weight
	module.decoder.layers.1.mlp.experts.local_experts.1.linear_fc2.weight
	module.decoder.layers.0.mlp.experts.local_experts.10.linear_fc1.weight
	module.decoder.layers.4.mlp.experts.local_experts.11.linear_fc2.weight
	module.decoder.layers.3.mlp.experts.local_experts.2.linear_fc2.weight
	module.decoder.layers.2.mlp.experts.local_experts.15.linear_fc2.weight
	module.decoder.layers.2.mlp.experts.local_experts.4.linear_fc1.weight
	module.decoder.layers.0.mlp.experts.local_experts.7.linear_fc1.weight
	module.decoder.layers.5.mlp.experts.local_experts.6.linear_fc1.weight
	module.decoder.layers.5.mlp.experts.local_experts.1.linear_fc2.weight
	module.decoder.layers.5.mlp.experts.local_experts.13.linear_fc1.weight
	module.decoder.layers.5.mlp.experts.local_experts.8.linear_fc1.weight
	module.decoder.layers.4.mlp.experts.local_experts.6.linear_fc1.weight
	module.decoder.layers.3.mlp.experts.local_experts.2.linear_fc1.weight
	module.decoder.layers.1.mlp.experts.local_experts.15.linear_fc2.weight
	module.decoder.layers.1.mlp.experts.local_experts.11.linear_fc2.weight
	module.decoder.layers.0.mlp.experts.local_experts.11.linear_fc1.weight
	module.decoder.layers.4.mlp.experts.local_experts.12.linear_fc2.weight
	module.decoder.layers.4.mlp.experts.local_experts.1.linear_fc1.weight
	module.decoder.layers.3.mlp.experts.local_experts.10.linear_fc1.weight
	module.decoder.layers.2.mlp.experts.local_experts.6.linear_fc2.weight
	module.decoder.layers.1.mlp.experts.local_experts.9.linear_fc1.weight
	module.decoder.layers.1.mlp.experts.local_experts.3.linear_fc1.weight
	module.decoder.layers.0.mlp.experts.local_experts.15.linear_fc2.weight
	module.decoder.layers.5.mlp.experts.local_experts.13.linear_fc2.weight
	module.decoder.layers.5.mlp.experts.local_experts.2.linear_fc2.weight
	module.decoder.layers.3.mlp.experts.local_experts.1.linear_fc2.weight
	module.decoder.layers.0.mlp.experts.local_experts.11.linear_fc2.weight
	module.decoder.layers.0.mlp.experts.local_experts.1.linear_fc2.weight
	module.decoder.layers.5.mlp.experts.local_experts.9.linear_fc1.weight
	module.decoder.layers.4.mlp.experts.local_experts.7.linear_fc1.weight
	module.decoder.layers.2.mlp.experts.local_experts.3.linear_fc1.weight
	module.decoder.layers.2.mlp.experts.local_experts.0.linear_fc2.weight
	module.decoder.layers.1.mlp.experts.local_experts.10.linear_fc1.weight
	module.decoder.layers.3.mlp.experts.local_experts.15.linear_fc1.weight
	module.decoder.layers.3.mlp.experts.local_experts.13.linear_fc2.weight
	module.decoder.layers.4.mlp.experts.local_experts.13.linear_fc2.weight
	module.decoder.layers.2.mlp.experts.local_experts.9.linear_fc1.weight
	module.decoder.layers.2.mlp.experts.local_experts.1.linear_fc2.weight
	module.decoder.layers.1.mlp.experts.local_experts.5.linear_fc2.weight
	module.decoder.layers.0.mlp.experts.local_experts.8.linear_fc1.weight
(min, max) time across ranks (ms):
    model-and-optimizer-setup ......................: (617.87, 668.03)
    train/valid/test-data-iterators-setup ..........: (2285.02, 2347.28)
WARNING:megatron.core.transformer.moe.bsr_integration:[2026-05-20 14:50:57] BSR-MoE: initializing on rank 58 ...
WARNING:megatron.core.transformer.moe.bsr_integration:[2026-05-20 14:50:57] BSR-MoE: initializing on rank 59 ...
WARNING:megatron.core.transformer.moe.bsr_integration:[2026-05-20 14:50:57] BSR-MoE: initializing on rank 57 ...
WARNING:megatron.core.transformer.moe.bsr_integration:[2026-05-20 14:50:57] BSR-MoE: initializing on rank 61 ...
WARNING:megatron.core.transformer.moe.bsr_integration:[2026-05-20 14:50:57] BSR-MoE: initializing on rank 60 ...
WARNING:megatron.core.transformer.moe.bsr_integration:[2026-05-20 14:50:57] BSR-MoE: initializing on rank 62 ...
WARNING:megatron.core.transformer.moe.bsr_integration:[2026-05-20 14:50:57] BSR-MoE: initializing on rank 56 ...
WARNING:megatron.core.transformer.moe.bsr_integration:[2026-05-20 14:50:57] BSR-MoE: initializing on rank 63 ...
WARNING:megatron.core.transformer.moe.bsr_integration:BSR-MoE: num_experts=128, num_layers=48, ep_size=8, ep_group_ranks=[56, 57, 58, 59, 60, 61, 62, 63], dp_group_ranks=[56, 57, 58, 59, 60, 61, 62, 63], global_ep_groups=8
WARNING:megatron.core.transformer.moe.bsr_integration:BSR-MoE: num_experts=128, num_layers=48, ep_size=8, ep_group_ranks=[56, 57, 58, 59, 60, 61, 62, 63], dp_group_ranks=[56, 57, 58, 59, 60, 61, 62, 63], global_ep_groups=8
WARNING:megatron.core.transformer.moe.bsr_integration:BSR-MoE: num_experts=128, num_layers=48, ep_size=8, ep_group_ranks=[56, 57, 58, 59, 60, 61, 62, 63], dp_group_ranks=[56, 57, 58, 59, 60, 61, 62, 63], global_ep_groups=8
WARNING:megatron.core.transformer.moe.bsr_integration:BSR-MoE: num_experts=128, num_layers=48, ep_size=8, ep_group_ranks=[56, 57, 58, 59, 60, 61, 62, 63], dp_group_ranks=[56, 57, 58, 59, 60, 61, 62, 63], global_ep_groups=8
WARNING:megatron.core.transformer.moe.bsr_integration:BSR-MoE: num_experts=128, num_layers=48, ep_size=8, ep_group_ranks=[56, 57, 58, 59, 60, 61, 62, 63], dp_group_ranks=[56, 57, 58, 59, 60, 61, 62, 63], global_ep_groups=8
WARNING:megatron.core.transformer.moe.bsr_integration:BSR-MoE: num_experts=128, num_layers=48, ep_size=8, ep_group_ranks=[56, 57, 58, 59, 60, 61, 62, 63], dp_group_ranks=[56, 57, 58, 59, 60, 61, 62, 63], global_ep_groups=8
WARNING:megatron.core.transformer.moe.bsr_integration:BSR-MoE: num_experts=128, num_layers=48, ep_size=8, ep_group_ranks=[56, 57, 58, 59, 60, 61, 62, 63], dp_group_ranks=[56, 57, 58, 59, 60, 61, 62, 63], global_ep_groups=8
INFO:megatron.core.transformer.moe.expert_directory:ActiveExpertDirectory: built 6144 entries (48 layers × 128 experts, ep_size=8, ranks=[56, 57, 58, 59, 60, 61, 62, 63])
INFO:megatron.core.transformer.moe.expert_directory:ActiveExpertDirectory: built 6144 entries (48 layers × 128 experts, ep_size=8, ranks=[56, 57, 58, 59, 60, 61, 62, 63])
INFO:megatron.core.transformer.moe.expert_directory:ActiveExpertDirectory: built 6144 entries (48 layers × 128 experts, ep_size=8, ranks=[56, 57, 58, 59, 60, 61, 62, 63])
INFO:megatron.core.transformer.moe.expert_directory:ActiveExpertDirectory: built 6144 entries (48 layers × 128 experts, ep_size=8, ranks=[56, 57, 58, 59, 60, 61, 62, 63])
INFO:megatron.core.transformer.moe.expert_directory:ActiveExpertDirectory: built 6144 entries (48 layers × 128 experts, ep_size=8, ranks=[56, 57, 58, 59, 60, 61, 62, 63])
INFO:megatron.core.transformer.moe.expert_directory:Global ActiveExpertDirectory set: ActiveExpertDirectory(layers=48, experts=128, ep_size=8, entries=6144)
WARNING:megatron.core.transformer.moe.bsr_integration:BSR-MoE: expert directory initialized
INFO:megatron.core.transformer.moe.expert_directory:Global ActiveExpertDirectory set: ActiveExpertDirectory(layers=48, experts=128, ep_size=8, entries=6144)
WARNING:megatron.core.transformer.moe.bsr_integration:BSR-MoE: expert directory initialized
INFO:megatron.core.transformer.moe.expert_directory:Global ActiveExpertDirectory set: ActiveExpertDirectory(layers=48, experts=128, ep_size=8, entries=6144)
WARNING:megatron.core.transformer.moe.bsr_integration:BSR-MoE: expert directory initialized
INFO:megatron.core.transformer.moe.dispatch_topology_refresh:DispatchTopologyManager: initialised — 48 layers, 128 experts, ep_size=8, ranks=[56, 57, 58, 59, 60, 61, 62, 63]
WARNING:megatron.core.transformer.moe.bsr_integration:BSR-MoE: dispatch topology manager initialized
INFO:megatron.core.transformer.moe.dispatch_topology_refresh:DispatchTopologyManager: initialised — 48 layers, 128 experts, ep_size=8, ranks=[56, 57, 58, 59, 60, 61, 62, 63]
WARNING:megatron.core.transformer.moe.bsr_integration:BSR-MoE: dispatch topology manager initialized
INFO:megatron.core.transformer.moe.expert_directory:Global ActiveExpertDirectory set: ActiveExpertDirectory(layers=48, experts=128, ep_size=8, entries=6144)
INFO:megatron.core.transformer.moe.dispatch_topology_refresh:DispatchTopologyManager: initialised — 48 layers, 128 experts, ep_size=8, ranks=[56, 57, 58, 59, 60, 61, 62, 63]
WARNING:megatron.core.transformer.moe.bsr_integration:BSR-MoE: expert directory initialized
WARNING:megatron.core.transformer.moe.bsr_integration:BSR-MoE: dispatch topology manager initialized
INFO:megatron.core.transformer.moe.dispatch_topology_refresh:DispatchTopologyManager: initialised — 48 layers, 128 experts, ep_size=8, ranks=[56, 57, 58, 59, 60, 61, 62, 63]
WARNING:megatron.core.transformer.moe.bsr_integration:BSR-MoE: dispatch topology manager initialized
INFO:megatron.core.transformer.moe.expert_directory:Global ActiveExpertDirectory set: ActiveExpertDirectory(layers=48, experts=128, ep_size=8, entries=6144)
WARNING:megatron.core.transformer.moe.bsr_integration:BSR-MoE: expert directory initialized
INFO:megatron.core.transformer.moe.expert_directory:ActiveExpertDirectory: built 6144 entries (48 layers × 128 experts, ep_size=8, ranks=[56, 57, 58, 59, 60, 61, 62, 63])
INFO:megatron.core.transformer.moe.dispatch_topology_refresh:DispatchTopologyManager: initialised — 48 layers, 128 experts, ep_size=8, ranks=[56, 57, 58, 59, 60, 61, 62, 63]
WARNING:megatron.core.transformer.moe.bsr_integration:BSR-MoE: dispatch topology manager initialized
INFO:megatron.core.transformer.moe.expert_directory:ActiveExpertDirectory: built 6144 entries (48 layers × 128 experts, ep_size=8, ranks=[56, 57, 58, 59, 60, 61, 62, 63])
INFO:megatron.core.transformer.moe.expert_directory:Global ActiveExpertDirectory set: ActiveExpertDirectory(layers=48, experts=128, ep_size=8, entries=6144)
WARNING:megatron.core.transformer.moe.bsr_integration:BSR-MoE: expert directory initialized
INFO:megatron.core.transformer.moe.expert_directory:Global ActiveExpertDirectory set: ActiveExpertDirectory(layers=48, experts=128, ep_size=8, entries=6144)
WARNING:megatron.core.transformer.moe.bsr_integration:BSR-MoE: expert directory initialized
INFO:megatron.core.transformer.moe.dispatch_topology_refresh:DispatchTopologyManager: initialised — 48 layers, 128 experts, ep_size=8, ranks=[56, 57, 58, 59, 60, 61, 62, 63]
WARNING:megatron.core.transformer.moe.bsr_integration:BSR-MoE: dispatch topology manager initialized
INFO:megatron.core.transformer.moe.dispatch_topology_refresh:DispatchTopologyManager: initialised — 48 layers, 128 experts, ep_size=8, ranks=[56, 57, 58, 59, 60, 61, 62, 63]
WARNING:megatron.core.transformer.moe.bsr_integration:BSR-MoE: dispatch topology manager initialized
WARNING:megatron.core.transformer.moe.bsr_integration:BSR-MoE: two-phase recovery coordinator initialized (defer_optimizer=True)
WARNING:megatron.core.transformer.moe.bsr_integration:BSR-MoE: num_experts=128, num_layers=48, ep_size=8, ep_group_ranks=[56, 57, 58, 59, 60, 61, 62, 63], dp_group_ranks=[56, 57, 58, 59, 60, 61, 62, 63], global_ep_groups=8
WARNING:megatron.core.transformer.moe.bsr_integration:BSR-MoE: two-phase recovery coordinator initialized (defer_optimizer=True)
WARNING:megatron.core.transformer.moe.bsr_integration:BSR-MoE: recovery controller initialized and callbacks wired
WARNING:megatron.core.transformer.moe.bsr_integration:BSR-MoE: reintegration barrier wired to recovery controller
WARNING:megatron.core.transformer.moe.bsr_integration:BSR-MoE: two-phase recovery coordinator initialized (defer_optimizer=True)
WARNING:megatron.core.transformer.moe.bsr_integration:BSR-MoE: recovery controller initialized and callbacks wired
WARNING:megatron.core.transformer.moe.bsr_integration:BSR-MoE: reintegration barrier wired to recovery controller
WARNING:megatron.core.transformer.moe.bsr_integration:BSR-MoE: two-phase recovery coordinator initialized (defer_optimizer=True)
WARNING:megatron.core.transformer.moe.bsr_integration:BSR-MoE: recovery controller initialized and callbacks wired
WARNING:megatron.core.transformer.moe.bsr_integration:BSR-MoE: reintegration barrier wired to recovery controller
WARNING:megatron.core.transformer.moe.bsr_integration:BSR-MoE: two-phase recovery coordinator initialized (defer_optimizer=True)
WARNING:megatron.core.transformer.moe.bsr_integration:BSR-MoE: recovery controller initialized and callbacks wired
WARNING:megatron.core.transformer.moe.bsr_integration:BSR-MoE: reintegration barrier wired to recovery controller
WARNING:megatron.core.transformer.moe.bsr_integration:BSR-MoE: recovery controller initialized and callbacks wired
WARNING:megatron.core.transformer.moe.bsr_integration:BSR-MoE: reintegration barrier wired to recovery controller
WARNING:megatron.core.transformer.moe.bsr_integration:BSR-MoE: two-phase recovery coordinator initialized (defer_optimizer=True)
WARNING:megatron.core.transformer.moe.bsr_integration:BSR-MoE: two-phase recovery coordinator initialized (defer_optimizer=True)
WARNING:megatron.core.transformer.moe.bsr_integration:BSR-MoE: recovery controller initialized and callbacks wired
WARNING:megatron.core.transformer.moe.bsr_integration:BSR-MoE: reintegration barrier wired to recovery controller
WARNING:megatron.core.transformer.moe.bsr_integration:BSR-MoE: recovery controller initialized and callbacks wired
WARNING:megatron.core.transformer.moe.bsr_integration:BSR-MoE: reintegration barrier wired to recovery controller
WARNING:megatron.core.transformer.moe.bsr_integration:BSR-MoE: hard failure detector and iteration invalidator initialized
WARNING:megatron.core.transformer.moe.bsr_integration:BSR-MoE: hard failure detector and iteration invalidator initialized
WARNING:megatron.core.transformer.moe.bsr_integration:BSR-MoE: hard failure detector and iteration invalidator initialized
WARNING:megatron.core.transformer.moe.bsr_integration:BSR-MoE: hard failure detector and iteration invalidator initialized
WARNING:megatron.core.transformer.moe.bsr_integration:BSR-MoE: hard failure detector and iteration invalidator initialized
WARNING:megatron.core.transformer.moe.bsr_integration:BSR-MoE: rollback/replay manager initialized
WARNING:megatron.core.transformer.moe.bsr_integration:BSR-MoE: rollback/replay manager initialized
WARNING:megatron.core.transformer.moe.bsr_integration:BSR-MoE: rollback/replay manager initialized
WARNING:megatron.core.transformer.moe.bsr_integration:BSR-MoE: rollback/replay manager initialized
WARNING:megatron.core.transformer.moe.bsr_integration:BSR-MoE: rollback/replay manager initialized
WARNING:megatron.core.transformer.moe.bsr_integration:BSR-MoE: hard failure detector and iteration invalidator initialized
WARNING:megatron.core.transformer.moe.bsr_integration:BSR-MoE: hard failure detector and iteration invalidator initialized
WARNING:megatron.core.transformer.moe.bsr_integration:BSR-MoE: optimizer commit guard initialized
WARNING:megatron.core.transformer.moe.bsr_integration:BSR-MoE: optimizer commit guard initialized
WARNING:megatron.core.transformer.moe.bsr_integration:BSR-MoE: optimizer commit guard initialized
WARNING:megatron.core.transformer.moe.bsr_integration:BSR-MoE: optimizer commit guard initialized
WARNING:megatron.core.transformer.moe.bsr_integration:BSR-MoE: optimizer commit guard initialized
WARNING:megatron.core.transformer.moe.bsr_integration:BSR-MoE: rollback/replay manager initialized
WARNING:megatron.core.transformer.moe.bsr_integration:BSR-MoE: rollback/replay manager initialized
WARNING:megatron.core.transformer.moe.bsr_integration:BSR-MoE: optimizer commit guard initialized
WARNING:megatron.core.transformer.moe.bsr_integration:BSR-MoE: optimizer commit guard initialized
WARNING:megatron.core.transformer.moe.bsr_integration:BSR-MoE: pipeline rollback coordinator initialized
WARNING:megatron.core.transformer.moe.bsr_integration:BSR-MoE: pipeline rollback coordinator initialized
WARNING:megatron.core.transformer.moe.bsr_integration:BSR-MoE: pipeline rollback coordinator initialized
WARNING:megatron.core.transformer.moe.bsr_integration:BSR-MoE: pipeline rollback coordinator initialized
WARNING:megatron.core.transformer.moe.bsr_integration:BSR-MoE: pipeline rollback coordinator initialized
WARNING:megatron.core.transformer.moe.bsr_integration:BSR-MoE: pipeline rollback coordinator initialized
WARNING:megatron.core.transformer.moe.bsr_integration:BSR-MoE: pipeline rollback coordinator initialized
INFO:megatron.core.transformer.moe.async_recovery_worker:BSR-MoE AsyncRecoveryWorker: started 2 worker threads
INFO:megatron.core.transformer.moe.async_recovery_worker:BSR-MoE AsyncRecoveryWorker: started 2 worker threads
INFO:megatron.core.transformer.moe.async_recovery_worker:BSR-MoE AsyncRecoveryWorker: started 2 worker threads
WARNING:megatron.core.transformer.moe.bsr_integration:BSR-MoE: async recovery worker initialized (workers=2, CUDA stream created)
INFO:megatron.core.transformer.moe.async_recovery_worker:BSR-MoE AsyncRecoveryWorker: started 2 worker threads
WARNING:megatron.core.transformer.moe.bsr_integration:BSR-MoE: async recovery worker initialized (workers=2, CUDA stream created)
WARNING:megatron.core.transformer.moe.bsr_integration:BSR-MoE: async recovery worker initialized (workers=2, CUDA stream created)
WARNING:megatron.core.transformer.moe.bsr_integration:BSR-MoE: async recovery worker initialized (workers=2, CUDA stream created)
WARNING:megatron.core.transformer.moe.bsr_integration:BSR-MoE: fault injection configured — type=restart_in_place, rank=0, step=250, interval=0, random_rank=False, seed=42, zero_memory=True, memory_fill=zero
WARNING:megatron.core.transformer.moe.bsr_integration:BSR-MoE: fault injection configured — type=restart_in_place, rank=0, step=250, interval=0, random_rank=False, seed=42, zero_memory=True, memory_fill=zero
WARNING:megatron.core.transformer.moe.bsr_integration:BSR-MoE: fault injection plan configured — 8 rank events: [(250, 1), (250, 13), (250, 17), (250, 26), (250, 35), (250, 41), (250, 51), (250, 62)]
WARNING:megatron.core.transformer.moe.bsr_integration:BSR-MoE: fault injection plan configured — 8 rank events: [(250, 1), (250, 13), (250, 17), (250, 26), (250, 35), (250, 41), (250, 51), (250, 62)]
WARNING:megatron.core.transformer.moe.bsr_integration:BSR-MoE: fault injection configured — type=restart_in_place, rank=0, step=250, interval=0, random_rank=False, seed=42, zero_memory=True, memory_fill=zero
WARNING:megatron.core.transformer.moe.bsr_integration:BSR-MoE: fault injection plan configured — 8 rank events: [(250, 1), (250, 13), (250, 17), (250, 26), (250, 35), (250, 41), (250, 51), (250, 62)]
WARNING:megatron.core.transformer.moe.bsr_integration:BSR-MoE: fault injection configured — type=restart_in_place, rank=0, step=250, interval=0, random_rank=False, seed=42, zero_memory=True, memory_fill=zero
WARNING:megatron.core.transformer.moe.bsr_integration:BSR-MoE: fault injection plan configured — 8 rank events: [(250, 1), (250, 13), (250, 17), (250, 26), (250, 35), (250, 41), (250, 51), (250, 62)]
INFO:megatron.core.transformer.moe.async_recovery_worker:BSR-MoE AsyncRecoveryWorker: started 2 worker threads
WARNING:megatron.core.transformer.moe.bsr_integration:BSR-MoE: async recovery worker initialized (workers=2, CUDA stream created)
WARNING:megatron.core.transformer.moe.bsr_integration:BSR-MoE: fault injection configured — type=restart_in_place, rank=0, step=250, interval=0, random_rank=False, seed=42, zero_memory=True, memory_fill=zero
WARNING:megatron.core.transformer.moe.bsr_integration:BSR-MoE: fault injection plan configured — 8 rank events: [(250, 1), (250, 13), (250, 17), (250, 26), (250, 35), (250, 41), (250, 51), (250, 62)]
INFO:megatron.core.transformer.moe.async_recovery_worker:BSR-MoE AsyncRecoveryWorker: started 2 worker threads
WARNING:megatron.core.transformer.moe.bsr_integration:BSR-MoE: async recovery worker initialized (workers=2, CUDA stream created)
WARNING:megatron.core.transformer.moe.bsr_integration:BSR-MoE: restart-in-place invalidate_tensor_fn wired (target rank only)
WARNING:megatron.core.transformer.moe.bsr_integration:BSR-MoE: restart-in-place invalidate_tensor_fn wired (target rank only)
WARNING:megatron.core.transformer.moe.bsr_integration:BSR-MoE: fault injection configured — type=restart_in_place, rank=0, step=250, interval=0, random_rank=False, seed=42, zero_memory=True, memory_fill=zero
WARNING:megatron.core.transformer.moe.bsr_integration:[2026-05-20 14:50:57] BSR-MoE: initialization complete on rank 56
WARNING:megatron.core.transformer.moe.bsr_integration:BSR-MoE: fault injection plan configured — 8 rank events: [(250, 1), (250, 13), (250, 17), (250, 26), (250, 35), (250, 41), (250, 51), (250, 62)]
WARNING:megatron.core.transformer.moe.bsr_integration:[2026-05-20 14:50:57] BSR-MoE: initialization complete on rank 63
WARNING:megatron.core.transformer.moe.bsr_integration:BSR-MoE: restart-in-place invalidate_tensor_fn wired (target rank only)
WARNING:megatron.core.transformer.moe.bsr_integration:[2026-05-20 14:50:57] BSR-MoE: initialization complete on rank 62
INFO:megatron.core.transformer.moe.async_recovery_worker:BSR-MoE AsyncRecoveryWorker: started 2 worker threads
WARNING:megatron.core.transformer.moe.bsr_integration:BSR-MoE: restart-in-place invalidate_tensor_fn wired (target rank only)
WARNING:megatron.core.transformer.moe.bsr_integration:[2026-05-20 14:50:57] BSR-MoE: initialization complete on rank 61
WARNING:megatron.core.transformer.moe.bsr_integration:BSR-MoE: async recovery worker initialized (workers=2, CUDA stream created)
WARNING:megatron.core.transformer.moe.bsr_integration:BSR-MoE: fault injection configured — type=restart_in_place, rank=0, step=250, interval=0, random_rank=False, seed=42, zero_memory=True, memory_fill=zero
WARNING:megatron.core.transformer.moe.bsr_integration:BSR-MoE: fault injection plan configured — 8 rank events: [(250, 1), (250, 13), (250, 17), (250, 26), (250, 35), (250, 41), (250, 51), (250, 62)]
WARNING:megatron.core.transformer.moe.bsr_integration:BSR-MoE: restart-in-place invalidate_tensor_fn wired (target rank only)
WARNING:megatron.core.transformer.moe.bsr_integration:[2026-05-20 14:50:57] BSR-MoE: initialization complete on rank 58
WARNING:megatron.core.transformer.moe.bsr_integration:BSR-MoE: restart-in-place invalidate_tensor_fn wired (target rank only)
WARNING:megatron.core.transformer.moe.bsr_integration:[2026-05-20 14:50:57] BSR-MoE: initialization complete on rank 59
WARNING:megatron.core.transformer.moe.bsr_integration:BSR-MoE: restart-in-place invalidate_tensor_fn wired (target rank only)
WARNING:megatron.core.transformer.moe.bsr_integration:[2026-05-20 14:50:57] BSR-MoE: initialization complete on rank 60
INFO:megatron.core.transformer.moe.expert_directory:ActiveExpertDirectory: built 6144 entries (48 layers × 128 experts, ep_size=8, ranks=[56, 57, 58, 59, 60, 61, 62, 63])
INFO:megatron.core.transformer.moe.expert_directory:Global ActiveExpertDirectory set: ActiveExpertDirectory(layers=48, experts=128, ep_size=8, entries=6144)
WARNING:megatron.core.transformer.moe.bsr_integration:BSR-MoE: expert directory initialized
INFO:megatron.core.transformer.moe.dispatch_topology_refresh:DispatchTopologyManager: initialised — 48 layers, 128 experts, ep_size=8, ranks=[56, 57, 58, 59, 60, 61, 62, 63]
WARNING:megatron.core.transformer.moe.bsr_integration:BSR-MoE: dispatch topology manager initialized
WARNING:megatron.core.transformer.moe.bsr_integration:BSR-MoE: two-phase recovery coordinator initialized (defer_optimizer=True)
WARNING:megatron.core.transformer.moe.bsr_integration:BSR-MoE: recovery controller initialized and callbacks wired
WARNING:megatron.core.transformer.moe.bsr_integration:BSR-MoE: reintegration barrier wired to recovery controller
WARNING:megatron.core.transformer.moe.bsr_integration:BSR-MoE: hard failure detector and iteration invalidator initialized
WARNING:megatron.core.transformer.moe.bsr_integration:BSR-MoE: rollback/replay manager initialized
WARNING:megatron.core.transformer.moe.bsr_integration:BSR-MoE: optimizer commit guard initialized
WARNING:megatron.core.transformer.moe.bsr_integration:BSR-MoE: pipeline rollback coordinator initialized
INFO:megatron.core.transformer.moe.async_recovery_worker:BSR-MoE AsyncRecoveryWorker: started 2 worker threads
WARNING:megatron.core.transformer.moe.bsr_integration:BSR-MoE: async recovery worker initialized (workers=2, CUDA stream created)
WARNING:megatron.core.transformer.moe.bsr_integration:BSR-MoE: fault injection configured — type=restart_in_place, rank=0, step=250, interval=0, random_rank=False, seed=42, zero_memory=True, memory_fill=zero
WARNING:megatron.core.transformer.moe.bsr_integration:BSR-MoE: fault injection plan configured — 8 rank events: [(250, 1), (250, 13), (250, 17), (250, 26), (250, 35), (250, 41), (250, 51), (250, 62)]
WARNING:megatron.core.transformer.moe.bsr_integration:BSR-MoE: restart-in-place invalidate_tensor_fn wired (target rank only)
WARNING:megatron.core.transformer.moe.bsr_integration:[2026-05-20 14:50:57] BSR-MoE: initialization complete on rank 57
NCCL version 2.21.5+cuda12.4
NCCL version 2.21.5+cuda12.4
NCCL version 2.21.5+cuda12.4
NCCL version 2.21.5+cuda12.4
NCCL version 2.21.5+cuda12.4
NCCL version 2.21.5+cuda12.4
NCCL version 2.21.5+cuda12.4
NCCL version 2.21.5+cuda12.4
 [2026-05-20 14:53:51] iteration        1/     600 | consumed samples:           64 | elapsed time per iteration (ms): 174183.1 | learning rate: 2.000000E-05 | global batch size:    64 | lm loss: 1.236788E+01 | load_balancing_loss: 1.825992E+00 | loss scale: 1.0 | grad norm: 38.792 | number of skipped iterations:   0 | number of nan iterations:   0 |
[Rank 56] (after 1 iterations) memory (MB) | allocated: 16203.49267578125 | max allocated: 65723.11474609375 | reserved: 70658.0 | max reserved: 70658.0
 [2026-05-20 14:54:05] iteration        2/     600 | consumed samples:          128 | elapsed time per iteration (ms): 13315.1 | learning rate: 4.000000E-05 | global batch size:    64 | lm loss: 1.237478E+01 | load_balancing_loss: 1.829462E+00 | loss scale: 1.0 | grad norm: 37.717 | number of skipped iterations:   0 | number of nan iterations:   0 |
 [2026-05-20 14:54:21] iteration        3/     600 | consumed samples:          192 | elapsed time per iteration (ms): 16521.4 | learning rate: 6.000000E-05 | global batch size:    64 | lm loss: 1.106540E+01 | load_balancing_loss: 3.196265E+00 | loss scale: 1.0 | grad norm: 71.789 | number of skipped iterations:   0 | number of nan iterations:   0 |
 [2026-05-20 14:54:37] iteration        4/     600 | consumed samples:          256 | elapsed time per iteration (ms): 15488.8 | learning rate: 8.000000E-05 | global batch size:    64 | lm loss: 1.320274E+01 | load_balancing_loss: 3.775071E+00 | loss scale: 1.0 | grad norm: 92.648 | number of skipped iterations:   0 | number of nan iterations:   0 |
 [2026-05-20 14:54:53] iteration        5/     600 | consumed samples:          320 | elapsed time per iteration (ms): 16253.1 | learning rate: 1.000000E-04 | global batch size:    64 | lm loss: 1.141944E+01 | load_balancing_loss: 3.887568E+00 | loss scale: 1.0 | grad norm: 29.556 | number of skipped iterations:   0 | number of nan iterations:   0 |
 [2026-05-20 14:55:08] iteration        6/     600 | consumed samples:          384 | elapsed time per iteration (ms): 15194.4 | learning rate: 9.999937E-05 | global batch size:    64 | lm loss: 1.124160E+01 | load_balancing_loss: 3.549995E+00 | loss scale: 1.0 | grad norm: 7.082 | number of skipped iterations:   0 | number of nan iterations:   0 |
 [2026-05-20 14:55:24] iteration        7/     600 | consumed samples:          448 | elapsed time per iteration (ms): 15682.7 | learning rate: 9.999749E-05 | global batch size:    64 | lm loss: 1.093123E+01 | load_balancing_loss: 3.148084E+00 | loss scale: 1.0 | grad norm: 4.020 | number of skipped iterations:   0 | number of nan iterations:   0 |
 [2026-05-20 14:55:38] iteration        8/     600 | consumed samples:          512 | elapsed time per iteration (ms): 14758.9 | learning rate: 9.999435E-05 | global batch size:    64 | lm loss: 1.038212E+01 | load_balancing_loss: 2.791765E+00 | loss scale: 1.0 | grad norm: 3.501 | number of skipped iterations:   0 | number of nan iterations:   0 |
 [2026-05-20 14:55:54] iteration        9/     600 | consumed samples:          576 | elapsed time per iteration (ms): 15218.0 | learning rate: 9.998996E-05 | global batch size:    64 | lm loss: 9.855749E+00 | load_balancing_loss: 2.616192E+00 | loss scale: 1.0 | grad norm: 2.822 | number of skipped iterations:   0 | number of nan iterations:   0 |
 [2026-05-20 14:56:08] iteration       10/     600 | consumed samples:          640 | elapsed time per iteration (ms): 14534.2 | learning rate: 9.998432E-05 | global batch size:    64 | lm loss: 9.553943E+00 | load_balancing_loss: 2.373931E+00 | loss scale: 1.0 | grad norm: 2.507 | number of skipped iterations:   0 | number of nan iterations:   0 |
 [2026-05-20 14:56:23] iteration       11/     600 | consumed samples:          704 | elapsed time per iteration (ms): 14707.5 | learning rate: 9.997742E-05 | global batch size:    64 | lm loss: 9.274813E+00 | load_balancing_loss: 2.188215E+00 | loss scale: 1.0 | grad norm: 2.021 | number of skipped iterations:   0 | number of nan iterations:   0 |
 [2026-05-20 14:56:37] iteration       12/     600 | consumed samples:          768 | elapsed time per iteration (ms): 14483.9 | learning rate: 9.996927E-05 | global batch size:    64 | lm loss: 9.252102E+00 | load_balancing_loss: 2.036320E+00 | loss scale: 1.0 | grad norm: 7.677 | number of skipped iterations:   0 | number of nan iterations:   0 |
 [2026-05-20 14:56:52] iteration       13/     600 | consumed samples:          832 | elapsed time per iteration (ms): 14531.7 | learning rate: 9.995986E-05 | global batch size:    64 | lm loss: 9.168962E+00 | load_balancing_loss: 1.941900E+00 | loss scale: 1.0 | grad norm: 8.513 | number of skipped iterations:   0 | number of nan iterations:   0 |
 [2026-05-20 14:57:06] iteration       14/     600 | consumed samples:          896 | elapsed time per iteration (ms): 14262.7 | learning rate: 9.994920E-05 | global batch size:    64 | lm loss: 8.933781E+00 | load_balancing_loss: 1.893214E+00 | loss scale: 1.0 | grad norm: 21.124 | number of skipped iterations:   0 | number of nan iterations:   0 |
 [2026-05-20 14:57:20] iteration       15/     600 | consumed samples:          960 | elapsed time per iteration (ms): 14226.7 | learning rate: 9.993729E-05 | global batch size:    64 | lm loss: 8.742919E+00 | load_balancing_loss: 1.889841E+00 | loss scale: 1.0 | grad norm: 2.712 | number of skipped iterations:   0 | number of nan iterations:   0 |
 [2026-05-20 14:57:35] iteration       16/     600 | consumed samples:         1024 | elapsed time per iteration (ms): 14279.3 | learning rate: 9.992412E-05 | global batch size:    64 | lm loss: 8.620975E+00 | load_balancing_loss: 1.758850E+00 | loss scale: 1.0 | grad norm: 1.356 | number of skipped iterations:   0 | number of nan iterations:   0 |
 [2026-05-20 14:57:49] iteration       17/     600 | consumed samples:         1088 | elapsed time per iteration (ms): 13991.8 | learning rate: 9.990970E-05 | global batch size:    64 | lm loss: 8.497325E+00 | load_balancing_loss: 1.646932E+00 | loss scale: 1.0 | grad norm: 1.313 | number of skipped iterations:   0 | number of nan iterations:   0 |
 [2026-05-20 14:58:02] iteration       18/     600 | consumed samples:         1152 | elapsed time per iteration (ms): 13558.2 | learning rate: 9.989404E-05 | global batch size:    64 | lm loss: 8.420784E+00 | load_balancing_loss: 1.562784E+00 | loss scale: 1.0 | grad norm: 1.312 | number of skipped iterations:   0 | number of nan iterations:   0 |
 [2026-05-20 14:58:16] iteration       19/     600 | consumed samples:         1216 | elapsed time per iteration (ms): 13487.8 | learning rate: 9.987711E-05 | global batch size:    64 | lm loss: 8.267773E+00 | load_balancing_loss: 1.502050E+00 | loss scale: 1.0 | grad norm: 1.371 | number of skipped iterations:   0 | number of nan iterations:   0 |
 [2026-05-20 14:58:29] iteration       20/     600 | consumed samples:         1280 | elapsed time per iteration (ms): 13509.1 | learning rate: 9.985894E-05 | global batch size:    64 | lm loss: 8.207544E+00 | load_balancing_loss: 1.456808E+00 | loss scale: 1.0 | grad norm: 1.071 | number of skipped iterations:   0 | number of nan iterations:   0 |
 [2026-05-20 14:58:43] iteration       21/     600 | consumed samples:         1344 | elapsed time per iteration (ms): 13558.3 | learning rate: 9.983952E-05 | global batch size:    64 | lm loss: 8.093211E+00 | load_balancing_loss: 1.426674E+00 | loss scale: 1.0 | grad norm: 0.871 | number of skipped iterations:   0 | number of nan iterations:   0 |
 [2026-05-20 14:58:56] iteration       22/     600 | consumed samples:         1408 | elapsed time per iteration (ms): 13435.8 | learning rate: 9.981884E-05 | global batch size:    64 | lm loss: 8.025991E+00 | load_balancing_loss: 1.399069E+00 | loss scale: 1.0 | grad norm: 0.701 | number of skipped iterations:   0 | number of nan iterations:   0 |
 [2026-05-20 14:59:10] iteration       23/     600 | consumed samples:         1472 | elapsed time per iteration (ms): 13604.5 | learning rate: 9.979692E-05 | global batch size:    64 | lm loss: 7.973460E+00 | load_balancing_loss: 1.369515E+00 | loss scale: 1.0 | grad norm: 0.768 | number of skipped iterations:   0 | number of nan iterations:   0 |
 [2026-05-20 14:59:23] iteration       24/     600 | consumed samples:         1536 | elapsed time per iteration (ms): 13209.1 | learning rate: 9.977375E-05 | global batch size:    64 | lm loss: 7.937899E+00 | load_balancing_loss: 1.348032E+00 | loss scale: 1.0 | grad norm: 0.816 | number of skipped iterations:   0 | number of nan iterations:   0 |
 [2026-05-20 14:59:36] iteration       25/     600 | consumed samples:         1600 | elapsed time per iteration (ms): 12842.4 | learning rate: 9.974933E-05 | global batch size:    64 | lm loss: 7.941470E+00 | load_balancing_loss: 1.328488E+00 | loss scale: 1.0 | grad norm: 0.573 | number of skipped iterations:   0 | number of nan iterations:   0 |
 [2026-05-20 14:59:49] iteration       26/     600 | consumed samples:         1664 | elapsed time per iteration (ms): 13381.8 | learning rate: 9.972366E-05 | global batch size:    64 | lm loss: 7.913262E+00 | load_balancing_loss: 1.317884E+00 | loss scale: 1.0 | grad norm: 0.556 | number of skipped iterations:   0 | number of nan iterations:   0 |
 [2026-05-20 15:00:03] iteration       27/     600 | consumed samples:         1728 | elapsed time per iteration (ms): 13404.1 | learning rate: 9.969675E-05 | global batch size:    64 | lm loss: 7.844135E+00 | load_balancing_loss: 1.304826E+00 | loss scale: 1.0 | grad norm: 0.607 | number of skipped iterations:   0 | number of nan iterations:   0 |
 [2026-05-20 15:00:16] iteration       28/     600 | consumed samples:         1792 | elapsed time per iteration (ms): 13446.3 | learning rate: 9.966858E-05 | global batch size:    64 | lm loss: 7.799390E+00 | load_balancing_loss: 1.297737E+00 | loss scale: 1.0 | grad norm: 0.582 | number of skipped iterations:   0 | number of nan iterations:   0 |
 [2026-05-20 15:00:29] iteration       29/     600 | consumed samples:         1856 | elapsed time per iteration (ms): 13086.2 | learning rate: 9.963918E-05 | global batch size:    64 | lm loss: 7.785750E+00 | load_balancing_loss: 1.282018E+00 | loss scale: 1.0 | grad norm: 0.463 | number of skipped iterations:   0 | number of nan iterations:   0 |
 [2026-05-20 15:00:42] iteration       30/     600 | consumed samples:         1920 | elapsed time per iteration (ms): 13039.4 | learning rate: 9.960853E-05 | global batch size:    64 | lm loss: 7.841424E+00 | load_balancing_loss: 1.267110E+00 | loss scale: 1.0 | grad norm: 0.441 | number of skipped iterations:   0 | number of nan iterations:   0 |
 [2026-05-20 15:00:55] iteration       31/     600 | consumed samples:         1984 | elapsed time per iteration (ms): 13111.7 | learning rate: 9.957664E-05 | global batch size:    64 | lm loss: 7.854883E+00 | load_balancing_loss: 1.252893E+00 | loss scale: 1.0 | grad norm: 0.402 | number of skipped iterations:   0 | number of nan iterations:   0 |
 [2026-05-20 15:01:08] iteration       32/     600 | consumed samples:         2048 | elapsed time per iteration (ms): 12693.4 | learning rate: 9.954350E-05 | global batch size:    64 | lm loss: 7.773829E+00 | load_balancing_loss: 1.242255E+00 | loss scale: 1.0 | grad norm: 0.453 | number of skipped iterations:   0 | number of nan iterations:   0 |
 [2026-05-20 15:01:21] iteration       33/     600 | consumed samples:         2112 | elapsed time per iteration (ms): 12916.7 | learning rate: 9.950912E-05 | global batch size:    64 | lm loss: 7.808551E+00 | load_balancing_loss: 1.229246E+00 | loss scale: 1.0 | grad norm: 0.402 | number of skipped iterations:   0 | number of nan iterations:   0 |
 [2026-05-20 15:01:34] iteration       34/     600 | consumed samples:         2176 | elapsed time per iteration (ms): 12918.0 | learning rate: 9.947350E-05 | global batch size:    64 | lm loss: 7.756089E+00 | load_balancing_loss: 1.218256E+00 | loss scale: 1.0 | grad norm: 0.382 | number of skipped iterations:   0 | number of nan iterations:   0 |
 [2026-05-20 15:01:46] iteration       35/     600 | consumed samples:         2240 | elapsed time per iteration (ms): 12487.9 | learning rate: 9.943664E-05 | global batch size:    64 | lm loss: 7.788946E+00 | load_balancing_loss: 1.207469E+00 | loss scale: 1.0 | grad norm: 0.345 | number of skipped iterations:   0 | number of nan iterations:   0 |
 [2026-05-20 15:01:59] iteration       36/     600 | consumed samples:         2304 | elapsed time per iteration (ms): 12223.4 | learning rate: 9.939854E-05 | global batch size:    64 | lm loss: 7.769371E+00 | load_balancing_loss: 1.205564E+00 | loss scale: 1.0 | grad norm: 0.435 | number of skipped iterations:   0 | number of nan iterations:   0 |
 [2026-05-20 15:02:11] iteration       37/     600 | consumed samples:         2368 | elapsed time per iteration (ms): 12279.6 | learning rate: 9.935921E-05 | global batch size:    64 | lm loss: 7.812705E+00 | load_balancing_loss: 1.196683E+00 | loss scale: 1.0 | grad norm: 0.344 | number of skipped iterations:   0 | number of nan iterations:   0 |
 [2026-05-20 15:02:23] iteration       38/     600 | consumed samples:         2432 | elapsed time per iteration (ms): 12261.5 | learning rate: 9.931864E-05 | global batch size:    64 | lm loss: 7.763356E+00 | load_balancing_loss: 1.188287E+00 | loss scale: 1.0 | grad norm: 0.372 | number of skipped iterations:   0 | number of nan iterations:   0 |
 [2026-05-20 15:02:35] iteration       39/     600 | consumed samples:         2496 | elapsed time per iteration (ms): 12304.7 | learning rate: 9.927683E-05 | global batch size:    64 | lm loss: 7.776098E+00 | load_balancing_loss: 1.189401E+00 | loss scale: 1.0 | grad norm: 0.337 | number of skipped iterations:   0 | number of nan iterations:   0 |
 [2026-05-20 15:02:48] iteration       40/     600 | consumed samples:         2560 | elapsed time per iteration (ms): 12156.9 | learning rate: 9.923379E-05 | global batch size:    64 | lm loss: 7.761616E+00 | load_balancing_loss: 1.184575E+00 | loss scale: 1.0 | grad norm: 0.400 | number of skipped iterations:   0 | number of nan iterations:   0 |
 [2026-05-20 15:03:00] iteration       41/     600 | consumed samples:         2624 | elapsed time per iteration (ms): 12091.7 | learning rate: 9.918951E-05 | global batch size:    64 | lm loss: 7.729390E+00 | load_balancing_loss: 1.169052E+00 | loss scale: 1.0 | grad norm: 0.306 | number of skipped iterations:   0 | number of nan iterations:   0 |
 [2026-05-20 15:03:12] iteration       42/     600 | consumed samples:         2688 | elapsed time per iteration (ms): 12012.2 | learning rate: 9.914401E-05 | global batch size:    64 | lm loss: 7.706265E+00 | load_balancing_loss: 1.162257E+00 | loss scale: 1.0 | grad norm: 0.351 | number of skipped iterations:   0 | number of nan iterations:   0 |
 [2026-05-20 15:03:24] iteration       43/     600 | consumed samples:         2752 | elapsed time per iteration (ms): 11930.2 | learning rate: 9.909727E-05 | global batch size:    64 | lm loss: 7.711895E+00 | load_balancing_loss: 1.163248E+00 | loss scale: 1.0 | grad norm: 0.473 | number of skipped iterations:   0 | number of nan iterations:   0 |
 [2026-05-20 15:03:36] iteration       44/     600 | consumed samples:         2816 | elapsed time per iteration (ms): 11888.0 | learning rate: 9.904930E-05 | global batch size:    64 | lm loss: 7.686103E+00 | load_balancing_loss: 1.164523E+00 | loss scale: 1.0 | grad norm: 0.315 | number of skipped iterations:   0 | number of nan iterations:   0 |
 [2026-05-20 15:03:47] iteration       45/     600 | consumed samples:         2880 | elapsed time per iteration (ms): 11841.8 | learning rate: 9.900011E-05 | global batch size:    64 | lm loss: 7.711798E+00 | load_balancing_loss: 1.160292E+00 | loss scale: 1.0 | grad norm: 0.418 | number of skipped iterations:   0 | number of nan iterations:   0 |
 [2026-05-20 15:03:59] iteration       46/     600 | consumed samples:         2944 | elapsed time per iteration (ms): 12007.4 | learning rate: 9.894968E-05 | global batch size:    64 | lm loss: 7.712760E+00 | load_balancing_loss: 1.179962E+00 | loss scale: 1.0 | grad norm: 0.768 | number of skipped iterations:   0 | number of nan iterations:   0 |
 [2026-05-20 15:04:11] iteration       47/     600 | consumed samples:         3008 | elapsed time per iteration (ms): 12045.6 | learning rate: 9.889804E-05 | global batch size:    64 | lm loss: 7.654262E+00 | load_balancing_loss: 1.182703E+00 | loss scale: 1.0 | grad norm: 1.106 | number of skipped iterations:   0 | number of nan iterations:   0 |
 [2026-05-20 15:04:24] iteration       48/     600 | consumed samples:         3072 | elapsed time per iteration (ms): 12252.1 | learning rate: 9.884516E-05 | global batch size:    64 | lm loss: 7.622551E+00 | load_balancing_loss: 1.142391E+00 | loss scale: 1.0 | grad norm: 0.717 | number of skipped iterations:   0 | number of nan iterations:   0 |
 [2026-05-20 15:04:36] iteration       49/     600 | consumed samples:         3136 | elapsed time per iteration (ms): 12182.3 | learning rate: 9.879108E-05 | global batch size:    64 | lm loss: 7.601868E+00 | load_balancing_loss: 1.135215E+00 | loss scale: 1.0 | grad norm: 0.443 | number of skipped iterations:   0 | number of nan iterations:   0 |
 [2026-05-20 15:04:48] iteration       50/     600 | consumed samples:         3200 | elapsed time per iteration (ms): 11994.2 | learning rate: 9.873576E-05 | global batch size:    64 | lm loss: 7.562830E+00 | load_balancing_loss: 1.137656E+00 | loss scale: 1.0 | grad norm: 0.663 | number of skipped iterations:   0 | number of nan iterations:   0 |
 [2026-05-20 15:05:00] iteration       51/     600 | consumed samples:         3264 | elapsed time per iteration (ms): 12000.8 | learning rate: 9.867923E-05 | global batch size:    64 | lm loss: 7.584445E+00 | load_balancing_loss: 1.155036E+00 | loss scale: 1.0 | grad norm: 1.402 | number of skipped iterations:   0 | number of nan iterations:   0 |
 [2026-05-20 15:05:12] iteration       52/     600 | consumed samples:         3328 | elapsed time per iteration (ms): 12171.2 | learning rate: 9.862148E-05 | global batch size:    64 | lm loss: 7.593565E+00 | load_balancing_loss: 1.175034E+00 | loss scale: 1.0 | grad norm: 0.919 | number of skipped iterations:   0 | number of nan iterations:   0 |
 [2026-05-20 15:05:24] iteration       53/     600 | consumed samples:         3392 | elapsed time per iteration (ms): 12145.5 | learning rate: 9.856251E-05 | global batch size:    64 | lm loss: 7.573827E+00 | load_balancing_loss: 1.162355E+00 | loss scale: 1.0 | grad norm: 1.151 | number of skipped iterations:   0 | number of nan iterations:   0 |
 [2026-05-20 15:05:36] iteration       54/     600 | consumed samples:         3456 | elapsed time per iteration (ms): 12307.0 | learning rate: 9.850233E-05 | global batch size:    64 | lm loss: 7.569017E+00 | load_balancing_loss: 1.195961E+00 | loss scale: 1.0 | grad norm: 1.326 | number of skipped iterations:   0 | number of nan iterations:   0 |
 [2026-05-20 15:05:48] iteration       55/     600 | consumed samples:         3520 | elapsed time per iteration (ms): 11956.7 | learning rate: 9.844093E-05 | global batch size:    64 | lm loss: 7.542540E+00 | load_balancing_loss: 1.163807E+00 | loss scale: 1.0 | grad norm: 0.750 | number of skipped iterations:   0 | number of nan iterations:   0 |
 [2026-05-20 15:06:00] iteration       56/     600 | consumed samples:         3584 | elapsed time per iteration (ms): 11883.8 | learning rate: 9.837833E-05 | global batch size:    64 | lm loss: 7.537997E+00 | load_balancing_loss: 1.157069E+00 | loss scale: 1.0 | grad norm: 0.889 | number of skipped iterations:   0 | number of nan iterations:   0 |
 [2026-05-20 15:06:12] iteration       57/     600 | consumed samples:         3648 | elapsed time per iteration (ms): 11678.0 | learning rate: 9.831451E-05 | global batch size:    64 | lm loss: 7.489614E+00 | load_balancing_loss: 1.159127E+00 | loss scale: 1.0 | grad norm: 0.666 | number of skipped iterations:   0 | number of nan iterations:   0 |
 [2026-05-20 15:06:24] iteration       58/     600 | consumed samples:         3712 | elapsed time per iteration (ms): 11820.9 | learning rate: 9.824949E-05 | global batch size:    64 | lm loss: 7.476218E+00 | load_balancing_loss: 1.164363E+00 | loss scale: 1.0 | grad norm: 0.708 | number of skipped iterations:   0 | number of nan iterations:   0 |
 [2026-05-20 15:06:36] iteration       59/     600 | consumed samples:         3776 | elapsed time per iteration (ms): 11768.7 | learning rate: 9.818326E-05 | global batch size:    64 | lm loss: 7.431765E+00 | load_balancing_loss: 1.151878E+00 | loss scale: 1.0 | grad norm: 0.488 | number of skipped iterations:   0 | number of nan iterations:   0 |
 [2026-05-20 15:06:47] iteration       60/     600 | consumed samples:         3840 | elapsed time per iteration (ms): 11515.5 | learning rate: 9.811583E-05 | global batch size:    64 | lm loss: 7.426488E+00 | load_balancing_loss: 1.126562E+00 | loss scale: 1.0 | grad norm: 1.017 | number of skipped iterations:   0 | number of nan iterations:   0 |
 [2026-05-20 15:06:59] iteration       61/     600 | consumed samples:         3904 | elapsed time per iteration (ms): 11856.7 | learning rate: 9.804720E-05 | global batch size:    64 | lm loss: 7.441429E+00 | load_balancing_loss: 1.149668E+00 | loss scale: 1.0 | grad norm: 0.657 | number of skipped iterations:   0 | number of nan iterations:   0 |
 [2026-05-20 15:07:11] iteration       62/     600 | consumed samples:         3968 | elapsed time per iteration (ms): 11789.9 | learning rate: 9.797737E-05 | global batch size:    64 | lm loss: 7.376443E+00 | load_balancing_loss: 1.126342E+00 | loss scale: 1.0 | grad norm: 0.941 | number of skipped iterations:   0 | number of nan iterations:   0 |
 [2026-05-20 15:07:22] iteration       63/     600 | consumed samples:         4032 | elapsed time per iteration (ms): 11614.8 | learning rate: 9.790633E-05 | global batch size:    64 | lm loss: 7.379826E+00 | load_balancing_loss: 1.124454E+00 | loss scale: 1.0 | grad norm: 1.056 | number of skipped iterations:   0 | number of nan iterations:   0 |
 [2026-05-20 15:07:34] iteration       64/     600 | consumed samples:         4096 | elapsed time per iteration (ms): 11566.2 | learning rate: 9.783410E-05 | global batch size:    64 | lm loss: 7.388202E+00 | load_balancing_loss: 1.112083E+00 | loss scale: 1.0 | grad norm: 0.668 | number of skipped iterations:   0 | number of nan iterations:   0 |
 [2026-05-20 15:07:46] iteration       65/     600 | consumed samples:         4160 | elapsed time per iteration (ms): 11641.3 | learning rate: 9.776068E-05 | global batch size:    64 | lm loss: 7.401543E+00 | load_balancing_loss: 1.122802E+00 | loss scale: 1.0 | grad norm: 0.570 | number of skipped iterations:   0 | number of nan iterations:   0 |
 [2026-05-20 15:07:57] iteration       66/     600 | consumed samples:         4224 | elapsed time per iteration (ms): 11536.3 | learning rate: 9.768607E-05 | global batch size:    64 | lm loss: 7.396579E+00 | load_balancing_loss: 1.133309E+00 | loss scale: 1.0 | grad norm: 0.745 | number of skipped iterations:   0 | number of nan iterations:   0 |
 [2026-05-20 15:08:09] iteration       67/     600 | consumed samples:         4288 | elapsed time per iteration (ms): 11439.4 | learning rate: 9.761027E-05 | global batch size:    64 | lm loss: 7.282202E+00 | load_balancing_loss: 1.104993E+00 | loss scale: 1.0 | grad norm: 0.683 | number of skipped iterations:   0 | number of nan iterations:   0 |
 [2026-05-20 15:08:20] iteration       68/     600 | consumed samples:         4352 | elapsed time per iteration (ms): 11387.8 | learning rate: 9.753327E-05 | global batch size:    64 | lm loss: 7.400961E+00 | load_balancing_loss: 1.112168E+00 | loss scale: 1.0 | grad norm: 0.565 | number of skipped iterations:   0 | number of nan iterations:   0 |
 [2026-05-20 15:08:31] iteration       69/     600 | consumed samples:         4416 | elapsed time per iteration (ms): 11385.6 | learning rate: 9.745509E-05 | global batch size:    64 | lm loss: 7.365448E+00 | load_balancing_loss: 1.097498E+00 | loss scale: 1.0 | grad norm: 0.374 | number of skipped iterations:   0 | number of nan iterations:   0 |
 [2026-05-20 15:08:43] iteration       70/     600 | consumed samples:         4480 | elapsed time per iteration (ms): 11367.4 | learning rate: 9.737573E-05 | global batch size:    64 | lm loss: 7.311698E+00 | load_balancing_loss: 1.103726E+00 | loss scale: 1.0 | grad norm: 0.591 | number of skipped iterations:   0 | number of nan iterations:   0 |
 [2026-05-20 15:08:54] iteration       71/     600 | consumed samples:         4544 | elapsed time per iteration (ms): 11618.6 | learning rate: 9.729519E-05 | global batch size:    64 | lm loss: 7.334105E+00 | load_balancing_loss: 1.125414E+00 | loss scale: 1.0 | grad norm: 0.864 | number of skipped iterations:   0 | number of nan iterations:   0 |
 [2026-05-20 15:09:06] iteration       72/     600 | consumed samples:         4608 | elapsed time per iteration (ms): 11189.8 | learning rate: 9.721347E-05 | global batch size:    64 | lm loss: 7.317043E+00 | load_balancing_loss: 1.088427E+00 | loss scale: 1.0 | grad norm: 1.068 | number of skipped iterations:   0 | number of nan iterations:   0 |
 [2026-05-20 15:09:17] iteration       73/     600 | consumed samples:         4672 | elapsed time per iteration (ms): 11331.5 | learning rate: 9.713057E-05 | global batch size:    64 | lm loss: 7.321191E+00 | load_balancing_loss: 1.106823E+00 | loss scale: 1.0 | grad norm: 1.077 | number of skipped iterations:   0 | number of nan iterations:   0 |
 [2026-05-20 15:09:28] iteration       74/     600 | consumed samples:         4736 | elapsed time per iteration (ms): 11436.7 | learning rate: 9.704650E-05 | global batch size:    64 | lm loss: 7.377015E+00 | load_balancing_loss: 1.118710E+00 | loss scale: 1.0 | grad norm: 1.145 | number of skipped iterations:   0 | number of nan iterations:   0 |
 [2026-05-20 15:09:40] iteration       75/     600 | consumed samples:         4800 | elapsed time per iteration (ms): 11290.3 | learning rate: 9.696125E-05 | global batch size:    64 | lm loss: 7.279970E+00 | load_balancing_loss: 1.100147E+00 | loss scale: 1.0 | grad norm: 1.016 | number of skipped iterations:   0 | number of nan iterations:   0 |
 [2026-05-20 15:09:51] iteration       76/     600 | consumed samples:         4864 | elapsed time per iteration (ms): 11260.1 | learning rate: 9.687484E-05 | global batch size:    64 | lm loss: 7.282779E+00 | load_balancing_loss: 1.095639E+00 | loss scale: 1.0 | grad norm: 1.752 | number of skipped iterations:   0 | number of nan iterations:   0 |
 [2026-05-20 15:10:02] iteration       77/     600 | consumed samples:         4928 | elapsed time per iteration (ms): 11207.4 | learning rate: 9.678725E-05 | global batch size:    64 | lm loss: 7.272903E+00 | load_balancing_loss: 1.095236E+00 | loss scale: 1.0 | grad norm: 1.115 | number of skipped iterations:   0 | number of nan iterations:   0 |
 [2026-05-20 15:10:13] iteration       78/     600 | consumed samples:         4992 | elapsed time per iteration (ms): 11351.9 | learning rate: 9.669850E-05 | global batch size:    64 | lm loss: 7.253407E+00 | load_balancing_loss: 1.103201E+00 | loss scale: 1.0 | grad norm: 1.252 | number of skipped iterations:   0 | number of nan iterations:   0 |
 [2026-05-20 15:10:25] iteration       79/     600 | consumed samples:         5056 | elapsed time per iteration (ms): 11419.8 | learning rate: 9.660859E-05 | global batch size:    64 | lm loss: 7.286994E+00 | load_balancing_loss: 1.112480E+00 | loss scale: 1.0 | grad norm: 1.023 | number of skipped iterations:   0 | number of nan iterations:   0 |
 [2026-05-20 15:10:36] iteration       80/     600 | consumed samples:         5120 | elapsed time per iteration (ms): 11241.5 | learning rate: 9.651753E-05 | global batch size:    64 | lm loss: 7.215902E+00 | load_balancing_loss: 1.096309E+00 | loss scale: 1.0 | grad norm: 0.605 | number of skipped iterations:   0 | number of nan iterations:   0 |
 [2026-05-20 15:10:47] iteration       81/     600 | consumed samples:         5184 | elapsed time per iteration (ms): 11277.0 | learning rate: 9.642530E-05 | global batch size:    64 | lm loss: 7.253486E+00 | load_balancing_loss: 1.090218E+00 | loss scale: 1.0 | grad norm: 1.790 | number of skipped iterations:   0 | number of nan iterations:   0 |
 [2026-05-20 15:10:59] iteration       82/     600 | consumed samples:         5248 | elapsed time per iteration (ms): 11390.9 | learning rate: 9.633191E-05 | global batch size:    64 | lm loss: 7.236986E+00 | load_balancing_loss: 1.093980E+00 | loss scale: 1.0 | grad norm: 0.682 | number of skipped iterations:   0 | number of nan iterations:   0 |
 [2026-05-20 15:11:10] iteration       83/     600 | consumed samples:         5312 | elapsed time per iteration (ms): 11462.1 | learning rate: 9.623738E-05 | global batch size:    64 | lm loss: 7.166425E+00 | load_balancing_loss: 1.084201E+00 | loss scale: 1.0 | grad norm: 0.851 | number of skipped iterations:   0 | number of nan iterations:   0 |
 [2026-05-20 15:11:22] iteration       84/     600 | consumed samples:         5376 | elapsed time per iteration (ms): 11331.3 | learning rate: 9.614170E-05 | global batch size:    64 | lm loss: 7.270360E+00 | load_balancing_loss: 1.074535E+00 | loss scale: 1.0 | grad norm: 0.719 | number of skipped iterations:   0 | number of nan iterations:   0 |
 [2026-05-20 15:11:33] iteration       85/     600 | consumed samples:         5440 | elapsed time per iteration (ms): 11196.9 | learning rate: 9.604487E-05 | global batch size:    64 | lm loss: 7.168470E+00 | load_balancing_loss: 1.079020E+00 | loss scale: 1.0 | grad norm: 0.979 | number of skipped iterations:   0 | number of nan iterations:   0 |
 [2026-05-20 15:11:44] iteration       86/     600 | consumed samples:         5504 | elapsed time per iteration (ms): 11286.7 | learning rate: 9.594689E-05 | global batch size:    64 | lm loss: 7.175838E+00 | load_balancing_loss: 1.082644E+00 | loss scale: 1.0 | grad norm: 0.741 | number of skipped iterations:   0 | number of nan iterations:   0 |
 [2026-05-20 15:11:55] iteration       87/     600 | consumed samples:         5568 | elapsed time per iteration (ms): 11194.4 | learning rate: 9.584777E-05 | global batch size:    64 | lm loss: 7.235639E+00 | load_balancing_loss: 1.075298E+00 | loss scale: 1.0 | grad norm: 1.069 | number of skipped iterations:   0 | number of nan iterations:   0 |
 [2026-05-20 15:12:06] iteration       88/     600 | consumed samples:         5632 | elapsed time per iteration (ms): 11114.1 | learning rate: 9.574751E-05 | global batch size:    64 | lm loss: 7.138482E+00 | load_balancing_loss: 1.075840E+00 | loss scale: 1.0 | grad norm: 0.438 | number of skipped iterations:   0 | number of nan iterations:   0 |
 [2026-05-20 15:12:18] iteration       89/     600 | consumed samples:         5696 | elapsed time per iteration (ms): 11246.8 | learning rate: 9.564612E-05 | global batch size:    64 | lm loss: 7.198702E+00 | load_balancing_loss: 1.091294E+00 | loss scale: 1.0 | grad norm: 0.746 | number of skipped iterations:   0 | number of nan iterations:   0 |
 [2026-05-20 15:12:29] iteration       90/     600 | consumed samples:         5760 | elapsed time per iteration (ms): 11214.8 | learning rate: 9.554360E-05 | global batch size:    64 | lm loss: 7.169050E+00 | load_balancing_loss: 1.081745E+00 | loss scale: 1.0 | grad norm: 0.480 | number of skipped iterations:   0 | number of nan iterations:   0 |
 [2026-05-20 15:12:40] iteration       91/     600 | consumed samples:         5824 | elapsed time per iteration (ms): 11227.3 | learning rate: 9.543994E-05 | global batch size:    64 | lm loss: 7.113025E+00 | load_balancing_loss: 1.069270E+00 | loss scale: 1.0 | grad norm: 0.554 | number of skipped iterations:   0 | number of nan iterations:   0 |
 [2026-05-20 15:12:51] iteration       92/     600 | consumed samples:         5888 | elapsed time per iteration (ms): 11148.8 | learning rate: 9.533516E-05 | global batch size:    64 | lm loss: 7.074212E+00 | load_balancing_loss: 1.066538E+00 | loss scale: 1.0 | grad norm: 0.335 | number of skipped iterations:   0 | number of nan iterations:   0 |
 [2026-05-20 15:13:02] iteration       93/     600 | consumed samples:         5952 | elapsed time per iteration (ms): 11157.1 | learning rate: 9.522925E-05 | global batch size:    64 | lm loss: 7.086741E+00 | load_balancing_loss: 1.063179E+00 | loss scale: 1.0 | grad norm: 0.612 | number of skipped iterations:   0 | number of nan iterations:   0 |
 [2026-05-20 15:13:13] iteration       94/     600 | consumed samples:         6016 | elapsed time per iteration (ms): 11135.6 | learning rate: 9.512222E-05 | global batch size:    64 | lm loss: 7.117908E+00 | load_balancing_loss: 1.064048E+00 | loss scale: 1.0 | grad norm: 0.388 | number of skipped iterations:   0 | number of nan iterations:   0 |
 [2026-05-20 15:13:25] iteration       95/     600 | consumed samples:         6080 | elapsed time per iteration (ms): 11130.6 | learning rate: 9.501408E-05 | global batch size:    64 | lm loss: 7.006011E+00 | load_balancing_loss: 1.067297E+00 | loss scale: 1.0 | grad norm: 0.614 | number of skipped iterations:   0 | number of nan iterations:   0 |
 [2026-05-20 15:13:36] iteration       96/     600 | consumed samples:         6144 | elapsed time per iteration (ms): 11166.5 | learning rate: 9.490482E-05 | global batch size:    64 | lm loss: 6.994221E+00 | load_balancing_loss: 1.064467E+00 | loss scale: 1.0 | grad norm: 0.548 | number of skipped iterations:   0 | number of nan iterations:   0 |
 [2026-05-20 15:13:47] iteration       97/     600 | consumed samples:         6208 | elapsed time per iteration (ms): 11069.7 | learning rate: 9.479444E-05 | global batch size:    64 | lm loss: 7.019101E+00 | load_balancing_loss: 1.065702E+00 | loss scale: 1.0 | grad norm: 0.581 | number of skipped iterations:   0 | number of nan iterations:   0 |
 [2026-05-20 15:13:58] iteration       98/     600 | consumed samples:         6272 | elapsed time per iteration (ms): 11000.4 | learning rate: 9.468295E-05 | global batch size:    64 | lm loss: 7.013256E+00 | load_balancing_loss: 1.067160E+00 | loss scale: 1.0 | grad norm: 0.689 | number of skipped iterations:   0 | number of nan iterations:   0 |
 [2026-05-20 15:14:09] iteration       99/     600 | consumed samples:         6336 | elapsed time per iteration (ms): 11130.9 | learning rate: 9.457037E-05 | global batch size:    64 | lm loss: 6.982649E+00 | load_balancing_loss: 1.087095E+00 | loss scale: 1.0 | grad norm: 0.862 | number of skipped iterations:   0 | number of nan iterations:   0 |
 [2026-05-20 15:14:20] iteration      100/     600 | consumed samples:         6400 | elapsed time per iteration (ms): 11013.2 | learning rate: 9.445667E-05 | global batch size:    64 | lm loss: 6.975046E+00 | load_balancing_loss: 1.071096E+00 | loss scale: 1.0 | grad norm: 0.671 | number of skipped iterations:   0 | number of nan iterations:   0 |
(min, max) time across ranks (ms):
    evaluate .......................................: (17608.60, 22569.60)
-----------------------------------------------------------------------------------------------
 validation loss at iteration 100 | lm loss value: 7.017644E+00 | lm loss PPL: 1.116154E+03 | 
-----------------------------------------------------------------------------------------------
 [2026-05-20 15:14:54] iteration      101/     600 | consumed samples:         6464 | elapsed time per iteration (ms): 10969.0 | learning rate: 9.434188E-05 | global batch size:    64 | lm loss: 6.983859E+00 | load_balancing_loss: 1.052137E+00 | loss scale: 1.0 | grad norm: 1.071 | number of skipped iterations:   0 | number of nan iterations:   0 |
 [2026-05-20 15:15:05] iteration      102/     600 | consumed samples:         6528 | elapsed time per iteration (ms): 11039.0 | learning rate: 9.422599E-05 | global batch size:    64 | lm loss: 6.935986E+00 | load_balancing_loss: 1.070033E+00 | loss scale: 1.0 | grad norm: 1.088 | number of skipped iterations:   0 | number of nan iterations:   0 |
 [2026-05-20 15:15:16] iteration      103/     600 | consumed samples:         6592 | elapsed time per iteration (ms): 11262.6 | learning rate: 9.410900E-05 | global batch size:    64 | lm loss: 7.013153E+00 | load_balancing_loss: 1.121662E+00 | loss scale: 1.0 | grad norm: 0.706 | number of skipped iterations:   0 | number of nan iterations:   0 |
 [2026-05-20 15:15:27] iteration      104/     600 | consumed samples:         6656 | elapsed time per iteration (ms): 10950.7 | learning rate: 9.399093E-05 | global batch size:    64 | lm loss: 6.948327E+00 | load_balancing_loss: 1.079412E+00 | loss scale: 1.0 | grad norm: 0.884 | number of skipped iterations:   0 | number of nan iterations:   0 |
 [2026-05-20 15:15:38] iteration      105/     600 | consumed samples:         6720 | elapsed time per iteration (ms): 10891.3 | learning rate: 9.387176E-05 | global batch size:    64 | lm loss: 6.937106E+00 | load_balancing_loss: 1.050521E+00 | loss scale: 1.0 | grad norm: 0.655 | number of skipped iterations:   0 | number of nan iterations:   0 |
 [2026-05-20 15:15:49] iteration      106/     600 | consumed samples:         6784 | elapsed time per iteration (ms): 11008.6 | learning rate: 9.375152E-05 | global batch size:    64 | lm loss: 6.955807E+00 | load_balancing_loss: 1.056131E+00 | loss scale: 1.0 | grad norm: 0.641 | number of skipped iterations:   0 | number of nan iterations:   0 |
 [2026-05-20 15:16:00] iteration      107/     600 | consumed samples:         6848 | elapsed time per iteration (ms): 10995.0 | learning rate: 9.363019E-05 | global batch size:    64 | lm loss: 6.944334E+00 | load_balancing_loss: 1.064751E+00 | loss scale: 1.0 | grad norm: 0.677 | number of skipped iterations:   0 | number of nan iterations:   0 |
 [2026-05-20 15:16:11] iteration      108/     600 | consumed samples:         6912 | elapsed time per iteration (ms): 10865.7 | learning rate: 9.350779E-05 | global batch size:    64 | lm loss: 6.916727E+00 | load_balancing_loss: 1.060927E+00 | loss scale: 1.0 | grad norm: 0.849 | number of skipped iterations:   0 | number of nan iterations:   0 |
 [2026-05-20 15:16:21] iteration      109/     600 | consumed samples:         6976 | elapsed time per iteration (ms): 10888.6 | learning rate: 9.338432E-05 | global batch size:    64 | lm loss: 6.942559E+00 | load_balancing_loss: 1.068550E+00 | loss scale: 1.0 | grad norm: 1.084 | number of skipped iterations:   0 | number of nan iterations:   0 |
 [2026-05-20 15:16:32] iteration      110/     600 | consumed samples:         7040 | elapsed time per iteration (ms): 10926.7 | learning rate: 9.325977E-05 | global batch size:    64 | lm loss: 6.952743E+00 | load_balancing_loss: 1.055010E+00 | loss scale: 1.0 | grad norm: 0.828 | number of skipped iterations:   0 | number of nan iterations:   0 |
 [2026-05-20 15:16:43] iteration      111/     600 | consumed samples:         7104 | elapsed time per iteration (ms): 11035.8 | learning rate: 9.313416E-05 | global batch size:    64 | lm loss: 6.866796E+00 | load_balancing_loss: 1.050424E+00 | loss scale: 1.0 | grad norm: 1.065 | number of skipped iterations:   0 | number of nan iterations:   0 |
 [2026-05-20 15:16:54] iteration      112/     600 | consumed samples:         7168 | elapsed time per iteration (ms): 10961.9 | learning rate: 9.300748E-05 | global batch size:    64 | lm loss: 6.928892E+00 | load_balancing_loss: 1.065897E+00 | loss scale: 1.0 | grad norm: 1.268 | number of skipped iterations:   0 | number of nan iterations:   0 |
 [2026-05-20 15:17:05] iteration      113/     600 | consumed samples:         7232 | elapsed time per iteration (ms): 11012.2 | learning rate: 9.287975E-05 | global batch size:    64 | lm loss: 6.888043E+00 | load_balancing_loss: 1.070352E+00 | loss scale: 1.0 | grad norm: 0.661 | number of skipped iterations:   0 | number of nan iterations:   0 |
 [2026-05-20 15:17:16] iteration      114/     600 | consumed samples:         7296 | elapsed time per iteration (ms): 10933.6 | learning rate: 9.275095E-05 | global batch size:    64 | lm loss: 6.829830E+00 | load_balancing_loss: 1.049867E+00 | loss scale: 1.0 | grad norm: 0.666 | number of skipped iterations:   0 | number of nan iterations:   0 |
 [2026-05-20 15:17:27] iteration      115/     600 | consumed samples:         7360 | elapsed time per iteration (ms): 10916.0 | learning rate: 9.262111E-05 | global batch size:    64 | lm loss: 6.803435E+00 | load_balancing_loss: 1.056630E+00 | loss scale: 1.0 | grad norm: 0.780 | number of skipped iterations:   0 | number of nan iterations:   0 |
 [2026-05-20 15:17:38] iteration      116/     600 | consumed samples:         7424 | elapsed time per iteration (ms): 10836.6 | learning rate: 9.249022E-05 | global batch size:    64 | lm loss: 6.871338E+00 | load_balancing_loss: 1.056917E+00 | loss scale: 1.0 | grad norm: 0.591 | number of skipped iterations:   0 | number of nan iterations:   0 |
 [2026-05-20 15:17:49] iteration      117/     600 | consumed samples:         7488 | elapsed time per iteration (ms): 10853.8 | learning rate: 9.235828E-05 | global batch size:    64 | lm loss: 6.846443E+00 | load_balancing_loss: 1.060824E+00 | loss scale: 1.0 | grad norm: 0.844 | number of skipped iterations:   0 | number of nan iterations:   0 |
 [2026-05-20 15:18:00] iteration      118/     600 | consumed samples:         7552 | elapsed time per iteration (ms): 10857.6 | learning rate: 9.222530E-05 | global batch size:    64 | lm loss: 6.879522E+00 | load_balancing_loss: 1.060739E+00 | loss scale: 1.0 | grad norm: 0.548 | number of skipped iterations:   0 | number of nan iterations:   0 |
 [2026-05-20 15:18:11] iteration      119/     600 | consumed samples:         7616 | elapsed time per iteration (ms): 10841.7 | learning rate: 9.209129E-05 | global batch size:    64 | lm loss: 6.831911E+00 | load_balancing_loss: 1.054312E+00 | loss scale: 1.0 | grad norm: 0.759 | number of skipped iterations:   0 | number of nan iterations:   0 |
 [2026-05-20 15:18:21] iteration      120/     600 | consumed samples:         7680 | elapsed time per iteration (ms): 10852.3 | learning rate: 9.195624E-05 | global batch size:    64 | lm loss: 6.736107E+00 | load_balancing_loss: 1.042305E+00 | loss scale: 1.0 | grad norm: 0.550 | number of skipped iterations:   0 | number of nan iterations:   0 |
 [2026-05-20 15:18:32] iteration      121/     600 | consumed samples:         7744 | elapsed time per iteration (ms): 10876.9 | learning rate: 9.182015E-05 | global batch size:    64 | lm loss: 6.824778E+00 | load_balancing_loss: 1.065703E+00 | loss scale: 1.0 | grad norm: 0.700 | number of skipped iterations:   0 | number of nan iterations:   0 |
 [2026-05-20 15:18:43] iteration      122/     600 | consumed samples:         7808 | elapsed time per iteration (ms): 10922.0 | learning rate: 9.168305E-05 | global batch size:    64 | lm loss: 6.751918E+00 | load_balancing_loss: 1.064138E+00 | loss scale: 1.0 | grad norm: 0.751 | number of skipped iterations:   0 | number of nan iterations:   0 |
 [2026-05-20 15:18:54] iteration      123/     600 | consumed samples:         7872 | elapsed time per iteration (ms): 10872.6 | learning rate: 9.154491E-05 | global batch size:    64 | lm loss: 6.700491E+00 | load_balancing_loss: 1.059413E+00 | loss scale: 1.0 | grad norm: 0.838 | number of skipped iterations:   0 | number of nan iterations:   0 |
 [2026-05-20 15:19:05] iteration      124/     600 | consumed samples:         7936 | elapsed time per iteration (ms): 10897.9 | learning rate: 9.140577E-05 | global batch size:    64 | lm loss: 6.733485E+00 | load_balancing_loss: 1.050427E+00 | loss scale: 1.0 | grad norm: 0.623 | number of skipped iterations:   0 | number of nan iterations:   0 |
 [2026-05-20 15:19:16] iteration      125/     600 | consumed samples:         8000 | elapsed time per iteration (ms): 10852.9 | learning rate: 9.126560E-05 | global batch size:    64 | lm loss: 6.731013E+00 | load_balancing_loss: 1.044723E+00 | loss scale: 1.0 | grad norm: 0.877 | number of skipped iterations:   0 | number of nan iterations:   0 |
 [2026-05-20 15:19:27] iteration      126/     600 | consumed samples:         8064 | elapsed time per iteration (ms): 10854.0 | learning rate: 9.112443E-05 | global batch size:    64 | lm loss: 6.769411E+00 | load_balancing_loss: 1.064536E+00 | loss scale: 1.0 | grad norm: 0.748 | number of skipped iterations:   0 | number of nan iterations:   0 |
 [2026-05-20 15:19:38] iteration      127/     600 | consumed samples:         8128 | elapsed time per iteration (ms): 10777.7 | learning rate: 9.098224E-05 | global batch size:    64 | lm loss: 6.711183E+00 | load_balancing_loss: 1.062518E+00 | loss scale: 1.0 | grad norm: 0.766 | number of skipped iterations:   0 | number of nan iterations:   0 |
 [2026-05-20 15:19:48] iteration      128/     600 | consumed samples:         8192 | elapsed time per iteration (ms): 10755.2 | learning rate: 9.083906E-05 | global batch size:    64 | lm loss: 6.707984E+00 | load_balancing_loss: 1.039065E+00 | loss scale: 1.0 | grad norm: 0.580 | number of skipped iterations:   0 | number of nan iterations:   0 |
 [2026-05-20 15:19:59] iteration      129/     600 | consumed samples:         8256 | elapsed time per iteration (ms): 10797.1 | learning rate: 9.069487E-05 | global batch size:    64 | lm loss: 6.727877E+00 | load_balancing_loss: 1.053623E+00 | loss scale: 1.0 | grad norm: 1.568 | number of skipped iterations:   0 | number of nan iterations:   0 |
 [2026-05-20 15:20:10] iteration      130/     600 | consumed samples:         8320 | elapsed time per iteration (ms): 10941.2 | learning rate: 9.054969E-05 | global batch size:    64 | lm loss: 6.750335E+00 | load_balancing_loss: 1.081813E+00 | loss scale: 1.0 | grad norm: 0.583 | number of skipped iterations:   0 | number of nan iterations:   0 |
 [2026-05-20 15:20:21] iteration      131/     600 | consumed samples:         8384 | elapsed time per iteration (ms): 10830.9 | learning rate: 9.040352E-05 | global batch size:    64 | lm loss: 6.699270E+00 | load_balancing_loss: 1.059001E+00 | loss scale: 1.0 | grad norm: 1.231 | number of skipped iterations:   0 | number of nan iterations:   0 |
 [2026-05-20 15:20:32] iteration      132/     600 | consumed samples:         8448 | elapsed time per iteration (ms): 10732.5 | learning rate: 9.025636E-05 | global batch size:    64 | lm loss: 6.664323E+00 | load_balancing_loss: 1.038588E+00 | loss scale: 1.0 | grad norm: 0.960 | number of skipped iterations:   0 | number of nan iterations:   0 |
 [2026-05-20 15:20:42] iteration      133/     600 | consumed samples:         8512 | elapsed time per iteration (ms): 10691.7 | learning rate: 9.010822E-05 | global batch size:    64 | lm loss: 6.612956E+00 | load_balancing_loss: 1.034125E+00 | loss scale: 1.0 | grad norm: 1.305 | number of skipped iterations:   0 | number of nan iterations:   0 |
 [2026-05-20 15:20:53] iteration      134/     600 | consumed samples:         8576 | elapsed time per iteration (ms): 10666.6 | learning rate: 8.995910E-05 | global batch size:    64 | lm loss: 6.673876E+00 | load_balancing_loss: 1.036934E+00 | loss scale: 1.0 | grad norm: 1.151 | number of skipped iterations:   0 | number of nan iterations:   0 |
 [2026-05-20 15:21:04] iteration      135/     600 | consumed samples:         8640 | elapsed time per iteration (ms): 10691.1 | learning rate: 8.980901E-05 | global batch size:    64 | lm loss: 6.612476E+00 | load_balancing_loss: 1.035539E+00 | loss scale: 1.0 | grad norm: 0.731 | number of skipped iterations:   0 | number of nan iterations:   0 |
 [2026-05-20 15:21:14] iteration      136/     600 | consumed samples:         8704 | elapsed time per iteration (ms): 10710.4 | learning rate: 8.965794E-05 | global batch size:    64 | lm loss: 6.640628E+00 | load_balancing_loss: 1.041555E+00 | loss scale: 1.0 | grad norm: 0.789 | number of skipped iterations:   0 | number of nan iterations:   0 |
 [2026-05-20 15:21:25] iteration      137/     600 | consumed samples:         8768 | elapsed time per iteration (ms): 10670.7 | learning rate: 8.950591E-05 | global batch size:    64 | lm loss: 6.600627E+00 | load_balancing_loss: 1.042918E+00 | loss scale: 1.0 | grad norm: 0.726 | number of skipped iterations:   0 | number of nan iterations:   0 |
 [2026-05-20 15:21:36] iteration      138/     600 | consumed samples:         8832 | elapsed time per iteration (ms): 10692.1 | learning rate: 8.935292E-05 | global batch size:    64 | lm loss: 6.629556E+00 | load_balancing_loss: 1.040963E+00 | loss scale: 1.0 | grad norm: 0.553 | number of skipped iterations:   0 | number of nan iterations:   0 |
 [2026-05-20 15:21:46] iteration      139/     600 | consumed samples:         8896 | elapsed time per iteration (ms): 10682.1 | learning rate: 8.919897E-05 | global batch size:    64 | lm loss: 6.556301E+00 | load_balancing_loss: 1.036175E+00 | loss scale: 1.0 | grad norm: 0.620 | number of skipped iterations:   0 | number of nan iterations:   0 |
 [2026-05-20 15:21:57] iteration      140/     600 | consumed samples:         8960 | elapsed time per iteration (ms): 10674.4 | learning rate: 8.904407E-05 | global batch size:    64 | lm loss: 6.591519E+00 | load_balancing_loss: 1.040502E+00 | loss scale: 1.0 | grad norm: 0.499 | number of skipped iterations:   0 | number of nan iterations:   0 |
 [2026-05-20 15:22:08] iteration      141/     600 | consumed samples:         9024 | elapsed time per iteration (ms): 10629.3 | learning rate: 8.888821E-05 | global batch size:    64 | lm loss: 6.600271E+00 | load_balancing_loss: 1.040704E+00 | loss scale: 1.0 | grad norm: 0.446 | number of skipped iterations:   0 | number of nan iterations:   0 |
 [2026-05-20 15:22:18] iteration      142/     600 | consumed samples:         9088 | elapsed time per iteration (ms): 10589.2 | learning rate: 8.873142E-05 | global batch size:    64 | lm loss: 6.497587E+00 | load_balancing_loss: 1.040665E+00 | loss scale: 1.0 | grad norm: 0.706 | number of skipped iterations:   0 | number of nan iterations:   0 |
 [2026-05-20 15:22:29] iteration      143/     600 | consumed samples:         9152 | elapsed time per iteration (ms): 10624.4 | learning rate: 8.857368E-05 | global batch size:    64 | lm loss: 6.519479E+00 | load_balancing_loss: 1.042132E+00 | loss scale: 1.0 | grad norm: 0.482 | number of skipped iterations:   0 | number of nan iterations:   0 |
 [2026-05-20 15:22:40] iteration      144/     600 | consumed samples:         9216 | elapsed time per iteration (ms): 10663.1 | learning rate: 8.841501E-05 | global batch size:    64 | lm loss: 6.546704E+00 | load_balancing_loss: 1.045357E+00 | loss scale: 1.0 | grad norm: 0.555 | number of skipped iterations:   0 | number of nan iterations:   0 |
 [2026-05-20 15:22:50] iteration      145/     600 | consumed samples:         9280 | elapsed time per iteration (ms): 10654.2 | learning rate: 8.825540E-05 | global batch size:    64 | lm loss: 6.503269E+00 | load_balancing_loss: 1.042763E+00 | loss scale: 1.0 | grad norm: 0.664 | number of skipped iterations:   0 | number of nan iterations:   0 |
 [2026-05-20 15:23:01] iteration      146/     600 | consumed samples:         9344 | elapsed time per iteration (ms): 10643.0 | learning rate: 8.809487E-05 | global batch size:    64 | lm loss: 6.500949E+00 | load_balancing_loss: 1.050380E+00 | loss scale: 1.0 | grad norm: 0.451 | number of skipped iterations:   0 | number of nan iterations:   0 |
 [2026-05-20 15:23:12] iteration      147/     600 | consumed samples:         9408 | elapsed time per iteration (ms): 10664.0 | learning rate: 8.793341E-05 | global batch size:    64 | lm loss: 6.502945E+00 | load_balancing_loss: 1.045066E+00 | loss scale: 1.0 | grad norm: 0.525 | number of skipped iterations:   0 | number of nan iterations:   0 |
 [2026-05-20 15:23:22] iteration      148/     600 | consumed samples:         9472 | elapsed time per iteration (ms): 10624.3 | learning rate: 8.777104E-05 | global batch size:    64 | lm loss: 6.519979E+00 | load_balancing_loss: 1.039297E+00 | loss scale: 1.0 | grad norm: 0.494 | number of skipped iterations:   0 | number of nan iterations:   0 |
 [2026-05-20 15:23:33] iteration      149/     600 | consumed samples:         9536 | elapsed time per iteration (ms): 10622.3 | learning rate: 8.760775E-05 | global batch size:    64 | lm loss: 6.487420E+00 | load_balancing_loss: 1.043372E+00 | loss scale: 1.0 | grad norm: 0.540 | number of skipped iterations:   0 | number of nan iterations:   0 |
 [2026-05-20 15:23:44] iteration      150/     600 | consumed samples:         9600 | elapsed time per iteration (ms): 10890.5 | learning rate: 8.744356E-05 | global batch size:    64 | lm loss: 6.463807E+00 | load_balancing_loss: 1.045428E+00 | loss scale: 1.0 | grad norm: 0.489 | number of skipped iterations:   0 | number of nan iterations:   0 |
 [2026-05-20 15:23:54] iteration      151/     600 | consumed samples:         9664 | elapsed time per iteration (ms): 10582.0 | learning rate: 8.727846E-05 | global batch size:    64 | lm loss: 6.499660E+00 | load_balancing_loss: 1.035514E+00 | loss scale: 1.0 | grad norm: 0.398 | number of skipped iterations:   0 | number of nan iterations:   0 |
 [2026-05-20 15:24:05] iteration      152/     600 | consumed samples:         9728 | elapsed time per iteration (ms): 10555.5 | learning rate: 8.711246E-05 | global batch size:    64 | lm loss: 6.488384E+00 | load_balancing_loss: 1.038485E+00 | loss scale: 1.0 | grad norm: 0.471 | number of skipped iterations:   0 | number of nan iterations:   0 |
 [2026-05-20 15:24:15] iteration      153/     600 | consumed samples:         9792 | elapsed time per iteration (ms): 10589.7 | learning rate: 8.694556E-05 | global batch size:    64 | lm loss: 6.478671E+00 | load_balancing_loss: 1.044556E+00 | loss scale: 1.0 | grad norm: 0.453 | number of skipped iterations:   0 | number of nan iterations:   0 |
 [2026-05-20 15:24:26] iteration      154/     600 | consumed samples:         9856 | elapsed time per iteration (ms): 10743.8 | learning rate: 8.677778E-05 | global batch size:    64 | lm loss: 6.411338E+00 | load_balancing_loss: 1.040897E+00 | loss scale: 1.0 | grad norm: 0.378 | number of skipped iterations:   0 | number of nan iterations:   0 |
 [2026-05-20 15:24:37] iteration      155/     600 | consumed samples:         9920 | elapsed time per iteration (ms): 10586.8 | learning rate: 8.660911E-05 | global batch size:    64 | lm loss: 6.502701E+00 | load_balancing_loss: 1.037112E+00 | loss scale: 1.0 | grad norm: 0.496 | number of skipped iterations:   0 | number of nan iterations:   0 |
 [2026-05-20 15:24:47] iteration      156/     600 | consumed samples:         9984 | elapsed time per iteration (ms): 10573.1 | learning rate: 8.643955E-05 | global batch size:    64 | lm loss: 6.470335E+00 | load_balancing_loss: 1.038076E+00 | loss scale: 1.0 | grad norm: 0.531 | number of skipped iterations:   0 | number of nan iterations:   0 |
 [2026-05-20 15:24:58] iteration      157/     600 | consumed samples:        10048 | elapsed time per iteration (ms): 10570.2 | learning rate: 8.626912E-05 | global batch size:    64 | lm loss: 6.447492E+00 | load_balancing_loss: 1.040012E+00 | loss scale: 1.0 | grad norm: 0.518 | number of skipped iterations:   0 | number of nan iterations:   0 |
 [2026-05-20 15:25:09] iteration      158/     600 | consumed samples:        10112 | elapsed time per iteration (ms): 10856.5 | learning rate: 8.609782E-05 | global batch size:    64 | lm loss: 6.376778E+00 | load_balancing_loss: 1.036698E+00 | loss scale: 1.0 | grad norm: 0.404 | number of skipped iterations:   0 | number of nan iterations:   0 |
 [2026-05-20 15:25:19] iteration      159/     600 | consumed samples:        10176 | elapsed time per iteration (ms): 10552.2 | learning rate: 8.592565E-05 | global batch size:    64 | lm loss: 6.450441E+00 | load_balancing_loss: 1.036400E+00 | loss scale: 1.0 | grad norm: 0.542 | number of skipped iterations:   0 | number of nan iterations:   0 |
 [2026-05-20 15:25:30] iteration      160/     600 | consumed samples:        10240 | elapsed time per iteration (ms): 10557.9 | learning rate: 8.575262E-05 | global batch size:    64 | lm loss: 6.382271E+00 | load_balancing_loss: 1.045059E+00 | loss scale: 1.0 | grad norm: 0.897 | number of skipped iterations:   0 | number of nan iterations:   0 |
 [2026-05-20 15:25:40] iteration      161/     600 | consumed samples:        10304 | elapsed time per iteration (ms): 10541.9 | learning rate: 8.557873E-05 | global batch size:    64 | lm loss: 6.322153E+00 | load_balancing_loss: 1.041150E+00 | loss scale: 1.0 | grad norm: 0.557 | number of skipped iterations:   0 | number of nan iterations:   0 |
 [2026-05-20 15:25:52] iteration      162/     600 | consumed samples:        10368 | elapsed time per iteration (ms): 11806.9 | learning rate: 8.540399E-05 | global batch size:    64 | lm loss: 6.440588E+00 | load_balancing_loss: 1.044871E+00 | loss scale: 1.0 | grad norm: 0.713 | number of skipped iterations:   0 | number of nan iterations:   0 |
 [2026-05-20 15:26:03] iteration      163/     600 | consumed samples:        10432 | elapsed time per iteration (ms): 10535.8 | learning rate: 8.522841E-05 | global batch size:    64 | lm loss: 6.356066E+00 | load_balancing_loss: 1.048720E+00 | loss scale: 1.0 | grad norm: 0.839 | number of skipped iterations:   0 | number of nan iterations:   0 |
 [2026-05-20 15:26:13] iteration      164/     600 | consumed samples:        10496 | elapsed time per iteration (ms): 10548.6 | learning rate: 8.505197E-05 | global batch size:    64 | lm loss: 6.437330E+00 | load_balancing_loss: 1.041290E+00 | loss scale: 1.0 | grad norm: 0.845 | number of skipped iterations:   0 | number of nan iterations:   0 |
 [2026-05-20 15:26:24] iteration      165/     600 | consumed samples:        10560 | elapsed time per iteration (ms): 10524.5 | learning rate: 8.487471E-05 | global batch size:    64 | lm loss: 6.363798E+00 | load_balancing_loss: 1.039701E+00 | loss scale: 1.0 | grad norm: 0.874 | number of skipped iterations:   0 | number of nan iterations:   0 |
 [2026-05-20 15:26:35] iteration      166/     600 | consumed samples:        10624 | elapsed time per iteration (ms): 10710.8 | learning rate: 8.469661E-05 | global batch size:    64 | lm loss: 6.338168E+00 | load_balancing_loss: 1.039110E+00 | loss scale: 1.0 | grad norm: 0.668 | number of skipped iterations:   0 | number of nan iterations:   0 |
 [2026-05-20 15:26:45] iteration      167/     600 | consumed samples:        10688 | elapsed time per iteration (ms): 10638.7 | learning rate: 8.451768E-05 | global batch size:    64 | lm loss: 6.327507E+00 | load_balancing_loss: 1.044826E+00 | loss scale: 1.0 | grad norm: 0.766 | number of skipped iterations:   0 | number of nan iterations:   0 |
 [2026-05-20 15:26:56] iteration      168/     600 | consumed samples:        10752 | elapsed time per iteration (ms): 10570.7 | learning rate: 8.433792E-05 | global batch size:    64 | lm loss: 6.301224E+00 | load_balancing_loss: 1.037259E+00 | loss scale: 1.0 | grad norm: 0.644 | number of skipped iterations:   0 | number of nan iterations:   0 |
 [2026-05-20 15:27:06] iteration      169/     600 | consumed samples:        10816 | elapsed time per iteration (ms): 10611.4 | learning rate: 8.415736E-05 | global batch size:    64 | lm loss: 6.332682E+00 | load_balancing_loss: 1.049395E+00 | loss scale: 1.0 | grad norm: 0.707 | number of skipped iterations:   0 | number of nan iterations:   0 |
 [2026-05-20 15:27:17] iteration      170/     600 | consumed samples:        10880 | elapsed time per iteration (ms): 10556.3 | learning rate: 8.397597E-05 | global batch size:    64 | lm loss: 6.349945E+00 | load_balancing_loss: 1.036598E+00 | loss scale: 1.0 | grad norm: 0.639 | number of skipped iterations:   0 | number of nan iterations:   0 |
 [2026-05-20 15:27:27] iteration      171/     600 | consumed samples:        10944 | elapsed time per iteration (ms): 10555.0 | learning rate: 8.379378E-05 | global batch size:    64 | lm loss: 6.326619E+00 | load_balancing_loss: 1.029176E+00 | loss scale: 1.0 | grad norm: 0.686 | number of skipped iterations:   0 | number of nan iterations:   0 |
 [2026-05-20 15:27:38] iteration      172/     600 | consumed samples:        11008 | elapsed time per iteration (ms): 10588.0 | learning rate: 8.361079E-05 | global batch size:    64 | lm loss: 6.338881E+00 | load_balancing_loss: 1.041286E+00 | loss scale: 1.0 | grad norm: 0.672 | number of skipped iterations:   0 | number of nan iterations:   0 |
 [2026-05-20 15:27:49] iteration      173/     600 | consumed samples:        11072 | elapsed time per iteration (ms): 10574.2 | learning rate: 8.342700E-05 | global batch size:    64 | lm loss: 6.275036E+00 | load_balancing_loss: 1.040364E+00 | loss scale: 1.0 | grad norm: 0.528 | number of skipped iterations:   0 | number of nan iterations:   0 |
 [2026-05-20 15:27:59] iteration      174/     600 | consumed samples:        11136 | elapsed time per iteration (ms): 10583.1 | learning rate: 8.324241E-05 | global batch size:    64 | lm loss: 6.268664E+00 | load_balancing_loss: 1.031693E+00 | loss scale: 1.0 | grad norm: 0.606 | number of skipped iterations:   0 | number of nan iterations:   0 |
 [2026-05-20 15:28:10] iteration      175/     600 | consumed samples:        11200 | elapsed time per iteration (ms): 10500.1 | learning rate: 8.305704E-05 | global batch size:    64 | lm loss: 6.256948E+00 | load_balancing_loss: 1.034511E+00 | loss scale: 1.0 | grad norm: 0.473 | number of skipped iterations:   0 | number of nan iterations:   0 |
 [2026-05-20 15:28:20] iteration      176/     600 | consumed samples:        11264 | elapsed time per iteration (ms): 10543.7 | learning rate: 8.287089E-05 | global batch size:    64 | lm loss: 6.315721E+00 | load_balancing_loss: 1.034717E+00 | loss scale: 1.0 | grad norm: 0.467 | number of skipped iterations:   0 | number of nan iterations:   0 |
 [2026-05-20 15:28:31] iteration      177/     600 | consumed samples:        11328 | elapsed time per iteration (ms): 10520.5 | learning rate: 8.268396E-05 | global batch size:    64 | lm loss: 6.367798E+00 | load_balancing_loss: 1.035736E+00 | loss scale: 1.0 | grad norm: 0.459 | number of skipped iterations:   0 | number of nan iterations:   0 |
 [2026-05-20 15:28:41] iteration      178/     600 | consumed samples:        11392 | elapsed time per iteration (ms): 10534.4 | learning rate: 8.249626E-05 | global batch size:    64 | lm loss: 6.211750E+00 | load_balancing_loss: 1.030385E+00 | loss scale: 1.0 | grad norm: 0.385 | number of skipped iterations:   0 | number of nan iterations:   0 |
 [2026-05-20 15:28:52] iteration      179/     600 | consumed samples:        11456 | elapsed time per iteration (ms): 10521.7 | learning rate: 8.230779E-05 | global batch size:    64 | lm loss: 6.260997E+00 | load_balancing_loss: 1.029289E+00 | loss scale: 1.0 | grad norm: 0.491 | number of skipped iterations:   0 | number of nan iterations:   0 |
 [2026-05-20 15:29:02] iteration      180/     600 | consumed samples:        11520 | elapsed time per iteration (ms): 10523.5 | learning rate: 8.211856E-05 | global batch size:    64 | lm loss: 6.244595E+00 | load_balancing_loss: 1.027298E+00 | loss scale: 1.0 | grad norm: 0.458 | number of skipped iterations:   0 | number of nan iterations:   0 |
 [2026-05-20 15:29:13] iteration      181/     600 | consumed samples:        11584 | elapsed time per iteration (ms): 10533.6 | learning rate: 8.192857E-05 | global batch size:    64 | lm loss: 6.235089E+00 | load_balancing_loss: 1.032080E+00 | loss scale: 1.0 | grad norm: 0.456 | number of skipped iterations:   0 | number of nan iterations:   0 |
 [2026-05-20 15:29:23] iteration      182/     600 | consumed samples:        11648 | elapsed time per iteration (ms): 10569.9 | learning rate: 8.173784E-05 | global batch size:    64 | lm loss: 6.262627E+00 | load_balancing_loss: 1.038406E+00 | loss scale: 1.0 | grad norm: 0.402 | number of skipped iterations:   0 | number of nan iterations:   0 |
 [2026-05-20 15:29:34] iteration      183/     600 | consumed samples:        11712 | elapsed time per iteration (ms): 10542.3 | learning rate: 8.154636E-05 | global batch size:    64 | lm loss: 6.229383E+00 | load_balancing_loss: 1.035124E+00 | loss scale: 1.0 | grad norm: 0.351 | number of skipped iterations:   0 | number of nan iterations:   0 |
 [2026-05-20 15:29:45] iteration      184/     600 | consumed samples:        11776 | elapsed time per iteration (ms): 10518.9 | learning rate: 8.135413E-05 | global batch size:    64 | lm loss: 6.174452E+00 | load_balancing_loss: 1.028980E+00 | loss scale: 1.0 | grad norm: 0.461 | number of skipped iterations:   0 | number of nan iterations:   0 |
 [2026-05-20 15:29:55] iteration      185/     600 | consumed samples:        11840 | elapsed time per iteration (ms): 10514.1 | learning rate: 8.116118E-05 | global batch size:    64 | lm loss: 6.165449E+00 | load_balancing_loss: 1.035100E+00 | loss scale: 1.0 | grad norm: 0.464 | number of skipped iterations:   0 | number of nan iterations:   0 |
 [2026-05-20 15:30:06] iteration      186/     600 | consumed samples:        11904 | elapsed time per iteration (ms): 10547.1 | learning rate: 8.096749E-05 | global batch size:    64 | lm loss: 6.173364E+00 | load_balancing_loss: 1.036838E+00 | loss scale: 1.0 | grad norm: 0.434 | number of skipped iterations:   0 | number of nan iterations:   0 |
 [2026-05-20 15:30:16] iteration      187/     600 | consumed samples:        11968 | elapsed time per iteration (ms): 10519.6 | learning rate: 8.077308E-05 | global batch size:    64 | lm loss: 6.150514E+00 | load_balancing_loss: 1.038368E+00 | loss scale: 1.0 | grad norm: 0.437 | number of skipped iterations:   0 | number of nan iterations:   0 |
 [2026-05-20 15:30:27] iteration      188/     600 | consumed samples:        12032 | elapsed time per iteration (ms): 10511.9 | learning rate: 8.057796E-05 | global batch size:    64 | lm loss: 6.229092E+00 | load_balancing_loss: 1.034674E+00 | loss scale: 1.0 | grad norm: 0.477 | number of skipped iterations:   0 | number of nan iterations:   0 |
 [2026-05-20 15:30:37] iteration      189/     600 | consumed samples:        12096 | elapsed time per iteration (ms): 10489.0 | learning rate: 8.038211E-05 | global batch size:    64 | lm loss: 6.193954E+00 | load_balancing_loss: 1.031369E+00 | loss scale: 1.0 | grad norm: 0.421 | number of skipped iterations:   0 | number of nan iterations:   0 |
 [2026-05-20 15:30:48] iteration      190/     600 | consumed samples:        12160 | elapsed time per iteration (ms): 10472.8 | learning rate: 8.018556E-05 | global batch size:    64 | lm loss: 6.153109E+00 | load_balancing_loss: 1.029378E+00 | loss scale: 1.0 | grad norm: 0.410 | number of skipped iterations:   0 | number of nan iterations:   0 |
 [2026-05-20 15:30:58] iteration      191/     600 | consumed samples:        12224 | elapsed time per iteration (ms): 10523.6 | learning rate: 7.998831E-05 | global batch size:    64 | lm loss: 6.169240E+00 | load_balancing_loss: 1.038656E+00 | loss scale: 1.0 | grad norm: 0.513 | number of skipped iterations:   0 | number of nan iterations:   0 |
 [2026-05-20 15:31:09] iteration      192/     600 | consumed samples:        12288 | elapsed time per iteration (ms): 10535.1 | learning rate: 7.979036E-05 | global batch size:    64 | lm loss: 6.178030E+00 | load_balancing_loss: 1.042178E+00 | loss scale: 1.0 | grad norm: 0.568 | number of skipped iterations:   0 | number of nan iterations:   0 |
 [2026-05-20 15:31:19] iteration      193/     600 | consumed samples:        12352 | elapsed time per iteration (ms): 10491.7 | learning rate: 7.959172E-05 | global batch size:    64 | lm loss: 6.078103E+00 | load_balancing_loss: 1.031728E+00 | loss scale: 1.0 | grad norm: 0.606 | number of skipped iterations:   0 | number of nan iterations:   0 |
 [2026-05-20 15:31:30] iteration      194/     600 | consumed samples:        12416 | elapsed time per iteration (ms): 10477.3 | learning rate: 7.939240E-05 | global batch size:    64 | lm loss: 6.177910E+00 | load_balancing_loss: 1.031470E+00 | loss scale: 1.0 | grad norm: 0.541 | number of skipped iterations:   0 | number of nan iterations:   0 |
 [2026-05-20 15:31:40] iteration      195/     600 | consumed samples:        12480 | elapsed time per iteration (ms): 10490.9 | learning rate: 7.919240E-05 | global batch size:    64 | lm loss: 6.150826E+00 | load_balancing_loss: 1.031715E+00 | loss scale: 1.0 | grad norm: 0.475 | number of skipped iterations:   0 | number of nan iterations:   0 |
 [2026-05-20 15:31:51] iteration      196/     600 | consumed samples:        12544 | elapsed time per iteration (ms): 10514.2 | learning rate: 7.899172E-05 | global batch size:    64 | lm loss: 6.178054E+00 | load_balancing_loss: 1.036713E+00 | loss scale: 1.0 | grad norm: 0.602 | number of skipped iterations:   0 | number of nan iterations:   0 |
 [2026-05-20 15:32:01] iteration      197/     600 | consumed samples:        12608 | elapsed time per iteration (ms): 10538.5 | learning rate: 7.879037E-05 | global batch size:    64 | lm loss: 6.145534E+00 | load_balancing_loss: 1.040136E+00 | loss scale: 1.0 | grad norm: 0.616 | number of skipped iterations:   0 | number of nan iterations:   0 |
 [2026-05-20 15:32:12] iteration      198/     600 | consumed samples:        12672 | elapsed time per iteration (ms): 10471.7 | learning rate: 7.858836E-05 | global batch size:    64 | lm loss: 6.150521E+00 | load_balancing_loss: 1.037006E+00 | loss scale: 1.0 | grad norm: 0.527 | number of skipped iterations:   0 | number of nan iterations:   0 |
 [2026-05-20 15:32:22] iteration      199/     600 | consumed samples:        12736 | elapsed time per iteration (ms): 10441.8 | learning rate: 7.838569E-05 | global batch size:    64 | lm loss: 6.084057E+00 | load_balancing_loss: 1.035366E+00 | loss scale: 1.0 | grad norm: 0.589 | number of skipped iterations:   0 | number of nan iterations:   0 |
 [2026-05-20 15:32:33] iteration      200/     600 | consumed samples:        12800 | elapsed time per iteration (ms): 10436.7 | learning rate: 7.818237E-05 | global batch size:    64 | lm loss: 6.074705E+00 | load_balancing_loss: 1.030592E+00 | loss scale: 1.0 | grad norm: 0.538 | number of skipped iterations:   0 | number of nan iterations:   0 |
(min, max) time across ranks (ms):
    evaluate .......................................: (12537.56, 17232.15)
-----------------------------------------------------------------------------------------------
 validation loss at iteration 200 | lm loss value: 6.069857E+00 | lm loss PPL: 4.326187E+02 | 
-----------------------------------------------------------------------------------------------
INFO:megatron.core.transformer.moe.bsr_integration:BSR-MoE: checkpoint metadata injected (iteration=200, phase=HEALTHY_TRAINING)
INFO:megatron.core.transformer.moe.bsr_integration:BSR-MoE: checkpoint metadata injected (iteration=200, phase=HEALTHY_TRAINING)
INFO:megatron.core.transformer.moe.bsr_integration:BSR-MoE: checkpoint metadata injected (iteration=200, phase=HEALTHY_TRAINING)
INFO:megatron.core.transformer.moe.bsr_integration:BSR-MoE: checkpoint metadata injected (iteration=200, phase=HEALTHY_TRAINING)
INFO:megatron.core.transformer.moe.bsr_integration:BSR-MoE: checkpoint metadata injected (iteration=200, phase=HEALTHY_TRAINING)
INFO:megatron.core.transformer.moe.bsr_integration:BSR-MoE: checkpoint metadata injected (iteration=200, phase=HEALTHY_TRAINING)
INFO:megatron.core.transformer.moe.bsr_integration:BSR-MoE: checkpoint metadata injected (iteration=200, phase=HEALTHY_TRAINING)
INFO:megatron.core.transformer.moe.bsr_integration:BSR-MoE: checkpoint metadata injected (iteration=200, phase=HEALTHY_TRAINING)
(min, max) time across ranks (ms):
    save-checkpoint ................................: (37200.73, 37202.09)
 [2026-05-20 15:33:37] iteration      201/     600 | consumed samples:        12864 | elapsed time per iteration (ms): 10497.6 | learning rate: 7.797840E-05 | global batch size:    64 | lm loss: 6.122442E+00 | load_balancing_loss: 1.030792E+00 | loss scale: 1.0 | grad norm: 0.512 | number of skipped iterations:   0 | number of nan iterations:   0 |
 [2026-05-20 15:33:48] iteration      202/     600 | consumed samples:        12928 | elapsed time per iteration (ms): 10483.6 | learning rate: 7.777380E-05 | global batch size:    64 | lm loss: 6.068682E+00 | load_balancing_loss: 1.034581E+00 | loss scale: 1.0 | grad norm: 0.706 | number of skipped iterations:   0 | number of nan iterations:   0 |
 [2026-05-20 15:33:58] iteration      203/     600 | consumed samples:        12992 | elapsed time per iteration (ms): 10498.6 | learning rate: 7.756855E-05 | global batch size:    64 | lm loss: 6.086487E+00 | load_balancing_loss: 1.034312E+00 | loss scale: 1.0 | grad norm: 0.578 | number of skipped iterations:   0 | number of nan iterations:   0 |
 [2026-05-20 15:34:09] iteration      204/     600 | consumed samples:        13056 | elapsed time per iteration (ms): 10471.7 | learning rate: 7.736268E-05 | global batch size:    64 | lm loss: 6.034594E+00 | load_balancing_loss: 1.037095E+00 | loss scale: 1.0 | grad norm: 0.584 | number of skipped iterations:   0 | number of nan iterations:   0 |
 [2026-05-20 15:34:19] iteration      205/     600 | consumed samples:        13120 | elapsed time per iteration (ms): 10446.4 | learning rate: 7.715619E-05 | global batch size:    64 | lm loss: 6.088350E+00 | load_balancing_loss: 1.029282E+00 | loss scale: 1.0 | grad norm: 0.475 | number of skipped iterations:   0 | number of nan iterations:   0 |
 [2026-05-20 15:34:30] iteration      206/     600 | consumed samples:        13184 | elapsed time per iteration (ms): 10469.9 | learning rate: 7.694907E-05 | global batch size:    64 | lm loss: 6.110224E+00 | load_balancing_loss: 1.026554E+00 | loss scale: 1.0 | grad norm: 0.462 | number of skipped iterations:   0 | number of nan iterations:   0 |
 [2026-05-20 15:34:40] iteration      207/     600 | consumed samples:        13248 | elapsed time per iteration (ms): 10498.8 | learning rate: 7.674135E-05 | global batch size:    64 | lm loss: 6.059724E+00 | load_balancing_loss: 1.037829E+00 | loss scale: 1.0 | grad norm: 0.460 | number of skipped iterations:   0 | number of nan iterations:   0 |
 [2026-05-20 15:34:51] iteration      208/     600 | consumed samples:        13312 | elapsed time per iteration (ms): 10489.3 | learning rate: 7.653302E-05 | global batch size:    64 | lm loss: 6.024034E+00 | load_balancing_loss: 1.030432E+00 | loss scale: 1.0 | grad norm: 0.423 | number of skipped iterations:   0 | number of nan iterations:   0 |
 [2026-05-20 15:35:01] iteration      209/     600 | consumed samples:        13376 | elapsed time per iteration (ms): 10477.6 | learning rate: 7.632409E-05 | global batch size:    64 | lm loss: 6.017846E+00 | load_balancing_loss: 1.027582E+00 | loss scale: 1.0 | grad norm: 0.482 | number of skipped iterations:   0 | number of nan iterations:   0 |
 [2026-05-20 15:35:12] iteration      210/     600 | consumed samples:        13440 | elapsed time per iteration (ms): 10462.5 | learning rate: 7.611456E-05 | global batch size:    64 | lm loss: 6.022154E+00 | load_balancing_loss: 1.031186E+00 | loss scale: 1.0 | grad norm: 0.455 | number of skipped iterations:   0 | number of nan iterations:   0 |
 [2026-05-20 15:35:22] iteration      211/     600 | consumed samples:        13504 | elapsed time per iteration (ms): 10499.7 | learning rate: 7.590445E-05 | global batch size:    64 | lm loss: 6.035903E+00 | load_balancing_loss: 1.033923E+00 | loss scale: 1.0 | grad norm: 0.593 | number of skipped iterations:   0 | number of nan iterations:   0 |
 [2026-05-20 15:35:33] iteration      212/     600 | consumed samples:        13568 | elapsed time per iteration (ms): 10462.2 | learning rate: 7.569375E-05 | global batch size:    64 | lm loss: 6.004528E+00 | load_balancing_loss: 1.033503E+00 | loss scale: 1.0 | grad norm: 0.681 | number of skipped iterations:   0 | number of nan iterations:   0 |
 [2026-05-20 15:35:43] iteration      213/     600 | consumed samples:        13632 | elapsed time per iteration (ms): 10475.7 | learning rate: 7.548248E-05 | global batch size:    64 | lm loss: 6.041259E+00 | load_balancing_loss: 1.033830E+00 | loss scale: 1.0 | grad norm: 0.735 | number of skipped iterations:   0 | number of nan iterations:   0 |
 [2026-05-20 15:35:54] iteration      214/     600 | consumed samples:        13696 | elapsed time per iteration (ms): 10459.9 | learning rate: 7.527063E-05 | global batch size:    64 | lm loss: 5.992538E+00 | load_balancing_loss: 1.032075E+00 | loss scale: 1.0 | grad norm: 0.448 | number of skipped iterations:   0 | number of nan iterations:   0 |
 [2026-05-20 15:36:04] iteration      215/     600 | consumed samples:        13760 | elapsed time per iteration (ms): 10551.2 | learning rate: 7.505823E-05 | global batch size:    64 | lm loss: 6.038674E+00 | load_balancing_loss: 1.031838E+00 | loss scale: 1.0 | grad norm: 0.493 | number of skipped iterations:   0 | number of nan iterations:   0 |
 [2026-05-20 15:36:15] iteration      216/     600 | consumed samples:        13824 | elapsed time per iteration (ms): 10474.4 | learning rate: 7.484526E-05 | global batch size:    64 | lm loss: 6.036691E+00 | load_balancing_loss: 1.032218E+00 | loss scale: 1.0 | grad norm: 0.493 | number of skipped iterations:   0 | number of nan iterations:   0 |
 [2026-05-20 15:36:25] iteration      217/     600 | consumed samples:        13888 | elapsed time per iteration (ms): 10443.6 | learning rate: 7.463174E-05 | global batch size:    64 | lm loss: 6.041697E+00 | load_balancing_loss: 1.033607E+00 | loss scale: 1.0 | grad norm: 0.493 | number of skipped iterations:   0 | number of nan iterations:   0 |
 [2026-05-20 15:36:36] iteration      218/     600 | consumed samples:        13952 | elapsed time per iteration (ms): 10454.7 | learning rate: 7.441767E-05 | global batch size:    64 | lm loss: 6.027011E+00 | load_balancing_loss: 1.030650E+00 | loss scale: 1.0 | grad norm: 0.509 | number of skipped iterations:   0 | number of nan iterations:   0 |
 [2026-05-20 15:36:46] iteration      219/     600 | consumed samples:        14016 | elapsed time per iteration (ms): 10417.3 | learning rate: 7.420305E-05 | global batch size:    64 | lm loss: 5.969020E+00 | load_balancing_loss: 1.027963E+00 | loss scale: 1.0 | grad norm: 0.426 | number of skipped iterations:   0 | number of nan iterations:   0 |
 [2026-05-20 15:36:56] iteration      220/     600 | consumed samples:        14080 | elapsed time per iteration (ms): 10423.5 | learning rate: 7.398791E-05 | global batch size:    64 | lm loss: 5.954644E+00 | load_balancing_loss: 1.028476E+00 | loss scale: 1.0 | grad norm: 0.446 | number of skipped iterations:   0 | number of nan iterations:   0 |
 [2026-05-20 15:37:07] iteration      221/     600 | consumed samples:        14144 | elapsed time per iteration (ms): 10457.1 | learning rate: 7.377224E-05 | global batch size:    64 | lm loss: 5.919100E+00 | load_balancing_loss: 1.030753E+00 | loss scale: 1.0 | grad norm: 0.436 | number of skipped iterations:   0 | number of nan iterations:   0 |
 [2026-05-20 15:37:17] iteration      222/     600 | consumed samples:        14208 | elapsed time per iteration (ms): 10475.0 | learning rate: 7.355603E-05 | global batch size:    64 | lm loss: 5.967906E+00 | load_balancing_loss: 1.031465E+00 | loss scale: 1.0 | grad norm: 0.834 | number of skipped iterations:   0 | number of nan iterations:   0 |
 [2026-05-20 15:37:28] iteration      223/     600 | consumed samples:        14272 | elapsed time per iteration (ms): 10574.6 | learning rate: 7.333932E-05 | global batch size:    64 | lm loss: 6.001344E+00 | load_balancing_loss: 1.051531E+00 | loss scale: 1.0 | grad norm: 0.621 | number of skipped iterations:   0 | number of nan iterations:   0 |
 [2026-05-20 15:37:38] iteration      224/     600 | consumed samples:        14336 | elapsed time per iteration (ms): 10509.9 | learning rate: 7.312209E-05 | global batch size:    64 | lm loss: 5.943477E+00 | load_balancing_loss: 1.036840E+00 | loss scale: 1.0 | grad norm: 0.501 | number of skipped iterations:   0 | number of nan iterations:   0 |
 [2026-05-20 15:37:49] iteration      225/     600 | consumed samples:        14400 | elapsed time per iteration (ms): 10418.7 | learning rate: 7.290436E-05 | global batch size:    64 | lm loss: 5.985761E+00 | load_balancing_loss: 1.026931E+00 | loss scale: 1.0 | grad norm: 0.405 | number of skipped iterations:   0 | number of nan iterations:   0 |
 [2026-05-20 15:37:59] iteration      226/     600 | consumed samples:        14464 | elapsed time per iteration (ms): 10422.2 | learning rate: 7.268613E-05 | global batch size:    64 | lm loss: 5.935621E+00 | load_balancing_loss: 1.027945E+00 | loss scale: 1.0 | grad norm: 0.471 | number of skipped iterations:   0 | number of nan iterations:   0 |
 [2026-05-20 15:38:10] iteration      227/     600 | consumed samples:        14528 | elapsed time per iteration (ms): 10461.9 | learning rate: 7.246740E-05 | global batch size:    64 | lm loss: 5.939642E+00 | load_balancing_loss: 1.033226E+00 | loss scale: 1.0 | grad norm: 0.452 | number of skipped iterations:   0 | number of nan iterations:   0 |
 [2026-05-20 15:38:20] iteration      228/     600 | consumed samples:        14592 | elapsed time per iteration (ms): 10467.8 | learning rate: 7.224819E-05 | global batch size:    64 | lm loss: 5.863264E+00 | load_balancing_loss: 1.028967E+00 | loss scale: 1.0 | grad norm: 0.489 | number of skipped iterations:   0 | number of nan iterations:   0 |
 [2026-05-20 15:38:31] iteration      229/     600 | consumed samples:        14656 | elapsed time per iteration (ms): 10446.6 | learning rate: 7.202850E-05 | global batch size:    64 | lm loss: 5.954313E+00 | load_balancing_loss: 1.029993E+00 | loss scale: 1.0 | grad norm: 0.397 | number of skipped iterations:   0 | number of nan iterations:   0 |
 [2026-05-20 15:38:41] iteration      230/     600 | consumed samples:        14720 | elapsed time per iteration (ms): 10422.2 | learning rate: 7.180833E-05 | global batch size:    64 | lm loss: 5.916708E+00 | load_balancing_loss: 1.025531E+00 | loss scale: 1.0 | grad norm: 0.468 | number of skipped iterations:   0 | number of nan iterations:   0 |
 [2026-05-20 15:38:52] iteration      231/     600 | consumed samples:        14784 | elapsed time per iteration (ms): 10415.3 | learning rate: 7.158770E-05 | global batch size:    64 | lm loss: 5.951694E+00 | load_balancing_loss: 1.027456E+00 | loss scale: 1.0 | grad norm: 0.420 | number of skipped iterations:   0 | number of nan iterations:   0 |
 [2026-05-20 15:39:02] iteration      232/     600 | consumed samples:        14848 | elapsed time per iteration (ms): 10406.4 | learning rate: 7.136659E-05 | global batch size:    64 | lm loss: 5.954583E+00 | load_balancing_loss: 1.029644E+00 | loss scale: 1.0 | grad norm: 0.452 | number of skipped iterations:   0 | number of nan iterations:   0 |
 [2026-05-20 15:39:12] iteration      233/     600 | consumed samples:        14912 | elapsed time per iteration (ms): 10450.7 | learning rate: 7.114504E-05 | global batch size:    64 | lm loss: 5.915869E+00 | load_balancing_loss: 1.039943E+00 | loss scale: 1.0 | grad norm: 0.493 | number of skipped iterations:   0 | number of nan iterations:   0 |
 [2026-05-20 15:39:23] iteration      234/     600 | consumed samples:        14976 | elapsed time per iteration (ms): 10434.2 | learning rate: 7.092304E-05 | global batch size:    64 | lm loss: 5.873277E+00 | load_balancing_loss: 1.032223E+00 | loss scale: 1.0 | grad norm: 0.435 | number of skipped iterations:   0 | number of nan iterations:   0 |
 [2026-05-20 15:39:33] iteration      235/     600 | consumed samples:        15040 | elapsed time per iteration (ms): 10420.5 | learning rate: 7.070059E-05 | global batch size:    64 | lm loss: 5.910415E+00 | load_balancing_loss: 1.028309E+00 | loss scale: 1.0 | grad norm: 0.363 | number of skipped iterations:   0 | number of nan iterations:   0 |
 [2026-05-20 15:39:44] iteration      236/     600 | consumed samples:        15104 | elapsed time per iteration (ms): 10413.7 | learning rate: 7.047770E-05 | global batch size:    64 | lm loss: 5.911153E+00 | load_balancing_loss: 1.026286E+00 | loss scale: 1.0 | grad norm: 0.388 | number of skipped iterations:   0 | number of nan iterations:   0 |
 [2026-05-20 15:39:54] iteration      237/     600 | consumed samples:        15168 | elapsed time per iteration (ms): 10448.2 | learning rate: 7.025438E-05 | global batch size:    64 | lm loss: 5.844719E+00 | load_balancing_loss: 1.029268E+00 | loss scale: 1.0 | grad norm: 0.448 | number of skipped iterations:   0 | number of nan iterations:   0 |
 [2026-05-20 15:40:05] iteration      238/     600 | consumed samples:        15232 | elapsed time per iteration (ms): 10414.4 | learning rate: 7.003064E-05 | global batch size:    64 | lm loss: 5.867891E+00 | load_balancing_loss: 1.025765E+00 | loss scale: 1.0 | grad norm: 0.364 | number of skipped iterations:   0 | number of nan iterations:   0 |
 [2026-05-20 15:40:15] iteration      239/     600 | consumed samples:        15296 | elapsed time per iteration (ms): 10404.0 | learning rate: 6.980648E-05 | global batch size:    64 | lm loss: 5.852537E+00 | load_balancing_loss: 1.026479E+00 | loss scale: 1.0 | grad norm: 0.368 | number of skipped iterations:   0 | number of nan iterations:   0 |
 [2026-05-20 15:40:25] iteration      240/     600 | consumed samples:        15360 | elapsed time per iteration (ms): 10487.7 | learning rate: 6.958190E-05 | global batch size:    64 | lm loss: 5.827631E+00 | load_balancing_loss: 1.027139E+00 | loss scale: 1.0 | grad norm: 0.388 | number of skipped iterations:   0 | number of nan iterations:   0 |
 [2026-05-20 15:40:36] iteration      241/     600 | consumed samples:        15424 | elapsed time per iteration (ms): 10419.4 | learning rate: 6.935692E-05 | global batch size:    64 | lm loss: 5.825312E+00 | load_balancing_loss: 1.027649E+00 | loss scale: 1.0 | grad norm: 0.483 | number of skipped iterations:   0 | number of nan iterations:   0 |
 [2026-05-20 15:40:46] iteration      242/     600 | consumed samples:        15488 | elapsed time per iteration (ms): 10434.5 | learning rate: 6.913154E-05 | global batch size:    64 | lm loss: 5.844714E+00 | load_balancing_loss: 1.027350E+00 | loss scale: 1.0 | grad norm: 0.415 | number of skipped iterations:   0 | number of nan iterations:   0 |
 [2026-05-20 15:40:57] iteration      243/     600 | consumed samples:        15552 | elapsed time per iteration (ms): 10423.6 | learning rate: 6.890576E-05 | global batch size:    64 | lm loss: 5.849576E+00 | load_balancing_loss: 1.028547E+00 | loss scale: 1.0 | grad norm: 0.384 | number of skipped iterations:   0 | number of nan iterations:   0 |
 [2026-05-20 15:41:07] iteration      244/     600 | consumed samples:        15616 | elapsed time per iteration (ms): 10430.8 | learning rate: 6.867960E-05 | global batch size:    64 | lm loss: 5.842413E+00 | load_balancing_loss: 1.028147E+00 | loss scale: 1.0 | grad norm: 0.446 | number of skipped iterations:   0 | number of nan iterations:   0 |
 [2026-05-20 15:41:18] iteration      245/     600 | consumed samples:        15680 | elapsed time per iteration (ms): 10462.1 | learning rate: 6.845305E-05 | global batch size:    64 | lm loss: 5.808157E+00 | load_balancing_loss: 1.029655E+00 | loss scale: 1.0 | grad norm: 0.517 | number of skipped iterations:   0 | number of nan iterations:   0 |
 [2026-05-20 15:41:28] iteration      246/     600 | consumed samples:        15744 | elapsed time per iteration (ms): 10523.3 | learning rate: 6.822614E-05 | global batch size:    64 | lm loss: 5.804745E+00 | load_balancing_loss: 1.044738E+00 | loss scale: 1.0 | grad norm: 0.980 | number of skipped iterations:   0 | number of nan iterations:   0 |
 [2026-05-20 15:41:39] iteration      247/     600 | consumed samples:        15808 | elapsed time per iteration (ms): 10505.5 | learning rate: 6.799885E-05 | global batch size:    64 | lm loss: 5.803727E+00 | load_balancing_loss: 1.040378E+00 | loss scale: 1.0 | grad norm: 0.722 | number of skipped iterations:   0 | number of nan iterations:   0 |
 [2026-05-20 15:41:49] iteration      248/     600 | consumed samples:        15872 | elapsed time per iteration (ms): 10491.9 | learning rate: 6.777120E-05 | global batch size:    64 | lm loss: 5.869454E+00 | load_balancing_loss: 1.036312E+00 | loss scale: 1.0 | grad norm: 0.502 | number of skipped iterations:   0 | number of nan iterations:   0 |
 [2026-05-20 15:42:00] iteration      249/     600 | consumed samples:        15936 | elapsed time per iteration (ms): 10447.5 | learning rate: 6.754319E-05 | global batch size:    64 | lm loss: 5.870502E+00 | load_balancing_loss: 1.031850E+00 | loss scale: 1.0 | grad norm: 0.598 | number of skipped iterations:   0 | number of nan iterations:   0 |
WARNING:megatron.core.transformer.moe.bsr_integration:[2026-05-20 15:42:00] BSR-MoE FAULT INJECTION #1: type=restart_in_place, rank=1, step=250, experts=[16, 17, 18, 19, 20, 21, 22, 23, 24, 25, 26, 27, 28, 29, 30, 31], ep_group=[0, 1, 2, 3, 4, 5, 6, 7]
WARNING:megatron.core.transformer.moe.bsr_integration:[2026-05-20 15:42:00] BSR-MoE FAULT INJECTION #1: type=restart_in_place, rank=1, step=250, experts=[16, 17, 18, 19, 20, 21, 22, 23, 24, 25, 26, 27, 28, 29, 30, 31], ep_group=[0, 1, 2, 3, 4, 5, 6, 7]
WARNING:megatron.core.transformer.moe.bsr_integration:[2026-05-20 15:42:00] BSR-MoE FAULT INJECTION #1: type=restart_in_place, rank=1, step=250, experts=[16, 17, 18, 19, 20, 21, 22, 23, 24, 25, 26, 27, 28, 29, 30, 31], ep_group=[0, 1, 2, 3, 4, 5, 6, 7]
WARNING:megatron.core.transformer.moe.bsr_integration:[2026-05-20 15:42:00] BSR-MoE FAULT INJECTION #1: type=restart_in_place, rank=1, step=250, experts=[16, 17, 18, 19, 20, 21, 22, 23, 24, 25, 26, 27, 28, 29, 30, 31], ep_group=[0, 1, 2, 3, 4, 5, 6, 7]
WARNING:megatron.core.transformer.moe.bsr_integration:[2026-05-20 15:42:00] BSR-MoE FAULT INJECTION #1: type=restart_in_place, rank=1, step=250, experts=[16, 17, 18, 19, 20, 21, 22, 23, 24, 25, 26, 27, 28, 29, 30, 31], ep_group=[0, 1, 2, 3, 4, 5, 6, 7]
WARNING:megatron.core.transformer.moe.recovery_controller:[2026-05-20 15:42:00] BSR-MoE controller: rank 1 HARD FAILURE (step=250, reason=scheduled_restart_in_place_injection, experts=[16, 17, 18, 19, 20, 21, 22, 23, 24, 25, 26, 27, 28, 29, 30, 31], mid_iteration=False)
WARNING:megatron.core.transformer.moe.recovery_controller:[2026-05-20 15:42:00] BSR-MoE controller: rank 1 HARD FAILURE (step=250, reason=scheduled_restart_in_place_injection, experts=[16, 17, 18, 19, 20, 21, 22, 23, 24, 25, 26, 27, 28, 29, 30, 31], mid_iteration=False)
WARNING:megatron.core.transformer.moe.recovery_controller:[2026-05-20 15:42:00] BSR-MoE controller: rank 1 HARD FAILURE (step=250, reason=scheduled_restart_in_place_injection, experts=[16, 17, 18, 19, 20, 21, 22, 23, 24, 25, 26, 27, 28, 29, 30, 31], mid_iteration=False)
WARNING:megatron.core.transformer.moe.recovery_controller:[2026-05-20 15:42:00] BSR-MoE controller: rank 1 HARD FAILURE (step=250, reason=scheduled_restart_in_place_injection, experts=[16, 17, 18, 19, 20, 21, 22, 23, 24, 25, 26, 27, 28, 29, 30, 31], mid_iteration=False)
INFO:megatron.core.transformer.moe.recovery_controller:ExpertRecoveryTracker: experts [16, 17, 18, 19, 20, 21, 22, 23, 24, 25, 26, 27, 28, 29, 30, 31] → RECOVERING (step=250)
INFO:megatron.core.transformer.moe.recovery_controller:ExpertRecoveryTracker: experts [16, 17, 18, 19, 20, 21, 22, 23, 24, 25, 26, 27, 28, 29, 30, 31] → RECOVERING (step=250)
WARNING:megatron.core.transformer.moe.recovery_controller:[2026-05-20 15:42:00] BSR-MoE controller: rank 1 HARD FAILURE (step=250, reason=scheduled_restart_in_place_injection, experts=[16, 17, 18, 19, 20, 21, 22, 23, 24, 25, 26, 27, 28, 29, 30, 31], mid_iteration=False)
INFO:megatron.core.transformer.moe.recovery_controller:ExpertRecoveryTracker: experts [16, 17, 18, 19, 20, 21, 22, 23, 24, 25, 26, 27, 28, 29, 30, 31] → RECOVERING (step=250)
INFO:megatron.core.transformer.moe.recovery_controller:ExpertRecoveryTracker: experts [16, 17, 18, 19, 20, 21, 22, 23, 24, 25, 26, 27, 28, 29, 30, 31] → RECOVERING (step=250)
WARNING:megatron.core.transformer.moe.optimizer_commit_guard:OptimizerCommitGuard: commit BLOCKED (step=250, reason=hard_failure_rank_1_step_250)
WARNING:megatron.core.transformer.moe.optimizer_commit_guard:OptimizerCommitGuard: commit BLOCKED (step=250, reason=hard_failure_rank_1_step_250)
WARNING:megatron.core.transformer.moe.optimizer_commit_guard:OptimizerCommitGuard: commit BLOCKED (step=250, reason=hard_failure_rank_1_step_250)
WARNING:megatron.core.transformer.moe.optimizer_commit_guard:OptimizerCommitGuard: commit BLOCKED (step=250, reason=hard_failure_rank_1_step_250)
WARNING:megatron.core.transformer.moe.bsr_integration:BSR-MoE: optimizer commit blocked for step 250 (hard failure of rank 1)
INFO:megatron.core.transformer.moe.recovery_controller:ExpertRecoveryTracker: experts [16, 17, 18, 19, 20, 21, 22, 23, 24, 25, 26, 27, 28, 29, 30, 31] → RECOVERING (step=250)
WARNING:megatron.core.transformer.moe.bsr_integration:BSR-MoE: optimizer commit blocked for step 250 (hard failure of rank 1)
WARNING:megatron.core.transformer.moe.bsr_integration:BSR-MoE: entering waiting-for-replacement state (failed_rank=1, step=250, experts=[16, 17, 18, 19, 20, 21, 22, 23, 24, 25, 26, 27, 28, 29, 30, 31])
WARNING:megatron.core.transformer.moe.bsr_integration:BSR-MoE: optimizer commit blocked for step 250 (hard failure of rank 1)
WARNING:megatron.core.transformer.moe.bsr_integration:BSR-MoE: optimizer commit blocked for step 250 (hard failure of rank 1)
WARNING:megatron.core.transformer.moe.bsr_integration:[2026-05-20 15:42:00] BSR-MoE FAULT INJECTION #1: type=restart_in_place, rank=1, step=250, experts=[16, 17, 18, 19, 20, 21, 22, 23, 24, 25, 26, 27, 28, 29, 30, 31], ep_group=[0, 1, 2, 3, 4, 5, 6, 7]
WARNING:megatron.core.transformer.moe.bsr_integration:BSR-MoE: entering waiting-for-replacement state (failed_rank=1, step=250, experts=[16, 17, 18, 19, 20, 21, 22, 23, 24, 25, 26, 27, 28, 29, 30, 31])
WARNING:megatron.core.transformer.moe.bsr_integration:BSR-MoE: entering waiting-for-replacement state (failed_rank=1, step=250, experts=[16, 17, 18, 19, 20, 21, 22, 23, 24, 25, 26, 27, 28, 29, 30, 31])
WARNING:megatron.core.transformer.moe.bsr_integration:BSR-MoE: entering waiting-for-replacement state (failed_rank=1, step=250, experts=[16, 17, 18, 19, 20, 21, 22, 23, 24, 25, 26, 27, 28, 29, 30, 31])
WARNING:megatron.core.transformer.moe.optimizer_commit_guard:OptimizerCommitGuard: commit BLOCKED (step=250, reason=hard_failure_rank_1_step_250)
WARNING:megatron.core.transformer.moe.bsr_integration:BSR-MoE: optimizer commit blocked for step 250 (hard failure of rank 1)
WARNING:megatron.core.transformer.moe.recovery_controller:[2026-05-20 15:42:00] BSR-MoE controller: HEALTHY_TRAINING → PENDING_GROUP_REPAIR (event=hard_rank_failure, step=250)
WARNING:megatron.core.transformer.moe.recovery_controller:[2026-05-20 15:42:00] BSR-MoE controller: HEALTHY_TRAINING → PENDING_GROUP_REPAIR (event=hard_rank_failure, step=250)
WARNING:megatron.core.transformer.moe.bsr_integration:BSR-MoE: entering waiting-for-replacement state (failed_rank=1, step=250, experts=[16, 17, 18, 19, 20, 21, 22, 23, 24, 25, 26, 27, 28, 29, 30, 31])
WARNING:megatron.core.transformer.moe.recovery_controller:[2026-05-20 15:42:00] BSR-MoE controller: HEALTHY_TRAINING → PENDING_GROUP_REPAIR (event=hard_rank_failure, step=250)
WARNING:megatron.core.transformer.moe.recovery_controller:[2026-05-20 15:42:00] BSR-MoE controller: HEALTHY_TRAINING → PENDING_GROUP_REPAIR (event=hard_rank_failure, step=250)
WARNING:megatron.core.transformer.moe.recovery_controller:[2026-05-20 15:42:00] BSR-MoE controller: replacement assigned — failed_rank=1, replacement_rank=1 (step=250)
WARNING:megatron.core.transformer.moe.recovery_controller:[2026-05-20 15:42:00] BSR-MoE controller: replacement assigned — failed_rank=1, replacement_rank=1 (step=250)
WARNING:megatron.core.transformer.moe.recovery_controller:[2026-05-20 15:42:00] BSR-MoE controller: replacement assigned — failed_rank=1, replacement_rank=1 (step=250)
WARNING:megatron.core.transformer.moe.recovery_controller:[2026-05-20 15:42:00] BSR-MoE controller: replacement assigned — failed_rank=1, replacement_rank=1 (step=250)
WARNING:megatron.core.transformer.moe.recovery_controller:[2026-05-20 15:42:00] BSR-MoE controller: HEALTHY_TRAINING → PENDING_GROUP_REPAIR (event=hard_rank_failure, step=250)
WARNING:megatron.core.transformer.moe.bsr_integration:[2026-05-20 15:42:00] BSR-MoE FAULT INJECTION #1: type=restart_in_place, rank=1, step=250, experts=[16, 17, 18, 19, 20, 21, 22, 23, 24, 25, 26, 27, 28, 29, 30, 31], ep_group=[0, 1, 2, 3, 4, 5, 6, 7]
WARNING:megatron.core.transformer.moe.recovery_controller:[2026-05-20 15:42:00] BSR-MoE controller: rank 1 HARD FAILURE (step=250, reason=scheduled_restart_in_place_injection, experts=[16, 17, 18, 19, 20, 21, 22, 23, 24, 25, 26, 27, 28, 29, 30, 31], mid_iteration=False)
WARNING:megatron.core.transformer.moe.bsr_integration:[2026-05-20 15:42:00] BSR-MoE FAULT INJECTION #1: type=restart_in_place, rank=1, step=250, experts=[16, 17, 18, 19, 20, 21, 22, 23, 24, 25, 26, 27, 28, 29, 30, 31], ep_group=[0, 1, 2, 3, 4, 5, 6, 7]
WARNING:megatron.core.transformer.moe.recovery_controller:[2026-05-20 15:42:00] BSR-MoE controller: replacement assigned — failed_rank=1, replacement_rank=1 (step=250)
INFO:megatron.core.transformer.moe.replacement_registry:BSR-MoE replacement: failed_rank=1, replacement_rank=1, NOT_PRESENT → BOOTSTRAPPING (step=250)
INFO:megatron.core.transformer.moe.replacement_registry:BSR-MoE replacement: failed_rank=1, replacement_rank=1, NOT_PRESENT → BOOTSTRAPPING (step=250)
INFO:megatron.core.transformer.moe.replacement_registry:BSR-MoE replacement: failed_rank=1, replacement_rank=1, NOT_PRESENT → BOOTSTRAPPING (step=250)
INFO:megatron.core.transformer.moe.replacement_registry:BSR-MoE replacement: failed_rank=1, replacement_rank=1, NOT_PRESENT → BOOTSTRAPPING (step=250)
INFO:megatron.core.transformer.moe.recovery_controller:ExpertRecoveryTracker: experts [16, 17, 18, 19, 20, 21, 22, 23, 24, 25, 26, 27, 28, 29, 30, 31] → RECOVERING (step=250)
WARNING:megatron.core.transformer.moe.replacement_registry:BSR-MoE: replacement announced — failed_rank=1 → replacement_rank=1 (step=250, reason='')
WARNING:megatron.core.transformer.moe.replacement_registry:BSR-MoE: replacement announced — failed_rank=1 → replacement_rank=1 (step=250, reason='')
WARNING:megatron.core.transformer.moe.replacement_registry:BSR-MoE: replacement announced — failed_rank=1 → replacement_rank=1 (step=250, reason='')
WARNING:megatron.core.transformer.moe.recovery_controller:[2026-05-20 15:42:00] BSR-MoE controller: rank 1 HARD FAILURE (step=250, reason=scheduled_restart_in_place_injection, experts=[16, 17, 18, 19, 20, 21, 22, 23, 24, 25, 26, 27, 28, 29, 30, 31], mid_iteration=False)
WARNING:megatron.core.transformer.moe.replacement_registry:BSR-MoE: replacement announced — failed_rank=1 → replacement_rank=1 (step=250, reason='')
WARNING:megatron.core.transformer.moe.recovery_controller:[2026-05-20 15:42:00] BSR-MoE controller: rank 1 HARD FAILURE (step=250, reason=scheduled_restart_in_place_injection, experts=[16, 17, 18, 19, 20, 21, 22, 23, 24, 25, 26, 27, 28, 29, 30, 31], mid_iteration=False)
WARNING:megatron.core.transformer.moe.recovery_controller:[2026-05-20 15:42:00] BSR-MoE controller: PENDING_GROUP_REPAIR → WAITING_FOR_REPLACEMENT (event=replacement_assigned, step=250)
WARNING:megatron.core.transformer.moe.recovery_controller:[2026-05-20 15:42:00] BSR-MoE controller: PENDING_GROUP_REPAIR → WAITING_FOR_REPLACEMENT (event=replacement_assigned, step=250)
INFO:megatron.core.transformer.moe.replacement_registry:BSR-MoE replacement: failed_rank=1, replacement_rank=1, NOT_PRESENT → BOOTSTRAPPING (step=250)
WARNING:megatron.core.transformer.moe.optimizer_commit_guard:OptimizerCommitGuard: commit BLOCKED (step=250, reason=hard_failure_rank_1_step_250)
WARNING:megatron.core.transformer.moe.recovery_controller:[2026-05-20 15:42:00] BSR-MoE controller: PENDING_GROUP_REPAIR → WAITING_FOR_REPLACEMENT (event=replacement_assigned, step=250)
WARNING:megatron.core.transformer.moe.recovery_controller:[2026-05-20 15:42:00] BSR-MoE controller: PENDING_GROUP_REPAIR → WAITING_FOR_REPLACEMENT (event=replacement_assigned, step=250)
WARNING:megatron.core.transformer.moe.replacement_registry:BSR-MoE: replacement announced — failed_rank=1 → replacement_rank=1 (step=250, reason='')
WARNING:megatron.core.transformer.moe.bsr_integration:BSR-MoE: optimizer commit blocked for step 250 (hard failure of rank 1)
INFO:megatron.core.transformer.moe.recovery_controller:ExpertRecoveryTracker: experts [16, 17, 18, 19, 20, 21, 22, 23, 24, 25, 26, 27, 28, 29, 30, 31] → RECOVERING (step=250)
WARNING:megatron.core.transformer.moe.recovery_controller:[2026-05-20 15:42:00] BSR-MoE controller: replacement ready — failed_rank=1 (step=250)
WARNING:megatron.core.transformer.moe.recovery_controller:[2026-05-20 15:42:00] BSR-MoE controller: replacement ready — failed_rank=1 (step=250)
WARNING:megatron.core.transformer.moe.recovery_controller:[2026-05-20 15:42:00] BSR-MoE controller: replacement ready — failed_rank=1 (step=250)
WARNING:megatron.core.transformer.moe.recovery_controller:[2026-05-20 15:42:00] BSR-MoE controller: replacement ready — failed_rank=1 (step=250)
INFO:megatron.core.transformer.moe.recovery_controller:ExpertRecoveryTracker: experts [16, 17, 18, 19, 20, 21, 22, 23, 24, 25, 26, 27, 28, 29, 30, 31] → RECOVERING (step=250)
WARNING:megatron.core.transformer.moe.bsr_integration:BSR-MoE: entering waiting-for-replacement state (failed_rank=1, step=250, experts=[16, 17, 18, 19, 20, 21, 22, 23, 24, 25, 26, 27, 28, 29, 30, 31])
WARNING:megatron.core.transformer.moe.recovery_controller:[2026-05-20 15:42:00] BSR-MoE controller: WAITING_FOR_REPLACEMENT → SAFE_POINT_REPAIR (event=replacement_ready, step=250)
WARNING:megatron.core.transformer.moe.recovery_controller:[2026-05-20 15:42:00] BSR-MoE controller: WAITING_FOR_REPLACEMENT → SAFE_POINT_REPAIR (event=replacement_ready, step=250)
WARNING:megatron.core.transformer.moe.recovery_controller:[2026-05-20 15:42:00] BSR-MoE controller: WAITING_FOR_REPLACEMENT → SAFE_POINT_REPAIR (event=replacement_ready, step=250)
WARNING:megatron.core.transformer.moe.recovery_controller:[2026-05-20 15:42:00] BSR-MoE controller: PENDING_GROUP_REPAIR → WAITING_FOR_REPLACEMENT (event=replacement_assigned, step=250)
WARNING:megatron.core.transformer.moe.recovery_controller:[2026-05-20 15:42:00] BSR-MoE controller: WAITING_FOR_REPLACEMENT → SAFE_POINT_REPAIR (event=replacement_ready, step=250)
WARNING:megatron.core.transformer.moe.optimizer_commit_guard:OptimizerCommitGuard: commit BLOCKED (step=250, reason=hard_failure_rank_1_step_250)
WARNING:megatron.core.transformer.moe.recovery_controller:BSR-MoE controller: restart-in-place fast path for rank 1 (replacement=self, step=250)
WARNING:megatron.core.transformer.moe.recovery_controller:BSR-MoE controller: restart-in-place fast path for rank 1 (replacement=self, step=250)
WARNING:megatron.core.transformer.moe.recovery_controller:BSR-MoE controller: restart-in-place fast path for rank 1 (replacement=self, step=250)
WARNING:megatron.core.transformer.moe.optimizer_commit_guard:OptimizerCommitGuard: commit BLOCKED (step=250, reason=hard_failure_rank_1_step_250)
WARNING:megatron.core.transformer.moe.recovery_controller:BSR-MoE controller: restart-in-place fast path for rank 1 (replacement=self, step=250)
WARNING:megatron.core.transformer.moe.recovery_controller:[2026-05-20 15:42:00] BSR-MoE controller: replacement ready — failed_rank=1 (step=250)
WARNING:megatron.core.transformer.moe.bsr_integration:BSR-MoE: optimizer commit blocked for step 250 (hard failure of rank 1)
WARNING:megatron.core.transformer.moe.recovery_controller:[2026-05-20 15:42:00] BSR-MoE controller: HEALTHY_TRAINING → PENDING_GROUP_REPAIR (event=hard_rank_failure, step=250)
WARNING:megatron.core.transformer.moe.bsr_integration:BSR-MoE: optimizer commit blocked for step 250 (hard failure of rank 1)
WARNING:megatron.core.transformer.moe.recovery_controller:[2026-05-20 15:42:00] BSR-MoE controller: ⏱️  START safe-point repair at step 250 (failed=1, replacement=1)
WARNING:megatron.core.transformer.moe.recovery_controller:[2026-05-20 15:42:00] BSR-MoE controller: ⏱️  START safe-point repair at step 250 (failed=1, replacement=1)
WARNING:megatron.core.transformer.moe.recovery_controller:[2026-05-20 15:42:00] BSR-MoE controller: WAITING_FOR_REPLACEMENT → SAFE_POINT_REPAIR (event=replacement_ready, step=250)
WARNING:megatron.core.transformer.moe.recovery_controller:[2026-05-20 15:42:00] BSR-MoE controller: ⏱️  START safe-point repair at step 250 (failed=1, replacement=1)
WARNING:megatron.core.transformer.moe.bsr_integration:BSR-MoE: entering waiting-for-replacement state (failed_rank=1, step=250, experts=[16, 17, 18, 19, 20, 21, 22, 23, 24, 25, 26, 27, 28, 29, 30, 31])
WARNING:megatron.core.transformer.moe.recovery_controller:[2026-05-20 15:42:00] BSR-MoE controller: ⏱️  START safe-point repair at step 250 (failed=1, replacement=1)
WARNING:megatron.core.transformer.moe.bsr_integration:BSR-MoE: entering waiting-for-replacement state (failed_rank=1, step=250, experts=[16, 17, 18, 19, 20, 21, 22, 23, 24, 25, 26, 27, 28, 29, 30, 31])
WARNING:megatron.core.transformer.moe.recovery_controller:BSR-MoE controller: restart-in-place fast path for rank 1 (replacement=self, step=250)
WARNING:megatron.core.transformer.moe.recovery_controller:[2026-05-20 15:42:00] BSR-MoE controller: replacement assigned — failed_rank=1, replacement_rank=1 (step=250)
WARNING:megatron.core.transformer.moe.recovery_controller:[2026-05-20 15:42:00] BSR-MoE controller: ⏱️  START safe-point repair at step 250 (failed=1, replacement=1)
WARNING:megatron.core.transformer.moe.recovery_controller:[2026-05-20 15:42:00] BSR-MoE controller: HEALTHY_TRAINING → PENDING_GROUP_REPAIR (event=hard_rank_failure, step=250)
WARNING:megatron.core.transformer.moe.recovery_controller:[2026-05-20 15:42:00] BSR-MoE controller: HEALTHY_TRAINING → PENDING_GROUP_REPAIR (event=hard_rank_failure, step=250)
WARNING:megatron.core.transformer.moe.recovery_controller:[2026-05-20 15:42:00] BSR-MoE controller: replacement assigned — failed_rank=1, replacement_rank=1 (step=250)
WARNING:megatron.core.transformer.moe.recovery_controller:[2026-05-20 15:42:00] BSR-MoE controller: replacement assigned — failed_rank=1, replacement_rank=1 (step=250)
INFO:megatron.core.transformer.moe.replacement_registry:BSR-MoE replacement: failed_rank=1, replacement_rank=1, NOT_PRESENT → BOOTSTRAPPING (step=250)
WARNING:megatron.core.transformer.moe.replacement_registry:BSR-MoE: replacement announced — failed_rank=1 → replacement_rank=1 (step=250, reason='')
INFO:megatron.core.transformer.moe.replacement_registry:BSR-MoE replacement: failed_rank=1, replacement_rank=1, NOT_PRESENT → BOOTSTRAPPING (step=250)
WARNING:megatron.core.transformer.moe.recovery_controller:[2026-05-20 15:42:00] BSR-MoE controller: PENDING_GROUP_REPAIR → WAITING_FOR_REPLACEMENT (event=replacement_assigned, step=250)
INFO:megatron.core.transformer.moe.replacement_registry:BSR-MoE replacement: failed_rank=1, replacement_rank=1, NOT_PRESENT → BOOTSTRAPPING (step=250)
WARNING:megatron.core.transformer.moe.replacement_registry:BSR-MoE: replacement announced — failed_rank=1 → replacement_rank=1 (step=250, reason='')
WARNING:megatron.core.transformer.moe.recovery_controller:[2026-05-20 15:42:00] BSR-MoE controller: replacement ready — failed_rank=1 (step=250)
WARNING:megatron.core.transformer.moe.replacement_registry:BSR-MoE: replacement announced — failed_rank=1 → replacement_rank=1 (step=250, reason='')
WARNING:megatron.core.transformer.moe.recovery_controller:[2026-05-20 15:42:00] BSR-MoE controller: PENDING_GROUP_REPAIR → WAITING_FOR_REPLACEMENT (event=replacement_assigned, step=250)
WARNING:megatron.core.transformer.moe.recovery_controller:[2026-05-20 15:42:00] BSR-MoE controller: WAITING_FOR_REPLACEMENT → SAFE_POINT_REPAIR (event=replacement_ready, step=250)
WARNING:megatron.core.transformer.moe.recovery_controller:[2026-05-20 15:42:00] BSR-MoE controller: PENDING_GROUP_REPAIR → WAITING_FOR_REPLACEMENT (event=replacement_assigned, step=250)
WARNING:megatron.core.transformer.moe.recovery_controller:BSR-MoE controller: restart-in-place fast path for rank 1 (replacement=self, step=250)
WARNING:megatron.core.transformer.moe.recovery_controller:[2026-05-20 15:42:00] BSR-MoE controller: replacement ready — failed_rank=1 (step=250)
WARNING:megatron.core.transformer.moe.recovery_controller:[2026-05-20 15:42:00] BSR-MoE controller: replacement ready — failed_rank=1 (step=250)
WARNING:megatron.core.transformer.moe.recovery_controller:[2026-05-20 15:42:00] BSR-MoE controller: WAITING_FOR_REPLACEMENT → SAFE_POINT_REPAIR (event=replacement_ready, step=250)
WARNING:megatron.core.transformer.moe.recovery_controller:[2026-05-20 15:42:00] BSR-MoE controller: ⏱️  START safe-point repair at step 250 (failed=1, replacement=1)
WARNING:megatron.core.transformer.moe.recovery_controller:BSR-MoE controller: restart-in-place fast path for rank 1 (replacement=self, step=250)
WARNING:megatron.core.transformer.moe.recovery_controller:[2026-05-20 15:42:00] BSR-MoE controller: WAITING_FOR_REPLACEMENT → SAFE_POINT_REPAIR (event=replacement_ready, step=250)
WARNING:megatron.core.transformer.moe.recovery_controller:BSR-MoE controller: restart-in-place fast path for rank 1 (replacement=self, step=250)
WARNING:megatron.core.transformer.moe.recovery_controller:[2026-05-20 15:42:00] BSR-MoE controller: ⏱️  START safe-point repair at step 250 (failed=1, replacement=1)
WARNING:megatron.core.transformer.moe.recovery_controller:[2026-05-20 15:42:00] BSR-MoE controller: ⏱️  START safe-point repair at step 250 (failed=1, replacement=1)
WARNING:megatron.core.transformer.moe.recovery_controller:[2026-05-20 15:42:00] BSR-MoE controller: ⏱️  [Phase A] Starting infrastructure repair...
WARNING:megatron.core.transformer.moe.recovery_controller:[2026-05-20 15:42:00] BSR-MoE controller: ⏱️  [Phase A] Starting infrastructure repair...
WARNING:megatron.core.transformer.moe.recovery_controller:[2026-05-20 15:42:00] BSR-MoE controller: ⏱️  [Phase A] Starting infrastructure repair...
WARNING:megatron.core.transformer.moe.recovery_controller:[2026-05-20 15:42:00] BSR-MoE controller: ⏱️  [Phase A] Starting infrastructure repair...
INFO:megatron.core.transformer.moe.replacement_registry:BSR-MoE replacement: failed_rank=1, replacement_rank=1, BOOTSTRAPPING → READY_FOR_REPAIR (step=250)
INFO:megatron.core.transformer.moe.replacement_registry:BSR-MoE replacement: failed_rank=1, replacement_rank=1, BOOTSTRAPPING → READY_FOR_REPAIR (step=250)
INFO:megatron.core.transformer.moe.replacement_registry:BSR-MoE replacement: failed_rank=1, replacement_rank=1, BOOTSTRAPPING → READY_FOR_REPAIR (step=250)
WARNING:megatron.core.transformer.moe.recovery_controller:[2026-05-20 15:42:00] BSR-MoE controller: ⏱️  [Phase A] Starting infrastructure repair...
INFO:megatron.core.transformer.moe.replacement_registry:BSR-MoE replacement: failed_rank=1, replacement_rank=1, READY_FOR_REPAIR → INTEGRATED (step=250)
INFO:megatron.core.transformer.moe.replacement_registry:BSR-MoE replacement: failed_rank=1, replacement_rank=1, BOOTSTRAPPING → READY_FOR_REPAIR (step=250)
INFO:megatron.core.transformer.moe.replacement_registry:BSR-MoE replacement: failed_rank=1, replacement_rank=1, READY_FOR_REPAIR → INTEGRATED (step=250)
INFO:megatron.core.transformer.moe.replacement_registry:BSR-MoE replacement: failed_rank=1, replacement_rank=1, READY_FOR_REPAIR → INTEGRATED (step=250)
WARNING:megatron.core.transformer.moe.replacement_registry:BSR-MoE: replacement INTEGRATED — failed_rank=1, replacement_rank=1 (step=250)
WARNING:megatron.core.transformer.moe.replacement_registry:BSR-MoE: replacement INTEGRATED — failed_rank=1, replacement_rank=1 (step=250)
INFO:megatron.core.transformer.moe.replacement_registry:BSR-MoE replacement: failed_rank=1, replacement_rank=1, READY_FOR_REPAIR → INTEGRATED (step=250)
WARNING:megatron.core.transformer.moe.replacement_registry:BSR-MoE: replacement INTEGRATED — failed_rank=1, replacement_rank=1 (step=250)
INFO:megatron.core.transformer.moe.replacement_registry:BSR-MoE replacement: failed_rank=1, replacement_rank=1, BOOTSTRAPPING → READY_FOR_REPAIR (step=250)
WARNING:megatron.core.transformer.moe.replacement_registry:BSR-MoE: replacement INTEGRATED — failed_rank=1, replacement_rank=1 (step=250)
WARNING:megatron.core.transformer.moe.recovery_controller:[2026-05-20 15:42:00] BSR-MoE controller: step1 replacement_integrate elapsed=0.000s (step=250)
WARNING:megatron.core.transformer.moe.recovery_controller:[2026-05-20 15:42:00] BSR-MoE controller: step1 replacement_integrate elapsed=0.000s (step=250)
INFO:megatron.core.transformer.moe.replacement_registry:BSR-MoE replacement: failed_rank=1, replacement_rank=1, READY_FOR_REPAIR → INTEGRATED (step=250)
WARNING:megatron.core.transformer.moe.recovery_controller:[2026-05-20 15:42:00] BSR-MoE controller: step1 replacement_integrate elapsed=0.000s (step=250)
WARNING:megatron.core.transformer.moe.recovery_controller:[2026-05-20 15:42:00] BSR-MoE controller: step2 group_rebuild_request elapsed=0.000s (step=250)
WARNING:megatron.core.transformer.moe.recovery_controller:[2026-05-20 15:42:00] BSR-MoE controller: step1 replacement_integrate elapsed=0.000s (step=250)
WARNING:megatron.core.transformer.moe.recovery_controller:[2026-05-20 15:42:00] BSR-MoE controller: step2 group_rebuild_request elapsed=0.000s (step=250)
WARNING:megatron.core.transformer.moe.recovery_controller:[2026-05-20 15:42:00] BSR-MoE controller: step2 group_rebuild_request elapsed=0.000s (step=250)
WARNING:megatron.core.transformer.moe.replacement_registry:BSR-MoE: replacement INTEGRATED — failed_rank=1, replacement_rank=1 (step=250)
WARNING:megatron.core.transformer.moe.recovery_controller:[2026-05-20 15:42:00] BSR-MoE controller: step3 group_rebuild_execute elapsed=0.000s (step=250)
WARNING:megatron.core.transformer.moe.recovery_controller:[2026-05-20 15:42:00] BSR-MoE controller: step3 group_rebuild_execute elapsed=0.000s (step=250)
WARNING:megatron.core.transformer.moe.recovery_controller:[2026-05-20 15:42:00] BSR-MoE controller: step2 group_rebuild_request elapsed=0.000s (step=250)
WARNING:megatron.core.transformer.moe.recovery_controller:[2026-05-20 15:42:00] BSR-MoE controller: step3 group_rebuild_execute elapsed=0.000s (step=250)
WARNING:megatron.core.transformer.moe.recovery_controller:[2026-05-20 15:42:00] BSR-MoE controller: step4 group_rebuild_finish elapsed=0.000s (step=250)
WARNING:megatron.core.transformer.moe.recovery_controller:[2026-05-20 15:42:00] BSR-MoE controller: step1 replacement_integrate elapsed=0.000s (step=250)
WARNING:megatron.core.transformer.moe.recovery_controller:[2026-05-20 15:42:00] BSR-MoE controller: step4 group_rebuild_finish elapsed=0.000s (step=250)
WARNING:megatron.core.transformer.moe.recovery_controller:[2026-05-20 15:42:00] BSR-MoE controller: step3 group_rebuild_execute elapsed=0.000s (step=250)
WARNING:megatron.core.transformer.moe.recovery_controller:[2026-05-20 15:42:00] BSR-MoE controller: step4 group_rebuild_finish elapsed=0.000s (step=250)
WARNING:megatron.core.transformer.moe.recovery_controller:[2026-05-20 15:42:00] BSR-MoE controller: step5 topology_refresh elapsed=0.000s (step=250)
WARNING:megatron.core.transformer.moe.recovery_controller:[2026-05-20 15:42:00] BSR-MoE controller: step2 group_rebuild_request elapsed=0.000s (step=250)
WARNING:megatron.core.transformer.moe.recovery_controller:[2026-05-20 15:42:00] BSR-MoE controller: step5 topology_refresh elapsed=0.000s (step=250)
WARNING:megatron.core.transformer.moe.recovery_controller:[2026-05-20 15:42:00] BSR-MoE controller: step4 group_rebuild_finish elapsed=0.000s (step=250)
WARNING:megatron.core.transformer.moe.recovery_controller:[2026-05-20 15:42:00] BSR-MoE controller: step5 topology_refresh elapsed=0.000s (step=250)
WARNING:megatron.core.transformer.moe.recovery_controller:[2026-05-20 15:42:00] BSR-MoE controller: ⏱️  [Phase A] Infrastructure repair COMPLETED (elapsed=0.000s)
WARNING:megatron.core.transformer.moe.recovery_controller:[2026-05-20 15:42:00] BSR-MoE controller: step3 group_rebuild_execute elapsed=0.000s (step=250)
WARNING:megatron.core.transformer.moe.recovery_controller:[2026-05-20 15:42:00] BSR-MoE controller: step5 topology_refresh elapsed=0.000s (step=250)
WARNING:megatron.core.transformer.moe.recovery_controller:[2026-05-20 15:42:00] BSR-MoE controller: ⏱️  [Phase A] Infrastructure repair COMPLETED (elapsed=0.000s)
WARNING:megatron.core.transformer.moe.recovery_controller:[2026-05-20 15:42:00] BSR-MoE controller: ⏱️  [Phase A] Infrastructure repair COMPLETED (elapsed=0.000s)
WARNING:megatron.core.transformer.moe.recovery_controller:[2026-05-20 15:42:00] BSR-MoE controller: ⏱️  [Phase B] Starting parameter recovery...
WARNING:megatron.core.transformer.moe.recovery_controller:[2026-05-20 15:42:00] BSR-MoE controller: step4 group_rebuild_finish elapsed=0.000s (step=250)
WARNING:megatron.core.transformer.moe.recovery_controller:[2026-05-20 15:42:00] BSR-MoE controller: ⏱️  [Phase A] Infrastructure repair COMPLETED (elapsed=0.000s)
WARNING:megatron.core.transformer.moe.recovery_controller:[2026-05-20 15:42:00] BSR-MoE controller: ⏱️  [Phase B] Starting parameter recovery...
WARNING:megatron.core.transformer.moe.recovery_controller:[2026-05-20 15:42:00] BSR-MoE controller: ⏱️  [Phase B] Starting parameter recovery...
WARNING:megatron.core.transformer.moe.recovery_controller:[2026-05-20 15:42:00] BSR-MoE controller: step5 topology_refresh elapsed=0.000s (step=250)
WARNING:megatron.core.transformer.moe.recovery_controller:[2026-05-20 15:42:00] BSR-MoE controller: ⏱️  [Phase B] Starting parameter recovery...
WARNING:megatron.core.transformer.moe.recovery_controller:[2026-05-20 15:42:00] BSR-MoE controller: ⏱️  [Phase A] Infrastructure repair COMPLETED (elapsed=0.000s)
WARNING:megatron.core.transformer.moe.recovery_controller:[2026-05-20 15:42:00] BSR-MoE controller: ⏱️  [Phase B] Starting parameter recovery...
WARNING:megatron.core.transformer.moe.recovery_controller:[2026-05-20 15:42:00] BSR-MoE controller: ⏱️  [Phase A] Starting infrastructure repair...
WARNING:megatron.core.transformer.moe.recovery_controller:[2026-05-20 15:42:00] BSR-MoE controller: ⏱️  [Phase A] Starting infrastructure repair...
INFO:megatron.core.transformer.moe.replacement_registry:BSR-MoE replacement: failed_rank=1, replacement_rank=1, BOOTSTRAPPING → READY_FOR_REPAIR (step=250)
INFO:megatron.core.transformer.moe.replacement_registry:BSR-MoE replacement: failed_rank=1, replacement_rank=1, READY_FOR_REPAIR → INTEGRATED (step=250)
WARNING:megatron.core.transformer.moe.recovery_controller:[2026-05-20 15:42:00] BSR-MoE controller: ⏱️  [Phase A] Starting infrastructure repair...
WARNING:megatron.core.transformer.moe.replacement_registry:BSR-MoE: replacement INTEGRATED — failed_rank=1, replacement_rank=1 (step=250)
INFO:megatron.core.transformer.moe.replacement_registry:BSR-MoE replacement: failed_rank=1, replacement_rank=1, BOOTSTRAPPING → READY_FOR_REPAIR (step=250)
WARNING:megatron.core.transformer.moe.recovery_controller:[2026-05-20 15:42:00] BSR-MoE controller: step1 replacement_integrate elapsed=0.000s (step=250)
INFO:megatron.core.transformer.moe.replacement_registry:BSR-MoE replacement: failed_rank=1, replacement_rank=1, READY_FOR_REPAIR → INTEGRATED (step=250)
INFO:megatron.core.transformer.moe.replacement_registry:BSR-MoE replacement: failed_rank=1, replacement_rank=1, BOOTSTRAPPING → READY_FOR_REPAIR (step=250)
WARNING:megatron.core.transformer.moe.recovery_controller:[2026-05-20 15:42:00] BSR-MoE controller: step2 group_rebuild_request elapsed=0.000s (step=250)
WARNING:megatron.core.transformer.moe.replacement_registry:BSR-MoE: replacement INTEGRATED — failed_rank=1, replacement_rank=1 (step=250)
INFO:megatron.core.transformer.moe.replacement_registry:BSR-MoE replacement: failed_rank=1, replacement_rank=1, READY_FOR_REPAIR → INTEGRATED (step=250)
WARNING:megatron.core.transformer.moe.recovery_controller:[2026-05-20 15:42:00] BSR-MoE controller: step3 group_rebuild_execute elapsed=0.000s (step=250)
WARNING:megatron.core.transformer.moe.recovery_controller:[2026-05-20 15:42:00] BSR-MoE controller: step1 replacement_integrate elapsed=0.000s (step=250)
WARNING:megatron.core.transformer.moe.replacement_registry:BSR-MoE: replacement INTEGRATED — failed_rank=1, replacement_rank=1 (step=250)
WARNING:megatron.core.transformer.moe.recovery_controller:[2026-05-20 15:42:00] BSR-MoE controller: step4 group_rebuild_finish elapsed=0.000s (step=250)
WARNING:megatron.core.transformer.moe.recovery_controller:[2026-05-20 15:42:00] BSR-MoE controller: step2 group_rebuild_request elapsed=0.000s (step=250)
WARNING:megatron.core.transformer.moe.recovery_controller:[2026-05-20 15:42:00] BSR-MoE controller: step5 topology_refresh elapsed=0.000s (step=250)
WARNING:megatron.core.transformer.moe.recovery_controller:[2026-05-20 15:42:00] BSR-MoE controller: step1 replacement_integrate elapsed=0.000s (step=250)
WARNING:megatron.core.transformer.moe.recovery_controller:[2026-05-20 15:42:00] BSR-MoE controller: step3 group_rebuild_execute elapsed=0.000s (step=250)
WARNING:megatron.core.transformer.moe.recovery_controller:[2026-05-20 15:42:00] BSR-MoE controller: ⏱️  [Phase A] Infrastructure repair COMPLETED (elapsed=0.000s)
WARNING:megatron.core.transformer.moe.recovery_controller:[2026-05-20 15:42:00] BSR-MoE controller: step2 group_rebuild_request elapsed=0.000s (step=250)
WARNING:megatron.core.transformer.moe.recovery_controller:[2026-05-20 15:42:00] BSR-MoE controller: step4 group_rebuild_finish elapsed=0.000s (step=250)
WARNING:megatron.core.transformer.moe.recovery_controller:[2026-05-20 15:42:00] BSR-MoE controller: ⏱️  [Phase B] Starting parameter recovery...
WARNING:megatron.core.transformer.moe.recovery_controller:[2026-05-20 15:42:00] BSR-MoE controller: step3 group_rebuild_execute elapsed=0.000s (step=250)
WARNING:megatron.core.transformer.moe.recovery_controller:[2026-05-20 15:42:00] BSR-MoE controller: step5 topology_refresh elapsed=0.000s (step=250)
WARNING:megatron.core.transformer.moe.recovery_controller:[2026-05-20 15:42:00] BSR-MoE controller: step4 group_rebuild_finish elapsed=0.000s (step=250)
WARNING:megatron.core.transformer.moe.recovery_controller:[2026-05-20 15:42:00] BSR-MoE controller: ⏱️  [Phase A] Infrastructure repair COMPLETED (elapsed=0.001s)
WARNING:megatron.core.transformer.moe.recovery_controller:[2026-05-20 15:42:00] BSR-MoE controller: step5 topology_refresh elapsed=0.000s (step=250)
WARNING:megatron.core.transformer.moe.recovery_controller:[2026-05-20 15:42:00] BSR-MoE controller: ⏱️  [Phase B] Starting parameter recovery...
WARNING:megatron.core.transformer.moe.recovery_controller:[2026-05-20 15:42:00] BSR-MoE controller: ⏱️  [Phase A] Infrastructure repair COMPLETED (elapsed=0.001s)
WARNING:megatron.core.transformer.moe.recovery_controller:[2026-05-20 15:42:00] BSR-MoE controller: ⏱️  [Phase B] Starting parameter recovery...
INFO:megatron.core.transformer.moe.bsr_integration:BSR-MoE: found latest checkpoint with BSR manifest at /mnt/ais-c1/dataset/zds/find_multi_fault/5.20/step_250_faults_8/ckpt/iter_0000200 (step=200)
WARNING:megatron.core.transformer.moe.recovery_controller:[2026-05-20 15:42:00] BSR-MoE controller: HYBRID_RECOVERY path — dense from DP peer, experts from checkpoint (step=250, failed=1, replacement=1)
WARNING:megatron.core.transformer.moe.recovery_controller:[2026-05-20 15:42:00] BSR-MoE controller: dense_sync elapsed=0.000s (step=250)
WARNING:megatron.core.transformer.moe.recovery_controller:[2026-05-20 15:42:00] BSR-MoE controller: expert_restore (sync weights, deferred optimizer) elapsed=0.000s (step=250)
WARNING:megatron.core.transformer.moe.recovery_controller:[2026-05-20 15:42:00] BSR-MoE controller: ⏱️  [Phase B] Parameter recovery COMPLETED (path=HYBRID_RECOVERY, elapsed=0.006s)
INFO:megatron.core.transformer.moe.bsr_integration:BSR-MoE post-recovery convergence: views consistent after HYBRID_RECOVERY path (step=250)
WARNING:megatron.core.transformer.moe.recovery_controller:[2026-05-20 15:42:00] BSR-MoE controller: ⏱️  [Phase B→C] Post-recovery convergence completed (path=HYBRID_RECOVERY, elapsed=0.002s, step=250)
WARNING:megatron.core.transformer.moe.recovery_controller:[2026-05-20 15:42:00] BSR-MoE controller: ⏱️  [Phase C] Starting post-repair...
INFO:megatron.core.transformer.moe.reintegration_barrier:BSR-MoE barrier: begin reintegration for rank 1 -> 1 (experts=[16, 17, 18, 19, 20, 21, 22, 23, 24, 25, 26, 27, 28, 29, 30, 31], step=250)
INFO:megatron.core.transformer.moe.reintegration_barrier:BSR-MoE barrier: rank 1 -> REPAIRED_NOT_ROUTED (all preconditions met, step=250)
WARNING:megatron.core.transformer.moe.recovery_controller:[2026-05-20 15:42:00] BSR-MoE controller: reintegration barrier initialized for rank 1 (all preconditions marked, step=250)
WARNING:megatron.core.transformer.moe.recovery_controller:[2026-05-20 15:42:00] BSR-MoE controller: SAFE_POINT_REPAIR → REINTEGRATED (event=safe_point_repair_completed, step=250)
WARNING:megatron.core.transformer.moe.recovery_controller:[2026-05-20 15:42:00] BSR-MoE controller: ⏱️  ✅ SAFE-POINT REPAIR COMPLETED (path=HYBRID_RECOVERY, step=250, failed=1, replacement=1) | Total=0.009s | Breakdown: PhaseA=0.000s, PhaseB=0.006s, PhaseC=0.000s
INFO:megatron.core.transformer.moe.bsr_integration:BSR-MoE: found latest checkpoint with BSR manifest at /mnt/ais-c1/dataset/zds/find_multi_fault/5.20/step_250_faults_8/ckpt/iter_0000200 (step=200)
INFO:megatron.core.transformer.moe.bsr_integration:BSR-MoE: found latest checkpoint with BSR manifest at /mnt/ais-c1/dataset/zds/find_multi_fault/5.20/step_250_faults_8/ckpt/iter_0000200 (step=200)
INFO:megatron.core.transformer.moe.bsr_integration:BSR-MoE: found latest checkpoint with BSR manifest at /mnt/ais-c1/dataset/zds/find_multi_fault/5.20/step_250_faults_8/ckpt/iter_0000200 (step=200)
INFO:megatron.core.transformer.moe.bsr_integration:BSR-MoE: found latest checkpoint with BSR manifest at /mnt/ais-c1/dataset/zds/find_multi_fault/5.20/step_250_faults_8/ckpt/iter_0000200 (step=200)
INFO:megatron.core.transformer.moe.bsr_integration:BSR-MoE: found latest checkpoint with BSR manifest at /mnt/ais-c1/dataset/zds/find_multi_fault/5.20/step_250_faults_8/ckpt/iter_0000200 (step=200)
INFO:megatron.core.transformer.moe.bsr_integration:BSR-MoE: found latest checkpoint with BSR manifest at /mnt/ais-c1/dataset/zds/find_multi_fault/5.20/step_250_faults_8/ckpt/iter_0000200 (step=200)
INFO:megatron.core.transformer.moe.bsr_integration:BSR-MoE: found latest checkpoint with BSR manifest at /mnt/ais-c1/dataset/zds/find_multi_fault/5.20/step_250_faults_8/ckpt/iter_0000200 (step=200)
WARNING:megatron.core.transformer.moe.recovery_controller:[2026-05-20 15:42:00] BSR-MoE controller: HYBRID_RECOVERY path — dense from DP peer, experts from checkpoint (step=250, failed=1, replacement=1)
WARNING:megatron.core.transformer.moe.recovery_controller:[2026-05-20 15:42:00] BSR-MoE controller: dense_sync elapsed=0.000s (step=250)
WARNING:megatron.core.transformer.moe.recovery_controller:[2026-05-20 15:42:00] BSR-MoE controller: expert_restore (sync weights, deferred optimizer) elapsed=0.000s (step=250)
WARNING:megatron.core.transformer.moe.recovery_controller:[2026-05-20 15:42:00] BSR-MoE controller: ⏱️  [Phase B] Parameter recovery COMPLETED (path=HYBRID_RECOVERY, elapsed=0.090s)
WARNING:megatron.core.transformer.moe.recovery_controller:[2026-05-20 15:42:00] BSR-MoE controller: HYBRID_RECOVERY path — dense from DP peer, experts from checkpoint (step=250, failed=1, replacement=1)
WARNING:megatron.core.transformer.moe.recovery_controller:[2026-05-20 15:42:00] BSR-MoE controller: HYBRID_RECOVERY path — dense from DP peer, experts from checkpoint (step=250, failed=1, replacement=1)
WARNING:megatron.core.transformer.moe.recovery_controller:[2026-05-20 15:42:00] BSR-MoE controller: dense_sync elapsed=0.000s (step=250)
WARNING:megatron.core.transformer.moe.recovery_controller:[2026-05-20 15:42:00] BSR-MoE controller: expert_restore (sync weights, deferred optimizer) elapsed=0.000s (step=250)
WARNING:megatron.core.transformer.moe.recovery_controller:[2026-05-20 15:42:00] BSR-MoE controller: dense_sync elapsed=0.000s (step=250)
WARNING:megatron.core.transformer.moe.recovery_controller:[2026-05-20 15:42:00] BSR-MoE controller: ⏱️  [Phase B] Parameter recovery COMPLETED (path=HYBRID_RECOVERY, elapsed=0.091s)
WARNING:megatron.core.transformer.moe.recovery_controller:[2026-05-20 15:42:00] BSR-MoE controller: expert_restore (sync weights, deferred optimizer) elapsed=0.000s (step=250)
WARNING:megatron.core.transformer.moe.recovery_controller:[2026-05-20 15:42:00] BSR-MoE controller: ⏱️  [Phase B] Parameter recovery COMPLETED (path=HYBRID_RECOVERY, elapsed=0.090s)
WARNING:megatron.core.transformer.moe.recovery_controller:[2026-05-20 15:42:00] BSR-MoE controller: HYBRID_RECOVERY path — dense from DP peer, experts from checkpoint (step=250, failed=1, replacement=1)
WARNING:megatron.core.transformer.moe.recovery_controller:[2026-05-20 15:42:00] BSR-MoE controller: HYBRID_RECOVERY path — dense from DP peer, experts from checkpoint (step=250, failed=1, replacement=1)
WARNING:megatron.core.transformer.moe.recovery_controller:[2026-05-20 15:42:00] BSR-MoE controller: dense_sync elapsed=0.000s (step=250)
WARNING:megatron.core.transformer.moe.recovery_controller:[2026-05-20 15:42:00] BSR-MoE controller: dense_sync elapsed=0.000s (step=250)
WARNING:megatron.core.transformer.moe.recovery_controller:[2026-05-20 15:42:00] BSR-MoE controller: expert_restore (sync weights, deferred optimizer) elapsed=0.000s (step=250)
WARNING:megatron.core.transformer.moe.recovery_controller:[2026-05-20 15:42:00] BSR-MoE controller: ⏱️  [Phase B] Parameter recovery COMPLETED (path=HYBRID_RECOVERY, elapsed=0.090s)
WARNING:megatron.core.transformer.moe.recovery_controller:[2026-05-20 15:42:00] BSR-MoE controller: expert_restore (sync weights, deferred optimizer) elapsed=0.000s (step=250)
WARNING:megatron.core.transformer.moe.recovery_controller:[2026-05-20 15:42:00] BSR-MoE controller: ⏱️  [Phase B] Parameter recovery COMPLETED (path=HYBRID_RECOVERY, elapsed=0.091s)
WARNING:megatron.core.transformer.moe.recovery_controller:[2026-05-20 15:42:00] BSR-MoE controller: HYBRID_RECOVERY path — dense from DP peer, experts from checkpoint (step=250, failed=1, replacement=1)
WARNING:megatron.core.transformer.moe.recovery_controller:[2026-05-20 15:42:00] BSR-MoE controller: dense_sync elapsed=0.000s (step=250)
WARNING:megatron.core.transformer.moe.recovery_controller:[2026-05-20 15:42:00] BSR-MoE controller: expert_restore (sync weights, deferred optimizer) elapsed=0.000s (step=250)
WARNING:megatron.core.transformer.moe.recovery_controller:[2026-05-20 15:42:00] BSR-MoE controller: ⏱️  [Phase B] Parameter recovery COMPLETED (path=HYBRID_RECOVERY, elapsed=0.091s)
WARNING:megatron.core.transformer.moe.recovery_controller:[2026-05-20 15:42:00] BSR-MoE controller: HYBRID_RECOVERY path — dense from DP peer, experts from checkpoint (step=250, failed=1, replacement=1)
WARNING:megatron.core.transformer.moe.recovery_controller:[2026-05-20 15:42:00] BSR-MoE controller: dense_sync elapsed=0.000s (step=250)
WARNING:megatron.core.transformer.moe.recovery_controller:[2026-05-20 15:42:00] BSR-MoE controller: expert_restore (sync weights, deferred optimizer) elapsed=0.000s (step=250)
WARNING:megatron.core.transformer.moe.recovery_controller:[2026-05-20 15:42:00] BSR-MoE controller: ⏱️  [Phase B] Parameter recovery COMPLETED (path=HYBRID_RECOVERY, elapsed=0.091s)
INFO:megatron.core.transformer.moe.bsr_integration:BSR-MoE post-recovery convergence: views consistent after HYBRID_RECOVERY path (step=250)
WARNING:megatron.core.transformer.moe.recovery_controller:[2026-05-20 15:42:00] BSR-MoE controller: ⏱️  [Phase B→C] Post-recovery convergence completed (path=HYBRID_RECOVERY, elapsed=0.002s, step=250)
WARNING:megatron.core.transformer.moe.recovery_controller:[2026-05-20 15:42:00] BSR-MoE controller: ⏱️  [Phase C] Starting post-repair...
INFO:megatron.core.transformer.moe.reintegration_barrier:BSR-MoE barrier: begin reintegration for rank 1 -> 1 (experts=[16, 17, 18, 19, 20, 21, 22, 23, 24, 25, 26, 27, 28, 29, 30, 31], step=250)
INFO:megatron.core.transformer.moe.reintegration_barrier:BSR-MoE barrier: rank 1 -> REPAIRED_NOT_ROUTED (all preconditions met, step=250)
WARNING:megatron.core.transformer.moe.recovery_controller:[2026-05-20 15:42:00] BSR-MoE controller: reintegration barrier initialized for rank 1 (all preconditions marked, step=250)
WARNING:megatron.core.transformer.moe.recovery_controller:[2026-05-20 15:42:00] BSR-MoE controller: SAFE_POINT_REPAIR → REINTEGRATED (event=safe_point_repair_completed, step=250)
INFO:megatron.core.transformer.moe.bsr_integration:BSR-MoE post-recovery convergence: views consistent after HYBRID_RECOVERY path (step=250)
WARNING:megatron.core.transformer.moe.recovery_controller:[2026-05-20 15:42:00] BSR-MoE controller: ⏱️  ✅ SAFE-POINT REPAIR COMPLETED (path=HYBRID_RECOVERY, step=250, failed=1, replacement=1) | Total=0.093s | Breakdown: PhaseA=0.000s, PhaseB=0.090s, PhaseC=0.000s
WARNING:megatron.core.transformer.moe.recovery_controller:[2026-05-20 15:42:00] BSR-MoE controller: ⏱️  [Phase B→C] Post-recovery convergence completed (path=HYBRID_RECOVERY, elapsed=0.002s, step=250)
WARNING:megatron.core.transformer.moe.recovery_controller:[2026-05-20 15:42:00] BSR-MoE controller: ⏱️  [Phase C] Starting post-repair...
INFO:megatron.core.transformer.moe.reintegration_barrier:BSR-MoE barrier: begin reintegration for rank 1 -> 1 (experts=[16, 17, 18, 19, 20, 21, 22, 23, 24, 25, 26, 27, 28, 29, 30, 31], step=250)
INFO:megatron.core.transformer.moe.reintegration_barrier:BSR-MoE barrier: rank 1 -> REPAIRED_NOT_ROUTED (all preconditions met, step=250)
WARNING:megatron.core.transformer.moe.recovery_controller:[2026-05-20 15:42:00] BSR-MoE controller: reintegration barrier initialized for rank 1 (all preconditions marked, step=250)
WARNING:megatron.core.transformer.moe.recovery_controller:[2026-05-20 15:42:00] BSR-MoE controller: SAFE_POINT_REPAIR → REINTEGRATED (event=safe_point_repair_completed, step=250)
WARNING:megatron.core.transformer.moe.recovery_controller:[2026-05-20 15:42:00] BSR-MoE controller: ⏱️  ✅ SAFE-POINT REPAIR COMPLETED (path=HYBRID_RECOVERY, step=250, failed=1, replacement=1) | Total=0.093s | Breakdown: PhaseA=0.000s, PhaseB=0.091s, PhaseC=0.000s
INFO:megatron.core.transformer.moe.bsr_integration:BSR-MoE post-recovery convergence: views consistent after HYBRID_RECOVERY path (step=250)
INFO:megatron.core.transformer.moe.bsr_integration:BSR-MoE post-recovery convergence: views consistent after HYBRID_RECOVERY path (step=250)
WARNING:megatron.core.transformer.moe.recovery_controller:[2026-05-20 15:42:00] BSR-MoE controller: ⏱️  [Phase B→C] Post-recovery convergence completed (path=HYBRID_RECOVERY, elapsed=0.002s, step=250)
WARNING:megatron.core.transformer.moe.recovery_controller:[2026-05-20 15:42:00] BSR-MoE controller: ⏱️  [Phase B→C] Post-recovery convergence completed (path=HYBRID_RECOVERY, elapsed=0.002s, step=250)
WARNING:megatron.core.transformer.moe.recovery_controller:[2026-05-20 15:42:00] BSR-MoE controller: ⏱️  [Phase C] Starting post-repair...
WARNING:megatron.core.transformer.moe.recovery_controller:[2026-05-20 15:42:00] BSR-MoE controller: ⏱️  [Phase C] Starting post-repair...
INFO:megatron.core.transformer.moe.reintegration_barrier:BSR-MoE barrier: begin reintegration for rank 1 -> 1 (experts=[16, 17, 18, 19, 20, 21, 22, 23, 24, 25, 26, 27, 28, 29, 30, 31], step=250)
INFO:megatron.core.transformer.moe.reintegration_barrier:BSR-MoE barrier: begin reintegration for rank 1 -> 1 (experts=[16, 17, 18, 19, 20, 21, 22, 23, 24, 25, 26, 27, 28, 29, 30, 31], step=250)
INFO:megatron.core.transformer.moe.reintegration_barrier:BSR-MoE barrier: rank 1 -> REPAIRED_NOT_ROUTED (all preconditions met, step=250)
INFO:megatron.core.transformer.moe.bsr_integration:BSR-MoE post-recovery convergence: views consistent after HYBRID_RECOVERY path (step=250)
INFO:megatron.core.transformer.moe.reintegration_barrier:BSR-MoE barrier: rank 1 -> REPAIRED_NOT_ROUTED (all preconditions met, step=250)
WARNING:megatron.core.transformer.moe.recovery_controller:[2026-05-20 15:42:00] BSR-MoE controller: reintegration barrier initialized for rank 1 (all preconditions marked, step=250)
WARNING:megatron.core.transformer.moe.recovery_controller:[2026-05-20 15:42:00] BSR-MoE controller: reintegration barrier initialized for rank 1 (all preconditions marked, step=250)
WARNING:megatron.core.transformer.moe.recovery_controller:[2026-05-20 15:42:00] BSR-MoE controller: SAFE_POINT_REPAIR → REINTEGRATED (event=safe_point_repair_completed, step=250)
WARNING:megatron.core.transformer.moe.recovery_controller:[2026-05-20 15:42:00] BSR-MoE controller: SAFE_POINT_REPAIR → REINTEGRATED (event=safe_point_repair_completed, step=250)
WARNING:megatron.core.transformer.moe.recovery_controller:[2026-05-20 15:42:00] BSR-MoE controller: ⏱️  [Phase B→C] Post-recovery convergence completed (path=HYBRID_RECOVERY, elapsed=0.002s, step=250)
WARNING:megatron.core.transformer.moe.recovery_controller:[2026-05-20 15:42:00] BSR-MoE controller: ⏱️  ✅ SAFE-POINT REPAIR COMPLETED (path=HYBRID_RECOVERY, step=250, failed=1, replacement=1) | Total=0.093s | Breakdown: PhaseA=0.001s, PhaseB=0.090s, PhaseC=0.000s
WARNING:megatron.core.transformer.moe.recovery_controller:[2026-05-20 15:42:00] BSR-MoE controller: ⏱️  ✅ SAFE-POINT REPAIR COMPLETED (path=HYBRID_RECOVERY, step=250, failed=1, replacement=1) | Total=0.093s | Breakdown: PhaseA=0.000s, PhaseB=0.091s, PhaseC=0.000s
WARNING:megatron.core.transformer.moe.recovery_controller:[2026-05-20 15:42:00] BSR-MoE controller: ⏱️  [Phase C] Starting post-repair...
INFO:megatron.core.transformer.moe.reintegration_barrier:BSR-MoE barrier: begin reintegration for rank 1 -> 1 (experts=[16, 17, 18, 19, 20, 21, 22, 23, 24, 25, 26, 27, 28, 29, 30, 31], step=250)
INFO:megatron.core.transformer.moe.reintegration_barrier:BSR-MoE barrier: rank 1 -> REPAIRED_NOT_ROUTED (all preconditions met, step=250)
WARNING:megatron.core.transformer.moe.recovery_controller:[2026-05-20 15:42:00] BSR-MoE controller: reintegration barrier initialized for rank 1 (all preconditions marked, step=250)
WARNING:megatron.core.transformer.moe.recovery_controller:[2026-05-20 15:42:00] BSR-MoE controller: SAFE_POINT_REPAIR → REINTEGRATED (event=safe_point_repair_completed, step=250)
WARNING:megatron.core.transformer.moe.recovery_controller:[2026-05-20 15:42:00] BSR-MoE controller: ⏱️  ✅ SAFE-POINT REPAIR COMPLETED (path=HYBRID_RECOVERY, step=250, failed=1, replacement=1) | Total=0.093s | Breakdown: PhaseA=0.000s, PhaseB=0.090s, PhaseC=0.000s
INFO:megatron.core.transformer.moe.bsr_integration:BSR-MoE post-recovery convergence: views consistent after HYBRID_RECOVERY path (step=250)
WARNING:megatron.core.transformer.moe.recovery_controller:[2026-05-20 15:42:00] BSR-MoE controller: ⏱️  [Phase B→C] Post-recovery convergence completed (path=HYBRID_RECOVERY, elapsed=0.002s, step=250)
WARNING:megatron.core.transformer.moe.recovery_controller:[2026-05-20 15:42:00] BSR-MoE controller: ⏱️  [Phase C] Starting post-repair...
INFO:megatron.core.transformer.moe.bsr_integration:BSR-MoE post-recovery convergence: views consistent after HYBRID_RECOVERY path (step=250)
WARNING:megatron.core.transformer.moe.recovery_controller:[2026-05-20 15:42:00] BSR-MoE controller: ⏱️  [Phase B→C] Post-recovery convergence completed (path=HYBRID_RECOVERY, elapsed=0.002s, step=250)
INFO:megatron.core.transformer.moe.reintegration_barrier:BSR-MoE barrier: begin reintegration for rank 1 -> 1 (experts=[16, 17, 18, 19, 20, 21, 22, 23, 24, 25, 26, 27, 28, 29, 30, 31], step=250)
WARNING:megatron.core.transformer.moe.recovery_controller:[2026-05-20 15:42:00] BSR-MoE controller: ⏱️  [Phase C] Starting post-repair...
INFO:megatron.core.transformer.moe.reintegration_barrier:BSR-MoE barrier: rank 1 -> REPAIRED_NOT_ROUTED (all preconditions met, step=250)
WARNING:megatron.core.transformer.moe.recovery_controller:[2026-05-20 15:42:00] BSR-MoE controller: reintegration barrier initialized for rank 1 (all preconditions marked, step=250)
INFO:megatron.core.transformer.moe.reintegration_barrier:BSR-MoE barrier: begin reintegration for rank 1 -> 1 (experts=[16, 17, 18, 19, 20, 21, 22, 23, 24, 25, 26, 27, 28, 29, 30, 31], step=250)
WARNING:megatron.core.transformer.moe.recovery_controller:[2026-05-20 15:42:00] BSR-MoE controller: SAFE_POINT_REPAIR → REINTEGRATED (event=safe_point_repair_completed, step=250)
WARNING:megatron.core.transformer.moe.recovery_controller:[2026-05-20 15:42:00] BSR-MoE controller: ⏱️  ✅ SAFE-POINT REPAIR COMPLETED (path=HYBRID_RECOVERY, step=250, failed=1, replacement=1) | Total=0.093s | Breakdown: PhaseA=0.001s, PhaseB=0.091s, PhaseC=0.000s
INFO:megatron.core.transformer.moe.reintegration_barrier:BSR-MoE barrier: rank 1 -> REPAIRED_NOT_ROUTED (all preconditions met, step=250)
WARNING:megatron.core.transformer.moe.recovery_controller:[2026-05-20 15:42:00] BSR-MoE controller: reintegration barrier initialized for rank 1 (all preconditions marked, step=250)
WARNING:megatron.core.transformer.moe.recovery_controller:[2026-05-20 15:42:00] BSR-MoE controller: SAFE_POINT_REPAIR → REINTEGRATED (event=safe_point_repair_completed, step=250)
WARNING:megatron.core.transformer.moe.recovery_controller:[2026-05-20 15:42:00] BSR-MoE controller: ⏱️  ✅ SAFE-POINT REPAIR COMPLETED (path=HYBRID_RECOVERY, step=250, failed=1, replacement=1) | Total=0.094s | Breakdown: PhaseA=0.000s, PhaseB=0.091s, PhaseC=0.000s
WARNING:megatron.core.transformer.moe.optimizer_commit_guard:BSR-MoE OptimizerCommitGuard: BLOCKING optimizer.step() at step 250 — explicitly blocked (reason=hard_failure_rank_1_step_250)
WARNING:megatron.core.transformer.moe.optimizer_commit_guard:BSR-MoE OptimizerCommitGuard: BLOCKING optimizer.step() at step 250 — explicitly blocked (reason=hard_failure_rank_1_step_250)
INFO:megatron.core.transformer.moe.optimizer_commit_guard:BSR-MoE OptimizerCommitGuard: optimizer.step() SKIPPED at step 250 (reason: iteration_invalidated)
INFO:megatron.core.transformer.moe.optimizer_commit_guard:BSR-MoE OptimizerCommitGuard: optimizer.step() SKIPPED at step 250 (reason: iteration_invalidated)
WARNING:megatron.core.transformer.moe.optimizer_commit_guard:BSR-MoE OptimizerCommitGuard: BLOCKING optimizer.step() at step 250 — explicitly blocked (reason=hard_failure_rank_1_step_250)
INFO:megatron.core.transformer.moe.optimizer_commit_guard:BSR-MoE OptimizerCommitGuard: optimizer.step() SKIPPED at step 250 (reason: iteration_invalidated)
WARNING:megatron.core.transformer.moe.optimizer_commit_guard:BSR-MoE OptimizerCommitGuard: BLOCKING optimizer.step() at step 250 — explicitly blocked (reason=hard_failure_rank_1_step_250)
WARNING:megatron.core.transformer.moe.optimizer_commit_guard:BSR-MoE OptimizerCommitGuard: BLOCKING optimizer.step() at step 250 — explicitly blocked (reason=hard_failure_rank_1_step_250)
INFO:megatron.core.transformer.moe.optimizer_commit_guard:BSR-MoE OptimizerCommitGuard: optimizer.step() SKIPPED at step 250 (reason: iteration_invalidated)
INFO:megatron.core.transformer.moe.optimizer_commit_guard:BSR-MoE OptimizerCommitGuard: optimizer.step() SKIPPED at step 250 (reason: iteration_invalidated)
WARNING:megatron.core.transformer.moe.optimizer_commit_guard:BSR-MoE OptimizerCommitGuard: BLOCKING optimizer.step() at step 250 — explicitly blocked (reason=hard_failure_rank_1_step_250)
INFO:megatron.core.transformer.moe.optimizer_commit_guard:BSR-MoE OptimizerCommitGuard: optimizer.step() SKIPPED at step 250 (reason: iteration_invalidated)
WARNING:megatron.core.transformer.moe.optimizer_commit_guard:BSR-MoE OptimizerCommitGuard: BLOCKING optimizer.step() at step 250 — explicitly blocked (reason=hard_failure_rank_1_step_250)
WARNING:megatron.core.transformer.moe.optimizer_commit_guard:BSR-MoE OptimizerCommitGuard: BLOCKING optimizer.step() at step 250 — explicitly blocked (reason=hard_failure_rank_1_step_250)
INFO:megatron.core.transformer.moe.optimizer_commit_guard:BSR-MoE OptimizerCommitGuard: optimizer.step() SKIPPED at step 250 (reason: iteration_invalidated)
INFO:megatron.core.transformer.moe.optimizer_commit_guard:BSR-MoE OptimizerCommitGuard: optimizer.step() SKIPPED at step 250 (reason: iteration_invalidated)
 [2026-05-20 15:43:04] iteration      250/     600 | consumed samples:        16000 | elapsed time per iteration (ms): 64204.5 | learning rate: 6.754319E-05 | global batch size:    64 | load_balancing_loss: 1.030979E+00 | loss scale: 1.0 | number of skipped iterations:   1 | number of nan iterations:   0 |
WARNING:megatron.core.transformer.moe.reintegration_barrier:BSR-MoE barrier: rank 1 reintegrated at step 250 (replacement=1, experts=[16, 17, 18, 19, 20, 21, 22, 23, 24, 25, 26, 27, 28, 29, 30, 31])
INFO:megatron.core.transformer.moe.recovery_controller:BSR-MoE controller: barrier reintegration executed for rank 1 at step 250
WARNING:megatron.core.transformer.moe.reintegration_barrier:BSR-MoE barrier: rank 1 reintegrated at step 250 (replacement=1, experts=[16, 17, 18, 19, 20, 21, 22, 23, 24, 25, 26, 27, 28, 29, 30, 31])
WARNING:megatron.core.transformer.moe.reintegration_barrier:BSR-MoE barrier: rank 1 reintegrated at step 250 (replacement=1, experts=[16, 17, 18, 19, 20, 21, 22, 23, 24, 25, 26, 27, 28, 29, 30, 31])
INFO:megatron.core.transformer.moe.recovery_controller:BSR-MoE controller: barrier reintegration executed for rank 1 at step 250
INFO:megatron.core.transformer.moe.recovery_controller:BSR-MoE controller: barrier reintegration executed for rank 1 at step 250
WARNING:megatron.core.transformer.moe.reintegration_barrier:BSR-MoE barrier: rank 1 reintegrated at step 250 (replacement=1, experts=[16, 17, 18, 19, 20, 21, 22, 23, 24, 25, 26, 27, 28, 29, 30, 31])
WARNING:megatron.core.transformer.moe.recovery_controller:[2026-05-20 15:43:04] BSR-MoE controller: REINTEGRATED → HEALTHY_TRAINING (event=reintegration_finalized, step=250)
INFO:megatron.core.transformer.moe.recovery_controller:BSR-MoE controller: barrier reintegration executed for rank 1 at step 250
WARNING:megatron.core.transformer.moe.recovery_controller:[2026-05-20 15:43:04] BSR-MoE controller: reintegration finalized at step 250 (1 recoveries completed)
WARNING:megatron.core.transformer.moe.reintegration_barrier:BSR-MoE barrier: rank 1 reintegrated at step 250 (replacement=1, experts=[16, 17, 18, 19, 20, 21, 22, 23, 24, 25, 26, 27, 28, 29, 30, 31])
WARNING:megatron.core.transformer.moe.recovery_controller:[2026-05-20 15:43:04] BSR-MoE controller: REINTEGRATED → HEALTHY_TRAINING (event=reintegration_finalized, step=250)
WARNING:megatron.core.transformer.moe.recovery_controller:[2026-05-20 15:43:04] BSR-MoE controller: REINTEGRATED → HEALTHY_TRAINING (event=reintegration_finalized, step=250)
INFO:megatron.core.transformer.moe.recovery_controller:BSR-MoE controller: barrier reintegration executed for rank 1 at step 250
WARNING:megatron.core.transformer.moe.recovery_controller:[2026-05-20 15:43:04] BSR-MoE controller: reintegration finalized at step 250 (1 recoveries completed)
WARNING:megatron.core.transformer.moe.recovery_controller:[2026-05-20 15:43:04] BSR-MoE controller: reintegration finalized at step 250 (1 recoveries completed)
WARNING:megatron.core.transformer.moe.recovery_controller:[2026-05-20 15:43:04] BSR-MoE controller: REINTEGRATED → HEALTHY_TRAINING (event=reintegration_finalized, step=250)
WARNING:megatron.core.transformer.moe.recovery_controller:[2026-05-20 15:43:04] BSR-MoE controller: reintegration finalized at step 250 (1 recoveries completed)
WARNING:megatron.core.transformer.moe.recovery_controller:[2026-05-20 15:43:04] BSR-MoE controller: REINTEGRATED → HEALTHY_TRAINING (event=reintegration_finalized, step=250)
WARNING:megatron.core.transformer.moe.recovery_controller:[2026-05-20 15:43:04] BSR-MoE controller: reintegration finalized at step 250 (1 recoveries completed)
WARNING:megatron.core.transformer.moe.reintegration_barrier:BSR-MoE barrier: rank 1 reintegrated at step 250 (replacement=1, experts=[16, 17, 18, 19, 20, 21, 22, 23, 24, 25, 26, 27, 28, 29, 30, 31])
INFO:megatron.core.transformer.moe.recovery_controller:BSR-MoE controller: barrier reintegration executed for rank 1 at step 250
WARNING:megatron.core.transformer.moe.recovery_controller:[2026-05-20 15:43:04] BSR-MoE controller: REINTEGRATED → HEALTHY_TRAINING (event=reintegration_finalized, step=250)
WARNING:megatron.core.transformer.moe.recovery_controller:[2026-05-20 15:43:04] BSR-MoE controller: reintegration finalized at step 250 (1 recoveries completed)
WARNING:megatron.core.transformer.moe.reintegration_barrier:BSR-MoE barrier: rank 1 reintegrated at step 250 (replacement=1, experts=[16, 17, 18, 19, 20, 21, 22, 23, 24, 25, 26, 27, 28, 29, 30, 31])
INFO:megatron.core.transformer.moe.recovery_controller:BSR-MoE controller: barrier reintegration executed for rank 1 at step 250
WARNING:megatron.core.transformer.moe.recovery_controller:[2026-05-20 15:43:04] BSR-MoE controller: REINTEGRATED → HEALTHY_TRAINING (event=reintegration_finalized, step=250)
WARNING:megatron.core.transformer.moe.recovery_controller:[2026-05-20 15:43:04] BSR-MoE controller: reintegration finalized at step 250 (1 recoveries completed)
WARNING:megatron.core.transformer.moe.reintegration_barrier:BSR-MoE barrier: rank 1 reintegrated at step 250 (replacement=1, experts=[16, 17, 18, 19, 20, 21, 22, 23, 24, 25, 26, 27, 28, 29, 30, 31])
INFO:megatron.core.transformer.moe.recovery_controller:BSR-MoE controller: barrier reintegration executed for rank 1 at step 250
WARNING:megatron.core.transformer.moe.recovery_controller:[2026-05-20 15:43:04] BSR-MoE controller: REINTEGRATED → HEALTHY_TRAINING (event=reintegration_finalized, step=250)
WARNING:megatron.core.transformer.moe.recovery_controller:[2026-05-20 15:43:04] BSR-MoE controller: reintegration finalized at step 250 (1 recoveries completed)
 [2026-05-20 15:43:29] iteration      251/     600 | consumed samples:        16064 | elapsed time per iteration (ms): 25365.6 | learning rate: 6.731483E-05 | global batch size:    64 | lm loss: 5.814198E+00 | load_balancing_loss: 1.028156E+00 | loss scale: 1.0 | grad norm: 0.475 | number of skipped iterations:   0 | number of nan iterations:   0 |
WARNING:megatron.core.transformer.moe.bsr_integration:[2026-05-20 15:43:29] BSR-MoE FAULT INJECTION #2: type=restart_in_place, rank=13, step=252, scheduled_step=250, experts=[80, 81, 82, 83, 84, 85, 86, 87, 88, 89, 90, 91, 92, 93, 94, 95], ep_group=[8, 9, 10, 11, 12, 13, 14, 15]
WARNING:megatron.core.transformer.moe.bsr_integration:[2026-05-20 15:43:29] BSR-MoE FAULT INJECTION #2: type=restart_in_place, rank=13, step=252, scheduled_step=250, experts=[80, 81, 82, 83, 84, 85, 86, 87, 88, 89, 90, 91, 92, 93, 94, 95], ep_group=[8, 9, 10, 11, 12, 13, 14, 15]
WARNING:megatron.core.transformer.moe.bsr_integration:[2026-05-20 15:43:29] BSR-MoE FAULT INJECTION #2: type=restart_in_place, rank=13, step=252, scheduled_step=250, experts=[80, 81, 82, 83, 84, 85, 86, 87, 88, 89, 90, 91, 92, 93, 94, 95], ep_group=[8, 9, 10, 11, 12, 13, 14, 15]
WARNING:megatron.core.transformer.moe.bsr_integration:[2026-05-20 15:43:29] BSR-MoE FAULT INJECTION #2: type=restart_in_place, rank=13, step=252, scheduled_step=250, experts=[80, 81, 82, 83, 84, 85, 86, 87, 88, 89, 90, 91, 92, 93, 94, 95], ep_group=[8, 9, 10, 11, 12, 13, 14, 15]
WARNING:megatron.core.transformer.moe.recovery_controller:[2026-05-20 15:43:29] BSR-MoE controller: rank 13 HARD FAILURE (step=252, reason=scheduled_restart_in_place_injection, experts=[80, 81, 82, 83, 84, 85, 86, 87, 88, 89, 90, 91, 92, 93, 94, 95], mid_iteration=False)
WARNING:megatron.core.transformer.moe.bsr_integration:[2026-05-20 15:43:29] BSR-MoE FAULT INJECTION #2: type=restart_in_place, rank=13, step=252, scheduled_step=250, experts=[80, 81, 82, 83, 84, 85, 86, 87, 88, 89, 90, 91, 92, 93, 94, 95], ep_group=[8, 9, 10, 11, 12, 13, 14, 15]
WARNING:megatron.core.transformer.moe.recovery_controller:[2026-05-20 15:43:29] BSR-MoE controller: rank 13 HARD FAILURE (step=252, reason=scheduled_restart_in_place_injection, experts=[80, 81, 82, 83, 84, 85, 86, 87, 88, 89, 90, 91, 92, 93, 94, 95], mid_iteration=False)
WARNING:megatron.core.transformer.moe.recovery_controller:[2026-05-20 15:43:29] BSR-MoE controller: rank 13 HARD FAILURE (step=252, reason=scheduled_restart_in_place_injection, experts=[80, 81, 82, 83, 84, 85, 86, 87, 88, 89, 90, 91, 92, 93, 94, 95], mid_iteration=False)
INFO:megatron.core.transformer.moe.recovery_controller:ExpertRecoveryTracker: experts [80, 81, 82, 83, 84, 85, 86, 87, 88, 89, 90, 91, 92, 93, 94, 95] → RECOVERING (step=252)
INFO:megatron.core.transformer.moe.recovery_controller:ExpertRecoveryTracker: experts [80, 81, 82, 83, 84, 85, 86, 87, 88, 89, 90, 91, 92, 93, 94, 95] → RECOVERING (step=252)
WARNING:megatron.core.transformer.moe.recovery_controller:[2026-05-20 15:43:29] BSR-MoE controller: rank 13 HARD FAILURE (step=252, reason=scheduled_restart_in_place_injection, experts=[80, 81, 82, 83, 84, 85, 86, 87, 88, 89, 90, 91, 92, 93, 94, 95], mid_iteration=False)
WARNING:megatron.core.transformer.moe.optimizer_commit_guard:OptimizerCommitGuard: commit BLOCKED (step=252, reason=hard_failure_rank_13_step_252)
WARNING:megatron.core.transformer.moe.recovery_controller:[2026-05-20 15:43:29] BSR-MoE controller: rank 13 HARD FAILURE (step=252, reason=scheduled_restart_in_place_injection, experts=[80, 81, 82, 83, 84, 85, 86, 87, 88, 89, 90, 91, 92, 93, 94, 95], mid_iteration=False)
INFO:megatron.core.transformer.moe.recovery_controller:ExpertRecoveryTracker: experts [80, 81, 82, 83, 84, 85, 86, 87, 88, 89, 90, 91, 92, 93, 94, 95] → RECOVERING (step=252)
WARNING:megatron.core.transformer.moe.bsr_integration:[2026-05-20 15:43:29] BSR-MoE FAULT INJECTION #2: type=restart_in_place, rank=13, step=252, scheduled_step=250, experts=[80, 81, 82, 83, 84, 85, 86, 87, 88, 89, 90, 91, 92, 93, 94, 95], ep_group=[8, 9, 10, 11, 12, 13, 14, 15]
WARNING:megatron.core.transformer.moe.bsr_integration:BSR-MoE: optimizer commit blocked for step 252 (hard failure of rank 13)
WARNING:megatron.core.transformer.moe.optimizer_commit_guard:OptimizerCommitGuard: commit BLOCKED (step=252, reason=hard_failure_rank_13_step_252)
WARNING:megatron.core.transformer.moe.optimizer_commit_guard:OptimizerCommitGuard: commit BLOCKED (step=252, reason=hard_failure_rank_13_step_252)
WARNING:megatron.core.transformer.moe.bsr_integration:BSR-MoE: entering waiting-for-replacement state (failed_rank=13, step=252, experts=[80, 81, 82, 83, 84, 85, 86, 87, 88, 89, 90, 91, 92, 93, 94, 95])
WARNING:megatron.core.transformer.moe.bsr_integration:BSR-MoE: optimizer commit blocked for step 252 (hard failure of rank 13)
INFO:megatron.core.transformer.moe.recovery_controller:ExpertRecoveryTracker: experts [80, 81, 82, 83, 84, 85, 86, 87, 88, 89, 90, 91, 92, 93, 94, 95] → RECOVERING (step=252)
WARNING:megatron.core.transformer.moe.bsr_integration:[2026-05-20 15:43:29] BSR-MoE FAULT INJECTION #2: type=restart_in_place, rank=13, step=252, scheduled_step=250, experts=[80, 81, 82, 83, 84, 85, 86, 87, 88, 89, 90, 91, 92, 93, 94, 95], ep_group=[8, 9, 10, 11, 12, 13, 14, 15]
INFO:megatron.core.transformer.moe.recovery_controller:ExpertRecoveryTracker: experts [80, 81, 82, 83, 84, 85, 86, 87, 88, 89, 90, 91, 92, 93, 94, 95] → RECOVERING (step=252)
WARNING:megatron.core.transformer.moe.bsr_integration:BSR-MoE: optimizer commit blocked for step 252 (hard failure of rank 13)
WARNING:megatron.core.transformer.moe.bsr_integration:BSR-MoE: entering waiting-for-replacement state (failed_rank=13, step=252, experts=[80, 81, 82, 83, 84, 85, 86, 87, 88, 89, 90, 91, 92, 93, 94, 95])
WARNING:megatron.core.transformer.moe.recovery_controller:[2026-05-20 15:43:29] BSR-MoE controller: rank 13 HARD FAILURE (step=252, reason=scheduled_restart_in_place_injection, experts=[80, 81, 82, 83, 84, 85, 86, 87, 88, 89, 90, 91, 92, 93, 94, 95], mid_iteration=False)
WARNING:megatron.core.transformer.moe.bsr_integration:BSR-MoE: entering waiting-for-replacement state (failed_rank=13, step=252, experts=[80, 81, 82, 83, 84, 85, 86, 87, 88, 89, 90, 91, 92, 93, 94, 95])
WARNING:megatron.core.transformer.moe.optimizer_commit_guard:OptimizerCommitGuard: commit BLOCKED (step=252, reason=hard_failure_rank_13_step_252)
WARNING:megatron.core.transformer.moe.recovery_controller:[2026-05-20 15:43:29] BSR-MoE controller: HEALTHY_TRAINING → PENDING_GROUP_REPAIR (event=hard_rank_failure, step=252)
WARNING:megatron.core.transformer.moe.optimizer_commit_guard:OptimizerCommitGuard: commit BLOCKED (step=252, reason=hard_failure_rank_13_step_252)
WARNING:megatron.core.transformer.moe.bsr_integration:BSR-MoE: optimizer commit blocked for step 252 (hard failure of rank 13)
WARNING:megatron.core.transformer.moe.recovery_controller:[2026-05-20 15:43:29] BSR-MoE controller: HEALTHY_TRAINING → PENDING_GROUP_REPAIR (event=hard_rank_failure, step=252)
WARNING:megatron.core.transformer.moe.bsr_integration:BSR-MoE: optimizer commit blocked for step 252 (hard failure of rank 13)
WARNING:megatron.core.transformer.moe.recovery_controller:[2026-05-20 15:43:29] BSR-MoE controller: HEALTHY_TRAINING → PENDING_GROUP_REPAIR (event=hard_rank_failure, step=252)
WARNING:megatron.core.transformer.moe.bsr_integration:BSR-MoE: entering waiting-for-replacement state (failed_rank=13, step=252, experts=[80, 81, 82, 83, 84, 85, 86, 87, 88, 89, 90, 91, 92, 93, 94, 95])
WARNING:megatron.core.transformer.moe.recovery_controller:[2026-05-20 15:43:29] BSR-MoE controller: rank 13 HARD FAILURE (step=252, reason=scheduled_restart_in_place_injection, experts=[80, 81, 82, 83, 84, 85, 86, 87, 88, 89, 90, 91, 92, 93, 94, 95], mid_iteration=False)
WARNING:megatron.core.transformer.moe.bsr_integration:BSR-MoE: entering waiting-for-replacement state (failed_rank=13, step=252, experts=[80, 81, 82, 83, 84, 85, 86, 87, 88, 89, 90, 91, 92, 93, 94, 95])
INFO:megatron.core.transformer.moe.recovery_controller:ExpertRecoveryTracker: experts [80, 81, 82, 83, 84, 85, 86, 87, 88, 89, 90, 91, 92, 93, 94, 95] → RECOVERING (step=252)
WARNING:megatron.core.transformer.moe.recovery_controller:[2026-05-20 15:43:29] BSR-MoE controller: replacement assigned — failed_rank=13, replacement_rank=13 (step=252)
WARNING:megatron.core.transformer.moe.recovery_controller:[2026-05-20 15:43:29] BSR-MoE controller: replacement assigned — failed_rank=13, replacement_rank=13 (step=252)
WARNING:megatron.core.transformer.moe.recovery_controller:[2026-05-20 15:43:29] BSR-MoE controller: replacement assigned — failed_rank=13, replacement_rank=13 (step=252)
WARNING:megatron.core.transformer.moe.optimizer_commit_guard:OptimizerCommitGuard: commit BLOCKED (step=252, reason=hard_failure_rank_13_step_252)
WARNING:megatron.core.transformer.moe.bsr_integration:[2026-05-20 15:43:29] BSR-MoE FAULT INJECTION #2: type=restart_in_place, rank=13, step=252, scheduled_step=250, experts=[80, 81, 82, 83, 84, 85, 86, 87, 88, 89, 90, 91, 92, 93, 94, 95], ep_group=[8, 9, 10, 11, 12, 13, 14, 15]
WARNING:megatron.core.transformer.moe.recovery_controller:[2026-05-20 15:43:29] BSR-MoE controller: HEALTHY_TRAINING → PENDING_GROUP_REPAIR (event=hard_rank_failure, step=252)
WARNING:megatron.core.transformer.moe.recovery_controller:[2026-05-20 15:43:29] BSR-MoE controller: HEALTHY_TRAINING → PENDING_GROUP_REPAIR (event=hard_rank_failure, step=252)
INFO:megatron.core.transformer.moe.recovery_controller:ExpertRecoveryTracker: experts [80, 81, 82, 83, 84, 85, 86, 87, 88, 89, 90, 91, 92, 93, 94, 95] → RECOVERING (step=252)
WARNING:megatron.core.transformer.moe.bsr_integration:BSR-MoE: optimizer commit blocked for step 252 (hard failure of rank 13)
WARNING:megatron.core.transformer.moe.bsr_integration:BSR-MoE: entering waiting-for-replacement state (failed_rank=13, step=252, experts=[80, 81, 82, 83, 84, 85, 86, 87, 88, 89, 90, 91, 92, 93, 94, 95])
INFO:megatron.core.transformer.moe.replacement_registry:BSR-MoE replacement: failed_rank=13, replacement_rank=13, NOT_PRESENT → BOOTSTRAPPING (step=252)
WARNING:megatron.core.transformer.moe.recovery_controller:[2026-05-20 15:43:29] BSR-MoE controller: replacement assigned — failed_rank=13, replacement_rank=13 (step=252)
WARNING:megatron.core.transformer.moe.optimizer_commit_guard:OptimizerCommitGuard: commit BLOCKED (step=252, reason=hard_failure_rank_13_step_252)
WARNING:megatron.core.transformer.moe.recovery_controller:[2026-05-20 15:43:29] BSR-MoE controller: replacement assigned — failed_rank=13, replacement_rank=13 (step=252)
INFO:megatron.core.transformer.moe.replacement_registry:BSR-MoE replacement: failed_rank=13, replacement_rank=13, NOT_PRESENT → BOOTSTRAPPING (step=252)
WARNING:megatron.core.transformer.moe.replacement_registry:BSR-MoE: replacement announced — failed_rank=13 → replacement_rank=13 (step=252, reason='')
WARNING:megatron.core.transformer.moe.bsr_integration:BSR-MoE: optimizer commit blocked for step 252 (hard failure of rank 13)
INFO:megatron.core.transformer.moe.replacement_registry:BSR-MoE replacement: failed_rank=13, replacement_rank=13, NOT_PRESENT → BOOTSTRAPPING (step=252)
WARNING:megatron.core.transformer.moe.replacement_registry:BSR-MoE: replacement announced — failed_rank=13 → replacement_rank=13 (step=252, reason='')
WARNING:megatron.core.transformer.moe.recovery_controller:[2026-05-20 15:43:29] BSR-MoE controller: HEALTHY_TRAINING → PENDING_GROUP_REPAIR (event=hard_rank_failure, step=252)
WARNING:megatron.core.transformer.moe.bsr_integration:BSR-MoE: entering waiting-for-replacement state (failed_rank=13, step=252, experts=[80, 81, 82, 83, 84, 85, 86, 87, 88, 89, 90, 91, 92, 93, 94, 95])
WARNING:megatron.core.transformer.moe.replacement_registry:BSR-MoE: replacement announced — failed_rank=13 → replacement_rank=13 (step=252, reason='')
WARNING:megatron.core.transformer.moe.recovery_controller:[2026-05-20 15:43:29] BSR-MoE controller: PENDING_GROUP_REPAIR → WAITING_FOR_REPLACEMENT (event=replacement_assigned, step=252)
WARNING:megatron.core.transformer.moe.recovery_controller:[2026-05-20 15:43:29] BSR-MoE controller: PENDING_GROUP_REPAIR → WAITING_FOR_REPLACEMENT (event=replacement_assigned, step=252)
WARNING:megatron.core.transformer.moe.recovery_controller:[2026-05-20 15:43:29] BSR-MoE controller: replacement ready — failed_rank=13 (step=252)
WARNING:megatron.core.transformer.moe.recovery_controller:[2026-05-20 15:43:29] BSR-MoE controller: rank 13 HARD FAILURE (step=252, reason=scheduled_restart_in_place_injection, experts=[80, 81, 82, 83, 84, 85, 86, 87, 88, 89, 90, 91, 92, 93, 94, 95], mid_iteration=False)
WARNING:megatron.core.transformer.moe.recovery_controller:[2026-05-20 15:43:29] BSR-MoE controller: PENDING_GROUP_REPAIR → WAITING_FOR_REPLACEMENT (event=replacement_assigned, step=252)
WARNING:megatron.core.transformer.moe.recovery_controller:[2026-05-20 15:43:29] BSR-MoE controller: replacement assigned — failed_rank=13, replacement_rank=13 (step=252)
INFO:megatron.core.transformer.moe.replacement_registry:BSR-MoE replacement: failed_rank=13, replacement_rank=13, NOT_PRESENT → BOOTSTRAPPING (step=252)
INFO:megatron.core.transformer.moe.replacement_registry:BSR-MoE replacement: failed_rank=13, replacement_rank=13, NOT_PRESENT → BOOTSTRAPPING (step=252)
WARNING:megatron.core.transformer.moe.recovery_controller:[2026-05-20 15:43:29] BSR-MoE controller: replacement ready — failed_rank=13 (step=252)
WARNING:megatron.core.transformer.moe.recovery_controller:[2026-05-20 15:43:29] BSR-MoE controller: HEALTHY_TRAINING → PENDING_GROUP_REPAIR (event=hard_rank_failure, step=252)
WARNING:megatron.core.transformer.moe.recovery_controller:[2026-05-20 15:43:29] BSR-MoE controller: WAITING_FOR_REPLACEMENT → SAFE_POINT_REPAIR (event=replacement_ready, step=252)
WARNING:megatron.core.transformer.moe.replacement_registry:BSR-MoE: replacement announced — failed_rank=13 → replacement_rank=13 (step=252, reason='')
WARNING:megatron.core.transformer.moe.replacement_registry:BSR-MoE: replacement announced — failed_rank=13 → replacement_rank=13 (step=252, reason='')
WARNING:megatron.core.transformer.moe.recovery_controller:[2026-05-20 15:43:29] BSR-MoE controller: replacement ready — failed_rank=13 (step=252)
WARNING:megatron.core.transformer.moe.recovery_controller:[2026-05-20 15:43:29] BSR-MoE controller: WAITING_FOR_REPLACEMENT → SAFE_POINT_REPAIR (event=replacement_ready, step=252)
WARNING:megatron.core.transformer.moe.recovery_controller:BSR-MoE controller: restart-in-place fast path for rank 13 (replacement=self, step=252)
WARNING:megatron.core.transformer.moe.recovery_controller:BSR-MoE controller: restart-in-place fast path for rank 13 (replacement=self, step=252)
WARNING:megatron.core.transformer.moe.recovery_controller:[2026-05-20 15:43:29] BSR-MoE controller: WAITING_FOR_REPLACEMENT → SAFE_POINT_REPAIR (event=replacement_ready, step=252)
WARNING:megatron.core.transformer.moe.recovery_controller:[2026-05-20 15:43:29] BSR-MoE controller: PENDING_GROUP_REPAIR → WAITING_FOR_REPLACEMENT (event=replacement_assigned, step=252)
WARNING:megatron.core.transformer.moe.recovery_controller:[2026-05-20 15:43:29] BSR-MoE controller: replacement assigned — failed_rank=13, replacement_rank=13 (step=252)
WARNING:megatron.core.transformer.moe.recovery_controller:[2026-05-20 15:43:29] BSR-MoE controller: PENDING_GROUP_REPAIR → WAITING_FOR_REPLACEMENT (event=replacement_assigned, step=252)
INFO:megatron.core.transformer.moe.recovery_controller:ExpertRecoveryTracker: experts [80, 81, 82, 83, 84, 85, 86, 87, 88, 89, 90, 91, 92, 93, 94, 95] → RECOVERING (step=252)
WARNING:megatron.core.transformer.moe.recovery_controller:[2026-05-20 15:43:29] BSR-MoE controller: ⏱️  START safe-point repair at step 252 (failed=13, replacement=13)
WARNING:megatron.core.transformer.moe.recovery_controller:BSR-MoE controller: restart-in-place fast path for rank 13 (replacement=self, step=252)
WARNING:megatron.core.transformer.moe.recovery_controller:[2026-05-20 15:43:29] BSR-MoE controller: replacement ready — failed_rank=13 (step=252)
INFO:megatron.core.transformer.moe.replacement_registry:BSR-MoE replacement: failed_rank=13, replacement_rank=13, NOT_PRESENT → BOOTSTRAPPING (step=252)
WARNING:megatron.core.transformer.moe.recovery_controller:[2026-05-20 15:43:29] BSR-MoE controller: replacement ready — failed_rank=13 (step=252)
WARNING:megatron.core.transformer.moe.recovery_controller:[2026-05-20 15:43:29] BSR-MoE controller: ⏱️  START safe-point repair at step 252 (failed=13, replacement=13)
WARNING:megatron.core.transformer.moe.recovery_controller:[2026-05-20 15:43:29] BSR-MoE controller: ⏱️  [Phase A] Starting infrastructure repair...
WARNING:megatron.core.transformer.moe.replacement_registry:BSR-MoE: replacement announced — failed_rank=13 → replacement_rank=13 (step=252, reason='')
WARNING:megatron.core.transformer.moe.recovery_controller:[2026-05-20 15:43:29] BSR-MoE controller: WAITING_FOR_REPLACEMENT → SAFE_POINT_REPAIR (event=replacement_ready, step=252)
WARNING:megatron.core.transformer.moe.optimizer_commit_guard:OptimizerCommitGuard: commit BLOCKED (step=252, reason=hard_failure_rank_13_step_252)
WARNING:megatron.core.transformer.moe.recovery_controller:[2026-05-20 15:43:29] BSR-MoE controller: ⏱️  START safe-point repair at step 252 (failed=13, replacement=13)
WARNING:megatron.core.transformer.moe.recovery_controller:[2026-05-20 15:43:29] BSR-MoE controller: WAITING_FOR_REPLACEMENT → SAFE_POINT_REPAIR (event=replacement_ready, step=252)
WARNING:megatron.core.transformer.moe.recovery_controller:[2026-05-20 15:43:29] BSR-MoE controller: ⏱️  [Phase A] Starting infrastructure repair...
WARNING:megatron.core.transformer.moe.recovery_controller:BSR-MoE controller: restart-in-place fast path for rank 13 (replacement=self, step=252)
WARNING:megatron.core.transformer.moe.recovery_controller:BSR-MoE controller: restart-in-place fast path for rank 13 (replacement=self, step=252)
WARNING:megatron.core.transformer.moe.bsr_integration:BSR-MoE: optimizer commit blocked for step 252 (hard failure of rank 13)
INFO:megatron.core.transformer.moe.replacement_registry:BSR-MoE replacement: failed_rank=13, replacement_rank=13, NOT_PRESENT → BOOTSTRAPPING (step=252)
WARNING:megatron.core.transformer.moe.recovery_controller:[2026-05-20 15:43:29] BSR-MoE controller: PENDING_GROUP_REPAIR → WAITING_FOR_REPLACEMENT (event=replacement_assigned, step=252)
INFO:megatron.core.transformer.moe.replacement_registry:BSR-MoE replacement: failed_rank=13, replacement_rank=13, BOOTSTRAPPING → READY_FOR_REPAIR (step=252)
WARNING:megatron.core.transformer.moe.recovery_controller:[2026-05-20 15:43:29] BSR-MoE controller: ⏱️  [Phase A] Starting infrastructure repair...
WARNING:megatron.core.transformer.moe.replacement_registry:BSR-MoE: replacement announced — failed_rank=13 → replacement_rank=13 (step=252, reason='')
WARNING:megatron.core.transformer.moe.bsr_integration:BSR-MoE: entering waiting-for-replacement state (failed_rank=13, step=252, experts=[80, 81, 82, 83, 84, 85, 86, 87, 88, 89, 90, 91, 92, 93, 94, 95])
WARNING:megatron.core.transformer.moe.recovery_controller:[2026-05-20 15:43:29] BSR-MoE controller: ⏱️  START safe-point repair at step 252 (failed=13, replacement=13)
INFO:megatron.core.transformer.moe.replacement_registry:BSR-MoE replacement: failed_rank=13, replacement_rank=13, BOOTSTRAPPING → READY_FOR_REPAIR (step=252)
WARNING:megatron.core.transformer.moe.recovery_controller:[2026-05-20 15:43:29] BSR-MoE controller: replacement ready — failed_rank=13 (step=252)
INFO:megatron.core.transformer.moe.replacement_registry:BSR-MoE replacement: failed_rank=13, replacement_rank=13, READY_FOR_REPAIR → INTEGRATED (step=252)
WARNING:megatron.core.transformer.moe.recovery_controller:[2026-05-20 15:43:29] BSR-MoE controller: ⏱️  START safe-point repair at step 252 (failed=13, replacement=13)
INFO:megatron.core.transformer.moe.replacement_registry:BSR-MoE replacement: failed_rank=13, replacement_rank=13, BOOTSTRAPPING → READY_FOR_REPAIR (step=252)
WARNING:megatron.core.transformer.moe.replacement_registry:BSR-MoE: replacement INTEGRATED — failed_rank=13, replacement_rank=13 (step=252)
INFO:megatron.core.transformer.moe.replacement_registry:BSR-MoE replacement: failed_rank=13, replacement_rank=13, READY_FOR_REPAIR → INTEGRATED (step=252)
WARNING:megatron.core.transformer.moe.recovery_controller:[2026-05-20 15:43:29] BSR-MoE controller: PENDING_GROUP_REPAIR → WAITING_FOR_REPLACEMENT (event=replacement_assigned, step=252)
WARNING:megatron.core.transformer.moe.recovery_controller:[2026-05-20 15:43:29] BSR-MoE controller: WAITING_FOR_REPLACEMENT → SAFE_POINT_REPAIR (event=replacement_ready, step=252)
WARNING:megatron.core.transformer.moe.recovery_controller:[2026-05-20 15:43:29] BSR-MoE controller: ⏱️  [Phase A] Starting infrastructure repair...
WARNING:megatron.core.transformer.moe.recovery_controller:[2026-05-20 15:43:29] BSR-MoE controller: ⏱️  [Phase A] Starting infrastructure repair...
INFO:megatron.core.transformer.moe.replacement_registry:BSR-MoE replacement: failed_rank=13, replacement_rank=13, READY_FOR_REPAIR → INTEGRATED (step=252)
WARNING:megatron.core.transformer.moe.replacement_registry:BSR-MoE: replacement INTEGRATED — failed_rank=13, replacement_rank=13 (step=252)
WARNING:megatron.core.transformer.moe.recovery_controller:BSR-MoE controller: restart-in-place fast path for rank 13 (replacement=self, step=252)
WARNING:megatron.core.transformer.moe.recovery_controller:[2026-05-20 15:43:29] BSR-MoE controller: step1 replacement_integrate elapsed=0.000s (step=252)
WARNING:megatron.core.transformer.moe.recovery_controller:[2026-05-20 15:43:29] BSR-MoE controller: HEALTHY_TRAINING → PENDING_GROUP_REPAIR (event=hard_rank_failure, step=252)
WARNING:megatron.core.transformer.moe.recovery_controller:[2026-05-20 15:43:29] BSR-MoE controller: replacement ready — failed_rank=13 (step=252)
WARNING:megatron.core.transformer.moe.replacement_registry:BSR-MoE: replacement INTEGRATED — failed_rank=13, replacement_rank=13 (step=252)
WARNING:megatron.core.transformer.moe.recovery_controller:[2026-05-20 15:43:29] BSR-MoE controller: step1 replacement_integrate elapsed=0.000s (step=252)
INFO:megatron.core.transformer.moe.replacement_registry:BSR-MoE replacement: failed_rank=13, replacement_rank=13, BOOTSTRAPPING → READY_FOR_REPAIR (step=252)
WARNING:megatron.core.transformer.moe.recovery_controller:[2026-05-20 15:43:29] BSR-MoE controller: step2 group_rebuild_request elapsed=0.000s (step=252)
INFO:megatron.core.transformer.moe.replacement_registry:BSR-MoE replacement: failed_rank=13, replacement_rank=13, BOOTSTRAPPING → READY_FOR_REPAIR (step=252)
WARNING:megatron.core.transformer.moe.recovery_controller:[2026-05-20 15:43:29] BSR-MoE controller: ⏱️  START safe-point repair at step 252 (failed=13, replacement=13)
WARNING:megatron.core.transformer.moe.recovery_controller:[2026-05-20 15:43:29] BSR-MoE controller: WAITING_FOR_REPLACEMENT → SAFE_POINT_REPAIR (event=replacement_ready, step=252)
WARNING:megatron.core.transformer.moe.recovery_controller:[2026-05-20 15:43:29] BSR-MoE controller: step1 replacement_integrate elapsed=0.000s (step=252)
WARNING:megatron.core.transformer.moe.recovery_controller:[2026-05-20 15:43:29] BSR-MoE controller: step3 group_rebuild_execute elapsed=0.000s (step=252)
WARNING:megatron.core.transformer.moe.recovery_controller:[2026-05-20 15:43:29] BSR-MoE controller: step2 group_rebuild_request elapsed=0.000s (step=252)
INFO:megatron.core.transformer.moe.replacement_registry:BSR-MoE replacement: failed_rank=13, replacement_rank=13, READY_FOR_REPAIR → INTEGRATED (step=252)
WARNING:megatron.core.transformer.moe.recovery_controller:[2026-05-20 15:43:29] BSR-MoE controller: replacement assigned — failed_rank=13, replacement_rank=13 (step=252)
WARNING:megatron.core.transformer.moe.recovery_controller:BSR-MoE controller: restart-in-place fast path for rank 13 (replacement=self, step=252)
INFO:megatron.core.transformer.moe.replacement_registry:BSR-MoE replacement: failed_rank=13, replacement_rank=13, READY_FOR_REPAIR → INTEGRATED (step=252)
WARNING:megatron.core.transformer.moe.recovery_controller:[2026-05-20 15:43:29] BSR-MoE controller: step4 group_rebuild_finish elapsed=0.000s (step=252)
WARNING:megatron.core.transformer.moe.recovery_controller:[2026-05-20 15:43:29] BSR-MoE controller: step2 group_rebuild_request elapsed=0.000s (step=252)
WARNING:megatron.core.transformer.moe.replacement_registry:BSR-MoE: replacement INTEGRATED — failed_rank=13, replacement_rank=13 (step=252)
WARNING:megatron.core.transformer.moe.recovery_controller:[2026-05-20 15:43:29] BSR-MoE controller: step3 group_rebuild_execute elapsed=0.000s (step=252)
WARNING:megatron.core.transformer.moe.recovery_controller:[2026-05-20 15:43:29] BSR-MoE controller: ⏱️  [Phase A] Starting infrastructure repair...
WARNING:megatron.core.transformer.moe.replacement_registry:BSR-MoE: replacement INTEGRATED — failed_rank=13, replacement_rank=13 (step=252)
WARNING:megatron.core.transformer.moe.recovery_controller:[2026-05-20 15:43:29] BSR-MoE controller: step5 topology_refresh elapsed=0.000s (step=252)
WARNING:megatron.core.transformer.moe.recovery_controller:[2026-05-20 15:43:29] BSR-MoE controller: step4 group_rebuild_finish elapsed=0.000s (step=252)
WARNING:megatron.core.transformer.moe.recovery_controller:[2026-05-20 15:43:29] BSR-MoE controller: step3 group_rebuild_execute elapsed=0.000s (step=252)
WARNING:megatron.core.transformer.moe.recovery_controller:[2026-05-20 15:43:29] BSR-MoE controller: step1 replacement_integrate elapsed=0.000s (step=252)
WARNING:megatron.core.transformer.moe.recovery_controller:[2026-05-20 15:43:29] BSR-MoE controller: ⏱️  START safe-point repair at step 252 (failed=13, replacement=13)
WARNING:megatron.core.transformer.moe.recovery_controller:[2026-05-20 15:43:29] BSR-MoE controller: step1 replacement_integrate elapsed=0.000s (step=252)
WARNING:megatron.core.transformer.moe.recovery_controller:[2026-05-20 15:43:29] BSR-MoE controller: ⏱️  [Phase A] Infrastructure repair COMPLETED (elapsed=0.000s)
WARNING:megatron.core.transformer.moe.recovery_controller:[2026-05-20 15:43:29] BSR-MoE controller: step5 topology_refresh elapsed=0.000s (step=252)
WARNING:megatron.core.transformer.moe.recovery_controller:[2026-05-20 15:43:29] BSR-MoE controller: step4 group_rebuild_finish elapsed=0.000s (step=252)
INFO:megatron.core.transformer.moe.replacement_registry:BSR-MoE replacement: failed_rank=13, replacement_rank=13, BOOTSTRAPPING → READY_FOR_REPAIR (step=252)
WARNING:megatron.core.transformer.moe.recovery_controller:[2026-05-20 15:43:29] BSR-MoE controller: step2 group_rebuild_request elapsed=0.000s (step=252)
WARNING:megatron.core.transformer.moe.recovery_controller:[2026-05-20 15:43:29] BSR-MoE controller: ⏱️  [Phase A] Infrastructure repair COMPLETED (elapsed=0.000s)
WARNING:megatron.core.transformer.moe.recovery_controller:[2026-05-20 15:43:29] BSR-MoE controller: ⏱️  [Phase B] Starting parameter recovery...
WARNING:megatron.core.transformer.moe.recovery_controller:[2026-05-20 15:43:29] BSR-MoE controller: step5 topology_refresh elapsed=0.000s (step=252)
WARNING:megatron.core.transformer.moe.recovery_controller:[2026-05-20 15:43:29] BSR-MoE controller: step2 group_rebuild_request elapsed=0.000s (step=252)
WARNING:megatron.core.transformer.moe.recovery_controller:[2026-05-20 15:43:29] BSR-MoE controller: ⏱️  [Phase A] Starting infrastructure repair...
WARNING:megatron.core.transformer.moe.recovery_controller:[2026-05-20 15:43:29] BSR-MoE controller: step3 group_rebuild_execute elapsed=0.000s (step=252)
INFO:megatron.core.transformer.moe.replacement_registry:BSR-MoE replacement: failed_rank=13, replacement_rank=13, READY_FOR_REPAIR → INTEGRATED (step=252)
WARNING:megatron.core.transformer.moe.recovery_controller:[2026-05-20 15:43:29] BSR-MoE controller: ⏱️  [Phase B] Starting parameter recovery...
WARNING:megatron.core.transformer.moe.recovery_controller:[2026-05-20 15:43:29] BSR-MoE controller: ⏱️  [Phase A] Infrastructure repair COMPLETED (elapsed=0.000s)
WARNING:megatron.core.transformer.moe.recovery_controller:[2026-05-20 15:43:29] BSR-MoE controller: step3 group_rebuild_execute elapsed=0.000s (step=252)
INFO:megatron.core.transformer.moe.replacement_registry:BSR-MoE replacement: failed_rank=13, replacement_rank=13, NOT_PRESENT → BOOTSTRAPPING (step=252)
WARNING:megatron.core.transformer.moe.recovery_controller:[2026-05-20 15:43:29] BSR-MoE controller: step4 group_rebuild_finish elapsed=0.000s (step=252)
WARNING:megatron.core.transformer.moe.replacement_registry:BSR-MoE: replacement INTEGRATED — failed_rank=13, replacement_rank=13 (step=252)
WARNING:megatron.core.transformer.moe.recovery_controller:[2026-05-20 15:43:29] BSR-MoE controller: step4 group_rebuild_finish elapsed=0.000s (step=252)
WARNING:megatron.core.transformer.moe.recovery_controller:[2026-05-20 15:43:29] BSR-MoE controller: ⏱️  [Phase B] Starting parameter recovery...
INFO:megatron.core.transformer.moe.replacement_registry:BSR-MoE replacement: failed_rank=13, replacement_rank=13, BOOTSTRAPPING → READY_FOR_REPAIR (step=252)
WARNING:megatron.core.transformer.moe.replacement_registry:BSR-MoE: replacement announced — failed_rank=13 → replacement_rank=13 (step=252, reason='')
WARNING:megatron.core.transformer.moe.recovery_controller:[2026-05-20 15:43:29] BSR-MoE controller: step5 topology_refresh elapsed=0.000s (step=252)
WARNING:megatron.core.transformer.moe.recovery_controller:[2026-05-20 15:43:29] BSR-MoE controller: step1 replacement_integrate elapsed=0.000s (step=252)
WARNING:megatron.core.transformer.moe.recovery_controller:[2026-05-20 15:43:29] BSR-MoE controller: step5 topology_refresh elapsed=0.000s (step=252)
WARNING:megatron.core.transformer.moe.recovery_controller:[2026-05-20 15:43:29] BSR-MoE controller: ⏱️  [Phase A] Infrastructure repair COMPLETED (elapsed=0.000s)
INFO:megatron.core.transformer.moe.replacement_registry:BSR-MoE replacement: failed_rank=13, replacement_rank=13, READY_FOR_REPAIR → INTEGRATED (step=252)
WARNING:megatron.core.transformer.moe.recovery_controller:[2026-05-20 15:43:29] BSR-MoE controller: step2 group_rebuild_request elapsed=0.000s (step=252)
WARNING:megatron.core.transformer.moe.recovery_controller:[2026-05-20 15:43:29] BSR-MoE controller: ⏱️  [Phase A] Infrastructure repair COMPLETED (elapsed=0.000s)
WARNING:megatron.core.transformer.moe.recovery_controller:[2026-05-20 15:43:29] BSR-MoE controller: PENDING_GROUP_REPAIR → WAITING_FOR_REPLACEMENT (event=replacement_assigned, step=252)
WARNING:megatron.core.transformer.moe.recovery_controller:[2026-05-20 15:43:29] BSR-MoE controller: ⏱️  [Phase B] Starting parameter recovery...
WARNING:megatron.core.transformer.moe.replacement_registry:BSR-MoE: replacement INTEGRATED — failed_rank=13, replacement_rank=13 (step=252)
WARNING:megatron.core.transformer.moe.recovery_controller:[2026-05-20 15:43:29] BSR-MoE controller: step3 group_rebuild_execute elapsed=0.000s (step=252)
WARNING:megatron.core.transformer.moe.recovery_controller:[2026-05-20 15:43:29] BSR-MoE controller: ⏱️  [Phase B] Starting parameter recovery...
WARNING:megatron.core.transformer.moe.recovery_controller:[2026-05-20 15:43:29] BSR-MoE controller: replacement ready — failed_rank=13 (step=252)
WARNING:megatron.core.transformer.moe.recovery_controller:[2026-05-20 15:43:29] BSR-MoE controller: step1 replacement_integrate elapsed=0.000s (step=252)
WARNING:megatron.core.transformer.moe.recovery_controller:[2026-05-20 15:43:29] BSR-MoE controller: step4 group_rebuild_finish elapsed=0.000s (step=252)
WARNING:megatron.core.transformer.moe.recovery_controller:[2026-05-20 15:43:29] BSR-MoE controller: WAITING_FOR_REPLACEMENT → SAFE_POINT_REPAIR (event=replacement_ready, step=252)
WARNING:megatron.core.transformer.moe.recovery_controller:[2026-05-20 15:43:29] BSR-MoE controller: step2 group_rebuild_request elapsed=0.000s (step=252)
WARNING:megatron.core.transformer.moe.recovery_controller:[2026-05-20 15:43:29] BSR-MoE controller: step5 topology_refresh elapsed=0.000s (step=252)
WARNING:megatron.core.transformer.moe.recovery_controller:BSR-MoE controller: restart-in-place fast path for rank 13 (replacement=self, step=252)
WARNING:megatron.core.transformer.moe.recovery_controller:[2026-05-20 15:43:29] BSR-MoE controller: ⏱️  [Phase A] Infrastructure repair COMPLETED (elapsed=0.000s)
WARNING:megatron.core.transformer.moe.recovery_controller:[2026-05-20 15:43:29] BSR-MoE controller: step3 group_rebuild_execute elapsed=0.000s (step=252)
WARNING:megatron.core.transformer.moe.recovery_controller:[2026-05-20 15:43:29] BSR-MoE controller: step4 group_rebuild_finish elapsed=0.000s (step=252)
WARNING:megatron.core.transformer.moe.recovery_controller:[2026-05-20 15:43:29] BSR-MoE controller: ⏱️  [Phase B] Starting parameter recovery...
WARNING:megatron.core.transformer.moe.recovery_controller:[2026-05-20 15:43:29] BSR-MoE controller: ⏱️  START safe-point repair at step 252 (failed=13, replacement=13)
WARNING:megatron.core.transformer.moe.recovery_controller:[2026-05-20 15:43:29] BSR-MoE controller: step5 topology_refresh elapsed=0.000s (step=252)
WARNING:megatron.core.transformer.moe.recovery_controller:[2026-05-20 15:43:29] BSR-MoE controller: ⏱️  [Phase A] Infrastructure repair COMPLETED (elapsed=0.000s)
WARNING:megatron.core.transformer.moe.recovery_controller:[2026-05-20 15:43:29] BSR-MoE controller: ⏱️  [Phase A] Starting infrastructure repair...
WARNING:megatron.core.transformer.moe.recovery_controller:[2026-05-20 15:43:29] BSR-MoE controller: ⏱️  [Phase B] Starting parameter recovery...
INFO:megatron.core.transformer.moe.replacement_registry:BSR-MoE replacement: failed_rank=13, replacement_rank=13, BOOTSTRAPPING → READY_FOR_REPAIR (step=252)
INFO:megatron.core.transformer.moe.replacement_registry:BSR-MoE replacement: failed_rank=13, replacement_rank=13, READY_FOR_REPAIR → INTEGRATED (step=252)
WARNING:megatron.core.transformer.moe.replacement_registry:BSR-MoE: replacement INTEGRATED — failed_rank=13, replacement_rank=13 (step=252)
WARNING:megatron.core.transformer.moe.recovery_controller:[2026-05-20 15:43:29] BSR-MoE controller: step1 replacement_integrate elapsed=0.000s (step=252)
WARNING:megatron.core.transformer.moe.recovery_controller:[2026-05-20 15:43:29] BSR-MoE controller: step2 group_rebuild_request elapsed=0.000s (step=252)
WARNING:megatron.core.transformer.moe.recovery_controller:[2026-05-20 15:43:29] BSR-MoE controller: step3 group_rebuild_execute elapsed=0.000s (step=252)
WARNING:megatron.core.transformer.moe.recovery_controller:[2026-05-20 15:43:29] BSR-MoE controller: step4 group_rebuild_finish elapsed=0.000s (step=252)
WARNING:megatron.core.transformer.moe.recovery_controller:[2026-05-20 15:43:29] BSR-MoE controller: step5 topology_refresh elapsed=0.000s (step=252)
WARNING:megatron.core.transformer.moe.recovery_controller:[2026-05-20 15:43:29] BSR-MoE controller: ⏱️  [Phase A] Infrastructure repair COMPLETED (elapsed=0.000s)
WARNING:megatron.core.transformer.moe.recovery_controller:[2026-05-20 15:43:29] BSR-MoE controller: ⏱️  [Phase B] Starting parameter recovery...
INFO:megatron.core.transformer.moe.bsr_integration:BSR-MoE: found latest checkpoint with BSR manifest at /mnt/ais-c1/dataset/zds/find_multi_fault/5.20/step_250_faults_8/ckpt/iter_0000200 (step=200)
INFO:megatron.core.transformer.moe.bsr_integration:BSR-MoE: found latest checkpoint with BSR manifest at /mnt/ais-c1/dataset/zds/find_multi_fault/5.20/step_250_faults_8/ckpt/iter_0000200 (step=200)
INFO:megatron.core.transformer.moe.bsr_integration:BSR-MoE: found latest checkpoint with BSR manifest at /mnt/ais-c1/dataset/zds/find_multi_fault/5.20/step_250_faults_8/ckpt/iter_0000200 (step=200)
INFO:megatron.core.transformer.moe.bsr_integration:BSR-MoE: found latest checkpoint with BSR manifest at /mnt/ais-c1/dataset/zds/find_multi_fault/5.20/step_250_faults_8/ckpt/iter_0000200 (step=200)
INFO:megatron.core.transformer.moe.bsr_integration:BSR-MoE: found latest checkpoint with BSR manifest at /mnt/ais-c1/dataset/zds/find_multi_fault/5.20/step_250_faults_8/ckpt/iter_0000200 (step=200)
INFO:megatron.core.transformer.moe.bsr_integration:BSR-MoE: found latest checkpoint with BSR manifest at /mnt/ais-c1/dataset/zds/find_multi_fault/5.20/step_250_faults_8/ckpt/iter_0000200 (step=200)
INFO:megatron.core.transformer.moe.bsr_integration:BSR-MoE: found latest checkpoint with BSR manifest at /mnt/ais-c1/dataset/zds/find_multi_fault/5.20/step_250_faults_8/ckpt/iter_0000200 (step=200)
INFO:megatron.core.transformer.moe.bsr_integration:BSR-MoE: found latest checkpoint with BSR manifest at /mnt/ais-c1/dataset/zds/find_multi_fault/5.20/step_250_faults_8/ckpt/iter_0000200 (step=200)
WARNING:megatron.core.transformer.moe.recovery_controller:[2026-05-20 15:43:29] BSR-MoE controller: HYBRID_RECOVERY path — dense from DP peer, experts from checkpoint (step=252, failed=13, replacement=13)
WARNING:megatron.core.transformer.moe.recovery_controller:[2026-05-20 15:43:29] BSR-MoE controller: dense_sync elapsed=0.000s (step=252)
WARNING:megatron.core.transformer.moe.recovery_controller:[2026-05-20 15:43:29] BSR-MoE controller: expert_restore (sync weights, deferred optimizer) elapsed=0.000s (step=252)
WARNING:megatron.core.transformer.moe.recovery_controller:[2026-05-20 15:43:29] BSR-MoE controller: ⏱️  [Phase B] Parameter recovery COMPLETED (path=HYBRID_RECOVERY, elapsed=0.002s)
WARNING:megatron.core.transformer.moe.recovery_controller:[2026-05-20 15:43:29] BSR-MoE controller: HYBRID_RECOVERY path — dense from DP peer, experts from checkpoint (step=252, failed=13, replacement=13)
INFO:megatron.core.transformer.moe.bsr_integration:BSR-MoE post-recovery convergence: views consistent after HYBRID_RECOVERY path (step=252)
WARNING:megatron.core.transformer.moe.recovery_controller:[2026-05-20 15:43:29] BSR-MoE controller: ⏱️  [Phase B→C] Post-recovery convergence completed (path=HYBRID_RECOVERY, elapsed=0.000s, step=252)
WARNING:megatron.core.transformer.moe.recovery_controller:[2026-05-20 15:43:29] BSR-MoE controller: ⏱️  [Phase C] Starting post-repair...
WARNING:megatron.core.transformer.moe.recovery_controller:[2026-05-20 15:43:29] BSR-MoE controller: dense_sync elapsed=0.000s (step=252)
INFO:megatron.core.transformer.moe.reintegration_barrier:BSR-MoE barrier: begin reintegration for rank 13 -> 13 (experts=[80, 81, 82, 83, 84, 85, 86, 87, 88, 89, 90, 91, 92, 93, 94, 95], step=252)
WARNING:megatron.core.transformer.moe.recovery_controller:[2026-05-20 15:43:29] BSR-MoE controller: expert_restore (sync weights, deferred optimizer) elapsed=0.000s (step=252)
WARNING:megatron.core.transformer.moe.recovery_controller:[2026-05-20 15:43:29] BSR-MoE controller: ⏱️  [Phase B] Parameter recovery COMPLETED (path=HYBRID_RECOVERY, elapsed=0.003s)
INFO:megatron.core.transformer.moe.reintegration_barrier:BSR-MoE barrier: rank 13 -> REPAIRED_NOT_ROUTED (all preconditions met, step=252)
WARNING:megatron.core.transformer.moe.recovery_controller:[2026-05-20 15:43:29] BSR-MoE controller: reintegration barrier initialized for rank 13 (all preconditions marked, step=252)
INFO:megatron.core.transformer.moe.bsr_integration:BSR-MoE post-recovery convergence: views consistent after HYBRID_RECOVERY path (step=252)
WARNING:megatron.core.transformer.moe.recovery_controller:[2026-05-20 15:43:29] BSR-MoE controller: SAFE_POINT_REPAIR → REINTEGRATED (event=safe_point_repair_completed, step=252)
WARNING:megatron.core.transformer.moe.recovery_controller:[2026-05-20 15:43:29] BSR-MoE controller: ⏱️  [Phase B→C] Post-recovery convergence completed (path=HYBRID_RECOVERY, elapsed=0.000s, step=252)
WARNING:megatron.core.transformer.moe.recovery_controller:[2026-05-20 15:43:29] BSR-MoE controller: ⏱️  ✅ SAFE-POINT REPAIR COMPLETED (path=HYBRID_RECOVERY, step=252, failed=13, replacement=13) | Total=0.003s | Breakdown: PhaseA=0.000s, PhaseB=0.002s, PhaseC=0.000s
WARNING:megatron.core.transformer.moe.recovery_controller:[2026-05-20 15:43:29] BSR-MoE controller: ⏱️  [Phase C] Starting post-repair...
WARNING:megatron.core.transformer.moe.recovery_controller:[2026-05-20 15:43:29] BSR-MoE controller: HYBRID_RECOVERY path — dense from DP peer, experts from checkpoint (step=252, failed=13, replacement=13)
INFO:megatron.core.transformer.moe.reintegration_barrier:BSR-MoE barrier: begin reintegration for rank 13 -> 13 (experts=[80, 81, 82, 83, 84, 85, 86, 87, 88, 89, 90, 91, 92, 93, 94, 95], step=252)
WARNING:megatron.core.transformer.moe.recovery_controller:[2026-05-20 15:43:29] BSR-MoE controller: dense_sync elapsed=0.000s (step=252)
INFO:megatron.core.transformer.moe.reintegration_barrier:BSR-MoE barrier: rank 13 -> REPAIRED_NOT_ROUTED (all preconditions met, step=252)
WARNING:megatron.core.transformer.moe.recovery_controller:[2026-05-20 15:43:29] BSR-MoE controller: reintegration barrier initialized for rank 13 (all preconditions marked, step=252)
WARNING:megatron.core.transformer.moe.recovery_controller:[2026-05-20 15:43:29] BSR-MoE controller: expert_restore (sync weights, deferred optimizer) elapsed=0.000s (step=252)
WARNING:megatron.core.transformer.moe.recovery_controller:[2026-05-20 15:43:29] BSR-MoE controller: SAFE_POINT_REPAIR → REINTEGRATED (event=safe_point_repair_completed, step=252)
WARNING:megatron.core.transformer.moe.recovery_controller:[2026-05-20 15:43:29] BSR-MoE controller: ⏱️  [Phase B] Parameter recovery COMPLETED (path=HYBRID_RECOVERY, elapsed=0.003s)
WARNING:megatron.core.transformer.moe.recovery_controller:[2026-05-20 15:43:29] BSR-MoE controller: HYBRID_RECOVERY path — dense from DP peer, experts from checkpoint (step=252, failed=13, replacement=13)
WARNING:megatron.core.transformer.moe.recovery_controller:[2026-05-20 15:43:29] BSR-MoE controller: ⏱️  ✅ SAFE-POINT REPAIR COMPLETED (path=HYBRID_RECOVERY, step=252, failed=13, replacement=13) | Total=0.003s | Breakdown: PhaseA=0.000s, PhaseB=0.003s, PhaseC=0.000s
INFO:megatron.core.transformer.moe.bsr_integration:BSR-MoE post-recovery convergence: views consistent after HYBRID_RECOVERY path (step=252)
WARNING:megatron.core.transformer.moe.recovery_controller:[2026-05-20 15:43:29] BSR-MoE controller: dense_sync elapsed=0.000s (step=252)
WARNING:megatron.core.transformer.moe.recovery_controller:[2026-05-20 15:43:29] BSR-MoE controller: ⏱️  [Phase B→C] Post-recovery convergence completed (path=HYBRID_RECOVERY, elapsed=0.000s, step=252)
WARNING:megatron.core.transformer.moe.recovery_controller:[2026-05-20 15:43:29] BSR-MoE controller: ⏱️  [Phase C] Starting post-repair...
WARNING:megatron.core.transformer.moe.recovery_controller:[2026-05-20 15:43:29] BSR-MoE controller: expert_restore (sync weights, deferred optimizer) elapsed=0.000s (step=252)
WARNING:megatron.core.transformer.moe.recovery_controller:[2026-05-20 15:43:29] BSR-MoE controller: ⏱️  [Phase B] Parameter recovery COMPLETED (path=HYBRID_RECOVERY, elapsed=0.003s)
INFO:megatron.core.transformer.moe.reintegration_barrier:BSR-MoE barrier: begin reintegration for rank 13 -> 13 (experts=[80, 81, 82, 83, 84, 85, 86, 87, 88, 89, 90, 91, 92, 93, 94, 95], step=252)
WARNING:megatron.core.transformer.moe.recovery_controller:[2026-05-20 15:43:29] BSR-MoE controller: HYBRID_RECOVERY path — dense from DP peer, experts from checkpoint (step=252, failed=13, replacement=13)
WARNING:megatron.core.transformer.moe.recovery_controller:[2026-05-20 15:43:29] BSR-MoE controller: HYBRID_RECOVERY path — dense from DP peer, experts from checkpoint (step=252, failed=13, replacement=13)
WARNING:megatron.core.transformer.moe.recovery_controller:[2026-05-20 15:43:29] BSR-MoE controller: HYBRID_RECOVERY path — dense from DP peer, experts from checkpoint (step=252, failed=13, replacement=13)
INFO:megatron.core.transformer.moe.reintegration_barrier:BSR-MoE barrier: rank 13 -> REPAIRED_NOT_ROUTED (all preconditions met, step=252)
INFO:megatron.core.transformer.moe.bsr_integration:BSR-MoE post-recovery convergence: views consistent after HYBRID_RECOVERY path (step=252)
WARNING:megatron.core.transformer.moe.recovery_controller:[2026-05-20 15:43:29] BSR-MoE controller: dense_sync elapsed=0.000s (step=252)
WARNING:megatron.core.transformer.moe.recovery_controller:[2026-05-20 15:43:29] BSR-MoE controller: reintegration barrier initialized for rank 13 (all preconditions marked, step=252)
WARNING:megatron.core.transformer.moe.recovery_controller:[2026-05-20 15:43:29] BSR-MoE controller: dense_sync elapsed=0.000s (step=252)
WARNING:megatron.core.transformer.moe.recovery_controller:[2026-05-20 15:43:29] BSR-MoE controller: ⏱️  [Phase B→C] Post-recovery convergence completed (path=HYBRID_RECOVERY, elapsed=0.000s, step=252)
WARNING:megatron.core.transformer.moe.recovery_controller:[2026-05-20 15:43:29] BSR-MoE controller: dense_sync elapsed=0.000s (step=252)
WARNING:megatron.core.transformer.moe.recovery_controller:[2026-05-20 15:43:29] BSR-MoE controller: SAFE_POINT_REPAIR → REINTEGRATED (event=safe_point_repair_completed, step=252)
WARNING:megatron.core.transformer.moe.recovery_controller:[2026-05-20 15:43:29] BSR-MoE controller: ⏱️  [Phase C] Starting post-repair...
WARNING:megatron.core.transformer.moe.recovery_controller:[2026-05-20 15:43:29] BSR-MoE controller: expert_restore (sync weights, deferred optimizer) elapsed=0.000s (step=252)
WARNING:megatron.core.transformer.moe.recovery_controller:[2026-05-20 15:43:29] BSR-MoE controller: ⏱️  ✅ SAFE-POINT REPAIR COMPLETED (path=HYBRID_RECOVERY, step=252, failed=13, replacement=13) | Total=0.003s | Breakdown: PhaseA=0.000s, PhaseB=0.003s, PhaseC=0.000s
WARNING:megatron.core.transformer.moe.recovery_controller:[2026-05-20 15:43:29] BSR-MoE controller: expert_restore (sync weights, deferred optimizer) elapsed=0.000s (step=252)
WARNING:megatron.core.transformer.moe.recovery_controller:[2026-05-20 15:43:29] BSR-MoE controller: expert_restore (sync weights, deferred optimizer) elapsed=0.000s (step=252)
WARNING:megatron.core.transformer.moe.recovery_controller:[2026-05-20 15:43:29] BSR-MoE controller: ⏱️  [Phase B] Parameter recovery COMPLETED (path=HYBRID_RECOVERY, elapsed=0.003s)
INFO:megatron.core.transformer.moe.reintegration_barrier:BSR-MoE barrier: begin reintegration for rank 13 -> 13 (experts=[80, 81, 82, 83, 84, 85, 86, 87, 88, 89, 90, 91, 92, 93, 94, 95], step=252)
WARNING:megatron.core.transformer.moe.recovery_controller:[2026-05-20 15:43:29] BSR-MoE controller: ⏱️  [Phase B] Parameter recovery COMPLETED (path=HYBRID_RECOVERY, elapsed=0.003s)
WARNING:megatron.core.transformer.moe.recovery_controller:[2026-05-20 15:43:29] BSR-MoE controller: ⏱️  [Phase B] Parameter recovery COMPLETED (path=HYBRID_RECOVERY, elapsed=0.003s)
INFO:megatron.core.transformer.moe.bsr_integration:BSR-MoE post-recovery convergence: views consistent after HYBRID_RECOVERY path (step=252)
INFO:megatron.core.transformer.moe.reintegration_barrier:BSR-MoE barrier: rank 13 -> REPAIRED_NOT_ROUTED (all preconditions met, step=252)
WARNING:megatron.core.transformer.moe.recovery_controller:[2026-05-20 15:43:29] BSR-MoE controller: HYBRID_RECOVERY path — dense from DP peer, experts from checkpoint (step=252, failed=13, replacement=13)
INFO:megatron.core.transformer.moe.bsr_integration:BSR-MoE post-recovery convergence: views consistent after HYBRID_RECOVERY path (step=252)
INFO:megatron.core.transformer.moe.bsr_integration:BSR-MoE post-recovery convergence: views consistent after HYBRID_RECOVERY path (step=252)
WARNING:megatron.core.transformer.moe.recovery_controller:[2026-05-20 15:43:29] BSR-MoE controller: ⏱️  [Phase B→C] Post-recovery convergence completed (path=HYBRID_RECOVERY, elapsed=0.000s, step=252)
WARNING:megatron.core.transformer.moe.recovery_controller:[2026-05-20 15:43:29] BSR-MoE controller: reintegration barrier initialized for rank 13 (all preconditions marked, step=252)
WARNING:megatron.core.transformer.moe.recovery_controller:[2026-05-20 15:43:29] BSR-MoE controller: ⏱️  [Phase C] Starting post-repair...
WARNING:megatron.core.transformer.moe.recovery_controller:[2026-05-20 15:43:29] BSR-MoE controller: ⏱️  [Phase B→C] Post-recovery convergence completed (path=HYBRID_RECOVERY, elapsed=0.000s, step=252)
WARNING:megatron.core.transformer.moe.recovery_controller:[2026-05-20 15:43:29] BSR-MoE controller: ⏱️  [Phase B→C] Post-recovery convergence completed (path=HYBRID_RECOVERY, elapsed=0.000s, step=252)
WARNING:megatron.core.transformer.moe.recovery_controller:[2026-05-20 15:43:29] BSR-MoE controller: SAFE_POINT_REPAIR → REINTEGRATED (event=safe_point_repair_completed, step=252)
WARNING:megatron.core.transformer.moe.recovery_controller:[2026-05-20 15:43:29] BSR-MoE controller: ⏱️  [Phase C] Starting post-repair...
WARNING:megatron.core.transformer.moe.recovery_controller:[2026-05-20 15:43:29] BSR-MoE controller: ⏱️  [Phase C] Starting post-repair...
WARNING:megatron.core.transformer.moe.recovery_controller:[2026-05-20 15:43:29] BSR-MoE controller: ⏱️  ✅ SAFE-POINT REPAIR COMPLETED (path=HYBRID_RECOVERY, step=252, failed=13, replacement=13) | Total=0.003s | Breakdown: PhaseA=0.000s, PhaseB=0.003s, PhaseC=0.000s
WARNING:megatron.core.transformer.moe.recovery_controller:[2026-05-20 15:43:29] BSR-MoE controller: dense_sync elapsed=0.000s (step=252)
INFO:megatron.core.transformer.moe.reintegration_barrier:BSR-MoE barrier: begin reintegration for rank 13 -> 13 (experts=[80, 81, 82, 83, 84, 85, 86, 87, 88, 89, 90, 91, 92, 93, 94, 95], step=252)
INFO:megatron.core.transformer.moe.reintegration_barrier:BSR-MoE barrier: begin reintegration for rank 13 -> 13 (experts=[80, 81, 82, 83, 84, 85, 86, 87, 88, 89, 90, 91, 92, 93, 94, 95], step=252)
INFO:megatron.core.transformer.moe.reintegration_barrier:BSR-MoE barrier: begin reintegration for rank 13 -> 13 (experts=[80, 81, 82, 83, 84, 85, 86, 87, 88, 89, 90, 91, 92, 93, 94, 95], step=252)
INFO:megatron.core.transformer.moe.reintegration_barrier:BSR-MoE barrier: rank 13 -> REPAIRED_NOT_ROUTED (all preconditions met, step=252)
WARNING:megatron.core.transformer.moe.recovery_controller:[2026-05-20 15:43:29] BSR-MoE controller: expert_restore (sync weights, deferred optimizer) elapsed=0.000s (step=252)
INFO:megatron.core.transformer.moe.reintegration_barrier:BSR-MoE barrier: rank 13 -> REPAIRED_NOT_ROUTED (all preconditions met, step=252)
INFO:megatron.core.transformer.moe.reintegration_barrier:BSR-MoE barrier: rank 13 -> REPAIRED_NOT_ROUTED (all preconditions met, step=252)
WARNING:megatron.core.transformer.moe.recovery_controller:[2026-05-20 15:43:29] BSR-MoE controller: reintegration barrier initialized for rank 13 (all preconditions marked, step=252)
WARNING:megatron.core.transformer.moe.recovery_controller:[2026-05-20 15:43:29] BSR-MoE controller: ⏱️  [Phase B] Parameter recovery COMPLETED (path=HYBRID_RECOVERY, elapsed=0.003s)
WARNING:megatron.core.transformer.moe.recovery_controller:[2026-05-20 15:43:29] BSR-MoE controller: reintegration barrier initialized for rank 13 (all preconditions marked, step=252)
WARNING:megatron.core.transformer.moe.recovery_controller:[2026-05-20 15:43:29] BSR-MoE controller: reintegration barrier initialized for rank 13 (all preconditions marked, step=252)
WARNING:megatron.core.transformer.moe.recovery_controller:[2026-05-20 15:43:29] BSR-MoE controller: SAFE_POINT_REPAIR → REINTEGRATED (event=safe_point_repair_completed, step=252)
WARNING:megatron.core.transformer.moe.recovery_controller:[2026-05-20 15:43:29] BSR-MoE controller: SAFE_POINT_REPAIR → REINTEGRATED (event=safe_point_repair_completed, step=252)
WARNING:megatron.core.transformer.moe.recovery_controller:[2026-05-20 15:43:29] BSR-MoE controller: SAFE_POINT_REPAIR → REINTEGRATED (event=safe_point_repair_completed, step=252)
WARNING:megatron.core.transformer.moe.recovery_controller:[2026-05-20 15:43:29] BSR-MoE controller: ⏱️  ✅ SAFE-POINT REPAIR COMPLETED (path=HYBRID_RECOVERY, step=252, failed=13, replacement=13) | Total=0.003s | Breakdown: PhaseA=0.000s, PhaseB=0.003s, PhaseC=0.000s
WARNING:megatron.core.transformer.moe.recovery_controller:[2026-05-20 15:43:29] BSR-MoE controller: ⏱️  ✅ SAFE-POINT REPAIR COMPLETED (path=HYBRID_RECOVERY, step=252, failed=13, replacement=13) | Total=0.003s | Breakdown: PhaseA=0.000s, PhaseB=0.003s, PhaseC=0.000s
WARNING:megatron.core.transformer.moe.recovery_controller:[2026-05-20 15:43:29] BSR-MoE controller: ⏱️  ✅ SAFE-POINT REPAIR COMPLETED (path=HYBRID_RECOVERY, step=252, failed=13, replacement=13) | Total=0.003s | Breakdown: PhaseA=0.000s, PhaseB=0.003s, PhaseC=0.000s
INFO:megatron.core.transformer.moe.bsr_integration:BSR-MoE post-recovery convergence: views consistent after HYBRID_RECOVERY path (step=252)
WARNING:megatron.core.transformer.moe.recovery_controller:[2026-05-20 15:43:29] BSR-MoE controller: ⏱️  [Phase B→C] Post-recovery convergence completed (path=HYBRID_RECOVERY, elapsed=0.000s, step=252)
WARNING:megatron.core.transformer.moe.recovery_controller:[2026-05-20 15:43:29] BSR-MoE controller: ⏱️  [Phase C] Starting post-repair...
INFO:megatron.core.transformer.moe.reintegration_barrier:BSR-MoE barrier: begin reintegration for rank 13 -> 13 (experts=[80, 81, 82, 83, 84, 85, 86, 87, 88, 89, 90, 91, 92, 93, 94, 95], step=252)
INFO:megatron.core.transformer.moe.reintegration_barrier:BSR-MoE barrier: rank 13 -> REPAIRED_NOT_ROUTED (all preconditions met, step=252)
WARNING:megatron.core.transformer.moe.recovery_controller:[2026-05-20 15:43:29] BSR-MoE controller: reintegration barrier initialized for rank 13 (all preconditions marked, step=252)
WARNING:megatron.core.transformer.moe.recovery_controller:[2026-05-20 15:43:29] BSR-MoE controller: SAFE_POINT_REPAIR → REINTEGRATED (event=safe_point_repair_completed, step=252)
WARNING:megatron.core.transformer.moe.recovery_controller:[2026-05-20 15:43:29] BSR-MoE controller: ⏱️  ✅ SAFE-POINT REPAIR COMPLETED (path=HYBRID_RECOVERY, step=252, failed=13, replacement=13) | Total=0.003s | Breakdown: PhaseA=0.000s, PhaseB=0.003s, PhaseC=0.000s
WARNING:megatron.core.transformer.moe.optimizer_commit_guard:BSR-MoE OptimizerCommitGuard: BLOCKING optimizer.step() at step 252 — explicitly blocked (reason=hard_failure_rank_13_step_252)
INFO:megatron.core.transformer.moe.optimizer_commit_guard:BSR-MoE OptimizerCommitGuard: optimizer.step() SKIPPED at step 252 (reason: iteration_invalidated)
WARNING:megatron.core.transformer.moe.optimizer_commit_guard:BSR-MoE OptimizerCommitGuard: BLOCKING optimizer.step() at step 252 — explicitly blocked (reason=hard_failure_rank_13_step_252)
WARNING:megatron.core.transformer.moe.optimizer_commit_guard:BSR-MoE OptimizerCommitGuard: BLOCKING optimizer.step() at step 252 — explicitly blocked (reason=hard_failure_rank_13_step_252)
INFO:megatron.core.transformer.moe.optimizer_commit_guard:BSR-MoE OptimizerCommitGuard: optimizer.step() SKIPPED at step 252 (reason: iteration_invalidated)
INFO:megatron.core.transformer.moe.optimizer_commit_guard:BSR-MoE OptimizerCommitGuard: optimizer.step() SKIPPED at step 252 (reason: iteration_invalidated)
WARNING:megatron.core.transformer.moe.optimizer_commit_guard:BSR-MoE OptimizerCommitGuard: BLOCKING optimizer.step() at step 252 — explicitly blocked (reason=hard_failure_rank_13_step_252)
INFO:megatron.core.transformer.moe.optimizer_commit_guard:BSR-MoE OptimizerCommitGuard: optimizer.step() SKIPPED at step 252 (reason: iteration_invalidated)
WARNING:megatron.core.transformer.moe.optimizer_commit_guard:BSR-MoE OptimizerCommitGuard: BLOCKING optimizer.step() at step 252 — explicitly blocked (reason=hard_failure_rank_13_step_252)
WARNING:megatron.core.transformer.moe.optimizer_commit_guard:BSR-MoE OptimizerCommitGuard: BLOCKING optimizer.step() at step 252 — explicitly blocked (reason=hard_failure_rank_13_step_252)
INFO:megatron.core.transformer.moe.optimizer_commit_guard:BSR-MoE OptimizerCommitGuard: optimizer.step() SKIPPED at step 252 (reason: iteration_invalidated)
INFO:megatron.core.transformer.moe.optimizer_commit_guard:BSR-MoE OptimizerCommitGuard: optimizer.step() SKIPPED at step 252 (reason: iteration_invalidated)
WARNING:megatron.core.transformer.moe.optimizer_commit_guard:BSR-MoE OptimizerCommitGuard: BLOCKING optimizer.step() at step 252 — explicitly blocked (reason=hard_failure_rank_13_step_252)
WARNING:megatron.core.transformer.moe.optimizer_commit_guard:BSR-MoE OptimizerCommitGuard: BLOCKING optimizer.step() at step 252 — explicitly blocked (reason=hard_failure_rank_13_step_252)
INFO:megatron.core.transformer.moe.optimizer_commit_guard:BSR-MoE OptimizerCommitGuard: optimizer.step() SKIPPED at step 252 (reason: iteration_invalidated)
INFO:megatron.core.transformer.moe.optimizer_commit_guard:BSR-MoE OptimizerCommitGuard: optimizer.step() SKIPPED at step 252 (reason: iteration_invalidated)
 [2026-05-20 15:44:18] iteration      252/     600 | consumed samples:        16128 | elapsed time per iteration (ms): 48720.7 | learning rate: 6.731483E-05 | global batch size:    64 | load_balancing_loss: 1.036291E+00 | loss scale: 1.0 | number of skipped iterations:   1 | number of nan iterations:   0 |
WARNING:megatron.core.transformer.moe.reintegration_barrier:BSR-MoE barrier: rank 13 reintegrated at step 252 (replacement=13, experts=[80, 81, 82, 83, 84, 85, 86, 87, 88, 89, 90, 91, 92, 93, 94, 95])
INFO:megatron.core.transformer.moe.recovery_controller:BSR-MoE controller: barrier reintegration executed for rank 13 at step 252
WARNING:megatron.core.transformer.moe.reintegration_barrier:BSR-MoE barrier: rank 13 reintegrated at step 252 (replacement=13, experts=[80, 81, 82, 83, 84, 85, 86, 87, 88, 89, 90, 91, 92, 93, 94, 95])
INFO:megatron.core.transformer.moe.recovery_controller:BSR-MoE controller: barrier reintegration executed for rank 13 at step 252
WARNING:megatron.core.transformer.moe.recovery_controller:[2026-05-20 15:44:18] BSR-MoE controller: REINTEGRATED → HEALTHY_TRAINING (event=reintegration_finalized, step=252)
WARNING:megatron.core.transformer.moe.reintegration_barrier:BSR-MoE barrier: rank 13 reintegrated at step 252 (replacement=13, experts=[80, 81, 82, 83, 84, 85, 86, 87, 88, 89, 90, 91, 92, 93, 94, 95])
WARNING:megatron.core.transformer.moe.recovery_controller:[2026-05-20 15:44:18] BSR-MoE controller: reintegration finalized at step 252 (1 recoveries completed)
WARNING:megatron.core.transformer.moe.recovery_controller:[2026-05-20 15:44:18] BSR-MoE controller: REINTEGRATED → HEALTHY_TRAINING (event=reintegration_finalized, step=252)
INFO:megatron.core.transformer.moe.recovery_controller:BSR-MoE controller: barrier reintegration executed for rank 13 at step 252
WARNING:megatron.core.transformer.moe.recovery_controller:[2026-05-20 15:44:18] BSR-MoE controller: reintegration finalized at step 252 (1 recoveries completed)
WARNING:megatron.core.transformer.moe.recovery_controller:[2026-05-20 15:44:18] BSR-MoE controller: REINTEGRATED → HEALTHY_TRAINING (event=reintegration_finalized, step=252)
WARNING:megatron.core.transformer.moe.recovery_controller:[2026-05-20 15:44:18] BSR-MoE controller: reintegration finalized at step 252 (1 recoveries completed)
WARNING:megatron.core.transformer.moe.reintegration_barrier:BSR-MoE barrier: rank 13 reintegrated at step 252 (replacement=13, experts=[80, 81, 82, 83, 84, 85, 86, 87, 88, 89, 90, 91, 92, 93, 94, 95])
INFO:megatron.core.transformer.moe.recovery_controller:BSR-MoE controller: barrier reintegration executed for rank 13 at step 252
WARNING:megatron.core.transformer.moe.recovery_controller:[2026-05-20 15:44:18] BSR-MoE controller: REINTEGRATED → HEALTHY_TRAINING (event=reintegration_finalized, step=252)
WARNING:megatron.core.transformer.moe.recovery_controller:[2026-05-20 15:44:18] BSR-MoE controller: reintegration finalized at step 252 (1 recoveries completed)
WARNING:megatron.core.transformer.moe.reintegration_barrier:BSR-MoE barrier: rank 13 reintegrated at step 252 (replacement=13, experts=[80, 81, 82, 83, 84, 85, 86, 87, 88, 89, 90, 91, 92, 93, 94, 95])
WARNING:megatron.core.transformer.moe.reintegration_barrier:BSR-MoE barrier: rank 13 reintegrated at step 252 (replacement=13, experts=[80, 81, 82, 83, 84, 85, 86, 87, 88, 89, 90, 91, 92, 93, 94, 95])
WARNING:megatron.core.transformer.moe.reintegration_barrier:BSR-MoE barrier: rank 13 reintegrated at step 252 (replacement=13, experts=[80, 81, 82, 83, 84, 85, 86, 87, 88, 89, 90, 91, 92, 93, 94, 95])
INFO:megatron.core.transformer.moe.recovery_controller:BSR-MoE controller: barrier reintegration executed for rank 13 at step 252
INFO:megatron.core.transformer.moe.recovery_controller:BSR-MoE controller: barrier reintegration executed for rank 13 at step 252
INFO:megatron.core.transformer.moe.recovery_controller:BSR-MoE controller: barrier reintegration executed for rank 13 at step 252
WARNING:megatron.core.transformer.moe.reintegration_barrier:BSR-MoE barrier: rank 13 reintegrated at step 252 (replacement=13, experts=[80, 81, 82, 83, 84, 85, 86, 87, 88, 89, 90, 91, 92, 93, 94, 95])
INFO:megatron.core.transformer.moe.recovery_controller:BSR-MoE controller: barrier reintegration executed for rank 13 at step 252
WARNING:megatron.core.transformer.moe.recovery_controller:[2026-05-20 15:44:18] BSR-MoE controller: REINTEGRATED → HEALTHY_TRAINING (event=reintegration_finalized, step=252)
WARNING:megatron.core.transformer.moe.recovery_controller:[2026-05-20 15:44:18] BSR-MoE controller: REINTEGRATED → HEALTHY_TRAINING (event=reintegration_finalized, step=252)
WARNING:megatron.core.transformer.moe.recovery_controller:[2026-05-20 15:44:18] BSR-MoE controller: reintegration finalized at step 252 (1 recoveries completed)
WARNING:megatron.core.transformer.moe.recovery_controller:[2026-05-20 15:44:18] BSR-MoE controller: reintegration finalized at step 252 (1 recoveries completed)
WARNING:megatron.core.transformer.moe.recovery_controller:[2026-05-20 15:44:18] BSR-MoE controller: REINTEGRATED → HEALTHY_TRAINING (event=reintegration_finalized, step=252)
WARNING:megatron.core.transformer.moe.recovery_controller:[2026-05-20 15:44:18] BSR-MoE controller: reintegration finalized at step 252 (1 recoveries completed)
WARNING:megatron.core.transformer.moe.recovery_controller:[2026-05-20 15:44:18] BSR-MoE controller: REINTEGRATED → HEALTHY_TRAINING (event=reintegration_finalized, step=252)
WARNING:megatron.core.transformer.moe.recovery_controller:[2026-05-20 15:44:18] BSR-MoE controller: reintegration finalized at step 252 (1 recoveries completed)
 [2026-05-20 15:44:51] iteration      253/     600 | consumed samples:        16192 | elapsed time per iteration (ms): 32789.4 | learning rate: 6.708613E-05 | global batch size:    64 | lm loss: 5.798892E+00 | load_balancing_loss: 1.034324E+00 | loss scale: 1.0 | grad norm: 0.567 | number of skipped iterations:   0 | number of nan iterations:   0 |
WARNING:megatron.core.transformer.moe.bsr_integration:[2026-05-20 15:44:51] BSR-MoE FAULT INJECTION #3: type=restart_in_place, rank=17, step=254, scheduled_step=250, experts=[16, 17, 18, 19, 20, 21, 22, 23, 24, 25, 26, 27, 28, 29, 30, 31], ep_group=[16, 17, 18, 19, 20, 21, 22, 23]
WARNING:megatron.core.transformer.moe.bsr_integration:[2026-05-20 15:44:51] BSR-MoE FAULT INJECTION #3: type=restart_in_place, rank=17, step=254, scheduled_step=250, experts=[16, 17, 18, 19, 20, 21, 22, 23, 24, 25, 26, 27, 28, 29, 30, 31], ep_group=[16, 17, 18, 19, 20, 21, 22, 23]
WARNING:megatron.core.transformer.moe.bsr_integration:[2026-05-20 15:44:51] BSR-MoE FAULT INJECTION #3: type=restart_in_place, rank=17, step=254, scheduled_step=250, experts=[16, 17, 18, 19, 20, 21, 22, 23, 24, 25, 26, 27, 28, 29, 30, 31], ep_group=[16, 17, 18, 19, 20, 21, 22, 23]
WARNING:megatron.core.transformer.moe.recovery_controller:[2026-05-20 15:44:51] BSR-MoE controller: rank 17 HARD FAILURE (step=254, reason=scheduled_restart_in_place_injection, experts=[16, 17, 18, 19, 20, 21, 22, 23, 24, 25, 26, 27, 28, 29, 30, 31], mid_iteration=False)
WARNING:megatron.core.transformer.moe.bsr_integration:[2026-05-20 15:44:51] BSR-MoE FAULT INJECTION #3: type=restart_in_place, rank=17, step=254, scheduled_step=250, experts=[16, 17, 18, 19, 20, 21, 22, 23, 24, 25, 26, 27, 28, 29, 30, 31], ep_group=[16, 17, 18, 19, 20, 21, 22, 23]
WARNING:megatron.core.transformer.moe.bsr_integration:[2026-05-20 15:44:51] BSR-MoE FAULT INJECTION #3: type=restart_in_place, rank=17, step=254, scheduled_step=250, experts=[16, 17, 18, 19, 20, 21, 22, 23, 24, 25, 26, 27, 28, 29, 30, 31], ep_group=[16, 17, 18, 19, 20, 21, 22, 23]
WARNING:megatron.core.transformer.moe.bsr_integration:[2026-05-20 15:44:51] BSR-MoE FAULT INJECTION #3: type=restart_in_place, rank=17, step=254, scheduled_step=250, experts=[16, 17, 18, 19, 20, 21, 22, 23, 24, 25, 26, 27, 28, 29, 30, 31], ep_group=[16, 17, 18, 19, 20, 21, 22, 23]
INFO:megatron.core.transformer.moe.recovery_controller:ExpertRecoveryTracker: experts [16, 17, 18, 19, 20, 21, 22, 23, 24, 25, 26, 27, 28, 29, 30, 31] → RECOVERING (step=254)
WARNING:megatron.core.transformer.moe.recovery_controller:[2026-05-20 15:44:51] BSR-MoE controller: rank 17 HARD FAILURE (step=254, reason=scheduled_restart_in_place_injection, experts=[16, 17, 18, 19, 20, 21, 22, 23, 24, 25, 26, 27, 28, 29, 30, 31], mid_iteration=False)
WARNING:megatron.core.transformer.moe.recovery_controller:[2026-05-20 15:44:51] BSR-MoE controller: rank 17 HARD FAILURE (step=254, reason=scheduled_restart_in_place_injection, experts=[16, 17, 18, 19, 20, 21, 22, 23, 24, 25, 26, 27, 28, 29, 30, 31], mid_iteration=False)
WARNING:megatron.core.transformer.moe.optimizer_commit_guard:OptimizerCommitGuard: commit BLOCKED (step=254, reason=hard_failure_rank_17_step_254)
INFO:megatron.core.transformer.moe.recovery_controller:ExpertRecoveryTracker: experts [16, 17, 18, 19, 20, 21, 22, 23, 24, 25, 26, 27, 28, 29, 30, 31] → RECOVERING (step=254)
WARNING:megatron.core.transformer.moe.bsr_integration:BSR-MoE: optimizer commit blocked for step 254 (hard failure of rank 17)
WARNING:megatron.core.transformer.moe.recovery_controller:[2026-05-20 15:44:51] BSR-MoE controller: rank 17 HARD FAILURE (step=254, reason=scheduled_restart_in_place_injection, experts=[16, 17, 18, 19, 20, 21, 22, 23, 24, 25, 26, 27, 28, 29, 30, 31], mid_iteration=False)
INFO:megatron.core.transformer.moe.recovery_controller:ExpertRecoveryTracker: experts [16, 17, 18, 19, 20, 21, 22, 23, 24, 25, 26, 27, 28, 29, 30, 31] → RECOVERING (step=254)
WARNING:megatron.core.transformer.moe.bsr_integration:[2026-05-20 15:44:51] BSR-MoE FAULT INJECTION #3: type=restart_in_place, rank=17, step=254, scheduled_step=250, experts=[16, 17, 18, 19, 20, 21, 22, 23, 24, 25, 26, 27, 28, 29, 30, 31], ep_group=[16, 17, 18, 19, 20, 21, 22, 23]
WARNING:megatron.core.transformer.moe.bsr_integration:BSR-MoE: entering waiting-for-replacement state (failed_rank=17, step=254, experts=[16, 17, 18, 19, 20, 21, 22, 23, 24, 25, 26, 27, 28, 29, 30, 31])
WARNING:megatron.core.transformer.moe.recovery_controller:[2026-05-20 15:44:51] BSR-MoE controller: rank 17 HARD FAILURE (step=254, reason=scheduled_restart_in_place_injection, experts=[16, 17, 18, 19, 20, 21, 22, 23, 24, 25, 26, 27, 28, 29, 30, 31], mid_iteration=False)
WARNING:megatron.core.transformer.moe.recovery_controller:[2026-05-20 15:44:51] BSR-MoE controller: rank 17 HARD FAILURE (step=254, reason=scheduled_restart_in_place_injection, experts=[16, 17, 18, 19, 20, 21, 22, 23, 24, 25, 26, 27, 28, 29, 30, 31], mid_iteration=False)
WARNING:megatron.core.transformer.moe.optimizer_commit_guard:OptimizerCommitGuard: commit BLOCKED (step=254, reason=hard_failure_rank_17_step_254)
WARNING:megatron.core.transformer.moe.optimizer_commit_guard:OptimizerCommitGuard: commit BLOCKED (step=254, reason=hard_failure_rank_17_step_254)
INFO:megatron.core.transformer.moe.recovery_controller:ExpertRecoveryTracker: experts [16, 17, 18, 19, 20, 21, 22, 23, 24, 25, 26, 27, 28, 29, 30, 31] → RECOVERING (step=254)
WARNING:megatron.core.transformer.moe.bsr_integration:BSR-MoE: optimizer commit blocked for step 254 (hard failure of rank 17)
WARNING:megatron.core.transformer.moe.bsr_integration:BSR-MoE: optimizer commit blocked for step 254 (hard failure of rank 17)
INFO:megatron.core.transformer.moe.recovery_controller:ExpertRecoveryTracker: experts [16, 17, 18, 19, 20, 21, 22, 23, 24, 25, 26, 27, 28, 29, 30, 31] → RECOVERING (step=254)
WARNING:megatron.core.transformer.moe.bsr_integration:BSR-MoE: entering waiting-for-replacement state (failed_rank=17, step=254, experts=[16, 17, 18, 19, 20, 21, 22, 23, 24, 25, 26, 27, 28, 29, 30, 31])
WARNING:megatron.core.transformer.moe.recovery_controller:[2026-05-20 15:44:51] BSR-MoE controller: HEALTHY_TRAINING → PENDING_GROUP_REPAIR (event=hard_rank_failure, step=254)
INFO:megatron.core.transformer.moe.recovery_controller:ExpertRecoveryTracker: experts [16, 17, 18, 19, 20, 21, 22, 23, 24, 25, 26, 27, 28, 29, 30, 31] → RECOVERING (step=254)
WARNING:megatron.core.transformer.moe.optimizer_commit_guard:OptimizerCommitGuard: commit BLOCKED (step=254, reason=hard_failure_rank_17_step_254)
WARNING:megatron.core.transformer.moe.bsr_integration:BSR-MoE: entering waiting-for-replacement state (failed_rank=17, step=254, experts=[16, 17, 18, 19, 20, 21, 22, 23, 24, 25, 26, 27, 28, 29, 30, 31])
WARNING:megatron.core.transformer.moe.recovery_controller:[2026-05-20 15:44:51] BSR-MoE controller: rank 17 HARD FAILURE (step=254, reason=scheduled_restart_in_place_injection, experts=[16, 17, 18, 19, 20, 21, 22, 23, 24, 25, 26, 27, 28, 29, 30, 31], mid_iteration=False)
WARNING:megatron.core.transformer.moe.bsr_integration:BSR-MoE: optimizer commit blocked for step 254 (hard failure of rank 17)
WARNING:megatron.core.transformer.moe.optimizer_commit_guard:OptimizerCommitGuard: commit BLOCKED (step=254, reason=hard_failure_rank_17_step_254)
WARNING:megatron.core.transformer.moe.recovery_controller:[2026-05-20 15:44:51] BSR-MoE controller: replacement assigned — failed_rank=17, replacement_rank=17 (step=254)
WARNING:megatron.core.transformer.moe.bsr_integration:BSR-MoE: entering waiting-for-replacement state (failed_rank=17, step=254, experts=[16, 17, 18, 19, 20, 21, 22, 23, 24, 25, 26, 27, 28, 29, 30, 31])
WARNING:megatron.core.transformer.moe.optimizer_commit_guard:OptimizerCommitGuard: commit BLOCKED (step=254, reason=hard_failure_rank_17_step_254)
WARNING:megatron.core.transformer.moe.bsr_integration:BSR-MoE: optimizer commit blocked for step 254 (hard failure of rank 17)
WARNING:megatron.core.transformer.moe.recovery_controller:[2026-05-20 15:44:51] BSR-MoE controller: HEALTHY_TRAINING → PENDING_GROUP_REPAIR (event=hard_rank_failure, step=254)
WARNING:megatron.core.transformer.moe.bsr_integration:[2026-05-20 15:44:51] BSR-MoE FAULT INJECTION #3: type=restart_in_place, rank=17, step=254, scheduled_step=250, experts=[16, 17, 18, 19, 20, 21, 22, 23, 24, 25, 26, 27, 28, 29, 30, 31], ep_group=[16, 17, 18, 19, 20, 21, 22, 23]
WARNING:megatron.core.transformer.moe.recovery_controller:[2026-05-20 15:44:51] BSR-MoE controller: HEALTHY_TRAINING → PENDING_GROUP_REPAIR (event=hard_rank_failure, step=254)
WARNING:megatron.core.transformer.moe.bsr_integration:BSR-MoE: entering waiting-for-replacement state (failed_rank=17, step=254, experts=[16, 17, 18, 19, 20, 21, 22, 23, 24, 25, 26, 27, 28, 29, 30, 31])
WARNING:megatron.core.transformer.moe.bsr_integration:BSR-MoE: optimizer commit blocked for step 254 (hard failure of rank 17)
INFO:megatron.core.transformer.moe.recovery_controller:ExpertRecoveryTracker: experts [16, 17, 18, 19, 20, 21, 22, 23, 24, 25, 26, 27, 28, 29, 30, 31] → RECOVERING (step=254)
WARNING:megatron.core.transformer.moe.bsr_integration:BSR-MoE: entering waiting-for-replacement state (failed_rank=17, step=254, experts=[16, 17, 18, 19, 20, 21, 22, 23, 24, 25, 26, 27, 28, 29, 30, 31])
WARNING:megatron.core.transformer.moe.recovery_controller:[2026-05-20 15:44:51] BSR-MoE controller: replacement assigned — failed_rank=17, replacement_rank=17 (step=254)
WARNING:megatron.core.transformer.moe.recovery_controller:[2026-05-20 15:44:51] BSR-MoE controller: HEALTHY_TRAINING → PENDING_GROUP_REPAIR (event=hard_rank_failure, step=254)
WARNING:megatron.core.transformer.moe.recovery_controller:[2026-05-20 15:44:51] BSR-MoE controller: replacement assigned — failed_rank=17, replacement_rank=17 (step=254)
WARNING:megatron.core.transformer.moe.optimizer_commit_guard:OptimizerCommitGuard: commit BLOCKED (step=254, reason=hard_failure_rank_17_step_254)
WARNING:megatron.core.transformer.moe.recovery_controller:[2026-05-20 15:44:51] BSR-MoE controller: HEALTHY_TRAINING → PENDING_GROUP_REPAIR (event=hard_rank_failure, step=254)
INFO:megatron.core.transformer.moe.replacement_registry:BSR-MoE replacement: failed_rank=17, replacement_rank=17, NOT_PRESENT → BOOTSTRAPPING (step=254)
WARNING:megatron.core.transformer.moe.bsr_integration:BSR-MoE: optimizer commit blocked for step 254 (hard failure of rank 17)
WARNING:megatron.core.transformer.moe.recovery_controller:[2026-05-20 15:44:51] BSR-MoE controller: replacement assigned — failed_rank=17, replacement_rank=17 (step=254)
WARNING:megatron.core.transformer.moe.replacement_registry:BSR-MoE: replacement announced — failed_rank=17 → replacement_rank=17 (step=254, reason='')
WARNING:megatron.core.transformer.moe.recovery_controller:[2026-05-20 15:44:51] BSR-MoE controller: HEALTHY_TRAINING → PENDING_GROUP_REPAIR (event=hard_rank_failure, step=254)
WARNING:megatron.core.transformer.moe.bsr_integration:BSR-MoE: entering waiting-for-replacement state (failed_rank=17, step=254, experts=[16, 17, 18, 19, 20, 21, 22, 23, 24, 25, 26, 27, 28, 29, 30, 31])
INFO:megatron.core.transformer.moe.replacement_registry:BSR-MoE replacement: failed_rank=17, replacement_rank=17, NOT_PRESENT → BOOTSTRAPPING (step=254)
WARNING:megatron.core.transformer.moe.recovery_controller:[2026-05-20 15:44:51] BSR-MoE controller: rank 17 HARD FAILURE (step=254, reason=scheduled_restart_in_place_injection, experts=[16, 17, 18, 19, 20, 21, 22, 23, 24, 25, 26, 27, 28, 29, 30, 31], mid_iteration=False)
WARNING:megatron.core.transformer.moe.recovery_controller:[2026-05-20 15:44:51] BSR-MoE controller: replacement assigned — failed_rank=17, replacement_rank=17 (step=254)
INFO:megatron.core.transformer.moe.replacement_registry:BSR-MoE replacement: failed_rank=17, replacement_rank=17, NOT_PRESENT → BOOTSTRAPPING (step=254)
WARNING:megatron.core.transformer.moe.replacement_registry:BSR-MoE: replacement announced — failed_rank=17 → replacement_rank=17 (step=254, reason='')
WARNING:megatron.core.transformer.moe.recovery_controller:[2026-05-20 15:44:51] BSR-MoE controller: PENDING_GROUP_REPAIR → WAITING_FOR_REPLACEMENT (event=replacement_assigned, step=254)
WARNING:megatron.core.transformer.moe.recovery_controller:[2026-05-20 15:44:51] BSR-MoE controller: replacement assigned — failed_rank=17, replacement_rank=17 (step=254)
WARNING:megatron.core.transformer.moe.replacement_registry:BSR-MoE: replacement announced — failed_rank=17 → replacement_rank=17 (step=254, reason='')
WARNING:megatron.core.transformer.moe.recovery_controller:[2026-05-20 15:44:51] BSR-MoE controller: replacement ready — failed_rank=17 (step=254)
WARNING:megatron.core.transformer.moe.recovery_controller:[2026-05-20 15:44:51] BSR-MoE controller: HEALTHY_TRAINING → PENDING_GROUP_REPAIR (event=hard_rank_failure, step=254)
INFO:megatron.core.transformer.moe.replacement_registry:BSR-MoE replacement: failed_rank=17, replacement_rank=17, NOT_PRESENT → BOOTSTRAPPING (step=254)
WARNING:megatron.core.transformer.moe.recovery_controller:[2026-05-20 15:44:51] BSR-MoE controller: PENDING_GROUP_REPAIR → WAITING_FOR_REPLACEMENT (event=replacement_assigned, step=254)
INFO:megatron.core.transformer.moe.recovery_controller:ExpertRecoveryTracker: experts [16, 17, 18, 19, 20, 21, 22, 23, 24, 25, 26, 27, 28, 29, 30, 31] → RECOVERING (step=254)
WARNING:megatron.core.transformer.moe.replacement_registry:BSR-MoE: replacement announced — failed_rank=17 → replacement_rank=17 (step=254, reason='')
WARNING:megatron.core.transformer.moe.recovery_controller:[2026-05-20 15:44:51] BSR-MoE controller: WAITING_FOR_REPLACEMENT → SAFE_POINT_REPAIR (event=replacement_ready, step=254)
WARNING:megatron.core.transformer.moe.recovery_controller:[2026-05-20 15:44:51] BSR-MoE controller: PENDING_GROUP_REPAIR → WAITING_FOR_REPLACEMENT (event=replacement_assigned, step=254)
WARNING:megatron.core.transformer.moe.recovery_controller:[2026-05-20 15:44:51] BSR-MoE controller: replacement ready — failed_rank=17 (step=254)
INFO:megatron.core.transformer.moe.replacement_registry:BSR-MoE replacement: failed_rank=17, replacement_rank=17, NOT_PRESENT → BOOTSTRAPPING (step=254)
WARNING:megatron.core.transformer.moe.recovery_controller:BSR-MoE controller: restart-in-place fast path for rank 17 (replacement=self, step=254)
WARNING:megatron.core.transformer.moe.recovery_controller:[2026-05-20 15:44:51] BSR-MoE controller: replacement assigned — failed_rank=17, replacement_rank=17 (step=254)
WARNING:megatron.core.transformer.moe.recovery_controller:[2026-05-20 15:44:51] BSR-MoE controller: replacement ready — failed_rank=17 (step=254)
WARNING:megatron.core.transformer.moe.optimizer_commit_guard:OptimizerCommitGuard: commit BLOCKED (step=254, reason=hard_failure_rank_17_step_254)
INFO:megatron.core.transformer.moe.replacement_registry:BSR-MoE replacement: failed_rank=17, replacement_rank=17, NOT_PRESENT → BOOTSTRAPPING (step=254)
WARNING:megatron.core.transformer.moe.replacement_registry:BSR-MoE: replacement announced — failed_rank=17 → replacement_rank=17 (step=254, reason='')
WARNING:megatron.core.transformer.moe.recovery_controller:[2026-05-20 15:44:51] BSR-MoE controller: PENDING_GROUP_REPAIR → WAITING_FOR_REPLACEMENT (event=replacement_assigned, step=254)
WARNING:megatron.core.transformer.moe.recovery_controller:[2026-05-20 15:44:51] BSR-MoE controller: WAITING_FOR_REPLACEMENT → SAFE_POINT_REPAIR (event=replacement_ready, step=254)
WARNING:megatron.core.transformer.moe.replacement_registry:BSR-MoE: replacement announced — failed_rank=17 → replacement_rank=17 (step=254, reason='')
WARNING:megatron.core.transformer.moe.bsr_integration:BSR-MoE: optimizer commit blocked for step 254 (hard failure of rank 17)
WARNING:megatron.core.transformer.moe.recovery_controller:BSR-MoE controller: restart-in-place fast path for rank 17 (replacement=self, step=254)
WARNING:megatron.core.transformer.moe.recovery_controller:[2026-05-20 15:44:51] BSR-MoE controller: WAITING_FOR_REPLACEMENT → SAFE_POINT_REPAIR (event=replacement_ready, step=254)
WARNING:megatron.core.transformer.moe.recovery_controller:[2026-05-20 15:44:51] BSR-MoE controller: ⏱️  START safe-point repair at step 254 (failed=17, replacement=17)
WARNING:megatron.core.transformer.moe.recovery_controller:[2026-05-20 15:44:51] BSR-MoE controller: replacement ready — failed_rank=17 (step=254)
WARNING:megatron.core.transformer.moe.recovery_controller:[2026-05-20 15:44:51] BSR-MoE controller: PENDING_GROUP_REPAIR → WAITING_FOR_REPLACEMENT (event=replacement_assigned, step=254)
WARNING:megatron.core.transformer.moe.recovery_controller:BSR-MoE controller: restart-in-place fast path for rank 17 (replacement=self, step=254)
WARNING:megatron.core.transformer.moe.bsr_integration:BSR-MoE: entering waiting-for-replacement state (failed_rank=17, step=254, experts=[16, 17, 18, 19, 20, 21, 22, 23, 24, 25, 26, 27, 28, 29, 30, 31])
WARNING:megatron.core.transformer.moe.recovery_controller:[2026-05-20 15:44:51] BSR-MoE controller: WAITING_FOR_REPLACEMENT → SAFE_POINT_REPAIR (event=replacement_ready, step=254)
WARNING:megatron.core.transformer.moe.recovery_controller:[2026-05-20 15:44:51] BSR-MoE controller: ⏱️  START safe-point repair at step 254 (failed=17, replacement=17)
WARNING:megatron.core.transformer.moe.recovery_controller:[2026-05-20 15:44:51] BSR-MoE controller: PENDING_GROUP_REPAIR → WAITING_FOR_REPLACEMENT (event=replacement_assigned, step=254)
WARNING:megatron.core.transformer.moe.recovery_controller:[2026-05-20 15:44:51] BSR-MoE controller: ⏱️  [Phase A] Starting infrastructure repair...
WARNING:megatron.core.transformer.moe.recovery_controller:[2026-05-20 15:44:51] BSR-MoE controller: replacement ready — failed_rank=17 (step=254)
INFO:megatron.core.transformer.moe.replacement_registry:BSR-MoE replacement: failed_rank=17, replacement_rank=17, NOT_PRESENT → BOOTSTRAPPING (step=254)
WARNING:megatron.core.transformer.moe.recovery_controller:BSR-MoE controller: restart-in-place fast path for rank 17 (replacement=self, step=254)
WARNING:megatron.core.transformer.moe.recovery_controller:[2026-05-20 15:44:51] BSR-MoE controller: ⏱️  START safe-point repair at step 254 (failed=17, replacement=17)
WARNING:megatron.core.transformer.moe.recovery_controller:[2026-05-20 15:44:51] BSR-MoE controller: replacement ready — failed_rank=17 (step=254)
WARNING:megatron.core.transformer.moe.replacement_registry:BSR-MoE: replacement announced — failed_rank=17 → replacement_rank=17 (step=254, reason='')
WARNING:megatron.core.transformer.moe.recovery_controller:[2026-05-20 15:44:51] BSR-MoE controller: WAITING_FOR_REPLACEMENT → SAFE_POINT_REPAIR (event=replacement_ready, step=254)
WARNING:megatron.core.transformer.moe.recovery_controller:[2026-05-20 15:44:51] BSR-MoE controller: ⏱️  [Phase A] Starting infrastructure repair...
INFO:megatron.core.transformer.moe.replacement_registry:BSR-MoE replacement: failed_rank=17, replacement_rank=17, BOOTSTRAPPING → READY_FOR_REPAIR (step=254)
WARNING:megatron.core.transformer.moe.recovery_controller:[2026-05-20 15:44:51] BSR-MoE controller: ⏱️  START safe-point repair at step 254 (failed=17, replacement=17)
WARNING:megatron.core.transformer.moe.recovery_controller:[2026-05-20 15:44:51] BSR-MoE controller: ⏱️  [Phase A] Starting infrastructure repair...
WARNING:megatron.core.transformer.moe.recovery_controller:BSR-MoE controller: restart-in-place fast path for rank 17 (replacement=self, step=254)
WARNING:megatron.core.transformer.moe.recovery_controller:[2026-05-20 15:44:51] BSR-MoE controller: HEALTHY_TRAINING → PENDING_GROUP_REPAIR (event=hard_rank_failure, step=254)
WARNING:megatron.core.transformer.moe.recovery_controller:[2026-05-20 15:44:51] BSR-MoE controller: WAITING_FOR_REPLACEMENT → SAFE_POINT_REPAIR (event=replacement_ready, step=254)
WARNING:megatron.core.transformer.moe.recovery_controller:[2026-05-20 15:44:51] BSR-MoE controller: PENDING_GROUP_REPAIR → WAITING_FOR_REPLACEMENT (event=replacement_assigned, step=254)
INFO:megatron.core.transformer.moe.replacement_registry:BSR-MoE replacement: failed_rank=17, replacement_rank=17, READY_FOR_REPAIR → INTEGRATED (step=254)
WARNING:megatron.core.transformer.moe.recovery_controller:BSR-MoE controller: restart-in-place fast path for rank 17 (replacement=self, step=254)
INFO:megatron.core.transformer.moe.replacement_registry:BSR-MoE replacement: failed_rank=17, replacement_rank=17, BOOTSTRAPPING → READY_FOR_REPAIR (step=254)
WARNING:megatron.core.transformer.moe.recovery_controller:[2026-05-20 15:44:51] BSR-MoE controller: ⏱️  START safe-point repair at step 254 (failed=17, replacement=17)
WARNING:megatron.core.transformer.moe.replacement_registry:BSR-MoE: replacement INTEGRATED — failed_rank=17, replacement_rank=17 (step=254)
WARNING:megatron.core.transformer.moe.recovery_controller:[2026-05-20 15:44:51] BSR-MoE controller: replacement ready — failed_rank=17 (step=254)
WARNING:megatron.core.transformer.moe.recovery_controller:[2026-05-20 15:44:51] BSR-MoE controller: ⏱️  [Phase A] Starting infrastructure repair...
INFO:megatron.core.transformer.moe.replacement_registry:BSR-MoE replacement: failed_rank=17, replacement_rank=17, BOOTSTRAPPING → READY_FOR_REPAIR (step=254)
INFO:megatron.core.transformer.moe.replacement_registry:BSR-MoE replacement: failed_rank=17, replacement_rank=17, READY_FOR_REPAIR → INTEGRATED (step=254)
WARNING:megatron.core.transformer.moe.recovery_controller:[2026-05-20 15:44:51] BSR-MoE controller: replacement assigned — failed_rank=17, replacement_rank=17 (step=254)
WARNING:megatron.core.transformer.moe.recovery_controller:[2026-05-20 15:44:51] BSR-MoE controller: ⏱️  START safe-point repair at step 254 (failed=17, replacement=17)
INFO:megatron.core.transformer.moe.replacement_registry:BSR-MoE replacement: failed_rank=17, replacement_rank=17, READY_FOR_REPAIR → INTEGRATED (step=254)
WARNING:megatron.core.transformer.moe.recovery_controller:[2026-05-20 15:44:51] BSR-MoE controller: step1 replacement_integrate elapsed=0.000s (step=254)
WARNING:megatron.core.transformer.moe.recovery_controller:[2026-05-20 15:44:51] BSR-MoE controller: WAITING_FOR_REPLACEMENT → SAFE_POINT_REPAIR (event=replacement_ready, step=254)
WARNING:megatron.core.transformer.moe.recovery_controller:[2026-05-20 15:44:51] BSR-MoE controller: ⏱️  [Phase A] Starting infrastructure repair...
WARNING:megatron.core.transformer.moe.replacement_registry:BSR-MoE: replacement INTEGRATED — failed_rank=17, replacement_rank=17 (step=254)
INFO:megatron.core.transformer.moe.replacement_registry:BSR-MoE replacement: failed_rank=17, replacement_rank=17, BOOTSTRAPPING → READY_FOR_REPAIR (step=254)
WARNING:megatron.core.transformer.moe.recovery_controller:BSR-MoE controller: restart-in-place fast path for rank 17 (replacement=self, step=254)
WARNING:megatron.core.transformer.moe.replacement_registry:BSR-MoE: replacement INTEGRATED — failed_rank=17, replacement_rank=17 (step=254)
WARNING:megatron.core.transformer.moe.recovery_controller:[2026-05-20 15:44:51] BSR-MoE controller: step2 group_rebuild_request elapsed=0.000s (step=254)
WARNING:megatron.core.transformer.moe.recovery_controller:[2026-05-20 15:44:51] BSR-MoE controller: ⏱️  [Phase A] Starting infrastructure repair...
WARNING:megatron.core.transformer.moe.recovery_controller:[2026-05-20 15:44:51] BSR-MoE controller: step1 replacement_integrate elapsed=0.000s (step=254)
INFO:megatron.core.transformer.moe.replacement_registry:BSR-MoE replacement: failed_rank=17, replacement_rank=17, READY_FOR_REPAIR → INTEGRATED (step=254)
WARNING:megatron.core.transformer.moe.recovery_controller:[2026-05-20 15:44:51] BSR-MoE controller: step3 group_rebuild_execute elapsed=0.000s (step=254)
INFO:megatron.core.transformer.moe.replacement_registry:BSR-MoE replacement: failed_rank=17, replacement_rank=17, BOOTSTRAPPING → READY_FOR_REPAIR (step=254)
WARNING:megatron.core.transformer.moe.recovery_controller:[2026-05-20 15:44:51] BSR-MoE controller: step1 replacement_integrate elapsed=0.000s (step=254)
WARNING:megatron.core.transformer.moe.recovery_controller:[2026-05-20 15:44:51] BSR-MoE controller: ⏱️  START safe-point repair at step 254 (failed=17, replacement=17)
WARNING:megatron.core.transformer.moe.recovery_controller:[2026-05-20 15:44:51] BSR-MoE controller: step2 group_rebuild_request elapsed=0.000s (step=254)
WARNING:megatron.core.transformer.moe.replacement_registry:BSR-MoE: replacement INTEGRATED — failed_rank=17, replacement_rank=17 (step=254)
WARNING:megatron.core.transformer.moe.recovery_controller:[2026-05-20 15:44:51] BSR-MoE controller: step4 group_rebuild_finish elapsed=0.000s (step=254)
INFO:megatron.core.transformer.moe.replacement_registry:BSR-MoE replacement: failed_rank=17, replacement_rank=17, READY_FOR_REPAIR → INTEGRATED (step=254)
WARNING:megatron.core.transformer.moe.recovery_controller:[2026-05-20 15:44:51] BSR-MoE controller: step2 group_rebuild_request elapsed=0.000s (step=254)
WARNING:megatron.core.transformer.moe.recovery_controller:[2026-05-20 15:44:51] BSR-MoE controller: step3 group_rebuild_execute elapsed=0.000s (step=254)
WARNING:megatron.core.transformer.moe.recovery_controller:[2026-05-20 15:44:51] BSR-MoE controller: step5 topology_refresh elapsed=0.000s (step=254)
INFO:megatron.core.transformer.moe.replacement_registry:BSR-MoE replacement: failed_rank=17, replacement_rank=17, BOOTSTRAPPING → READY_FOR_REPAIR (step=254)
INFO:megatron.core.transformer.moe.replacement_registry:BSR-MoE replacement: failed_rank=17, replacement_rank=17, NOT_PRESENT → BOOTSTRAPPING (step=254)
WARNING:megatron.core.transformer.moe.replacement_registry:BSR-MoE: replacement INTEGRATED — failed_rank=17, replacement_rank=17 (step=254)
WARNING:megatron.core.transformer.moe.recovery_controller:[2026-05-20 15:44:51] BSR-MoE controller: step3 group_rebuild_execute elapsed=0.000s (step=254)
WARNING:megatron.core.transformer.moe.recovery_controller:[2026-05-20 15:44:51] BSR-MoE controller: step1 replacement_integrate elapsed=0.000s (step=254)
WARNING:megatron.core.transformer.moe.recovery_controller:[2026-05-20 15:44:51] BSR-MoE controller: step4 group_rebuild_finish elapsed=0.000s (step=254)
WARNING:megatron.core.transformer.moe.recovery_controller:[2026-05-20 15:44:51] BSR-MoE controller: ⏱️  [Phase A] Starting infrastructure repair...
WARNING:megatron.core.transformer.moe.replacement_registry:BSR-MoE: replacement announced — failed_rank=17 → replacement_rank=17 (step=254, reason='')
WARNING:megatron.core.transformer.moe.recovery_controller:[2026-05-20 15:44:51] BSR-MoE controller: ⏱️  [Phase A] Infrastructure repair COMPLETED (elapsed=0.000s)
INFO:megatron.core.transformer.moe.replacement_registry:BSR-MoE replacement: failed_rank=17, replacement_rank=17, READY_FOR_REPAIR → INTEGRATED (step=254)
WARNING:megatron.core.transformer.moe.recovery_controller:[2026-05-20 15:44:51] BSR-MoE controller: step4 group_rebuild_finish elapsed=0.000s (step=254)
WARNING:megatron.core.transformer.moe.recovery_controller:[2026-05-20 15:44:51] BSR-MoE controller: step1 replacement_integrate elapsed=0.000s (step=254)
WARNING:megatron.core.transformer.moe.recovery_controller:[2026-05-20 15:44:51] BSR-MoE controller: step2 group_rebuild_request elapsed=0.000s (step=254)
WARNING:megatron.core.transformer.moe.recovery_controller:[2026-05-20 15:44:51] BSR-MoE controller: step5 topology_refresh elapsed=0.000s (step=254)
WARNING:megatron.core.transformer.moe.recovery_controller:[2026-05-20 15:44:51] BSR-MoE controller: ⏱️  [Phase B] Starting parameter recovery...
WARNING:megatron.core.transformer.moe.replacement_registry:BSR-MoE: replacement INTEGRATED — failed_rank=17, replacement_rank=17 (step=254)
WARNING:megatron.core.transformer.moe.recovery_controller:[2026-05-20 15:44:51] BSR-MoE controller: step5 topology_refresh elapsed=0.000s (step=254)
WARNING:megatron.core.transformer.moe.recovery_controller:[2026-05-20 15:44:51] BSR-MoE controller: step3 group_rebuild_execute elapsed=0.000s (step=254)
WARNING:megatron.core.transformer.moe.recovery_controller:[2026-05-20 15:44:51] BSR-MoE controller: step2 group_rebuild_request elapsed=0.000s (step=254)
WARNING:megatron.core.transformer.moe.recovery_controller:[2026-05-20 15:44:51] BSR-MoE controller: ⏱️  [Phase A] Infrastructure repair COMPLETED (elapsed=0.000s)
WARNING:megatron.core.transformer.moe.recovery_controller:[2026-05-20 15:44:51] BSR-MoE controller: PENDING_GROUP_REPAIR → WAITING_FOR_REPLACEMENT (event=replacement_assigned, step=254)
INFO:megatron.core.transformer.moe.replacement_registry:BSR-MoE replacement: failed_rank=17, replacement_rank=17, BOOTSTRAPPING → READY_FOR_REPAIR (step=254)
WARNING:megatron.core.transformer.moe.recovery_controller:[2026-05-20 15:44:51] BSR-MoE controller: ⏱️  [Phase A] Infrastructure repair COMPLETED (elapsed=0.000s)
WARNING:megatron.core.transformer.moe.recovery_controller:[2026-05-20 15:44:51] BSR-MoE controller: step4 group_rebuild_finish elapsed=0.000s (step=254)
WARNING:megatron.core.transformer.moe.recovery_controller:[2026-05-20 15:44:51] BSR-MoE controller: step3 group_rebuild_execute elapsed=0.000s (step=254)
WARNING:megatron.core.transformer.moe.recovery_controller:[2026-05-20 15:44:51] BSR-MoE controller: step1 replacement_integrate elapsed=0.000s (step=254)
WARNING:megatron.core.transformer.moe.recovery_controller:[2026-05-20 15:44:51] BSR-MoE controller: ⏱️  [Phase B] Starting parameter recovery...
INFO:megatron.core.transformer.moe.replacement_registry:BSR-MoE replacement: failed_rank=17, replacement_rank=17, READY_FOR_REPAIR → INTEGRATED (step=254)
WARNING:megatron.core.transformer.moe.recovery_controller:[2026-05-20 15:44:51] BSR-MoE controller: replacement ready — failed_rank=17 (step=254)
WARNING:megatron.core.transformer.moe.recovery_controller:[2026-05-20 15:44:51] BSR-MoE controller: ⏱️  [Phase B] Starting parameter recovery...
WARNING:megatron.core.transformer.moe.recovery_controller:[2026-05-20 15:44:51] BSR-MoE controller: step5 topology_refresh elapsed=0.000s (step=254)
WARNING:megatron.core.transformer.moe.recovery_controller:[2026-05-20 15:44:51] BSR-MoE controller: step4 group_rebuild_finish elapsed=0.000s (step=254)
WARNING:megatron.core.transformer.moe.recovery_controller:[2026-05-20 15:44:51] BSR-MoE controller: step2 group_rebuild_request elapsed=0.000s (step=254)
WARNING:megatron.core.transformer.moe.replacement_registry:BSR-MoE: replacement INTEGRATED — failed_rank=17, replacement_rank=17 (step=254)
WARNING:megatron.core.transformer.moe.recovery_controller:[2026-05-20 15:44:51] BSR-MoE controller: ⏱️  [Phase A] Infrastructure repair COMPLETED (elapsed=0.000s)
WARNING:megatron.core.transformer.moe.recovery_controller:[2026-05-20 15:44:51] BSR-MoE controller: step5 topology_refresh elapsed=0.000s (step=254)
WARNING:megatron.core.transformer.moe.recovery_controller:[2026-05-20 15:44:51] BSR-MoE controller: WAITING_FOR_REPLACEMENT → SAFE_POINT_REPAIR (event=replacement_ready, step=254)
WARNING:megatron.core.transformer.moe.recovery_controller:[2026-05-20 15:44:51] BSR-MoE controller: step3 group_rebuild_execute elapsed=0.000s (step=254)
WARNING:megatron.core.transformer.moe.recovery_controller:[2026-05-20 15:44:51] BSR-MoE controller: step1 replacement_integrate elapsed=0.000s (step=254)
WARNING:megatron.core.transformer.moe.recovery_controller:[2026-05-20 15:44:51] BSR-MoE controller: ⏱️  [Phase B] Starting parameter recovery...
WARNING:megatron.core.transformer.moe.recovery_controller:BSR-MoE controller: restart-in-place fast path for rank 17 (replacement=self, step=254)
WARNING:megatron.core.transformer.moe.recovery_controller:[2026-05-20 15:44:51] BSR-MoE controller: ⏱️  [Phase A] Infrastructure repair COMPLETED (elapsed=0.000s)
WARNING:megatron.core.transformer.moe.recovery_controller:[2026-05-20 15:44:51] BSR-MoE controller: step4 group_rebuild_finish elapsed=0.000s (step=254)
WARNING:megatron.core.transformer.moe.recovery_controller:[2026-05-20 15:44:51] BSR-MoE controller: step2 group_rebuild_request elapsed=0.000s (step=254)
WARNING:megatron.core.transformer.moe.recovery_controller:[2026-05-20 15:44:51] BSR-MoE controller: ⏱️  [Phase B] Starting parameter recovery...
WARNING:megatron.core.transformer.moe.recovery_controller:[2026-05-20 15:44:51] BSR-MoE controller: step5 topology_refresh elapsed=0.000s (step=254)
WARNING:megatron.core.transformer.moe.recovery_controller:[2026-05-20 15:44:51] BSR-MoE controller: step3 group_rebuild_execute elapsed=0.000s (step=254)
WARNING:megatron.core.transformer.moe.recovery_controller:[2026-05-20 15:44:51] BSR-MoE controller: ⏱️  START safe-point repair at step 254 (failed=17, replacement=17)
WARNING:megatron.core.transformer.moe.recovery_controller:[2026-05-20 15:44:51] BSR-MoE controller: ⏱️  [Phase A] Infrastructure repair COMPLETED (elapsed=0.000s)
WARNING:megatron.core.transformer.moe.recovery_controller:[2026-05-20 15:44:51] BSR-MoE controller: step4 group_rebuild_finish elapsed=0.000s (step=254)
WARNING:megatron.core.transformer.moe.recovery_controller:[2026-05-20 15:44:51] BSR-MoE controller: ⏱️  [Phase B] Starting parameter recovery...
WARNING:megatron.core.transformer.moe.recovery_controller:[2026-05-20 15:44:51] BSR-MoE controller: step5 topology_refresh elapsed=0.000s (step=254)
WARNING:megatron.core.transformer.moe.recovery_controller:[2026-05-20 15:44:51] BSR-MoE controller: ⏱️  [Phase A] Starting infrastructure repair...
WARNING:megatron.core.transformer.moe.recovery_controller:[2026-05-20 15:44:51] BSR-MoE controller: ⏱️  [Phase A] Infrastructure repair COMPLETED (elapsed=0.000s)
WARNING:megatron.core.transformer.moe.recovery_controller:[2026-05-20 15:44:51] BSR-MoE controller: ⏱️  [Phase B] Starting parameter recovery...
INFO:megatron.core.transformer.moe.replacement_registry:BSR-MoE replacement: failed_rank=17, replacement_rank=17, BOOTSTRAPPING → READY_FOR_REPAIR (step=254)
INFO:megatron.core.transformer.moe.replacement_registry:BSR-MoE replacement: failed_rank=17, replacement_rank=17, READY_FOR_REPAIR → INTEGRATED (step=254)
WARNING:megatron.core.transformer.moe.replacement_registry:BSR-MoE: replacement INTEGRATED — failed_rank=17, replacement_rank=17 (step=254)
WARNING:megatron.core.transformer.moe.recovery_controller:[2026-05-20 15:44:51] BSR-MoE controller: step1 replacement_integrate elapsed=0.000s (step=254)
WARNING:megatron.core.transformer.moe.recovery_controller:[2026-05-20 15:44:51] BSR-MoE controller: step2 group_rebuild_request elapsed=0.000s (step=254)
WARNING:megatron.core.transformer.moe.recovery_controller:[2026-05-20 15:44:51] BSR-MoE controller: step3 group_rebuild_execute elapsed=0.000s (step=254)
WARNING:megatron.core.transformer.moe.recovery_controller:[2026-05-20 15:44:51] BSR-MoE controller: step4 group_rebuild_finish elapsed=0.000s (step=254)
WARNING:megatron.core.transformer.moe.recovery_controller:[2026-05-20 15:44:51] BSR-MoE controller: step5 topology_refresh elapsed=0.000s (step=254)
WARNING:megatron.core.transformer.moe.recovery_controller:[2026-05-20 15:44:51] BSR-MoE controller: ⏱️  [Phase A] Infrastructure repair COMPLETED (elapsed=0.000s)
WARNING:megatron.core.transformer.moe.recovery_controller:[2026-05-20 15:44:51] BSR-MoE controller: ⏱️  [Phase B] Starting parameter recovery...
INFO:megatron.core.transformer.moe.bsr_integration:BSR-MoE: found latest checkpoint with BSR manifest at /mnt/ais-c1/dataset/zds/find_multi_fault/5.20/step_250_faults_8/ckpt/iter_0000200 (step=200)
INFO:megatron.core.transformer.moe.bsr_integration:BSR-MoE: found latest checkpoint with BSR manifest at /mnt/ais-c1/dataset/zds/find_multi_fault/5.20/step_250_faults_8/ckpt/iter_0000200 (step=200)
WARNING:megatron.core.transformer.moe.recovery_controller:[2026-05-20 15:44:51] BSR-MoE controller: HYBRID_RECOVERY path — dense from DP peer, experts from checkpoint (step=254, failed=17, replacement=17)
WARNING:megatron.core.transformer.moe.recovery_controller:[2026-05-20 15:44:51] BSR-MoE controller: HYBRID_RECOVERY path — dense from DP peer, experts from checkpoint (step=254, failed=17, replacement=17)
WARNING:megatron.core.transformer.moe.recovery_controller:[2026-05-20 15:44:51] BSR-MoE controller: dense_sync elapsed=0.000s (step=254)
WARNING:megatron.core.transformer.moe.recovery_controller:[2026-05-20 15:44:51] BSR-MoE controller: expert_restore (sync weights, deferred optimizer) elapsed=0.000s (step=254)
WARNING:megatron.core.transformer.moe.recovery_controller:[2026-05-20 15:44:51] BSR-MoE controller: ⏱️  [Phase B] Parameter recovery COMPLETED (path=HYBRID_RECOVERY, elapsed=0.009s)
WARNING:megatron.core.transformer.moe.recovery_controller:[2026-05-20 15:44:51] BSR-MoE controller: dense_sync elapsed=0.000s (step=254)
WARNING:megatron.core.transformer.moe.recovery_controller:[2026-05-20 15:44:51] BSR-MoE controller: expert_restore (sync weights, deferred optimizer) elapsed=0.000s (step=254)
INFO:megatron.core.transformer.moe.bsr_integration:BSR-MoE post-recovery convergence: views consistent after HYBRID_RECOVERY path (step=254)
WARNING:megatron.core.transformer.moe.recovery_controller:[2026-05-20 15:44:51] BSR-MoE controller: ⏱️  [Phase B] Parameter recovery COMPLETED (path=HYBRID_RECOVERY, elapsed=0.009s)
WARNING:megatron.core.transformer.moe.recovery_controller:[2026-05-20 15:44:51] BSR-MoE controller: ⏱️  [Phase B→C] Post-recovery convergence completed (path=HYBRID_RECOVERY, elapsed=0.000s, step=254)
WARNING:megatron.core.transformer.moe.recovery_controller:[2026-05-20 15:44:51] BSR-MoE controller: ⏱️  [Phase C] Starting post-repair...
INFO:megatron.core.transformer.moe.bsr_integration:BSR-MoE post-recovery convergence: views consistent after HYBRID_RECOVERY path (step=254)
INFO:megatron.core.transformer.moe.reintegration_barrier:BSR-MoE barrier: begin reintegration for rank 17 -> 17 (experts=[16, 17, 18, 19, 20, 21, 22, 23, 24, 25, 26, 27, 28, 29, 30, 31], step=254)
WARNING:megatron.core.transformer.moe.recovery_controller:[2026-05-20 15:44:51] BSR-MoE controller: ⏱️  [Phase B→C] Post-recovery convergence completed (path=HYBRID_RECOVERY, elapsed=0.000s, step=254)
WARNING:megatron.core.transformer.moe.recovery_controller:[2026-05-20 15:44:51] BSR-MoE controller: ⏱️  [Phase C] Starting post-repair...
INFO:megatron.core.transformer.moe.reintegration_barrier:BSR-MoE barrier: rank 17 -> REPAIRED_NOT_ROUTED (all preconditions met, step=254)
WARNING:megatron.core.transformer.moe.recovery_controller:[2026-05-20 15:44:51] BSR-MoE controller: reintegration barrier initialized for rank 17 (all preconditions marked, step=254)
WARNING:megatron.core.transformer.moe.recovery_controller:[2026-05-20 15:44:51] BSR-MoE controller: SAFE_POINT_REPAIR → REINTEGRATED (event=safe_point_repair_completed, step=254)
INFO:megatron.core.transformer.moe.reintegration_barrier:BSR-MoE barrier: begin reintegration for rank 17 -> 17 (experts=[16, 17, 18, 19, 20, 21, 22, 23, 24, 25, 26, 27, 28, 29, 30, 31], step=254)
WARNING:megatron.core.transformer.moe.recovery_controller:[2026-05-20 15:44:51] BSR-MoE controller: ⏱️  ✅ SAFE-POINT REPAIR COMPLETED (path=HYBRID_RECOVERY, step=254, failed=17, replacement=17) | Total=0.009s | Breakdown: PhaseA=0.000s, PhaseB=0.009s, PhaseC=0.000s
INFO:megatron.core.transformer.moe.reintegration_barrier:BSR-MoE barrier: rank 17 -> REPAIRED_NOT_ROUTED (all preconditions met, step=254)
WARNING:megatron.core.transformer.moe.recovery_controller:[2026-05-20 15:44:51] BSR-MoE controller: reintegration barrier initialized for rank 17 (all preconditions marked, step=254)
WARNING:megatron.core.transformer.moe.recovery_controller:[2026-05-20 15:44:51] BSR-MoE controller: SAFE_POINT_REPAIR → REINTEGRATED (event=safe_point_repair_completed, step=254)
WARNING:megatron.core.transformer.moe.recovery_controller:[2026-05-20 15:44:51] BSR-MoE controller: ⏱️  ✅ SAFE-POINT REPAIR COMPLETED (path=HYBRID_RECOVERY, step=254, failed=17, replacement=17) | Total=0.010s | Breakdown: PhaseA=0.000s, PhaseB=0.009s, PhaseC=0.000s
INFO:megatron.core.transformer.moe.bsr_integration:BSR-MoE: found latest checkpoint with BSR manifest at /mnt/ais-c1/dataset/zds/find_multi_fault/5.20/step_250_faults_8/ckpt/iter_0000200 (step=200)
INFO:megatron.core.transformer.moe.bsr_integration:BSR-MoE: found latest checkpoint with BSR manifest at /mnt/ais-c1/dataset/zds/find_multi_fault/5.20/step_250_faults_8/ckpt/iter_0000200 (step=200)
INFO:megatron.core.transformer.moe.bsr_integration:BSR-MoE: found latest checkpoint with BSR manifest at /mnt/ais-c1/dataset/zds/find_multi_fault/5.20/step_250_faults_8/ckpt/iter_0000200 (step=200)
INFO:megatron.core.transformer.moe.bsr_integration:BSR-MoE: found latest checkpoint with BSR manifest at /mnt/ais-c1/dataset/zds/find_multi_fault/5.20/step_250_faults_8/ckpt/iter_0000200 (step=200)
INFO:megatron.core.transformer.moe.bsr_integration:BSR-MoE: found latest checkpoint with BSR manifest at /mnt/ais-c1/dataset/zds/find_multi_fault/5.20/step_250_faults_8/ckpt/iter_0000200 (step=200)
INFO:megatron.core.transformer.moe.bsr_integration:BSR-MoE: found latest checkpoint with BSR manifest at /mnt/ais-c1/dataset/zds/find_multi_fault/5.20/step_250_faults_8/ckpt/iter_0000200 (step=200)
WARNING:megatron.core.transformer.moe.recovery_controller:[2026-05-20 15:44:51] BSR-MoE controller: HYBRID_RECOVERY path — dense from DP peer, experts from checkpoint (step=254, failed=17, replacement=17)
WARNING:megatron.core.transformer.moe.recovery_controller:[2026-05-20 15:44:51] BSR-MoE controller: dense_sync elapsed=0.000s (step=254)
WARNING:megatron.core.transformer.moe.recovery_controller:[2026-05-20 15:44:51] BSR-MoE controller: expert_restore (sync weights, deferred optimizer) elapsed=0.000s (step=254)
WARNING:megatron.core.transformer.moe.recovery_controller:[2026-05-20 15:44:51] BSR-MoE controller: ⏱️  [Phase B] Parameter recovery COMPLETED (path=HYBRID_RECOVERY, elapsed=0.084s)
WARNING:megatron.core.transformer.moe.recovery_controller:[2026-05-20 15:44:51] BSR-MoE controller: HYBRID_RECOVERY path — dense from DP peer, experts from checkpoint (step=254, failed=17, replacement=17)
INFO:megatron.core.transformer.moe.bsr_integration:BSR-MoE post-recovery convergence: views consistent after HYBRID_RECOVERY path (step=254)
WARNING:megatron.core.transformer.moe.recovery_controller:[2026-05-20 15:44:51] BSR-MoE controller: dense_sync elapsed=0.000s (step=254)
WARNING:megatron.core.transformer.moe.recovery_controller:[2026-05-20 15:44:51] BSR-MoE controller: ⏱️  [Phase B→C] Post-recovery convergence completed (path=HYBRID_RECOVERY, elapsed=0.000s, step=254)
WARNING:megatron.core.transformer.moe.recovery_controller:[2026-05-20 15:44:51] BSR-MoE controller: ⏱️  [Phase C] Starting post-repair...
WARNING:megatron.core.transformer.moe.recovery_controller:[2026-05-20 15:44:51] BSR-MoE controller: HYBRID_RECOVERY path — dense from DP peer, experts from checkpoint (step=254, failed=17, replacement=17)
WARNING:megatron.core.transformer.moe.recovery_controller:[2026-05-20 15:44:51] BSR-MoE controller: expert_restore (sync weights, deferred optimizer) elapsed=0.000s (step=254)
WARNING:megatron.core.transformer.moe.recovery_controller:[2026-05-20 15:44:51] BSR-MoE controller: ⏱️  [Phase B] Parameter recovery COMPLETED (path=HYBRID_RECOVERY, elapsed=0.084s)
INFO:megatron.core.transformer.moe.reintegration_barrier:BSR-MoE barrier: begin reintegration for rank 17 -> 17 (experts=[16, 17, 18, 19, 20, 21, 22, 23, 24, 25, 26, 27, 28, 29, 30, 31], step=254)
WARNING:megatron.core.transformer.moe.recovery_controller:[2026-05-20 15:44:51] BSR-MoE controller: dense_sync elapsed=0.000s (step=254)
WARNING:megatron.core.transformer.moe.recovery_controller:[2026-05-20 15:44:51] BSR-MoE controller: HYBRID_RECOVERY path — dense from DP peer, experts from checkpoint (step=254, failed=17, replacement=17)
INFO:megatron.core.transformer.moe.bsr_integration:BSR-MoE post-recovery convergence: views consistent after HYBRID_RECOVERY path (step=254)
WARNING:megatron.core.transformer.moe.recovery_controller:[2026-05-20 15:44:51] BSR-MoE controller: expert_restore (sync weights, deferred optimizer) elapsed=0.000s (step=254)
INFO:megatron.core.transformer.moe.reintegration_barrier:BSR-MoE barrier: rank 17 -> REPAIRED_NOT_ROUTED (all preconditions met, step=254)
WARNING:megatron.core.transformer.moe.recovery_controller:[2026-05-20 15:44:51] BSR-MoE controller: ⏱️  [Phase B→C] Post-recovery convergence completed (path=HYBRID_RECOVERY, elapsed=0.000s, step=254)
WARNING:megatron.core.transformer.moe.recovery_controller:[2026-05-20 15:44:51] BSR-MoE controller: ⏱️  [Phase B] Parameter recovery COMPLETED (path=HYBRID_RECOVERY, elapsed=0.084s)
WARNING:megatron.core.transformer.moe.recovery_controller:[2026-05-20 15:44:51] BSR-MoE controller: reintegration barrier initialized for rank 17 (all preconditions marked, step=254)
WARNING:megatron.core.transformer.moe.recovery_controller:[2026-05-20 15:44:51] BSR-MoE controller: ⏱️  [Phase C] Starting post-repair...
WARNING:megatron.core.transformer.moe.recovery_controller:[2026-05-20 15:44:51] BSR-MoE controller: SAFE_POINT_REPAIR → REINTEGRATED (event=safe_point_repair_completed, step=254)
WARNING:megatron.core.transformer.moe.recovery_controller:[2026-05-20 15:44:51] BSR-MoE controller: dense_sync elapsed=0.000s (step=254)
WARNING:megatron.core.transformer.moe.recovery_controller:[2026-05-20 15:44:51] BSR-MoE controller: ⏱️  ✅ SAFE-POINT REPAIR COMPLETED (path=HYBRID_RECOVERY, step=254, failed=17, replacement=17) | Total=0.085s | Breakdown: PhaseA=0.000s, PhaseB=0.084s, PhaseC=0.000s
INFO:megatron.core.transformer.moe.bsr_integration:BSR-MoE post-recovery convergence: views consistent after HYBRID_RECOVERY path (step=254)
WARNING:megatron.core.transformer.moe.recovery_controller:[2026-05-20 15:44:51] BSR-MoE controller: expert_restore (sync weights, deferred optimizer) elapsed=0.000s (step=254)
INFO:megatron.core.transformer.moe.reintegration_barrier:BSR-MoE barrier: begin reintegration for rank 17 -> 17 (experts=[16, 17, 18, 19, 20, 21, 22, 23, 24, 25, 26, 27, 28, 29, 30, 31], step=254)
WARNING:megatron.core.transformer.moe.recovery_controller:[2026-05-20 15:44:51] BSR-MoE controller: ⏱️  [Phase B→C] Post-recovery convergence completed (path=HYBRID_RECOVERY, elapsed=0.000s, step=254)
WARNING:megatron.core.transformer.moe.recovery_controller:[2026-05-20 15:44:51] BSR-MoE controller: HYBRID_RECOVERY path — dense from DP peer, experts from checkpoint (step=254, failed=17, replacement=17)
WARNING:megatron.core.transformer.moe.recovery_controller:[2026-05-20 15:44:51] BSR-MoE controller: ⏱️  [Phase B] Parameter recovery COMPLETED (path=HYBRID_RECOVERY, elapsed=0.084s)
WARNING:megatron.core.transformer.moe.recovery_controller:[2026-05-20 15:44:51] BSR-MoE controller: ⏱️  [Phase C] Starting post-repair...
INFO:megatron.core.transformer.moe.reintegration_barrier:BSR-MoE barrier: rank 17 -> REPAIRED_NOT_ROUTED (all preconditions met, step=254)
WARNING:megatron.core.transformer.moe.recovery_controller:[2026-05-20 15:44:51] BSR-MoE controller: dense_sync elapsed=0.000s (step=254)
WARNING:megatron.core.transformer.moe.recovery_controller:[2026-05-20 15:44:51] BSR-MoE controller: reintegration barrier initialized for rank 17 (all preconditions marked, step=254)
INFO:megatron.core.transformer.moe.bsr_integration:BSR-MoE post-recovery convergence: views consistent after HYBRID_RECOVERY path (step=254)
INFO:megatron.core.transformer.moe.reintegration_barrier:BSR-MoE barrier: begin reintegration for rank 17 -> 17 (experts=[16, 17, 18, 19, 20, 21, 22, 23, 24, 25, 26, 27, 28, 29, 30, 31], step=254)
WARNING:megatron.core.transformer.moe.recovery_controller:[2026-05-20 15:44:51] BSR-MoE controller: SAFE_POINT_REPAIR → REINTEGRATED (event=safe_point_repair_completed, step=254)
WARNING:megatron.core.transformer.moe.recovery_controller:[2026-05-20 15:44:51] BSR-MoE controller: HYBRID_RECOVERY path — dense from DP peer, experts from checkpoint (step=254, failed=17, replacement=17)
WARNING:megatron.core.transformer.moe.recovery_controller:[2026-05-20 15:44:51] BSR-MoE controller: ⏱️  [Phase B→C] Post-recovery convergence completed (path=HYBRID_RECOVERY, elapsed=0.000s, step=254)
WARNING:megatron.core.transformer.moe.recovery_controller:[2026-05-20 15:44:51] BSR-MoE controller: expert_restore (sync weights, deferred optimizer) elapsed=0.000s (step=254)
WARNING:megatron.core.transformer.moe.recovery_controller:[2026-05-20 15:44:51] BSR-MoE controller: ⏱️  ✅ SAFE-POINT REPAIR COMPLETED (path=HYBRID_RECOVERY, step=254, failed=17, replacement=17) | Total=0.085s | Breakdown: PhaseA=0.000s, PhaseB=0.084s, PhaseC=0.000s
WARNING:megatron.core.transformer.moe.recovery_controller:[2026-05-20 15:44:51] BSR-MoE controller: ⏱️  [Phase C] Starting post-repair...
WARNING:megatron.core.transformer.moe.recovery_controller:[2026-05-20 15:44:51] BSR-MoE controller: ⏱️  [Phase B] Parameter recovery COMPLETED (path=HYBRID_RECOVERY, elapsed=0.085s)
INFO:megatron.core.transformer.moe.reintegration_barrier:BSR-MoE barrier: rank 17 -> REPAIRED_NOT_ROUTED (all preconditions met, step=254)
WARNING:megatron.core.transformer.moe.recovery_controller:[2026-05-20 15:44:51] BSR-MoE controller: reintegration barrier initialized for rank 17 (all preconditions marked, step=254)
INFO:megatron.core.transformer.moe.reintegration_barrier:BSR-MoE barrier: begin reintegration for rank 17 -> 17 (experts=[16, 17, 18, 19, 20, 21, 22, 23, 24, 25, 26, 27, 28, 29, 30, 31], step=254)
WARNING:megatron.core.transformer.moe.recovery_controller:[2026-05-20 15:44:51] BSR-MoE controller: SAFE_POINT_REPAIR → REINTEGRATED (event=safe_point_repair_completed, step=254)
INFO:megatron.core.transformer.moe.bsr_integration:BSR-MoE post-recovery convergence: views consistent after HYBRID_RECOVERY path (step=254)
WARNING:megatron.core.transformer.moe.recovery_controller:[2026-05-20 15:44:51] BSR-MoE controller: ⏱️  ✅ SAFE-POINT REPAIR COMPLETED (path=HYBRID_RECOVERY, step=254, failed=17, replacement=17) | Total=0.085s | Breakdown: PhaseA=0.000s, PhaseB=0.084s, PhaseC=0.000s
WARNING:megatron.core.transformer.moe.recovery_controller:[2026-05-20 15:44:51] BSR-MoE controller: ⏱️  [Phase B→C] Post-recovery convergence completed (path=HYBRID_RECOVERY, elapsed=0.000s, step=254)
WARNING:megatron.core.transformer.moe.recovery_controller:[2026-05-20 15:44:51] BSR-MoE controller: dense_sync elapsed=0.000s (step=254)
WARNING:megatron.core.transformer.moe.recovery_controller:[2026-05-20 15:44:51] BSR-MoE controller: ⏱️  [Phase C] Starting post-repair...
INFO:megatron.core.transformer.moe.reintegration_barrier:BSR-MoE barrier: rank 17 -> REPAIRED_NOT_ROUTED (all preconditions met, step=254)
WARNING:megatron.core.transformer.moe.recovery_controller:[2026-05-20 15:44:51] BSR-MoE controller: reintegration barrier initialized for rank 17 (all preconditions marked, step=254)
WARNING:megatron.core.transformer.moe.recovery_controller:[2026-05-20 15:44:51] BSR-MoE controller: SAFE_POINT_REPAIR → REINTEGRATED (event=safe_point_repair_completed, step=254)
INFO:megatron.core.transformer.moe.reintegration_barrier:BSR-MoE barrier: begin reintegration for rank 17 -> 17 (experts=[16, 17, 18, 19, 20, 21, 22, 23, 24, 25, 26, 27, 28, 29, 30, 31], step=254)
WARNING:megatron.core.transformer.moe.recovery_controller:[2026-05-20 15:44:51] BSR-MoE controller: ⏱️  ✅ SAFE-POINT REPAIR COMPLETED (path=HYBRID_RECOVERY, step=254, failed=17, replacement=17) | Total=0.085s | Breakdown: PhaseA=0.000s, PhaseB=0.084s, PhaseC=0.000s
WARNING:megatron.core.transformer.moe.recovery_controller:[2026-05-20 15:44:51] BSR-MoE controller: expert_restore (sync weights, deferred optimizer) elapsed=0.000s (step=254)
INFO:megatron.core.transformer.moe.reintegration_barrier:BSR-MoE barrier: rank 17 -> REPAIRED_NOT_ROUTED (all preconditions met, step=254)
WARNING:megatron.core.transformer.moe.recovery_controller:[2026-05-20 15:44:51] BSR-MoE controller: ⏱️  [Phase B] Parameter recovery COMPLETED (path=HYBRID_RECOVERY, elapsed=0.085s)
WARNING:megatron.core.transformer.moe.recovery_controller:[2026-05-20 15:44:51] BSR-MoE controller: reintegration barrier initialized for rank 17 (all preconditions marked, step=254)
WARNING:megatron.core.transformer.moe.recovery_controller:[2026-05-20 15:44:51] BSR-MoE controller: SAFE_POINT_REPAIR → REINTEGRATED (event=safe_point_repair_completed, step=254)
WARNING:megatron.core.transformer.moe.recovery_controller:[2026-05-20 15:44:51] BSR-MoE controller: ⏱️  ✅ SAFE-POINT REPAIR COMPLETED (path=HYBRID_RECOVERY, step=254, failed=17, replacement=17) | Total=0.085s | Breakdown: PhaseA=0.000s, PhaseB=0.085s, PhaseC=0.000s
INFO:megatron.core.transformer.moe.bsr_integration:BSR-MoE post-recovery convergence: views consistent after HYBRID_RECOVERY path (step=254)
WARNING:megatron.core.transformer.moe.recovery_controller:[2026-05-20 15:44:51] BSR-MoE controller: ⏱️  [Phase B→C] Post-recovery convergence completed (path=HYBRID_RECOVERY, elapsed=0.000s, step=254)
WARNING:megatron.core.transformer.moe.recovery_controller:[2026-05-20 15:44:51] BSR-MoE controller: ⏱️  [Phase C] Starting post-repair...
INFO:megatron.core.transformer.moe.reintegration_barrier:BSR-MoE barrier: begin reintegration for rank 17 -> 17 (experts=[16, 17, 18, 19, 20, 21, 22, 23, 24, 25, 26, 27, 28, 29, 30, 31], step=254)
INFO:megatron.core.transformer.moe.reintegration_barrier:BSR-MoE barrier: rank 17 -> REPAIRED_NOT_ROUTED (all preconditions met, step=254)
WARNING:megatron.core.transformer.moe.recovery_controller:[2026-05-20 15:44:51] BSR-MoE controller: reintegration barrier initialized for rank 17 (all preconditions marked, step=254)
WARNING:megatron.core.transformer.moe.recovery_controller:[2026-05-20 15:44:51] BSR-MoE controller: SAFE_POINT_REPAIR → REINTEGRATED (event=safe_point_repair_completed, step=254)
WARNING:megatron.core.transformer.moe.recovery_controller:[2026-05-20 15:44:51] BSR-MoE controller: ⏱️  ✅ SAFE-POINT REPAIR COMPLETED (path=HYBRID_RECOVERY, step=254, failed=17, replacement=17) | Total=0.085s | Breakdown: PhaseA=0.000s, PhaseB=0.085s, PhaseC=0.000s
WARNING:megatron.core.transformer.moe.optimizer_commit_guard:BSR-MoE OptimizerCommitGuard: BLOCKING optimizer.step() at step 254 — explicitly blocked (reason=hard_failure_rank_17_step_254)
WARNING:megatron.core.transformer.moe.optimizer_commit_guard:BSR-MoE OptimizerCommitGuard: BLOCKING optimizer.step() at step 254 — explicitly blocked (reason=hard_failure_rank_17_step_254)
INFO:megatron.core.transformer.moe.optimizer_commit_guard:BSR-MoE OptimizerCommitGuard: optimizer.step() SKIPPED at step 254 (reason: iteration_invalidated)
INFO:megatron.core.transformer.moe.optimizer_commit_guard:BSR-MoE OptimizerCommitGuard: optimizer.step() SKIPPED at step 254 (reason: iteration_invalidated)
WARNING:megatron.core.transformer.moe.optimizer_commit_guard:BSR-MoE OptimizerCommitGuard: BLOCKING optimizer.step() at step 254 — explicitly blocked (reason=hard_failure_rank_17_step_254)
INFO:megatron.core.transformer.moe.optimizer_commit_guard:BSR-MoE OptimizerCommitGuard: optimizer.step() SKIPPED at step 254 (reason: iteration_invalidated)
WARNING:megatron.core.transformer.moe.optimizer_commit_guard:BSR-MoE OptimizerCommitGuard: BLOCKING optimizer.step() at step 254 — explicitly blocked (reason=hard_failure_rank_17_step_254)
INFO:megatron.core.transformer.moe.optimizer_commit_guard:BSR-MoE OptimizerCommitGuard: optimizer.step() SKIPPED at step 254 (reason: iteration_invalidated)
WARNING:megatron.core.transformer.moe.optimizer_commit_guard:BSR-MoE OptimizerCommitGuard: BLOCKING optimizer.step() at step 254 — explicitly blocked (reason=hard_failure_rank_17_step_254)
WARNING:megatron.core.transformer.moe.optimizer_commit_guard:BSR-MoE OptimizerCommitGuard: BLOCKING optimizer.step() at step 254 — explicitly blocked (reason=hard_failure_rank_17_step_254)
INFO:megatron.core.transformer.moe.optimizer_commit_guard:BSR-MoE OptimizerCommitGuard: optimizer.step() SKIPPED at step 254 (reason: iteration_invalidated)
INFO:megatron.core.transformer.moe.optimizer_commit_guard:BSR-MoE OptimizerCommitGuard: optimizer.step() SKIPPED at step 254 (reason: iteration_invalidated)
WARNING:megatron.core.transformer.moe.optimizer_commit_guard:BSR-MoE OptimizerCommitGuard: BLOCKING optimizer.step() at step 254 — explicitly blocked (reason=hard_failure_rank_17_step_254)
INFO:megatron.core.transformer.moe.optimizer_commit_guard:BSR-MoE OptimizerCommitGuard: optimizer.step() SKIPPED at step 254 (reason: iteration_invalidated)
WARNING:megatron.core.transformer.moe.optimizer_commit_guard:BSR-MoE OptimizerCommitGuard: BLOCKING optimizer.step() at step 254 — explicitly blocked (reason=hard_failure_rank_17_step_254)
INFO:megatron.core.transformer.moe.optimizer_commit_guard:BSR-MoE OptimizerCommitGuard: optimizer.step() SKIPPED at step 254 (reason: iteration_invalidated)
 [2026-05-20 15:45:38] iteration      254/     600 | consumed samples:        16256 | elapsed time per iteration (ms): 46945.9 | learning rate: 6.708613E-05 | global batch size:    64 | load_balancing_loss: 1.043244E+00 | loss scale: 1.0 | number of skipped iterations:   1 | number of nan iterations:   0 |
WARNING:megatron.core.transformer.moe.reintegration_barrier:BSR-MoE barrier: rank 17 reintegrated at step 254 (replacement=17, experts=[16, 17, 18, 19, 20, 21, 22, 23, 24, 25, 26, 27, 28, 29, 30, 31])
WARNING:megatron.core.transformer.moe.reintegration_barrier:BSR-MoE barrier: rank 17 reintegrated at step 254 (replacement=17, experts=[16, 17, 18, 19, 20, 21, 22, 23, 24, 25, 26, 27, 28, 29, 30, 31])
INFO:megatron.core.transformer.moe.recovery_controller:BSR-MoE controller: barrier reintegration executed for rank 17 at step 254
WARNING:megatron.core.transformer.moe.reintegration_barrier:BSR-MoE barrier: rank 17 reintegrated at step 254 (replacement=17, experts=[16, 17, 18, 19, 20, 21, 22, 23, 24, 25, 26, 27, 28, 29, 30, 31])
INFO:megatron.core.transformer.moe.recovery_controller:BSR-MoE controller: barrier reintegration executed for rank 17 at step 254
INFO:megatron.core.transformer.moe.recovery_controller:BSR-MoE controller: barrier reintegration executed for rank 17 at step 254
WARNING:megatron.core.transformer.moe.reintegration_barrier:BSR-MoE barrier: rank 17 reintegrated at step 254 (replacement=17, experts=[16, 17, 18, 19, 20, 21, 22, 23, 24, 25, 26, 27, 28, 29, 30, 31])
WARNING:megatron.core.transformer.moe.reintegration_barrier:BSR-MoE barrier: rank 17 reintegrated at step 254 (replacement=17, experts=[16, 17, 18, 19, 20, 21, 22, 23, 24, 25, 26, 27, 28, 29, 30, 31])
WARNING:megatron.core.transformer.moe.reintegration_barrier:BSR-MoE barrier: rank 17 reintegrated at step 254 (replacement=17, experts=[16, 17, 18, 19, 20, 21, 22, 23, 24, 25, 26, 27, 28, 29, 30, 31])
WARNING:megatron.core.transformer.moe.reintegration_barrier:BSR-MoE barrier: rank 17 reintegrated at step 254 (replacement=17, experts=[16, 17, 18, 19, 20, 21, 22, 23, 24, 25, 26, 27, 28, 29, 30, 31])
WARNING:megatron.core.transformer.moe.recovery_controller:[2026-05-20 15:45:38] BSR-MoE controller: REINTEGRATED → HEALTHY_TRAINING (event=reintegration_finalized, step=254)
INFO:megatron.core.transformer.moe.recovery_controller:BSR-MoE controller: barrier reintegration executed for rank 17 at step 254
INFO:megatron.core.transformer.moe.recovery_controller:BSR-MoE controller: barrier reintegration executed for rank 17 at step 254
INFO:megatron.core.transformer.moe.recovery_controller:BSR-MoE controller: barrier reintegration executed for rank 17 at step 254
INFO:megatron.core.transformer.moe.recovery_controller:BSR-MoE controller: barrier reintegration executed for rank 17 at step 254
WARNING:megatron.core.transformer.moe.recovery_controller:[2026-05-20 15:45:38] BSR-MoE controller: REINTEGRATED → HEALTHY_TRAINING (event=reintegration_finalized, step=254)
WARNING:megatron.core.transformer.moe.recovery_controller:[2026-05-20 15:45:38] BSR-MoE controller: reintegration finalized at step 254 (1 recoveries completed)
WARNING:megatron.core.transformer.moe.reintegration_barrier:BSR-MoE barrier: rank 17 reintegrated at step 254 (replacement=17, experts=[16, 17, 18, 19, 20, 21, 22, 23, 24, 25, 26, 27, 28, 29, 30, 31])
WARNING:megatron.core.transformer.moe.recovery_controller:[2026-05-20 15:45:38] BSR-MoE controller: REINTEGRATED → HEALTHY_TRAINING (event=reintegration_finalized, step=254)
WARNING:megatron.core.transformer.moe.recovery_controller:[2026-05-20 15:45:38] BSR-MoE controller: reintegration finalized at step 254 (1 recoveries completed)
WARNING:megatron.core.transformer.moe.recovery_controller:[2026-05-20 15:45:38] BSR-MoE controller: reintegration finalized at step 254 (1 recoveries completed)
INFO:megatron.core.transformer.moe.recovery_controller:BSR-MoE controller: barrier reintegration executed for rank 17 at step 254
WARNING:megatron.core.transformer.moe.recovery_controller:[2026-05-20 15:45:38] BSR-MoE controller: REINTEGRATED → HEALTHY_TRAINING (event=reintegration_finalized, step=254)
WARNING:megatron.core.transformer.moe.recovery_controller:[2026-05-20 15:45:38] BSR-MoE controller: REINTEGRATED → HEALTHY_TRAINING (event=reintegration_finalized, step=254)
WARNING:megatron.core.transformer.moe.recovery_controller:[2026-05-20 15:45:38] BSR-MoE controller: REINTEGRATED → HEALTHY_TRAINING (event=reintegration_finalized, step=254)
WARNING:megatron.core.transformer.moe.recovery_controller:[2026-05-20 15:45:38] BSR-MoE controller: reintegration finalized at step 254 (1 recoveries completed)
WARNING:megatron.core.transformer.moe.recovery_controller:[2026-05-20 15:45:38] BSR-MoE controller: reintegration finalized at step 254 (1 recoveries completed)
WARNING:megatron.core.transformer.moe.recovery_controller:[2026-05-20 15:45:38] BSR-MoE controller: reintegration finalized at step 254 (1 recoveries completed)
WARNING:megatron.core.transformer.moe.recovery_controller:[2026-05-20 15:45:38] BSR-MoE controller: REINTEGRATED → HEALTHY_TRAINING (event=reintegration_finalized, step=254)
WARNING:megatron.core.transformer.moe.recovery_controller:[2026-05-20 15:45:38] BSR-MoE controller: reintegration finalized at step 254 (1 recoveries completed)
WARNING:megatron.core.transformer.moe.recovery_controller:[2026-05-20 15:45:38] BSR-MoE controller: REINTEGRATED → HEALTHY_TRAINING (event=reintegration_finalized, step=254)
WARNING:megatron.core.transformer.moe.recovery_controller:[2026-05-20 15:45:38] BSR-MoE controller: reintegration finalized at step 254 (1 recoveries completed)
 [2026-05-20 15:45:48] iteration      255/     600 | consumed samples:        16320 | elapsed time per iteration (ms): 10457.4 | learning rate: 6.685710E-05 | global batch size:    64 | lm loss: 5.843760E+00 | load_balancing_loss: 1.038220E+00 | loss scale: 1.0 | grad norm: 0.544 | number of skipped iterations:   0 | number of nan iterations:   0 |
WARNING:megatron.core.transformer.moe.bsr_integration:[2026-05-20 15:45:48] BSR-MoE FAULT INJECTION #4: type=restart_in_place, rank=26, step=256, scheduled_step=250, experts=[32, 33, 34, 35, 36, 37, 38, 39, 40, 41, 42, 43, 44, 45, 46, 47], ep_group=[24, 25, 26, 27, 28, 29, 30, 31]
WARNING:megatron.core.transformer.moe.bsr_integration:[2026-05-20 15:45:48] BSR-MoE FAULT INJECTION #4: type=restart_in_place, rank=26, step=256, scheduled_step=250, experts=[32, 33, 34, 35, 36, 37, 38, 39, 40, 41, 42, 43, 44, 45, 46, 47], ep_group=[24, 25, 26, 27, 28, 29, 30, 31]
WARNING:megatron.core.transformer.moe.recovery_controller:[2026-05-20 15:45:48] BSR-MoE controller: rank 26 HARD FAILURE (step=256, reason=scheduled_restart_in_place_injection, experts=[32, 33, 34, 35, 36, 37, 38, 39, 40, 41, 42, 43, 44, 45, 46, 47], mid_iteration=False)
WARNING:megatron.core.transformer.moe.recovery_controller:[2026-05-20 15:45:48] BSR-MoE controller: rank 26 HARD FAILURE (step=256, reason=scheduled_restart_in_place_injection, experts=[32, 33, 34, 35, 36, 37, 38, 39, 40, 41, 42, 43, 44, 45, 46, 47], mid_iteration=False)
WARNING:megatron.core.transformer.moe.bsr_integration:[2026-05-20 15:45:48] BSR-MoE FAULT INJECTION #4: type=restart_in_place, rank=26, step=256, scheduled_step=250, experts=[32, 33, 34, 35, 36, 37, 38, 39, 40, 41, 42, 43, 44, 45, 46, 47], ep_group=[24, 25, 26, 27, 28, 29, 30, 31]
INFO:megatron.core.transformer.moe.recovery_controller:ExpertRecoveryTracker: experts [32, 33, 34, 35, 36, 37, 38, 39, 40, 41, 42, 43, 44, 45, 46, 47] → RECOVERING (step=256)
INFO:megatron.core.transformer.moe.recovery_controller:ExpertRecoveryTracker: experts [32, 33, 34, 35, 36, 37, 38, 39, 40, 41, 42, 43, 44, 45, 46, 47] → RECOVERING (step=256)
WARNING:megatron.core.transformer.moe.recovery_controller:[2026-05-20 15:45:48] BSR-MoE controller: rank 26 HARD FAILURE (step=256, reason=scheduled_restart_in_place_injection, experts=[32, 33, 34, 35, 36, 37, 38, 39, 40, 41, 42, 43, 44, 45, 46, 47], mid_iteration=False)
WARNING:megatron.core.transformer.moe.optimizer_commit_guard:OptimizerCommitGuard: commit BLOCKED (step=256, reason=hard_failure_rank_26_step_256)
WARNING:megatron.core.transformer.moe.optimizer_commit_guard:OptimizerCommitGuard: commit BLOCKED (step=256, reason=hard_failure_rank_26_step_256)
WARNING:megatron.core.transformer.moe.bsr_integration:BSR-MoE: optimizer commit blocked for step 256 (hard failure of rank 26)
WARNING:megatron.core.transformer.moe.bsr_integration:BSR-MoE: optimizer commit blocked for step 256 (hard failure of rank 26)
INFO:megatron.core.transformer.moe.recovery_controller:ExpertRecoveryTracker: experts [32, 33, 34, 35, 36, 37, 38, 39, 40, 41, 42, 43, 44, 45, 46, 47] → RECOVERING (step=256)
WARNING:megatron.core.transformer.moe.bsr_integration:BSR-MoE: entering waiting-for-replacement state (failed_rank=26, step=256, experts=[32, 33, 34, 35, 36, 37, 38, 39, 40, 41, 42, 43, 44, 45, 46, 47])
WARNING:megatron.core.transformer.moe.bsr_integration:BSR-MoE: entering waiting-for-replacement state (failed_rank=26, step=256, experts=[32, 33, 34, 35, 36, 37, 38, 39, 40, 41, 42, 43, 44, 45, 46, 47])
WARNING:megatron.core.transformer.moe.optimizer_commit_guard:OptimizerCommitGuard: commit BLOCKED (step=256, reason=hard_failure_rank_26_step_256)
WARNING:megatron.core.transformer.moe.recovery_controller:[2026-05-20 15:45:48] BSR-MoE controller: HEALTHY_TRAINING → PENDING_GROUP_REPAIR (event=hard_rank_failure, step=256)
WARNING:megatron.core.transformer.moe.recovery_controller:[2026-05-20 15:45:48] BSR-MoE controller: HEALTHY_TRAINING → PENDING_GROUP_REPAIR (event=hard_rank_failure, step=256)
WARNING:megatron.core.transformer.moe.bsr_integration:BSR-MoE: optimizer commit blocked for step 256 (hard failure of rank 26)
WARNING:megatron.core.transformer.moe.bsr_integration:BSR-MoE: entering waiting-for-replacement state (failed_rank=26, step=256, experts=[32, 33, 34, 35, 36, 37, 38, 39, 40, 41, 42, 43, 44, 45, 46, 47])
WARNING:megatron.core.transformer.moe.recovery_controller:[2026-05-20 15:45:48] BSR-MoE controller: replacement assigned — failed_rank=26, replacement_rank=26 (step=256)
WARNING:megatron.core.transformer.moe.recovery_controller:[2026-05-20 15:45:48] BSR-MoE controller: replacement assigned — failed_rank=26, replacement_rank=26 (step=256)
WARNING:megatron.core.transformer.moe.recovery_controller:[2026-05-20 15:45:48] BSR-MoE controller: HEALTHY_TRAINING → PENDING_GROUP_REPAIR (event=hard_rank_failure, step=256)
WARNING:megatron.core.transformer.moe.bsr_integration:[2026-05-20 15:45:48] BSR-MoE FAULT INJECTION #4: type=restart_in_place, rank=26, step=256, scheduled_step=250, experts=[32, 33, 34, 35, 36, 37, 38, 39, 40, 41, 42, 43, 44, 45, 46, 47], ep_group=[24, 25, 26, 27, 28, 29, 30, 31]
INFO:megatron.core.transformer.moe.replacement_registry:BSR-MoE replacement: failed_rank=26, replacement_rank=26, NOT_PRESENT → BOOTSTRAPPING (step=256)
INFO:megatron.core.transformer.moe.replacement_registry:BSR-MoE replacement: failed_rank=26, replacement_rank=26, NOT_PRESENT → BOOTSTRAPPING (step=256)
WARNING:megatron.core.transformer.moe.replacement_registry:BSR-MoE: replacement announced — failed_rank=26 → replacement_rank=26 (step=256, reason='')
WARNING:megatron.core.transformer.moe.recovery_controller:[2026-05-20 15:45:48] BSR-MoE controller: replacement assigned — failed_rank=26, replacement_rank=26 (step=256)
WARNING:megatron.core.transformer.moe.replacement_registry:BSR-MoE: replacement announced — failed_rank=26 → replacement_rank=26 (step=256, reason='')
WARNING:megatron.core.transformer.moe.recovery_controller:[2026-05-20 15:45:48] BSR-MoE controller: PENDING_GROUP_REPAIR → WAITING_FOR_REPLACEMENT (event=replacement_assigned, step=256)
WARNING:megatron.core.transformer.moe.recovery_controller:[2026-05-20 15:45:48] BSR-MoE controller: PENDING_GROUP_REPAIR → WAITING_FOR_REPLACEMENT (event=replacement_assigned, step=256)
WARNING:megatron.core.transformer.moe.bsr_integration:[2026-05-20 15:45:48] BSR-MoE FAULT INJECTION #4: type=restart_in_place, rank=26, step=256, scheduled_step=250, experts=[32, 33, 34, 35, 36, 37, 38, 39, 40, 41, 42, 43, 44, 45, 46, 47], ep_group=[24, 25, 26, 27, 28, 29, 30, 31]
WARNING:megatron.core.transformer.moe.bsr_integration:[2026-05-20 15:45:48] BSR-MoE FAULT INJECTION #4: type=restart_in_place, rank=26, step=256, scheduled_step=250, experts=[32, 33, 34, 35, 36, 37, 38, 39, 40, 41, 42, 43, 44, 45, 46, 47], ep_group=[24, 25, 26, 27, 28, 29, 30, 31]
WARNING:megatron.core.transformer.moe.bsr_integration:[2026-05-20 15:45:48] BSR-MoE FAULT INJECTION #4: type=restart_in_place, rank=26, step=256, scheduled_step=250, experts=[32, 33, 34, 35, 36, 37, 38, 39, 40, 41, 42, 43, 44, 45, 46, 47], ep_group=[24, 25, 26, 27, 28, 29, 30, 31]
WARNING:megatron.core.transformer.moe.bsr_integration:[2026-05-20 15:45:48] BSR-MoE FAULT INJECTION #4: type=restart_in_place, rank=26, step=256, scheduled_step=250, experts=[32, 33, 34, 35, 36, 37, 38, 39, 40, 41, 42, 43, 44, 45, 46, 47], ep_group=[24, 25, 26, 27, 28, 29, 30, 31]
INFO:megatron.core.transformer.moe.replacement_registry:BSR-MoE replacement: failed_rank=26, replacement_rank=26, NOT_PRESENT → BOOTSTRAPPING (step=256)
WARNING:megatron.core.transformer.moe.recovery_controller:[2026-05-20 15:45:48] BSR-MoE controller: rank 26 HARD FAILURE (step=256, reason=scheduled_restart_in_place_injection, experts=[32, 33, 34, 35, 36, 37, 38, 39, 40, 41, 42, 43, 44, 45, 46, 47], mid_iteration=False)
WARNING:megatron.core.transformer.moe.recovery_controller:[2026-05-20 15:45:48] BSR-MoE controller: replacement ready — failed_rank=26 (step=256)
WARNING:megatron.core.transformer.moe.recovery_controller:[2026-05-20 15:45:48] BSR-MoE controller: replacement ready — failed_rank=26 (step=256)
WARNING:megatron.core.transformer.moe.replacement_registry:BSR-MoE: replacement announced — failed_rank=26 → replacement_rank=26 (step=256, reason='')
WARNING:megatron.core.transformer.moe.recovery_controller:[2026-05-20 15:45:48] BSR-MoE controller: WAITING_FOR_REPLACEMENT → SAFE_POINT_REPAIR (event=replacement_ready, step=256)
WARNING:megatron.core.transformer.moe.recovery_controller:[2026-05-20 15:45:48] BSR-MoE controller: WAITING_FOR_REPLACEMENT → SAFE_POINT_REPAIR (event=replacement_ready, step=256)
INFO:megatron.core.transformer.moe.recovery_controller:ExpertRecoveryTracker: experts [32, 33, 34, 35, 36, 37, 38, 39, 40, 41, 42, 43, 44, 45, 46, 47] → RECOVERING (step=256)
WARNING:megatron.core.transformer.moe.recovery_controller:[2026-05-20 15:45:48] BSR-MoE controller: PENDING_GROUP_REPAIR → WAITING_FOR_REPLACEMENT (event=replacement_assigned, step=256)
WARNING:megatron.core.transformer.moe.recovery_controller:BSR-MoE controller: restart-in-place fast path for rank 26 (replacement=self, step=256)
WARNING:megatron.core.transformer.moe.recovery_controller:BSR-MoE controller: restart-in-place fast path for rank 26 (replacement=self, step=256)
WARNING:megatron.core.transformer.moe.recovery_controller:[2026-05-20 15:45:48] BSR-MoE controller: rank 26 HARD FAILURE (step=256, reason=scheduled_restart_in_place_injection, experts=[32, 33, 34, 35, 36, 37, 38, 39, 40, 41, 42, 43, 44, 45, 46, 47], mid_iteration=False)
WARNING:megatron.core.transformer.moe.recovery_controller:[2026-05-20 15:45:48] BSR-MoE controller: rank 26 HARD FAILURE (step=256, reason=scheduled_restart_in_place_injection, experts=[32, 33, 34, 35, 36, 37, 38, 39, 40, 41, 42, 43, 44, 45, 46, 47], mid_iteration=False)
WARNING:megatron.core.transformer.moe.recovery_controller:[2026-05-20 15:45:48] BSR-MoE controller: replacement ready — failed_rank=26 (step=256)
WARNING:megatron.core.transformer.moe.recovery_controller:[2026-05-20 15:45:48] BSR-MoE controller: rank 26 HARD FAILURE (step=256, reason=scheduled_restart_in_place_injection, experts=[32, 33, 34, 35, 36, 37, 38, 39, 40, 41, 42, 43, 44, 45, 46, 47], mid_iteration=False)
WARNING:megatron.core.transformer.moe.recovery_controller:[2026-05-20 15:45:48] BSR-MoE controller: ⏱️  START safe-point repair at step 256 (failed=26, replacement=26)
WARNING:megatron.core.transformer.moe.optimizer_commit_guard:OptimizerCommitGuard: commit BLOCKED (step=256, reason=hard_failure_rank_26_step_256)
WARNING:megatron.core.transformer.moe.recovery_controller:[2026-05-20 15:45:48] BSR-MoE controller: ⏱️  START safe-point repair at step 256 (failed=26, replacement=26)
WARNING:megatron.core.transformer.moe.recovery_controller:[2026-05-20 15:45:48] BSR-MoE controller: rank 26 HARD FAILURE (step=256, reason=scheduled_restart_in_place_injection, experts=[32, 33, 34, 35, 36, 37, 38, 39, 40, 41, 42, 43, 44, 45, 46, 47], mid_iteration=False)
INFO:megatron.core.transformer.moe.recovery_controller:ExpertRecoveryTracker: experts [32, 33, 34, 35, 36, 37, 38, 39, 40, 41, 42, 43, 44, 45, 46, 47] → RECOVERING (step=256)
WARNING:megatron.core.transformer.moe.recovery_controller:[2026-05-20 15:45:48] BSR-MoE controller: WAITING_FOR_REPLACEMENT → SAFE_POINT_REPAIR (event=replacement_ready, step=256)
WARNING:megatron.core.transformer.moe.bsr_integration:BSR-MoE: optimizer commit blocked for step 256 (hard failure of rank 26)
WARNING:megatron.core.transformer.moe.recovery_controller:[2026-05-20 15:45:48] BSR-MoE controller: ⏱️  [Phase A] Starting infrastructure repair...
WARNING:megatron.core.transformer.moe.recovery_controller:BSR-MoE controller: restart-in-place fast path for rank 26 (replacement=self, step=256)
WARNING:megatron.core.transformer.moe.recovery_controller:[2026-05-20 15:45:48] BSR-MoE controller: ⏱️  [Phase A] Starting infrastructure repair...
WARNING:megatron.core.transformer.moe.bsr_integration:BSR-MoE: entering waiting-for-replacement state (failed_rank=26, step=256, experts=[32, 33, 34, 35, 36, 37, 38, 39, 40, 41, 42, 43, 44, 45, 46, 47])
INFO:megatron.core.transformer.moe.recovery_controller:ExpertRecoveryTracker: experts [32, 33, 34, 35, 36, 37, 38, 39, 40, 41, 42, 43, 44, 45, 46, 47] → RECOVERING (step=256)
WARNING:megatron.core.transformer.moe.optimizer_commit_guard:OptimizerCommitGuard: commit BLOCKED (step=256, reason=hard_failure_rank_26_step_256)
INFO:megatron.core.transformer.moe.recovery_controller:ExpertRecoveryTracker: experts [32, 33, 34, 35, 36, 37, 38, 39, 40, 41, 42, 43, 44, 45, 46, 47] → RECOVERING (step=256)
INFO:megatron.core.transformer.moe.replacement_registry:BSR-MoE replacement: failed_rank=26, replacement_rank=26, BOOTSTRAPPING → READY_FOR_REPAIR (step=256)
WARNING:megatron.core.transformer.moe.bsr_integration:BSR-MoE: optimizer commit blocked for step 256 (hard failure of rank 26)
WARNING:megatron.core.transformer.moe.recovery_controller:[2026-05-20 15:45:48] BSR-MoE controller: ⏱️  START safe-point repair at step 256 (failed=26, replacement=26)
INFO:megatron.core.transformer.moe.replacement_registry:BSR-MoE replacement: failed_rank=26, replacement_rank=26, BOOTSTRAPPING → READY_FOR_REPAIR (step=256)
INFO:megatron.core.transformer.moe.recovery_controller:ExpertRecoveryTracker: experts [32, 33, 34, 35, 36, 37, 38, 39, 40, 41, 42, 43, 44, 45, 46, 47] → RECOVERING (step=256)
WARNING:megatron.core.transformer.moe.optimizer_commit_guard:OptimizerCommitGuard: commit BLOCKED (step=256, reason=hard_failure_rank_26_step_256)
INFO:megatron.core.transformer.moe.replacement_registry:BSR-MoE replacement: failed_rank=26, replacement_rank=26, READY_FOR_REPAIR → INTEGRATED (step=256)
WARNING:megatron.core.transformer.moe.recovery_controller:[2026-05-20 15:45:48] BSR-MoE controller: HEALTHY_TRAINING → PENDING_GROUP_REPAIR (event=hard_rank_failure, step=256)
WARNING:megatron.core.transformer.moe.bsr_integration:BSR-MoE: entering waiting-for-replacement state (failed_rank=26, step=256, experts=[32, 33, 34, 35, 36, 37, 38, 39, 40, 41, 42, 43, 44, 45, 46, 47])
WARNING:megatron.core.transformer.moe.optimizer_commit_guard:OptimizerCommitGuard: commit BLOCKED (step=256, reason=hard_failure_rank_26_step_256)
INFO:megatron.core.transformer.moe.replacement_registry:BSR-MoE replacement: failed_rank=26, replacement_rank=26, READY_FOR_REPAIR → INTEGRATED (step=256)
WARNING:megatron.core.transformer.moe.replacement_registry:BSR-MoE: replacement INTEGRATED — failed_rank=26, replacement_rank=26 (step=256)
WARNING:megatron.core.transformer.moe.recovery_controller:[2026-05-20 15:45:48] BSR-MoE controller: ⏱️  [Phase A] Starting infrastructure repair...
WARNING:megatron.core.transformer.moe.bsr_integration:BSR-MoE: optimizer commit blocked for step 256 (hard failure of rank 26)
WARNING:megatron.core.transformer.moe.replacement_registry:BSR-MoE: replacement INTEGRATED — failed_rank=26, replacement_rank=26 (step=256)
WARNING:megatron.core.transformer.moe.bsr_integration:BSR-MoE: optimizer commit blocked for step 256 (hard failure of rank 26)
WARNING:megatron.core.transformer.moe.optimizer_commit_guard:OptimizerCommitGuard: commit BLOCKED (step=256, reason=hard_failure_rank_26_step_256)
WARNING:megatron.core.transformer.moe.bsr_integration:BSR-MoE: entering waiting-for-replacement state (failed_rank=26, step=256, experts=[32, 33, 34, 35, 36, 37, 38, 39, 40, 41, 42, 43, 44, 45, 46, 47])
WARNING:megatron.core.transformer.moe.recovery_controller:[2026-05-20 15:45:48] BSR-MoE controller: replacement assigned — failed_rank=26, replacement_rank=26 (step=256)
WARNING:megatron.core.transformer.moe.recovery_controller:[2026-05-20 15:45:48] BSR-MoE controller: step1 replacement_integrate elapsed=0.000s (step=256)
WARNING:megatron.core.transformer.moe.recovery_controller:[2026-05-20 15:45:48] BSR-MoE controller: HEALTHY_TRAINING → PENDING_GROUP_REPAIR (event=hard_rank_failure, step=256)
WARNING:megatron.core.transformer.moe.recovery_controller:[2026-05-20 15:45:48] BSR-MoE controller: step1 replacement_integrate elapsed=0.000s (step=256)
INFO:megatron.core.transformer.moe.replacement_registry:BSR-MoE replacement: failed_rank=26, replacement_rank=26, BOOTSTRAPPING → READY_FOR_REPAIR (step=256)
WARNING:megatron.core.transformer.moe.bsr_integration:BSR-MoE: entering waiting-for-replacement state (failed_rank=26, step=256, experts=[32, 33, 34, 35, 36, 37, 38, 39, 40, 41, 42, 43, 44, 45, 46, 47])
WARNING:megatron.core.transformer.moe.recovery_controller:[2026-05-20 15:45:48] BSR-MoE controller: step2 group_rebuild_request elapsed=0.000s (step=256)
WARNING:megatron.core.transformer.moe.bsr_integration:BSR-MoE: optimizer commit blocked for step 256 (hard failure of rank 26)
WARNING:megatron.core.transformer.moe.recovery_controller:[2026-05-20 15:45:48] BSR-MoE controller: step2 group_rebuild_request elapsed=0.000s (step=256)
INFO:megatron.core.transformer.moe.replacement_registry:BSR-MoE replacement: failed_rank=26, replacement_rank=26, READY_FOR_REPAIR → INTEGRATED (step=256)
WARNING:megatron.core.transformer.moe.recovery_controller:[2026-05-20 15:45:48] BSR-MoE controller: step3 group_rebuild_execute elapsed=0.000s (step=256)
WARNING:megatron.core.transformer.moe.recovery_controller:[2026-05-20 15:45:48] BSR-MoE controller: replacement assigned — failed_rank=26, replacement_rank=26 (step=256)
WARNING:megatron.core.transformer.moe.bsr_integration:BSR-MoE: entering waiting-for-replacement state (failed_rank=26, step=256, experts=[32, 33, 34, 35, 36, 37, 38, 39, 40, 41, 42, 43, 44, 45, 46, 47])
INFO:megatron.core.transformer.moe.replacement_registry:BSR-MoE replacement: failed_rank=26, replacement_rank=26, NOT_PRESENT → BOOTSTRAPPING (step=256)
WARNING:megatron.core.transformer.moe.recovery_controller:[2026-05-20 15:45:48] BSR-MoE controller: HEALTHY_TRAINING → PENDING_GROUP_REPAIR (event=hard_rank_failure, step=256)
WARNING:megatron.core.transformer.moe.recovery_controller:[2026-05-20 15:45:48] BSR-MoE controller: step3 group_rebuild_execute elapsed=0.000s (step=256)
WARNING:megatron.core.transformer.moe.replacement_registry:BSR-MoE: replacement INTEGRATED — failed_rank=26, replacement_rank=26 (step=256)
WARNING:megatron.core.transformer.moe.recovery_controller:[2026-05-20 15:45:48] BSR-MoE controller: step4 group_rebuild_finish elapsed=0.000s (step=256)
WARNING:megatron.core.transformer.moe.replacement_registry:BSR-MoE: replacement announced — failed_rank=26 → replacement_rank=26 (step=256, reason='')
WARNING:megatron.core.transformer.moe.recovery_controller:[2026-05-20 15:45:48] BSR-MoE controller: HEALTHY_TRAINING → PENDING_GROUP_REPAIR (event=hard_rank_failure, step=256)
WARNING:megatron.core.transformer.moe.recovery_controller:[2026-05-20 15:45:48] BSR-MoE controller: step4 group_rebuild_finish elapsed=0.000s (step=256)
WARNING:megatron.core.transformer.moe.recovery_controller:[2026-05-20 15:45:48] BSR-MoE controller: step5 topology_refresh elapsed=0.000s (step=256)
WARNING:megatron.core.transformer.moe.recovery_controller:[2026-05-20 15:45:48] BSR-MoE controller: step1 replacement_integrate elapsed=0.000s (step=256)
INFO:megatron.core.transformer.moe.replacement_registry:BSR-MoE replacement: failed_rank=26, replacement_rank=26, NOT_PRESENT → BOOTSTRAPPING (step=256)
WARNING:megatron.core.transformer.moe.recovery_controller:[2026-05-20 15:45:48] BSR-MoE controller: step5 topology_refresh elapsed=0.000s (step=256)
WARNING:megatron.core.transformer.moe.recovery_controller:[2026-05-20 15:45:48] BSR-MoE controller: replacement assigned — failed_rank=26, replacement_rank=26 (step=256)
WARNING:megatron.core.transformer.moe.recovery_controller:[2026-05-20 15:45:48] BSR-MoE controller: ⏱️  [Phase A] Infrastructure repair COMPLETED (elapsed=0.000s)
WARNING:megatron.core.transformer.moe.recovery_controller:[2026-05-20 15:45:48] BSR-MoE controller: PENDING_GROUP_REPAIR → WAITING_FOR_REPLACEMENT (event=replacement_assigned, step=256)
WARNING:megatron.core.transformer.moe.recovery_controller:[2026-05-20 15:45:48] BSR-MoE controller: step2 group_rebuild_request elapsed=0.000s (step=256)
WARNING:megatron.core.transformer.moe.replacement_registry:BSR-MoE: replacement announced — failed_rank=26 → replacement_rank=26 (step=256, reason='')
WARNING:megatron.core.transformer.moe.recovery_controller:[2026-05-20 15:45:48] BSR-MoE controller: HEALTHY_TRAINING → PENDING_GROUP_REPAIR (event=hard_rank_failure, step=256)
WARNING:megatron.core.transformer.moe.recovery_controller:[2026-05-20 15:45:48] BSR-MoE controller: ⏱️  [Phase A] Infrastructure repair COMPLETED (elapsed=0.000s)
WARNING:megatron.core.transformer.moe.recovery_controller:[2026-05-20 15:45:48] BSR-MoE controller: replacement assigned — failed_rank=26, replacement_rank=26 (step=256)
WARNING:megatron.core.transformer.moe.recovery_controller:[2026-05-20 15:45:48] BSR-MoE controller: ⏱️  [Phase B] Starting parameter recovery...
WARNING:megatron.core.transformer.moe.recovery_controller:[2026-05-20 15:45:48] BSR-MoE controller: step3 group_rebuild_execute elapsed=0.000s (step=256)
WARNING:megatron.core.transformer.moe.recovery_controller:[2026-05-20 15:45:48] BSR-MoE controller: replacement ready — failed_rank=26 (step=256)
WARNING:megatron.core.transformer.moe.recovery_controller:[2026-05-20 15:45:48] BSR-MoE controller: ⏱️  [Phase B] Starting parameter recovery...
WARNING:megatron.core.transformer.moe.recovery_controller:[2026-05-20 15:45:48] BSR-MoE controller: PENDING_GROUP_REPAIR → WAITING_FOR_REPLACEMENT (event=replacement_assigned, step=256)
WARNING:megatron.core.transformer.moe.recovery_controller:[2026-05-20 15:45:48] BSR-MoE controller: step4 group_rebuild_finish elapsed=0.000s (step=256)
WARNING:megatron.core.transformer.moe.recovery_controller:[2026-05-20 15:45:48] BSR-MoE controller: WAITING_FOR_REPLACEMENT → SAFE_POINT_REPAIR (event=replacement_ready, step=256)
WARNING:megatron.core.transformer.moe.recovery_controller:[2026-05-20 15:45:48] BSR-MoE controller: replacement assigned — failed_rank=26, replacement_rank=26 (step=256)
WARNING:megatron.core.transformer.moe.recovery_controller:[2026-05-20 15:45:48] BSR-MoE controller: replacement ready — failed_rank=26 (step=256)
WARNING:megatron.core.transformer.moe.recovery_controller:[2026-05-20 15:45:48] BSR-MoE controller: step5 topology_refresh elapsed=0.000s (step=256)
WARNING:megatron.core.transformer.moe.recovery_controller:BSR-MoE controller: restart-in-place fast path for rank 26 (replacement=self, step=256)
INFO:megatron.core.transformer.moe.replacement_registry:BSR-MoE replacement: failed_rank=26, replacement_rank=26, NOT_PRESENT → BOOTSTRAPPING (step=256)
WARNING:megatron.core.transformer.moe.recovery_controller:[2026-05-20 15:45:48] BSR-MoE controller: ⏱️  [Phase A] Infrastructure repair COMPLETED (elapsed=0.000s)
WARNING:megatron.core.transformer.moe.recovery_controller:[2026-05-20 15:45:48] BSR-MoE controller: WAITING_FOR_REPLACEMENT → SAFE_POINT_REPAIR (event=replacement_ready, step=256)
WARNING:megatron.core.transformer.moe.replacement_registry:BSR-MoE: replacement announced — failed_rank=26 → replacement_rank=26 (step=256, reason='')
INFO:megatron.core.transformer.moe.replacement_registry:BSR-MoE replacement: failed_rank=26, replacement_rank=26, NOT_PRESENT → BOOTSTRAPPING (step=256)
WARNING:megatron.core.transformer.moe.recovery_controller:BSR-MoE controller: restart-in-place fast path for rank 26 (replacement=self, step=256)
WARNING:megatron.core.transformer.moe.recovery_controller:[2026-05-20 15:45:48] BSR-MoE controller: ⏱️  [Phase B] Starting parameter recovery...
WARNING:megatron.core.transformer.moe.recovery_controller:[2026-05-20 15:45:48] BSR-MoE controller: ⏱️  START safe-point repair at step 256 (failed=26, replacement=26)
WARNING:megatron.core.transformer.moe.replacement_registry:BSR-MoE: replacement announced — failed_rank=26 → replacement_rank=26 (step=256, reason='')
WARNING:megatron.core.transformer.moe.recovery_controller:[2026-05-20 15:45:48] BSR-MoE controller: PENDING_GROUP_REPAIR → WAITING_FOR_REPLACEMENT (event=replacement_assigned, step=256)
WARNING:megatron.core.transformer.moe.recovery_controller:[2026-05-20 15:45:48] BSR-MoE controller: ⏱️  START safe-point repair at step 256 (failed=26, replacement=26)
WARNING:megatron.core.transformer.moe.recovery_controller:[2026-05-20 15:45:48] BSR-MoE controller: ⏱️  [Phase A] Starting infrastructure repair...
WARNING:megatron.core.transformer.moe.recovery_controller:[2026-05-20 15:45:48] BSR-MoE controller: PENDING_GROUP_REPAIR → WAITING_FOR_REPLACEMENT (event=replacement_assigned, step=256)
WARNING:megatron.core.transformer.moe.recovery_controller:[2026-05-20 15:45:48] BSR-MoE controller: replacement ready — failed_rank=26 (step=256)
INFO:megatron.core.transformer.moe.replacement_registry:BSR-MoE replacement: failed_rank=26, replacement_rank=26, NOT_PRESENT → BOOTSTRAPPING (step=256)
WARNING:megatron.core.transformer.moe.replacement_registry:BSR-MoE: replacement announced — failed_rank=26 → replacement_rank=26 (step=256, reason='')
WARNING:megatron.core.transformer.moe.recovery_controller:[2026-05-20 15:45:48] BSR-MoE controller: replacement ready — failed_rank=26 (step=256)
WARNING:megatron.core.transformer.moe.recovery_controller:[2026-05-20 15:45:48] BSR-MoE controller: ⏱️  [Phase A] Starting infrastructure repair...
INFO:megatron.core.transformer.moe.replacement_registry:BSR-MoE replacement: failed_rank=26, replacement_rank=26, BOOTSTRAPPING → READY_FOR_REPAIR (step=256)
WARNING:megatron.core.transformer.moe.recovery_controller:[2026-05-20 15:45:48] BSR-MoE controller: WAITING_FOR_REPLACEMENT → SAFE_POINT_REPAIR (event=replacement_ready, step=256)
WARNING:megatron.core.transformer.moe.recovery_controller:BSR-MoE controller: restart-in-place fast path for rank 26 (replacement=self, step=256)
WARNING:megatron.core.transformer.moe.recovery_controller:[2026-05-20 15:45:48] BSR-MoE controller: WAITING_FOR_REPLACEMENT → SAFE_POINT_REPAIR (event=replacement_ready, step=256)
INFO:megatron.core.transformer.moe.replacement_registry:BSR-MoE replacement: failed_rank=26, replacement_rank=26, READY_FOR_REPAIR → INTEGRATED (step=256)
WARNING:megatron.core.transformer.moe.recovery_controller:[2026-05-20 15:45:48] BSR-MoE controller: PENDING_GROUP_REPAIR → WAITING_FOR_REPLACEMENT (event=replacement_assigned, step=256)
INFO:megatron.core.transformer.moe.replacement_registry:BSR-MoE replacement: failed_rank=26, replacement_rank=26, BOOTSTRAPPING → READY_FOR_REPAIR (step=256)
WARNING:megatron.core.transformer.moe.recovery_controller:BSR-MoE controller: restart-in-place fast path for rank 26 (replacement=self, step=256)
WARNING:megatron.core.transformer.moe.replacement_registry:BSR-MoE: replacement INTEGRATED — failed_rank=26, replacement_rank=26 (step=256)
INFO:megatron.core.transformer.moe.replacement_registry:BSR-MoE replacement: failed_rank=26, replacement_rank=26, READY_FOR_REPAIR → INTEGRATED (step=256)
WARNING:megatron.core.transformer.moe.recovery_controller:[2026-05-20 15:45:48] BSR-MoE controller: replacement ready — failed_rank=26 (step=256)
WARNING:megatron.core.transformer.moe.recovery_controller:[2026-05-20 15:45:48] BSR-MoE controller: ⏱️  START safe-point repair at step 256 (failed=26, replacement=26)
WARNING:megatron.core.transformer.moe.recovery_controller:[2026-05-20 15:45:48] BSR-MoE controller: step1 replacement_integrate elapsed=0.000s (step=256)
WARNING:megatron.core.transformer.moe.replacement_registry:BSR-MoE: replacement INTEGRATED — failed_rank=26, replacement_rank=26 (step=256)
WARNING:megatron.core.transformer.moe.recovery_controller:[2026-05-20 15:45:48] BSR-MoE controller: ⏱️  START safe-point repair at step 256 (failed=26, replacement=26)
WARNING:megatron.core.transformer.moe.recovery_controller:[2026-05-20 15:45:48] BSR-MoE controller: WAITING_FOR_REPLACEMENT → SAFE_POINT_REPAIR (event=replacement_ready, step=256)
WARNING:megatron.core.transformer.moe.recovery_controller:[2026-05-20 15:45:48] BSR-MoE controller: ⏱️  [Phase A] Starting infrastructure repair...
WARNING:megatron.core.transformer.moe.recovery_controller:[2026-05-20 15:45:48] BSR-MoE controller: step2 group_rebuild_request elapsed=0.000s (step=256)
WARNING:megatron.core.transformer.moe.recovery_controller:[2026-05-20 15:45:48] BSR-MoE controller: step1 replacement_integrate elapsed=0.000s (step=256)
WARNING:megatron.core.transformer.moe.recovery_controller:BSR-MoE controller: restart-in-place fast path for rank 26 (replacement=self, step=256)
WARNING:megatron.core.transformer.moe.recovery_controller:[2026-05-20 15:45:48] BSR-MoE controller: step3 group_rebuild_execute elapsed=0.000s (step=256)
WARNING:megatron.core.transformer.moe.recovery_controller:[2026-05-20 15:45:48] BSR-MoE controller: ⏱️  [Phase A] Starting infrastructure repair...
WARNING:megatron.core.transformer.moe.recovery_controller:[2026-05-20 15:45:48] BSR-MoE controller: step2 group_rebuild_request elapsed=0.000s (step=256)
INFO:megatron.core.transformer.moe.replacement_registry:BSR-MoE replacement: failed_rank=26, replacement_rank=26, BOOTSTRAPPING → READY_FOR_REPAIR (step=256)
WARNING:megatron.core.transformer.moe.recovery_controller:[2026-05-20 15:45:48] BSR-MoE controller: step4 group_rebuild_finish elapsed=0.000s (step=256)
WARNING:megatron.core.transformer.moe.recovery_controller:[2026-05-20 15:45:48] BSR-MoE controller: ⏱️  START safe-point repair at step 256 (failed=26, replacement=26)
WARNING:megatron.core.transformer.moe.recovery_controller:[2026-05-20 15:45:48] BSR-MoE controller: step3 group_rebuild_execute elapsed=0.000s (step=256)
WARNING:megatron.core.transformer.moe.recovery_controller:[2026-05-20 15:45:48] BSR-MoE controller: step5 topology_refresh elapsed=0.000s (step=256)
INFO:megatron.core.transformer.moe.replacement_registry:BSR-MoE replacement: failed_rank=26, replacement_rank=26, READY_FOR_REPAIR → INTEGRATED (step=256)
WARNING:megatron.core.transformer.moe.recovery_controller:[2026-05-20 15:45:48] BSR-MoE controller: step4 group_rebuild_finish elapsed=0.000s (step=256)
INFO:megatron.core.transformer.moe.replacement_registry:BSR-MoE replacement: failed_rank=26, replacement_rank=26, BOOTSTRAPPING → READY_FOR_REPAIR (step=256)
WARNING:megatron.core.transformer.moe.recovery_controller:[2026-05-20 15:45:48] BSR-MoE controller: ⏱️  [Phase A] Infrastructure repair COMPLETED (elapsed=0.000s)
WARNING:megatron.core.transformer.moe.replacement_registry:BSR-MoE: replacement INTEGRATED — failed_rank=26, replacement_rank=26 (step=256)
WARNING:megatron.core.transformer.moe.recovery_controller:[2026-05-20 15:45:48] BSR-MoE controller: step5 topology_refresh elapsed=0.000s (step=256)
WARNING:megatron.core.transformer.moe.recovery_controller:[2026-05-20 15:45:48] BSR-MoE controller: ⏱️  [Phase A] Starting infrastructure repair...
INFO:megatron.core.transformer.moe.replacement_registry:BSR-MoE replacement: failed_rank=26, replacement_rank=26, READY_FOR_REPAIR → INTEGRATED (step=256)
WARNING:megatron.core.transformer.moe.recovery_controller:[2026-05-20 15:45:48] BSR-MoE controller: ⏱️  [Phase B] Starting parameter recovery...
WARNING:megatron.core.transformer.moe.recovery_controller:[2026-05-20 15:45:48] BSR-MoE controller: step1 replacement_integrate elapsed=0.000s (step=256)
WARNING:megatron.core.transformer.moe.recovery_controller:[2026-05-20 15:45:48] BSR-MoE controller: ⏱️  [Phase A] Infrastructure repair COMPLETED (elapsed=0.000s)
WARNING:megatron.core.transformer.moe.replacement_registry:BSR-MoE: replacement INTEGRATED — failed_rank=26, replacement_rank=26 (step=256)
WARNING:megatron.core.transformer.moe.recovery_controller:[2026-05-20 15:45:48] BSR-MoE controller: ⏱️  [Phase B] Starting parameter recovery...
WARNING:megatron.core.transformer.moe.recovery_controller:[2026-05-20 15:45:48] BSR-MoE controller: step2 group_rebuild_request elapsed=0.000s (step=256)
WARNING:megatron.core.transformer.moe.recovery_controller:[2026-05-20 15:45:48] BSR-MoE controller: step1 replacement_integrate elapsed=0.000s (step=256)
WARNING:megatron.core.transformer.moe.recovery_controller:[2026-05-20 15:45:48] BSR-MoE controller: step3 group_rebuild_execute elapsed=0.000s (step=256)
INFO:megatron.core.transformer.moe.replacement_registry:BSR-MoE replacement: failed_rank=26, replacement_rank=26, BOOTSTRAPPING → READY_FOR_REPAIR (step=256)
WARNING:megatron.core.transformer.moe.recovery_controller:[2026-05-20 15:45:48] BSR-MoE controller: step2 group_rebuild_request elapsed=0.000s (step=256)
WARNING:megatron.core.transformer.moe.recovery_controller:[2026-05-20 15:45:48] BSR-MoE controller: step4 group_rebuild_finish elapsed=0.000s (step=256)
WARNING:megatron.core.transformer.moe.recovery_controller:[2026-05-20 15:45:48] BSR-MoE controller: step3 group_rebuild_execute elapsed=0.000s (step=256)
WARNING:megatron.core.transformer.moe.recovery_controller:[2026-05-20 15:45:48] BSR-MoE controller: step5 topology_refresh elapsed=0.000s (step=256)
INFO:megatron.core.transformer.moe.replacement_registry:BSR-MoE replacement: failed_rank=26, replacement_rank=26, READY_FOR_REPAIR → INTEGRATED (step=256)
WARNING:megatron.core.transformer.moe.recovery_controller:[2026-05-20 15:45:48] BSR-MoE controller: step4 group_rebuild_finish elapsed=0.000s (step=256)
WARNING:megatron.core.transformer.moe.recovery_controller:[2026-05-20 15:45:48] BSR-MoE controller: ⏱️  [Phase A] Infrastructure repair COMPLETED (elapsed=0.000s)
WARNING:megatron.core.transformer.moe.replacement_registry:BSR-MoE: replacement INTEGRATED — failed_rank=26, replacement_rank=26 (step=256)
WARNING:megatron.core.transformer.moe.recovery_controller:[2026-05-20 15:45:48] BSR-MoE controller: step5 topology_refresh elapsed=0.000s (step=256)
WARNING:megatron.core.transformer.moe.recovery_controller:[2026-05-20 15:45:48] BSR-MoE controller: ⏱️  [Phase B] Starting parameter recovery...
WARNING:megatron.core.transformer.moe.recovery_controller:[2026-05-20 15:45:48] BSR-MoE controller: ⏱️  [Phase A] Infrastructure repair COMPLETED (elapsed=0.000s)
WARNING:megatron.core.transformer.moe.recovery_controller:[2026-05-20 15:45:48] BSR-MoE controller: step1 replacement_integrate elapsed=0.000s (step=256)
WARNING:megatron.core.transformer.moe.recovery_controller:[2026-05-20 15:45:48] BSR-MoE controller: ⏱️  [Phase B] Starting parameter recovery...
WARNING:megatron.core.transformer.moe.recovery_controller:[2026-05-20 15:45:48] BSR-MoE controller: step2 group_rebuild_request elapsed=0.000s (step=256)
WARNING:megatron.core.transformer.moe.recovery_controller:[2026-05-20 15:45:48] BSR-MoE controller: step3 group_rebuild_execute elapsed=0.000s (step=256)
WARNING:megatron.core.transformer.moe.recovery_controller:[2026-05-20 15:45:48] BSR-MoE controller: step4 group_rebuild_finish elapsed=0.000s (step=256)
WARNING:megatron.core.transformer.moe.recovery_controller:[2026-05-20 15:45:48] BSR-MoE controller: step5 topology_refresh elapsed=0.000s (step=256)
WARNING:megatron.core.transformer.moe.recovery_controller:[2026-05-20 15:45:48] BSR-MoE controller: ⏱️  [Phase A] Infrastructure repair COMPLETED (elapsed=0.000s)
WARNING:megatron.core.transformer.moe.recovery_controller:[2026-05-20 15:45:48] BSR-MoE controller: ⏱️  [Phase B] Starting parameter recovery...
INFO:megatron.core.transformer.moe.bsr_integration:BSR-MoE: found latest checkpoint with BSR manifest at /mnt/ais-c1/dataset/zds/find_multi_fault/5.20/step_250_faults_8/ckpt/iter_0000200 (step=200)
INFO:megatron.core.transformer.moe.bsr_integration:BSR-MoE: found latest checkpoint with BSR manifest at /mnt/ais-c1/dataset/zds/find_multi_fault/5.20/step_250_faults_8/ckpt/iter_0000200 (step=200)
INFO:megatron.core.transformer.moe.bsr_integration:BSR-MoE: found latest checkpoint with BSR manifest at /mnt/ais-c1/dataset/zds/find_multi_fault/5.20/step_250_faults_8/ckpt/iter_0000200 (step=200)
INFO:megatron.core.transformer.moe.bsr_integration:BSR-MoE: found latest checkpoint with BSR manifest at /mnt/ais-c1/dataset/zds/find_multi_fault/5.20/step_250_faults_8/ckpt/iter_0000200 (step=200)
INFO:megatron.core.transformer.moe.bsr_integration:BSR-MoE: found latest checkpoint with BSR manifest at /mnt/ais-c1/dataset/zds/find_multi_fault/5.20/step_250_faults_8/ckpt/iter_0000200 (step=200)
INFO:megatron.core.transformer.moe.bsr_integration:BSR-MoE: found latest checkpoint with BSR manifest at /mnt/ais-c1/dataset/zds/find_multi_fault/5.20/step_250_faults_8/ckpt/iter_0000200 (step=200)
INFO:megatron.core.transformer.moe.bsr_integration:BSR-MoE: found latest checkpoint with BSR manifest at /mnt/ais-c1/dataset/zds/find_multi_fault/5.20/step_250_faults_8/ckpt/iter_0000200 (step=200)
INFO:megatron.core.transformer.moe.bsr_integration:BSR-MoE: found latest checkpoint with BSR manifest at /mnt/ais-c1/dataset/zds/find_multi_fault/5.20/step_250_faults_8/ckpt/iter_0000200 (step=200)
WARNING:megatron.core.transformer.moe.recovery_controller:[2026-05-20 15:45:48] BSR-MoE controller: HYBRID_RECOVERY path — dense from DP peer, experts from checkpoint (step=256, failed=26, replacement=26)
WARNING:megatron.core.transformer.moe.recovery_controller:[2026-05-20 15:45:48] BSR-MoE controller: dense_sync elapsed=0.000s (step=256)
WARNING:megatron.core.transformer.moe.recovery_controller:[2026-05-20 15:45:48] BSR-MoE controller: expert_restore (sync weights, deferred optimizer) elapsed=0.000s (step=256)
WARNING:megatron.core.transformer.moe.recovery_controller:[2026-05-20 15:45:48] BSR-MoE controller: ⏱️  [Phase B] Parameter recovery COMPLETED (path=HYBRID_RECOVERY, elapsed=0.002s)
WARNING:megatron.core.transformer.moe.recovery_controller:[2026-05-20 15:45:48] BSR-MoE controller: HYBRID_RECOVERY path — dense from DP peer, experts from checkpoint (step=256, failed=26, replacement=26)
INFO:megatron.core.transformer.moe.bsr_integration:BSR-MoE post-recovery convergence: views consistent after HYBRID_RECOVERY path (step=256)
WARNING:megatron.core.transformer.moe.recovery_controller:[2026-05-20 15:45:48] BSR-MoE controller: ⏱️  [Phase B→C] Post-recovery convergence completed (path=HYBRID_RECOVERY, elapsed=0.000s, step=256)
WARNING:megatron.core.transformer.moe.recovery_controller:[2026-05-20 15:45:48] BSR-MoE controller: ⏱️  [Phase C] Starting post-repair...
WARNING:megatron.core.transformer.moe.recovery_controller:[2026-05-20 15:45:48] BSR-MoE controller: dense_sync elapsed=0.000s (step=256)
INFO:megatron.core.transformer.moe.reintegration_barrier:BSR-MoE barrier: begin reintegration for rank 26 -> 26 (experts=[32, 33, 34, 35, 36, 37, 38, 39, 40, 41, 42, 43, 44, 45, 46, 47], step=256)
WARNING:megatron.core.transformer.moe.recovery_controller:[2026-05-20 15:45:48] BSR-MoE controller: expert_restore (sync weights, deferred optimizer) elapsed=0.000s (step=256)
WARNING:megatron.core.transformer.moe.recovery_controller:[2026-05-20 15:45:48] BSR-MoE controller: ⏱️  [Phase B] Parameter recovery COMPLETED (path=HYBRID_RECOVERY, elapsed=0.002s)
INFO:megatron.core.transformer.moe.reintegration_barrier:BSR-MoE barrier: rank 26 -> REPAIRED_NOT_ROUTED (all preconditions met, step=256)
WARNING:megatron.core.transformer.moe.recovery_controller:[2026-05-20 15:45:48] BSR-MoE controller: reintegration barrier initialized for rank 26 (all preconditions marked, step=256)
INFO:megatron.core.transformer.moe.bsr_integration:BSR-MoE post-recovery convergence: views consistent after HYBRID_RECOVERY path (step=256)
WARNING:megatron.core.transformer.moe.recovery_controller:[2026-05-20 15:45:48] BSR-MoE controller: SAFE_POINT_REPAIR → REINTEGRATED (event=safe_point_repair_completed, step=256)
WARNING:megatron.core.transformer.moe.recovery_controller:[2026-05-20 15:45:48] BSR-MoE controller: ⏱️  [Phase B→C] Post-recovery convergence completed (path=HYBRID_RECOVERY, elapsed=0.000s, step=256)
WARNING:megatron.core.transformer.moe.recovery_controller:[2026-05-20 15:45:48] BSR-MoE controller: ⏱️  ✅ SAFE-POINT REPAIR COMPLETED (path=HYBRID_RECOVERY, step=256, failed=26, replacement=26) | Total=0.003s | Breakdown: PhaseA=0.000s, PhaseB=0.002s, PhaseC=0.000s
WARNING:megatron.core.transformer.moe.recovery_controller:[2026-05-20 15:45:48] BSR-MoE controller: HYBRID_RECOVERY path — dense from DP peer, experts from checkpoint (step=256, failed=26, replacement=26)
WARNING:megatron.core.transformer.moe.recovery_controller:[2026-05-20 15:45:48] BSR-MoE controller: ⏱️  [Phase C] Starting post-repair...
INFO:megatron.core.transformer.moe.reintegration_barrier:BSR-MoE barrier: begin reintegration for rank 26 -> 26 (experts=[32, 33, 34, 35, 36, 37, 38, 39, 40, 41, 42, 43, 44, 45, 46, 47], step=256)
WARNING:megatron.core.transformer.moe.recovery_controller:[2026-05-20 15:45:48] BSR-MoE controller: dense_sync elapsed=0.000s (step=256)
WARNING:megatron.core.transformer.moe.recovery_controller:[2026-05-20 15:45:48] BSR-MoE controller: expert_restore (sync weights, deferred optimizer) elapsed=0.000s (step=256)
INFO:megatron.core.transformer.moe.reintegration_barrier:BSR-MoE barrier: rank 26 -> REPAIRED_NOT_ROUTED (all preconditions met, step=256)
WARNING:megatron.core.transformer.moe.recovery_controller:[2026-05-20 15:45:48] BSR-MoE controller: ⏱️  [Phase B] Parameter recovery COMPLETED (path=HYBRID_RECOVERY, elapsed=0.002s)
WARNING:megatron.core.transformer.moe.recovery_controller:[2026-05-20 15:45:48] BSR-MoE controller: reintegration barrier initialized for rank 26 (all preconditions marked, step=256)
WARNING:megatron.core.transformer.moe.recovery_controller:[2026-05-20 15:45:48] BSR-MoE controller: SAFE_POINT_REPAIR → REINTEGRATED (event=safe_point_repair_completed, step=256)
WARNING:megatron.core.transformer.moe.recovery_controller:[2026-05-20 15:45:48] BSR-MoE controller: ⏱️  ✅ SAFE-POINT REPAIR COMPLETED (path=HYBRID_RECOVERY, step=256, failed=26, replacement=26) | Total=0.003s | Breakdown: PhaseA=0.000s, PhaseB=0.002s, PhaseC=0.000s
INFO:megatron.core.transformer.moe.bsr_integration:BSR-MoE post-recovery convergence: views consistent after HYBRID_RECOVERY path (step=256)
WARNING:megatron.core.transformer.moe.recovery_controller:[2026-05-20 15:45:48] BSR-MoE controller: ⏱️  [Phase B→C] Post-recovery convergence completed (path=HYBRID_RECOVERY, elapsed=0.000s, step=256)
WARNING:megatron.core.transformer.moe.recovery_controller:[2026-05-20 15:45:48] BSR-MoE controller: ⏱️  [Phase C] Starting post-repair...
INFO:megatron.core.transformer.moe.reintegration_barrier:BSR-MoE barrier: begin reintegration for rank 26 -> 26 (experts=[32, 33, 34, 35, 36, 37, 38, 39, 40, 41, 42, 43, 44, 45, 46, 47], step=256)
WARNING:megatron.core.transformer.moe.recovery_controller:[2026-05-20 15:45:48] BSR-MoE controller: HYBRID_RECOVERY path — dense from DP peer, experts from checkpoint (step=256, failed=26, replacement=26)
WARNING:megatron.core.transformer.moe.recovery_controller:[2026-05-20 15:45:48] BSR-MoE controller: dense_sync elapsed=0.000s (step=256)
INFO:megatron.core.transformer.moe.reintegration_barrier:BSR-MoE barrier: rank 26 -> REPAIRED_NOT_ROUTED (all preconditions met, step=256)
WARNING:megatron.core.transformer.moe.recovery_controller:[2026-05-20 15:45:48] BSR-MoE controller: reintegration barrier initialized for rank 26 (all preconditions marked, step=256)
WARNING:megatron.core.transformer.moe.recovery_controller:[2026-05-20 15:45:48] BSR-MoE controller: HYBRID_RECOVERY path — dense from DP peer, experts from checkpoint (step=256, failed=26, replacement=26)
WARNING:megatron.core.transformer.moe.recovery_controller:[2026-05-20 15:45:48] BSR-MoE controller: expert_restore (sync weights, deferred optimizer) elapsed=0.000s (step=256)
WARNING:megatron.core.transformer.moe.recovery_controller:[2026-05-20 15:45:48] BSR-MoE controller: SAFE_POINT_REPAIR → REINTEGRATED (event=safe_point_repair_completed, step=256)
WARNING:megatron.core.transformer.moe.recovery_controller:[2026-05-20 15:45:48] BSR-MoE controller: ⏱️  [Phase B] Parameter recovery COMPLETED (path=HYBRID_RECOVERY, elapsed=0.003s)
WARNING:megatron.core.transformer.moe.recovery_controller:[2026-05-20 15:45:48] BSR-MoE controller: ⏱️  ✅ SAFE-POINT REPAIR COMPLETED (path=HYBRID_RECOVERY, step=256, failed=26, replacement=26) | Total=0.003s | Breakdown: PhaseA=0.000s, PhaseB=0.002s, PhaseC=0.000s
WARNING:megatron.core.transformer.moe.recovery_controller:[2026-05-20 15:45:48] BSR-MoE controller: dense_sync elapsed=0.000s (step=256)
INFO:megatron.core.transformer.moe.bsr_integration:BSR-MoE post-recovery convergence: views consistent after HYBRID_RECOVERY path (step=256)
WARNING:megatron.core.transformer.moe.recovery_controller:[2026-05-20 15:45:48] BSR-MoE controller: HYBRID_RECOVERY path — dense from DP peer, experts from checkpoint (step=256, failed=26, replacement=26)
WARNING:megatron.core.transformer.moe.recovery_controller:[2026-05-20 15:45:48] BSR-MoE controller: expert_restore (sync weights, deferred optimizer) elapsed=0.000s (step=256)
WARNING:megatron.core.transformer.moe.recovery_controller:[2026-05-20 15:45:48] BSR-MoE controller: ⏱️  [Phase B→C] Post-recovery convergence completed (path=HYBRID_RECOVERY, elapsed=0.000s, step=256)
WARNING:megatron.core.transformer.moe.recovery_controller:[2026-05-20 15:45:48] BSR-MoE controller: ⏱️  [Phase C] Starting post-repair...
WARNING:megatron.core.transformer.moe.recovery_controller:[2026-05-20 15:45:48] BSR-MoE controller: ⏱️  [Phase B] Parameter recovery COMPLETED (path=HYBRID_RECOVERY, elapsed=0.003s)
WARNING:megatron.core.transformer.moe.recovery_controller:[2026-05-20 15:45:48] BSR-MoE controller: dense_sync elapsed=0.000s (step=256)
INFO:megatron.core.transformer.moe.reintegration_barrier:BSR-MoE barrier: begin reintegration for rank 26 -> 26 (experts=[32, 33, 34, 35, 36, 37, 38, 39, 40, 41, 42, 43, 44, 45, 46, 47], step=256)
WARNING:megatron.core.transformer.moe.recovery_controller:[2026-05-20 15:45:48] BSR-MoE controller: HYBRID_RECOVERY path — dense from DP peer, experts from checkpoint (step=256, failed=26, replacement=26)
WARNING:megatron.core.transformer.moe.recovery_controller:[2026-05-20 15:45:48] BSR-MoE controller: expert_restore (sync weights, deferred optimizer) elapsed=0.000s (step=256)
WARNING:megatron.core.transformer.moe.recovery_controller:[2026-05-20 15:45:48] BSR-MoE controller: HYBRID_RECOVERY path — dense from DP peer, experts from checkpoint (step=256, failed=26, replacement=26)
INFO:megatron.core.transformer.moe.bsr_integration:BSR-MoE post-recovery convergence: views consistent after HYBRID_RECOVERY path (step=256)
WARNING:megatron.core.transformer.moe.recovery_controller:[2026-05-20 15:45:48] BSR-MoE controller: ⏱️  [Phase B] Parameter recovery COMPLETED (path=HYBRID_RECOVERY, elapsed=0.003s)
INFO:megatron.core.transformer.moe.reintegration_barrier:BSR-MoE barrier: rank 26 -> REPAIRED_NOT_ROUTED (all preconditions met, step=256)
WARNING:megatron.core.transformer.moe.recovery_controller:[2026-05-20 15:45:48] BSR-MoE controller: ⏱️  [Phase B→C] Post-recovery convergence completed (path=HYBRID_RECOVERY, elapsed=0.000s, step=256)
WARNING:megatron.core.transformer.moe.recovery_controller:[2026-05-20 15:45:48] BSR-MoE controller: dense_sync elapsed=0.000s (step=256)
WARNING:megatron.core.transformer.moe.recovery_controller:[2026-05-20 15:45:48] BSR-MoE controller: reintegration barrier initialized for rank 26 (all preconditions marked, step=256)
WARNING:megatron.core.transformer.moe.recovery_controller:[2026-05-20 15:45:48] BSR-MoE controller: ⏱️  [Phase C] Starting post-repair...
WARNING:megatron.core.transformer.moe.recovery_controller:[2026-05-20 15:45:48] BSR-MoE controller: dense_sync elapsed=0.000s (step=256)
WARNING:megatron.core.transformer.moe.recovery_controller:[2026-05-20 15:45:48] BSR-MoE controller: SAFE_POINT_REPAIR → REINTEGRATED (event=safe_point_repair_completed, step=256)
INFO:megatron.core.transformer.moe.bsr_integration:BSR-MoE post-recovery convergence: views consistent after HYBRID_RECOVERY path (step=256)
WARNING:megatron.core.transformer.moe.recovery_controller:[2026-05-20 15:45:48] BSR-MoE controller: expert_restore (sync weights, deferred optimizer) elapsed=0.000s (step=256)
WARNING:megatron.core.transformer.moe.recovery_controller:[2026-05-20 15:45:48] BSR-MoE controller: ⏱️  ✅ SAFE-POINT REPAIR COMPLETED (path=HYBRID_RECOVERY, step=256, failed=26, replacement=26) | Total=0.003s | Breakdown: PhaseA=0.000s, PhaseB=0.003s, PhaseC=0.000s
WARNING:megatron.core.transformer.moe.recovery_controller:[2026-05-20 15:45:48] BSR-MoE controller: ⏱️  [Phase B→C] Post-recovery convergence completed (path=HYBRID_RECOVERY, elapsed=0.000s, step=256)
INFO:megatron.core.transformer.moe.reintegration_barrier:BSR-MoE barrier: begin reintegration for rank 26 -> 26 (experts=[32, 33, 34, 35, 36, 37, 38, 39, 40, 41, 42, 43, 44, 45, 46, 47], step=256)
WARNING:megatron.core.transformer.moe.recovery_controller:[2026-05-20 15:45:48] BSR-MoE controller: ⏱️  [Phase B] Parameter recovery COMPLETED (path=HYBRID_RECOVERY, elapsed=0.003s)
WARNING:megatron.core.transformer.moe.recovery_controller:[2026-05-20 15:45:48] BSR-MoE controller: ⏱️  [Phase C] Starting post-repair...
WARNING:megatron.core.transformer.moe.recovery_controller:[2026-05-20 15:45:48] BSR-MoE controller: expert_restore (sync weights, deferred optimizer) elapsed=0.000s (step=256)
WARNING:megatron.core.transformer.moe.recovery_controller:[2026-05-20 15:45:48] BSR-MoE controller: ⏱️  [Phase B] Parameter recovery COMPLETED (path=HYBRID_RECOVERY, elapsed=0.003s)
INFO:megatron.core.transformer.moe.reintegration_barrier:BSR-MoE barrier: rank 26 -> REPAIRED_NOT_ROUTED (all preconditions met, step=256)
INFO:megatron.core.transformer.moe.reintegration_barrier:BSR-MoE barrier: begin reintegration for rank 26 -> 26 (experts=[32, 33, 34, 35, 36, 37, 38, 39, 40, 41, 42, 43, 44, 45, 46, 47], step=256)
INFO:megatron.core.transformer.moe.bsr_integration:BSR-MoE post-recovery convergence: views consistent after HYBRID_RECOVERY path (step=256)
WARNING:megatron.core.transformer.moe.recovery_controller:[2026-05-20 15:45:48] BSR-MoE controller: reintegration barrier initialized for rank 26 (all preconditions marked, step=256)
WARNING:megatron.core.transformer.moe.recovery_controller:[2026-05-20 15:45:48] BSR-MoE controller: ⏱️  [Phase B→C] Post-recovery convergence completed (path=HYBRID_RECOVERY, elapsed=0.000s, step=256)
WARNING:megatron.core.transformer.moe.recovery_controller:[2026-05-20 15:45:48] BSR-MoE controller: SAFE_POINT_REPAIR → REINTEGRATED (event=safe_point_repair_completed, step=256)
WARNING:megatron.core.transformer.moe.recovery_controller:[2026-05-20 15:45:48] BSR-MoE controller: ⏱️  [Phase C] Starting post-repair...
INFO:megatron.core.transformer.moe.reintegration_barrier:BSR-MoE barrier: rank 26 -> REPAIRED_NOT_ROUTED (all preconditions met, step=256)
WARNING:megatron.core.transformer.moe.recovery_controller:[2026-05-20 15:45:48] BSR-MoE controller: ⏱️  ✅ SAFE-POINT REPAIR COMPLETED (path=HYBRID_RECOVERY, step=256, failed=26, replacement=26) | Total=0.003s | Breakdown: PhaseA=0.000s, PhaseB=0.003s, PhaseC=0.000s
WARNING:megatron.core.transformer.moe.recovery_controller:[2026-05-20 15:45:48] BSR-MoE controller: reintegration barrier initialized for rank 26 (all preconditions marked, step=256)
INFO:megatron.core.transformer.moe.bsr_integration:BSR-MoE post-recovery convergence: views consistent after HYBRID_RECOVERY path (step=256)
INFO:megatron.core.transformer.moe.reintegration_barrier:BSR-MoE barrier: begin reintegration for rank 26 -> 26 (experts=[32, 33, 34, 35, 36, 37, 38, 39, 40, 41, 42, 43, 44, 45, 46, 47], step=256)
WARNING:megatron.core.transformer.moe.recovery_controller:[2026-05-20 15:45:48] BSR-MoE controller: SAFE_POINT_REPAIR → REINTEGRATED (event=safe_point_repair_completed, step=256)
WARNING:megatron.core.transformer.moe.recovery_controller:[2026-05-20 15:45:48] BSR-MoE controller: ⏱️  [Phase B→C] Post-recovery convergence completed (path=HYBRID_RECOVERY, elapsed=0.000s, step=256)
WARNING:megatron.core.transformer.moe.recovery_controller:[2026-05-20 15:45:48] BSR-MoE controller: ⏱️  ✅ SAFE-POINT REPAIR COMPLETED (path=HYBRID_RECOVERY, step=256, failed=26, replacement=26) | Total=0.003s | Breakdown: PhaseA=0.000s, PhaseB=0.003s, PhaseC=0.000s
WARNING:megatron.core.transformer.moe.recovery_controller:[2026-05-20 15:45:48] BSR-MoE controller: ⏱️  [Phase C] Starting post-repair...
INFO:megatron.core.transformer.moe.reintegration_barrier:BSR-MoE barrier: rank 26 -> REPAIRED_NOT_ROUTED (all preconditions met, step=256)
WARNING:megatron.core.transformer.moe.recovery_controller:[2026-05-20 15:45:48] BSR-MoE controller: reintegration barrier initialized for rank 26 (all preconditions marked, step=256)
WARNING:megatron.core.transformer.moe.recovery_controller:[2026-05-20 15:45:48] BSR-MoE controller: SAFE_POINT_REPAIR → REINTEGRATED (event=safe_point_repair_completed, step=256)
WARNING:megatron.core.transformer.moe.recovery_controller:[2026-05-20 15:45:48] BSR-MoE controller: ⏱️  ✅ SAFE-POINT REPAIR COMPLETED (path=HYBRID_RECOVERY, step=256, failed=26, replacement=26) | Total=0.003s | Breakdown: PhaseA=0.000s, PhaseB=0.003s, PhaseC=0.000s
INFO:megatron.core.transformer.moe.reintegration_barrier:BSR-MoE barrier: begin reintegration for rank 26 -> 26 (experts=[32, 33, 34, 35, 36, 37, 38, 39, 40, 41, 42, 43, 44, 45, 46, 47], step=256)
INFO:megatron.core.transformer.moe.reintegration_barrier:BSR-MoE barrier: rank 26 -> REPAIRED_NOT_ROUTED (all preconditions met, step=256)
WARNING:megatron.core.transformer.moe.recovery_controller:[2026-05-20 15:45:48] BSR-MoE controller: reintegration barrier initialized for rank 26 (all preconditions marked, step=256)
WARNING:megatron.core.transformer.moe.recovery_controller:[2026-05-20 15:45:48] BSR-MoE controller: SAFE_POINT_REPAIR → REINTEGRATED (event=safe_point_repair_completed, step=256)
WARNING:megatron.core.transformer.moe.recovery_controller:[2026-05-20 15:45:48] BSR-MoE controller: ⏱️  ✅ SAFE-POINT REPAIR COMPLETED (path=HYBRID_RECOVERY, step=256, failed=26, replacement=26) | Total=0.003s | Breakdown: PhaseA=0.000s, PhaseB=0.003s, PhaseC=0.000s
WARNING:megatron.core.transformer.moe.optimizer_commit_guard:BSR-MoE OptimizerCommitGuard: BLOCKING optimizer.step() at step 256 — explicitly blocked (reason=hard_failure_rank_26_step_256)
INFO:megatron.core.transformer.moe.optimizer_commit_guard:BSR-MoE OptimizerCommitGuard: optimizer.step() SKIPPED at step 256 (reason: iteration_invalidated)
WARNING:megatron.core.transformer.moe.optimizer_commit_guard:BSR-MoE OptimizerCommitGuard: BLOCKING optimizer.step() at step 256 — explicitly blocked (reason=hard_failure_rank_26_step_256)
INFO:megatron.core.transformer.moe.optimizer_commit_guard:BSR-MoE OptimizerCommitGuard: optimizer.step() SKIPPED at step 256 (reason: iteration_invalidated)
WARNING:megatron.core.transformer.moe.optimizer_commit_guard:BSR-MoE OptimizerCommitGuard: BLOCKING optimizer.step() at step 256 — explicitly blocked (reason=hard_failure_rank_26_step_256)
INFO:megatron.core.transformer.moe.optimizer_commit_guard:BSR-MoE OptimizerCommitGuard: optimizer.step() SKIPPED at step 256 (reason: iteration_invalidated)
WARNING:megatron.core.transformer.moe.optimizer_commit_guard:BSR-MoE OptimizerCommitGuard: BLOCKING optimizer.step() at step 256 — explicitly blocked (reason=hard_failure_rank_26_step_256)
INFO:megatron.core.transformer.moe.optimizer_commit_guard:BSR-MoE OptimizerCommitGuard: optimizer.step() SKIPPED at step 256 (reason: iteration_invalidated)
WARNING:megatron.core.transformer.moe.optimizer_commit_guard:BSR-MoE OptimizerCommitGuard: BLOCKING optimizer.step() at step 256 — explicitly blocked (reason=hard_failure_rank_26_step_256)
INFO:megatron.core.transformer.moe.optimizer_commit_guard:BSR-MoE OptimizerCommitGuard: optimizer.step() SKIPPED at step 256 (reason: iteration_invalidated)
WARNING:megatron.core.transformer.moe.optimizer_commit_guard:BSR-MoE OptimizerCommitGuard: BLOCKING optimizer.step() at step 256 — explicitly blocked (reason=hard_failure_rank_26_step_256)
WARNING:megatron.core.transformer.moe.optimizer_commit_guard:BSR-MoE OptimizerCommitGuard: BLOCKING optimizer.step() at step 256 — explicitly blocked (reason=hard_failure_rank_26_step_256)
INFO:megatron.core.transformer.moe.optimizer_commit_guard:BSR-MoE OptimizerCommitGuard: optimizer.step() SKIPPED at step 256 (reason: iteration_invalidated)
INFO:megatron.core.transformer.moe.optimizer_commit_guard:BSR-MoE OptimizerCommitGuard: optimizer.step() SKIPPED at step 256 (reason: iteration_invalidated)
WARNING:megatron.core.transformer.moe.optimizer_commit_guard:BSR-MoE OptimizerCommitGuard: BLOCKING optimizer.step() at step 256 — explicitly blocked (reason=hard_failure_rank_26_step_256)
INFO:megatron.core.transformer.moe.optimizer_commit_guard:BSR-MoE OptimizerCommitGuard: optimizer.step() SKIPPED at step 256 (reason: iteration_invalidated)
 [2026-05-20 15:46:47] iteration      256/     600 | consumed samples:        16384 | elapsed time per iteration (ms): 58725.6 | learning rate: 6.685710E-05 | global batch size:    64 | load_balancing_loss: 1.041882E+00 | loss scale: 1.0 | number of skipped iterations:   1 | number of nan iterations:   0 |
WARNING:megatron.core.transformer.moe.reintegration_barrier:BSR-MoE barrier: rank 26 reintegrated at step 256 (replacement=26, experts=[32, 33, 34, 35, 36, 37, 38, 39, 40, 41, 42, 43, 44, 45, 46, 47])
INFO:megatron.core.transformer.moe.recovery_controller:BSR-MoE controller: barrier reintegration executed for rank 26 at step 256
WARNING:megatron.core.transformer.moe.reintegration_barrier:BSR-MoE barrier: rank 26 reintegrated at step 256 (replacement=26, experts=[32, 33, 34, 35, 36, 37, 38, 39, 40, 41, 42, 43, 44, 45, 46, 47])
WARNING:megatron.core.transformer.moe.reintegration_barrier:BSR-MoE barrier: rank 26 reintegrated at step 256 (replacement=26, experts=[32, 33, 34, 35, 36, 37, 38, 39, 40, 41, 42, 43, 44, 45, 46, 47])
INFO:megatron.core.transformer.moe.recovery_controller:BSR-MoE controller: barrier reintegration executed for rank 26 at step 256
WARNING:megatron.core.transformer.moe.reintegration_barrier:BSR-MoE barrier: rank 26 reintegrated at step 256 (replacement=26, experts=[32, 33, 34, 35, 36, 37, 38, 39, 40, 41, 42, 43, 44, 45, 46, 47])
INFO:megatron.core.transformer.moe.recovery_controller:BSR-MoE controller: barrier reintegration executed for rank 26 at step 256
WARNING:megatron.core.transformer.moe.recovery_controller:[2026-05-20 15:46:47] BSR-MoE controller: REINTEGRATED → HEALTHY_TRAINING (event=reintegration_finalized, step=256)
WARNING:megatron.core.transformer.moe.reintegration_barrier:BSR-MoE barrier: rank 26 reintegrated at step 256 (replacement=26, experts=[32, 33, 34, 35, 36, 37, 38, 39, 40, 41, 42, 43, 44, 45, 46, 47])
INFO:megatron.core.transformer.moe.recovery_controller:BSR-MoE controller: barrier reintegration executed for rank 26 at step 256
WARNING:megatron.core.transformer.moe.recovery_controller:[2026-05-20 15:46:47] BSR-MoE controller: reintegration finalized at step 256 (1 recoveries completed)
INFO:megatron.core.transformer.moe.recovery_controller:BSR-MoE controller: barrier reintegration executed for rank 26 at step 256
WARNING:megatron.core.transformer.moe.recovery_controller:[2026-05-20 15:46:47] BSR-MoE controller: REINTEGRATED → HEALTHY_TRAINING (event=reintegration_finalized, step=256)
WARNING:megatron.core.transformer.moe.recovery_controller:[2026-05-20 15:46:47] BSR-MoE controller: REINTEGRATED → HEALTHY_TRAINING (event=reintegration_finalized, step=256)
WARNING:megatron.core.transformer.moe.recovery_controller:[2026-05-20 15:46:47] BSR-MoE controller: reintegration finalized at step 256 (1 recoveries completed)
WARNING:megatron.core.transformer.moe.recovery_controller:[2026-05-20 15:46:47] BSR-MoE controller: reintegration finalized at step 256 (1 recoveries completed)
WARNING:megatron.core.transformer.moe.recovery_controller:[2026-05-20 15:46:47] BSR-MoE controller: REINTEGRATED → HEALTHY_TRAINING (event=reintegration_finalized, step=256)
WARNING:megatron.core.transformer.moe.reintegration_barrier:BSR-MoE barrier: rank 26 reintegrated at step 256 (replacement=26, experts=[32, 33, 34, 35, 36, 37, 38, 39, 40, 41, 42, 43, 44, 45, 46, 47])
WARNING:megatron.core.transformer.moe.recovery_controller:[2026-05-20 15:46:47] BSR-MoE controller: REINTEGRATED → HEALTHY_TRAINING (event=reintegration_finalized, step=256)
WARNING:megatron.core.transformer.moe.recovery_controller:[2026-05-20 15:46:47] BSR-MoE controller: reintegration finalized at step 256 (1 recoveries completed)
INFO:megatron.core.transformer.moe.recovery_controller:BSR-MoE controller: barrier reintegration executed for rank 26 at step 256
WARNING:megatron.core.transformer.moe.recovery_controller:[2026-05-20 15:46:47] BSR-MoE controller: reintegration finalized at step 256 (1 recoveries completed)
WARNING:megatron.core.transformer.moe.reintegration_barrier:BSR-MoE barrier: rank 26 reintegrated at step 256 (replacement=26, experts=[32, 33, 34, 35, 36, 37, 38, 39, 40, 41, 42, 43, 44, 45, 46, 47])
INFO:megatron.core.transformer.moe.recovery_controller:BSR-MoE controller: barrier reintegration executed for rank 26 at step 256
WARNING:megatron.core.transformer.moe.recovery_controller:[2026-05-20 15:46:47] BSR-MoE controller: REINTEGRATED → HEALTHY_TRAINING (event=reintegration_finalized, step=256)
WARNING:megatron.core.transformer.moe.recovery_controller:[2026-05-20 15:46:47] BSR-MoE controller: reintegration finalized at step 256 (1 recoveries completed)
WARNING:megatron.core.transformer.moe.reintegration_barrier:BSR-MoE barrier: rank 26 reintegrated at step 256 (replacement=26, experts=[32, 33, 34, 35, 36, 37, 38, 39, 40, 41, 42, 43, 44, 45, 46, 47])
INFO:megatron.core.transformer.moe.recovery_controller:BSR-MoE controller: barrier reintegration executed for rank 26 at step 256
WARNING:megatron.core.transformer.moe.recovery_controller:[2026-05-20 15:46:47] BSR-MoE controller: REINTEGRATED → HEALTHY_TRAINING (event=reintegration_finalized, step=256)
WARNING:megatron.core.transformer.moe.recovery_controller:[2026-05-20 15:46:47] BSR-MoE controller: reintegration finalized at step 256 (1 recoveries completed)
WARNING:megatron.core.transformer.moe.recovery_controller:[2026-05-20 15:46:47] BSR-MoE controller: REINTEGRATED → HEALTHY_TRAINING (event=reintegration_finalized, step=256)
WARNING:megatron.core.transformer.moe.recovery_controller:[2026-05-20 15:46:47] BSR-MoE controller: reintegration finalized at step 256 (1 recoveries completed)
 [2026-05-20 15:46:57] iteration      257/     600 | consumed samples:        16448 | elapsed time per iteration (ms): 10513.6 | learning rate: 6.662773E-05 | global batch size:    64 | lm loss: 5.741622E+00 | load_balancing_loss: 1.036657E+00 | loss scale: 1.0 | grad norm: 0.690 | number of skipped iterations:   0 | number of nan iterations:   0 |
WARNING:megatron.core.transformer.moe.bsr_integration:[2026-05-20 15:46:57] BSR-MoE FAULT INJECTION #5: type=restart_in_place, rank=35, step=258, scheduled_step=250, experts=[48, 49, 50, 51, 52, 53, 54, 55, 56, 57, 58, 59, 60, 61, 62, 63], ep_group=[32, 33, 34, 35, 36, 37, 38, 39]
WARNING:megatron.core.transformer.moe.bsr_integration:[2026-05-20 15:46:57] BSR-MoE FAULT INJECTION #5: type=restart_in_place, rank=35, step=258, scheduled_step=250, experts=[48, 49, 50, 51, 52, 53, 54, 55, 56, 57, 58, 59, 60, 61, 62, 63], ep_group=[32, 33, 34, 35, 36, 37, 38, 39]
WARNING:megatron.core.transformer.moe.bsr_integration:[2026-05-20 15:46:57] BSR-MoE FAULT INJECTION #5: type=restart_in_place, rank=35, step=258, scheduled_step=250, experts=[48, 49, 50, 51, 52, 53, 54, 55, 56, 57, 58, 59, 60, 61, 62, 63], ep_group=[32, 33, 34, 35, 36, 37, 38, 39]
WARNING:megatron.core.transformer.moe.recovery_controller:[2026-05-20 15:46:57] BSR-MoE controller: rank 35 HARD FAILURE (step=258, reason=scheduled_restart_in_place_injection, experts=[48, 49, 50, 51, 52, 53, 54, 55, 56, 57, 58, 59, 60, 61, 62, 63], mid_iteration=False)
WARNING:megatron.core.transformer.moe.bsr_integration:[2026-05-20 15:46:57] BSR-MoE FAULT INJECTION #5: type=restart_in_place, rank=35, step=258, scheduled_step=250, experts=[48, 49, 50, 51, 52, 53, 54, 55, 56, 57, 58, 59, 60, 61, 62, 63], ep_group=[32, 33, 34, 35, 36, 37, 38, 39]
WARNING:megatron.core.transformer.moe.recovery_controller:[2026-05-20 15:46:57] BSR-MoE controller: rank 35 HARD FAILURE (step=258, reason=scheduled_restart_in_place_injection, experts=[48, 49, 50, 51, 52, 53, 54, 55, 56, 57, 58, 59, 60, 61, 62, 63], mid_iteration=False)
INFO:megatron.core.transformer.moe.recovery_controller:ExpertRecoveryTracker: experts [48, 49, 50, 51, 52, 53, 54, 55, 56, 57, 58, 59, 60, 61, 62, 63] → RECOVERING (step=258)
WARNING:megatron.core.transformer.moe.recovery_controller:[2026-05-20 15:46:57] BSR-MoE controller: rank 35 HARD FAILURE (step=258, reason=scheduled_restart_in_place_injection, experts=[48, 49, 50, 51, 52, 53, 54, 55, 56, 57, 58, 59, 60, 61, 62, 63], mid_iteration=False)
INFO:megatron.core.transformer.moe.recovery_controller:ExpertRecoveryTracker: experts [48, 49, 50, 51, 52, 53, 54, 55, 56, 57, 58, 59, 60, 61, 62, 63] → RECOVERING (step=258)
WARNING:megatron.core.transformer.moe.optimizer_commit_guard:OptimizerCommitGuard: commit BLOCKED (step=258, reason=hard_failure_rank_35_step_258)
WARNING:megatron.core.transformer.moe.recovery_controller:[2026-05-20 15:46:57] BSR-MoE controller: rank 35 HARD FAILURE (step=258, reason=scheduled_restart_in_place_injection, experts=[48, 49, 50, 51, 52, 53, 54, 55, 56, 57, 58, 59, 60, 61, 62, 63], mid_iteration=False)
WARNING:megatron.core.transformer.moe.optimizer_commit_guard:OptimizerCommitGuard: commit BLOCKED (step=258, reason=hard_failure_rank_35_step_258)
WARNING:megatron.core.transformer.moe.bsr_integration:BSR-MoE: optimizer commit blocked for step 258 (hard failure of rank 35)
INFO:megatron.core.transformer.moe.recovery_controller:ExpertRecoveryTracker: experts [48, 49, 50, 51, 52, 53, 54, 55, 56, 57, 58, 59, 60, 61, 62, 63] → RECOVERING (step=258)
WARNING:megatron.core.transformer.moe.bsr_integration:BSR-MoE: optimizer commit blocked for step 258 (hard failure of rank 35)
WARNING:megatron.core.transformer.moe.bsr_integration:BSR-MoE: entering waiting-for-replacement state (failed_rank=35, step=258, experts=[48, 49, 50, 51, 52, 53, 54, 55, 56, 57, 58, 59, 60, 61, 62, 63])
WARNING:megatron.core.transformer.moe.bsr_integration:BSR-MoE: entering waiting-for-replacement state (failed_rank=35, step=258, experts=[48, 49, 50, 51, 52, 53, 54, 55, 56, 57, 58, 59, 60, 61, 62, 63])
WARNING:megatron.core.transformer.moe.optimizer_commit_guard:OptimizerCommitGuard: commit BLOCKED (step=258, reason=hard_failure_rank_35_step_258)
INFO:megatron.core.transformer.moe.recovery_controller:ExpertRecoveryTracker: experts [48, 49, 50, 51, 52, 53, 54, 55, 56, 57, 58, 59, 60, 61, 62, 63] → RECOVERING (step=258)
WARNING:megatron.core.transformer.moe.bsr_integration:[2026-05-20 15:46:57] BSR-MoE FAULT INJECTION #5: type=restart_in_place, rank=35, step=258, scheduled_step=250, experts=[48, 49, 50, 51, 52, 53, 54, 55, 56, 57, 58, 59, 60, 61, 62, 63], ep_group=[32, 33, 34, 35, 36, 37, 38, 39]
WARNING:megatron.core.transformer.moe.bsr_integration:BSR-MoE: optimizer commit blocked for step 258 (hard failure of rank 35)
WARNING:megatron.core.transformer.moe.recovery_controller:[2026-05-20 15:46:57] BSR-MoE controller: HEALTHY_TRAINING → PENDING_GROUP_REPAIR (event=hard_rank_failure, step=258)
WARNING:megatron.core.transformer.moe.bsr_integration:[2026-05-20 15:46:57] BSR-MoE FAULT INJECTION #5: type=restart_in_place, rank=35, step=258, scheduled_step=250, experts=[48, 49, 50, 51, 52, 53, 54, 55, 56, 57, 58, 59, 60, 61, 62, 63], ep_group=[32, 33, 34, 35, 36, 37, 38, 39]
WARNING:megatron.core.transformer.moe.bsr_integration:BSR-MoE: entering waiting-for-replacement state (failed_rank=35, step=258, experts=[48, 49, 50, 51, 52, 53, 54, 55, 56, 57, 58, 59, 60, 61, 62, 63])
WARNING:megatron.core.transformer.moe.optimizer_commit_guard:OptimizerCommitGuard: commit BLOCKED (step=258, reason=hard_failure_rank_35_step_258)
WARNING:megatron.core.transformer.moe.recovery_controller:[2026-05-20 15:46:57] BSR-MoE controller: HEALTHY_TRAINING → PENDING_GROUP_REPAIR (event=hard_rank_failure, step=258)
WARNING:megatron.core.transformer.moe.bsr_integration:BSR-MoE: optimizer commit blocked for step 258 (hard failure of rank 35)
WARNING:megatron.core.transformer.moe.recovery_controller:[2026-05-20 15:46:57] BSR-MoE controller: replacement assigned — failed_rank=35, replacement_rank=35 (step=258)
WARNING:megatron.core.transformer.moe.recovery_controller:[2026-05-20 15:46:57] BSR-MoE controller: HEALTHY_TRAINING → PENDING_GROUP_REPAIR (event=hard_rank_failure, step=258)
WARNING:megatron.core.transformer.moe.bsr_integration:BSR-MoE: entering waiting-for-replacement state (failed_rank=35, step=258, experts=[48, 49, 50, 51, 52, 53, 54, 55, 56, 57, 58, 59, 60, 61, 62, 63])
WARNING:megatron.core.transformer.moe.recovery_controller:[2026-05-20 15:46:57] BSR-MoE controller: replacement assigned — failed_rank=35, replacement_rank=35 (step=258)
WARNING:megatron.core.transformer.moe.recovery_controller:[2026-05-20 15:46:57] BSR-MoE controller: rank 35 HARD FAILURE (step=258, reason=scheduled_restart_in_place_injection, experts=[48, 49, 50, 51, 52, 53, 54, 55, 56, 57, 58, 59, 60, 61, 62, 63], mid_iteration=False)
WARNING:megatron.core.transformer.moe.recovery_controller:[2026-05-20 15:46:57] BSR-MoE controller: rank 35 HARD FAILURE (step=258, reason=scheduled_restart_in_place_injection, experts=[48, 49, 50, 51, 52, 53, 54, 55, 56, 57, 58, 59, 60, 61, 62, 63], mid_iteration=False)
WARNING:megatron.core.transformer.moe.recovery_controller:[2026-05-20 15:46:57] BSR-MoE controller: replacement assigned — failed_rank=35, replacement_rank=35 (step=258)
WARNING:megatron.core.transformer.moe.recovery_controller:[2026-05-20 15:46:57] BSR-MoE controller: HEALTHY_TRAINING → PENDING_GROUP_REPAIR (event=hard_rank_failure, step=258)
INFO:megatron.core.transformer.moe.recovery_controller:ExpertRecoveryTracker: experts [48, 49, 50, 51, 52, 53, 54, 55, 56, 57, 58, 59, 60, 61, 62, 63] → RECOVERING (step=258)
WARNING:megatron.core.transformer.moe.bsr_integration:[2026-05-20 15:46:57] BSR-MoE FAULT INJECTION #5: type=restart_in_place, rank=35, step=258, scheduled_step=250, experts=[48, 49, 50, 51, 52, 53, 54, 55, 56, 57, 58, 59, 60, 61, 62, 63], ep_group=[32, 33, 34, 35, 36, 37, 38, 39]
INFO:megatron.core.transformer.moe.replacement_registry:BSR-MoE replacement: failed_rank=35, replacement_rank=35, NOT_PRESENT → BOOTSTRAPPING (step=258)
INFO:megatron.core.transformer.moe.recovery_controller:ExpertRecoveryTracker: experts [48, 49, 50, 51, 52, 53, 54, 55, 56, 57, 58, 59, 60, 61, 62, 63] → RECOVERING (step=258)
INFO:megatron.core.transformer.moe.replacement_registry:BSR-MoE replacement: failed_rank=35, replacement_rank=35, NOT_PRESENT → BOOTSTRAPPING (step=258)
WARNING:megatron.core.transformer.moe.replacement_registry:BSR-MoE: replacement announced — failed_rank=35 → replacement_rank=35 (step=258, reason='')
WARNING:megatron.core.transformer.moe.optimizer_commit_guard:OptimizerCommitGuard: commit BLOCKED (step=258, reason=hard_failure_rank_35_step_258)
WARNING:megatron.core.transformer.moe.recovery_controller:[2026-05-20 15:46:57] BSR-MoE controller: replacement assigned — failed_rank=35, replacement_rank=35 (step=258)
WARNING:megatron.core.transformer.moe.replacement_registry:BSR-MoE: replacement announced — failed_rank=35 → replacement_rank=35 (step=258, reason='')
WARNING:megatron.core.transformer.moe.bsr_integration:[2026-05-20 15:46:57] BSR-MoE FAULT INJECTION #5: type=restart_in_place, rank=35, step=258, scheduled_step=250, experts=[48, 49, 50, 51, 52, 53, 54, 55, 56, 57, 58, 59, 60, 61, 62, 63], ep_group=[32, 33, 34, 35, 36, 37, 38, 39]
WARNING:megatron.core.transformer.moe.bsr_integration:BSR-MoE: optimizer commit blocked for step 258 (hard failure of rank 35)
INFO:megatron.core.transformer.moe.replacement_registry:BSR-MoE replacement: failed_rank=35, replacement_rank=35, NOT_PRESENT → BOOTSTRAPPING (step=258)
WARNING:megatron.core.transformer.moe.optimizer_commit_guard:OptimizerCommitGuard: commit BLOCKED (step=258, reason=hard_failure_rank_35_step_258)
WARNING:megatron.core.transformer.moe.recovery_controller:[2026-05-20 15:46:57] BSR-MoE controller: PENDING_GROUP_REPAIR → WAITING_FOR_REPLACEMENT (event=replacement_assigned, step=258)
WARNING:megatron.core.transformer.moe.replacement_registry:BSR-MoE: replacement announced — failed_rank=35 → replacement_rank=35 (step=258, reason='')
WARNING:megatron.core.transformer.moe.bsr_integration:BSR-MoE: entering waiting-for-replacement state (failed_rank=35, step=258, experts=[48, 49, 50, 51, 52, 53, 54, 55, 56, 57, 58, 59, 60, 61, 62, 63])
WARNING:megatron.core.transformer.moe.recovery_controller:[2026-05-20 15:46:57] BSR-MoE controller: PENDING_GROUP_REPAIR → WAITING_FOR_REPLACEMENT (event=replacement_assigned, step=258)
WARNING:megatron.core.transformer.moe.bsr_integration:BSR-MoE: optimizer commit blocked for step 258 (hard failure of rank 35)
WARNING:megatron.core.transformer.moe.recovery_controller:[2026-05-20 15:46:57] BSR-MoE controller: replacement ready — failed_rank=35 (step=258)
WARNING:megatron.core.transformer.moe.recovery_controller:[2026-05-20 15:46:57] BSR-MoE controller: rank 35 HARD FAILURE (step=258, reason=scheduled_restart_in_place_injection, experts=[48, 49, 50, 51, 52, 53, 54, 55, 56, 57, 58, 59, 60, 61, 62, 63], mid_iteration=False)
WARNING:megatron.core.transformer.moe.bsr_integration:BSR-MoE: entering waiting-for-replacement state (failed_rank=35, step=258, experts=[48, 49, 50, 51, 52, 53, 54, 55, 56, 57, 58, 59, 60, 61, 62, 63])
WARNING:megatron.core.transformer.moe.recovery_controller:[2026-05-20 15:46:57] BSR-MoE controller: replacement ready — failed_rank=35 (step=258)
WARNING:megatron.core.transformer.moe.recovery_controller:[2026-05-20 15:46:57] BSR-MoE controller: PENDING_GROUP_REPAIR → WAITING_FOR_REPLACEMENT (event=replacement_assigned, step=258)
INFO:megatron.core.transformer.moe.replacement_registry:BSR-MoE replacement: failed_rank=35, replacement_rank=35, NOT_PRESENT → BOOTSTRAPPING (step=258)
WARNING:megatron.core.transformer.moe.recovery_controller:[2026-05-20 15:46:57] BSR-MoE controller: WAITING_FOR_REPLACEMENT → SAFE_POINT_REPAIR (event=replacement_ready, step=258)
WARNING:megatron.core.transformer.moe.recovery_controller:[2026-05-20 15:46:57] BSR-MoE controller: HEALTHY_TRAINING → PENDING_GROUP_REPAIR (event=hard_rank_failure, step=258)
WARNING:megatron.core.transformer.moe.recovery_controller:[2026-05-20 15:46:57] BSR-MoE controller: WAITING_FOR_REPLACEMENT → SAFE_POINT_REPAIR (event=replacement_ready, step=258)
WARNING:megatron.core.transformer.moe.recovery_controller:BSR-MoE controller: restart-in-place fast path for rank 35 (replacement=self, step=258)
WARNING:megatron.core.transformer.moe.replacement_registry:BSR-MoE: replacement announced — failed_rank=35 → replacement_rank=35 (step=258, reason='')
WARNING:megatron.core.transformer.moe.recovery_controller:[2026-05-20 15:46:57] BSR-MoE controller: replacement ready — failed_rank=35 (step=258)
WARNING:megatron.core.transformer.moe.recovery_controller:BSR-MoE controller: restart-in-place fast path for rank 35 (replacement=self, step=258)
WARNING:megatron.core.transformer.moe.recovery_controller:[2026-05-20 15:46:57] BSR-MoE controller: HEALTHY_TRAINING → PENDING_GROUP_REPAIR (event=hard_rank_failure, step=258)
INFO:megatron.core.transformer.moe.recovery_controller:ExpertRecoveryTracker: experts [48, 49, 50, 51, 52, 53, 54, 55, 56, 57, 58, 59, 60, 61, 62, 63] → RECOVERING (step=258)
WARNING:megatron.core.transformer.moe.recovery_controller:[2026-05-20 15:46:57] BSR-MoE controller: replacement assigned — failed_rank=35, replacement_rank=35 (step=258)
WARNING:megatron.core.transformer.moe.recovery_controller:[2026-05-20 15:46:57] BSR-MoE controller: WAITING_FOR_REPLACEMENT → SAFE_POINT_REPAIR (event=replacement_ready, step=258)
WARNING:megatron.core.transformer.moe.recovery_controller:[2026-05-20 15:46:57] BSR-MoE controller: ⏱️  START safe-point repair at step 258 (failed=35, replacement=35)
WARNING:megatron.core.transformer.moe.recovery_controller:[2026-05-20 15:46:57] BSR-MoE controller: PENDING_GROUP_REPAIR → WAITING_FOR_REPLACEMENT (event=replacement_assigned, step=258)
WARNING:megatron.core.transformer.moe.recovery_controller:BSR-MoE controller: restart-in-place fast path for rank 35 (replacement=self, step=258)
WARNING:megatron.core.transformer.moe.recovery_controller:[2026-05-20 15:46:57] BSR-MoE controller: ⏱️  START safe-point repair at step 258 (failed=35, replacement=35)
WARNING:megatron.core.transformer.moe.recovery_controller:[2026-05-20 15:46:57] BSR-MoE controller: replacement assigned — failed_rank=35, replacement_rank=35 (step=258)
WARNING:megatron.core.transformer.moe.optimizer_commit_guard:OptimizerCommitGuard: commit BLOCKED (step=258, reason=hard_failure_rank_35_step_258)
WARNING:megatron.core.transformer.moe.recovery_controller:[2026-05-20 15:46:57] BSR-MoE controller: ⏱️  [Phase A] Starting infrastructure repair...
WARNING:megatron.core.transformer.moe.recovery_controller:[2026-05-20 15:46:57] BSR-MoE controller: rank 35 HARD FAILURE (step=258, reason=scheduled_restart_in_place_injection, experts=[48, 49, 50, 51, 52, 53, 54, 55, 56, 57, 58, 59, 60, 61, 62, 63], mid_iteration=False)
WARNING:megatron.core.transformer.moe.recovery_controller:[2026-05-20 15:46:57] BSR-MoE controller: replacement ready — failed_rank=35 (step=258)
WARNING:megatron.core.transformer.moe.recovery_controller:[2026-05-20 15:46:57] BSR-MoE controller: ⏱️  START safe-point repair at step 258 (failed=35, replacement=35)
WARNING:megatron.core.transformer.moe.bsr_integration:BSR-MoE: optimizer commit blocked for step 258 (hard failure of rank 35)
INFO:megatron.core.transformer.moe.replacement_registry:BSR-MoE replacement: failed_rank=35, replacement_rank=35, NOT_PRESENT → BOOTSTRAPPING (step=258)
WARNING:megatron.core.transformer.moe.recovery_controller:[2026-05-20 15:46:57] BSR-MoE controller: ⏱️  [Phase A] Starting infrastructure repair...
WARNING:megatron.core.transformer.moe.replacement_registry:BSR-MoE: replacement announced — failed_rank=35 → replacement_rank=35 (step=258, reason='')
INFO:megatron.core.transformer.moe.replacement_registry:BSR-MoE replacement: failed_rank=35, replacement_rank=35, BOOTSTRAPPING → READY_FOR_REPAIR (step=258)
WARNING:megatron.core.transformer.moe.bsr_integration:BSR-MoE: entering waiting-for-replacement state (failed_rank=35, step=258, experts=[48, 49, 50, 51, 52, 53, 54, 55, 56, 57, 58, 59, 60, 61, 62, 63])
WARNING:megatron.core.transformer.moe.recovery_controller:[2026-05-20 15:46:57] BSR-MoE controller: WAITING_FOR_REPLACEMENT → SAFE_POINT_REPAIR (event=replacement_ready, step=258)
WARNING:megatron.core.transformer.moe.recovery_controller:[2026-05-20 15:46:57] BSR-MoE controller: ⏱️  [Phase A] Starting infrastructure repair...
INFO:megatron.core.transformer.moe.replacement_registry:BSR-MoE replacement: failed_rank=35, replacement_rank=35, BOOTSTRAPPING → READY_FOR_REPAIR (step=258)
INFO:megatron.core.transformer.moe.replacement_registry:BSR-MoE replacement: failed_rank=35, replacement_rank=35, READY_FOR_REPAIR → INTEGRATED (step=258)
WARNING:megatron.core.transformer.moe.recovery_controller:BSR-MoE controller: restart-in-place fast path for rank 35 (replacement=self, step=258)
WARNING:megatron.core.transformer.moe.recovery_controller:[2026-05-20 15:46:57] BSR-MoE controller: PENDING_GROUP_REPAIR → WAITING_FOR_REPLACEMENT (event=replacement_assigned, step=258)
INFO:megatron.core.transformer.moe.replacement_registry:BSR-MoE replacement: failed_rank=35, replacement_rank=35, NOT_PRESENT → BOOTSTRAPPING (step=258)
WARNING:megatron.core.transformer.moe.replacement_registry:BSR-MoE: replacement INTEGRATED — failed_rank=35, replacement_rank=35 (step=258)
INFO:megatron.core.transformer.moe.replacement_registry:BSR-MoE replacement: failed_rank=35, replacement_rank=35, READY_FOR_REPAIR → INTEGRATED (step=258)
INFO:megatron.core.transformer.moe.recovery_controller:ExpertRecoveryTracker: experts [48, 49, 50, 51, 52, 53, 54, 55, 56, 57, 58, 59, 60, 61, 62, 63] → RECOVERING (step=258)
INFO:megatron.core.transformer.moe.replacement_registry:BSR-MoE replacement: failed_rank=35, replacement_rank=35, BOOTSTRAPPING → READY_FOR_REPAIR (step=258)
WARNING:megatron.core.transformer.moe.replacement_registry:BSR-MoE: replacement announced — failed_rank=35 → replacement_rank=35 (step=258, reason='')
WARNING:megatron.core.transformer.moe.recovery_controller:[2026-05-20 15:46:57] BSR-MoE controller: replacement ready — failed_rank=35 (step=258)
WARNING:megatron.core.transformer.moe.recovery_controller:[2026-05-20 15:46:57] BSR-MoE controller: HEALTHY_TRAINING → PENDING_GROUP_REPAIR (event=hard_rank_failure, step=258)
WARNING:megatron.core.transformer.moe.recovery_controller:[2026-05-20 15:46:57] BSR-MoE controller: ⏱️  START safe-point repair at step 258 (failed=35, replacement=35)
WARNING:megatron.core.transformer.moe.replacement_registry:BSR-MoE: replacement INTEGRATED — failed_rank=35, replacement_rank=35 (step=258)
WARNING:megatron.core.transformer.moe.recovery_controller:[2026-05-20 15:46:57] BSR-MoE controller: step1 replacement_integrate elapsed=0.000s (step=258)
INFO:megatron.core.transformer.moe.replacement_registry:BSR-MoE replacement: failed_rank=35, replacement_rank=35, READY_FOR_REPAIR → INTEGRATED (step=258)
WARNING:megatron.core.transformer.moe.recovery_controller:[2026-05-20 15:46:57] BSR-MoE controller: WAITING_FOR_REPLACEMENT → SAFE_POINT_REPAIR (event=replacement_ready, step=258)
WARNING:megatron.core.transformer.moe.recovery_controller:[2026-05-20 15:46:57] BSR-MoE controller: step2 group_rebuild_request elapsed=0.000s (step=258)
WARNING:megatron.core.transformer.moe.recovery_controller:[2026-05-20 15:46:57] BSR-MoE controller: PENDING_GROUP_REPAIR → WAITING_FOR_REPLACEMENT (event=replacement_assigned, step=258)
WARNING:megatron.core.transformer.moe.recovery_controller:[2026-05-20 15:46:57] BSR-MoE controller: step1 replacement_integrate elapsed=0.000s (step=258)
WARNING:megatron.core.transformer.moe.replacement_registry:BSR-MoE: replacement INTEGRATED — failed_rank=35, replacement_rank=35 (step=258)
WARNING:megatron.core.transformer.moe.recovery_controller:BSR-MoE controller: restart-in-place fast path for rank 35 (replacement=self, step=258)
WARNING:megatron.core.transformer.moe.recovery_controller:[2026-05-20 15:46:57] BSR-MoE controller: ⏱️  [Phase A] Starting infrastructure repair...
WARNING:megatron.core.transformer.moe.recovery_controller:[2026-05-20 15:46:57] BSR-MoE controller: replacement assigned — failed_rank=35, replacement_rank=35 (step=258)
WARNING:megatron.core.transformer.moe.optimizer_commit_guard:OptimizerCommitGuard: commit BLOCKED (step=258, reason=hard_failure_rank_35_step_258)
WARNING:megatron.core.transformer.moe.recovery_controller:[2026-05-20 15:46:57] BSR-MoE controller: step3 group_rebuild_execute elapsed=0.000s (step=258)
WARNING:megatron.core.transformer.moe.recovery_controller:[2026-05-20 15:46:57] BSR-MoE controller: step2 group_rebuild_request elapsed=0.000s (step=258)
WARNING:megatron.core.transformer.moe.recovery_controller:[2026-05-20 15:46:57] BSR-MoE controller: replacement ready — failed_rank=35 (step=258)
WARNING:megatron.core.transformer.moe.recovery_controller:[2026-05-20 15:46:57] BSR-MoE controller: step1 replacement_integrate elapsed=0.000s (step=258)
WARNING:megatron.core.transformer.moe.recovery_controller:[2026-05-20 15:46:57] BSR-MoE controller: step4 group_rebuild_finish elapsed=0.000s (step=258)
WARNING:megatron.core.transformer.moe.recovery_controller:[2026-05-20 15:46:57] BSR-MoE controller: step3 group_rebuild_execute elapsed=0.000s (step=258)
WARNING:megatron.core.transformer.moe.recovery_controller:[2026-05-20 15:46:57] BSR-MoE controller: ⏱️  START safe-point repair at step 258 (failed=35, replacement=35)
WARNING:megatron.core.transformer.moe.recovery_controller:[2026-05-20 15:46:57] BSR-MoE controller: WAITING_FOR_REPLACEMENT → SAFE_POINT_REPAIR (event=replacement_ready, step=258)
WARNING:megatron.core.transformer.moe.recovery_controller:[2026-05-20 15:46:57] BSR-MoE controller: step2 group_rebuild_request elapsed=0.000s (step=258)
WARNING:megatron.core.transformer.moe.bsr_integration:BSR-MoE: optimizer commit blocked for step 258 (hard failure of rank 35)
INFO:megatron.core.transformer.moe.replacement_registry:BSR-MoE replacement: failed_rank=35, replacement_rank=35, BOOTSTRAPPING → READY_FOR_REPAIR (step=258)
WARNING:megatron.core.transformer.moe.recovery_controller:[2026-05-20 15:46:57] BSR-MoE controller: step5 topology_refresh elapsed=0.000s (step=258)
WARNING:megatron.core.transformer.moe.recovery_controller:[2026-05-20 15:46:57] BSR-MoE controller: step4 group_rebuild_finish elapsed=0.000s (step=258)
WARNING:megatron.core.transformer.moe.recovery_controller:BSR-MoE controller: restart-in-place fast path for rank 35 (replacement=self, step=258)
WARNING:megatron.core.transformer.moe.recovery_controller:[2026-05-20 15:46:57] BSR-MoE controller: step3 group_rebuild_execute elapsed=0.000s (step=258)
WARNING:megatron.core.transformer.moe.recovery_controller:[2026-05-20 15:46:57] BSR-MoE controller: ⏱️  [Phase A] Infrastructure repair COMPLETED (elapsed=0.000s)
WARNING:megatron.core.transformer.moe.recovery_controller:[2026-05-20 15:46:57] BSR-MoE controller: ⏱️  [Phase A] Starting infrastructure repair...
WARNING:megatron.core.transformer.moe.bsr_integration:BSR-MoE: entering waiting-for-replacement state (failed_rank=35, step=258, experts=[48, 49, 50, 51, 52, 53, 54, 55, 56, 57, 58, 59, 60, 61, 62, 63])
INFO:megatron.core.transformer.moe.replacement_registry:BSR-MoE replacement: failed_rank=35, replacement_rank=35, READY_FOR_REPAIR → INTEGRATED (step=258)
WARNING:megatron.core.transformer.moe.recovery_controller:[2026-05-20 15:46:57] BSR-MoE controller: step5 topology_refresh elapsed=0.000s (step=258)
WARNING:megatron.core.transformer.moe.recovery_controller:[2026-05-20 15:46:57] BSR-MoE controller: step4 group_rebuild_finish elapsed=0.000s (step=258)
WARNING:megatron.core.transformer.moe.recovery_controller:[2026-05-20 15:46:57] BSR-MoE controller: ⏱️  [Phase B] Starting parameter recovery...
INFO:megatron.core.transformer.moe.replacement_registry:BSR-MoE replacement: failed_rank=35, replacement_rank=35, NOT_PRESENT → BOOTSTRAPPING (step=258)
WARNING:megatron.core.transformer.moe.recovery_controller:[2026-05-20 15:46:57] BSR-MoE controller: ⏱️  [Phase A] Infrastructure repair COMPLETED (elapsed=0.000s)
WARNING:megatron.core.transformer.moe.replacement_registry:BSR-MoE: replacement INTEGRATED — failed_rank=35, replacement_rank=35 (step=258)
WARNING:megatron.core.transformer.moe.recovery_controller:[2026-05-20 15:46:57] BSR-MoE controller: ⏱️  START safe-point repair at step 258 (failed=35, replacement=35)
WARNING:megatron.core.transformer.moe.recovery_controller:[2026-05-20 15:46:57] BSR-MoE controller: step5 topology_refresh elapsed=0.000s (step=258)
INFO:megatron.core.transformer.moe.replacement_registry:BSR-MoE replacement: failed_rank=35, replacement_rank=35, BOOTSTRAPPING → READY_FOR_REPAIR (step=258)
WARNING:megatron.core.transformer.moe.replacement_registry:BSR-MoE: replacement announced — failed_rank=35 → replacement_rank=35 (step=258, reason='')
WARNING:megatron.core.transformer.moe.recovery_controller:[2026-05-20 15:46:57] BSR-MoE controller: ⏱️  [Phase B] Starting parameter recovery...
WARNING:megatron.core.transformer.moe.recovery_controller:[2026-05-20 15:46:57] BSR-MoE controller: step1 replacement_integrate elapsed=0.000s (step=258)
WARNING:megatron.core.transformer.moe.recovery_controller:[2026-05-20 15:46:57] BSR-MoE controller: ⏱️  [Phase A] Infrastructure repair COMPLETED (elapsed=0.000s)
INFO:megatron.core.transformer.moe.replacement_registry:BSR-MoE replacement: failed_rank=35, replacement_rank=35, READY_FOR_REPAIR → INTEGRATED (step=258)
WARNING:megatron.core.transformer.moe.recovery_controller:[2026-05-20 15:46:57] BSR-MoE controller: ⏱️  [Phase A] Starting infrastructure repair...
WARNING:megatron.core.transformer.moe.recovery_controller:[2026-05-20 15:46:57] BSR-MoE controller: step2 group_rebuild_request elapsed=0.000s (step=258)
WARNING:megatron.core.transformer.moe.recovery_controller:[2026-05-20 15:46:57] BSR-MoE controller: ⏱️  [Phase B] Starting parameter recovery...
WARNING:megatron.core.transformer.moe.recovery_controller:[2026-05-20 15:46:57] BSR-MoE controller: PENDING_GROUP_REPAIR → WAITING_FOR_REPLACEMENT (event=replacement_assigned, step=258)
WARNING:megatron.core.transformer.moe.replacement_registry:BSR-MoE: replacement INTEGRATED — failed_rank=35, replacement_rank=35 (step=258)
WARNING:megatron.core.transformer.moe.recovery_controller:[2026-05-20 15:46:57] BSR-MoE controller: HEALTHY_TRAINING → PENDING_GROUP_REPAIR (event=hard_rank_failure, step=258)
WARNING:megatron.core.transformer.moe.recovery_controller:[2026-05-20 15:46:57] BSR-MoE controller: step3 group_rebuild_execute elapsed=0.000s (step=258)
WARNING:megatron.core.transformer.moe.recovery_controller:[2026-05-20 15:46:57] BSR-MoE controller: step1 replacement_integrate elapsed=0.000s (step=258)
WARNING:megatron.core.transformer.moe.recovery_controller:[2026-05-20 15:46:57] BSR-MoE controller: replacement ready — failed_rank=35 (step=258)
INFO:megatron.core.transformer.moe.replacement_registry:BSR-MoE replacement: failed_rank=35, replacement_rank=35, BOOTSTRAPPING → READY_FOR_REPAIR (step=258)
WARNING:megatron.core.transformer.moe.recovery_controller:[2026-05-20 15:46:57] BSR-MoE controller: step4 group_rebuild_finish elapsed=0.000s (step=258)
WARNING:megatron.core.transformer.moe.recovery_controller:[2026-05-20 15:46:57] BSR-MoE controller: step2 group_rebuild_request elapsed=0.000s (step=258)
WARNING:megatron.core.transformer.moe.recovery_controller:[2026-05-20 15:46:57] BSR-MoE controller: step5 topology_refresh elapsed=0.000s (step=258)
INFO:megatron.core.transformer.moe.replacement_registry:BSR-MoE replacement: failed_rank=35, replacement_rank=35, READY_FOR_REPAIR → INTEGRATED (step=258)
WARNING:megatron.core.transformer.moe.recovery_controller:[2026-05-20 15:46:57] BSR-MoE controller: WAITING_FOR_REPLACEMENT → SAFE_POINT_REPAIR (event=replacement_ready, step=258)
WARNING:megatron.core.transformer.moe.recovery_controller:[2026-05-20 15:46:57] BSR-MoE controller: replacement assigned — failed_rank=35, replacement_rank=35 (step=258)
WARNING:megatron.core.transformer.moe.recovery_controller:[2026-05-20 15:46:57] BSR-MoE controller: step3 group_rebuild_execute elapsed=0.000s (step=258)
WARNING:megatron.core.transformer.moe.recovery_controller:BSR-MoE controller: restart-in-place fast path for rank 35 (replacement=self, step=258)
WARNING:megatron.core.transformer.moe.recovery_controller:[2026-05-20 15:46:57] BSR-MoE controller: ⏱️  [Phase A] Infrastructure repair COMPLETED (elapsed=0.000s)
WARNING:megatron.core.transformer.moe.replacement_registry:BSR-MoE: replacement INTEGRATED — failed_rank=35, replacement_rank=35 (step=258)
WARNING:megatron.core.transformer.moe.recovery_controller:[2026-05-20 15:46:57] BSR-MoE controller: step4 group_rebuild_finish elapsed=0.000s (step=258)
WARNING:megatron.core.transformer.moe.recovery_controller:[2026-05-20 15:46:57] BSR-MoE controller: step5 topology_refresh elapsed=0.000s (step=258)
WARNING:megatron.core.transformer.moe.recovery_controller:[2026-05-20 15:46:57] BSR-MoE controller: ⏱️  [Phase B] Starting parameter recovery...
WARNING:megatron.core.transformer.moe.recovery_controller:[2026-05-20 15:46:57] BSR-MoE controller: step1 replacement_integrate elapsed=0.000s (step=258)
WARNING:megatron.core.transformer.moe.recovery_controller:[2026-05-20 15:46:57] BSR-MoE controller: ⏱️  START safe-point repair at step 258 (failed=35, replacement=35)
WARNING:megatron.core.transformer.moe.recovery_controller:[2026-05-20 15:46:57] BSR-MoE controller: ⏱️  [Phase A] Infrastructure repair COMPLETED (elapsed=0.000s)
WARNING:megatron.core.transformer.moe.recovery_controller:[2026-05-20 15:46:57] BSR-MoE controller: step2 group_rebuild_request elapsed=0.000s (step=258)
WARNING:megatron.core.transformer.moe.recovery_controller:[2026-05-20 15:46:57] BSR-MoE controller: ⏱️  [Phase B] Starting parameter recovery...
WARNING:megatron.core.transformer.moe.recovery_controller:[2026-05-20 15:46:57] BSR-MoE controller: step3 group_rebuild_execute elapsed=0.000s (step=258)
WARNING:megatron.core.transformer.moe.recovery_controller:[2026-05-20 15:46:57] BSR-MoE controller: ⏱️  [Phase A] Starting infrastructure repair...
WARNING:megatron.core.transformer.moe.recovery_controller:[2026-05-20 15:46:57] BSR-MoE controller: step4 group_rebuild_finish elapsed=0.000s (step=258)
INFO:megatron.core.transformer.moe.replacement_registry:BSR-MoE replacement: failed_rank=35, replacement_rank=35, NOT_PRESENT → BOOTSTRAPPING (step=258)
WARNING:megatron.core.transformer.moe.recovery_controller:[2026-05-20 15:46:57] BSR-MoE controller: step5 topology_refresh elapsed=0.000s (step=258)
INFO:megatron.core.transformer.moe.replacement_registry:BSR-MoE replacement: failed_rank=35, replacement_rank=35, BOOTSTRAPPING → READY_FOR_REPAIR (step=258)
WARNING:megatron.core.transformer.moe.replacement_registry:BSR-MoE: replacement announced — failed_rank=35 → replacement_rank=35 (step=258, reason='')
WARNING:megatron.core.transformer.moe.recovery_controller:[2026-05-20 15:46:57] BSR-MoE controller: ⏱️  [Phase A] Infrastructure repair COMPLETED (elapsed=0.000s)
INFO:megatron.core.transformer.moe.replacement_registry:BSR-MoE replacement: failed_rank=35, replacement_rank=35, READY_FOR_REPAIR → INTEGRATED (step=258)
WARNING:megatron.core.transformer.moe.recovery_controller:[2026-05-20 15:46:57] BSR-MoE controller: ⏱️  [Phase B] Starting parameter recovery...
WARNING:megatron.core.transformer.moe.replacement_registry:BSR-MoE: replacement INTEGRATED — failed_rank=35, replacement_rank=35 (step=258)
WARNING:megatron.core.transformer.moe.recovery_controller:[2026-05-20 15:46:57] BSR-MoE controller: PENDING_GROUP_REPAIR → WAITING_FOR_REPLACEMENT (event=replacement_assigned, step=258)
WARNING:megatron.core.transformer.moe.recovery_controller:[2026-05-20 15:46:57] BSR-MoE controller: step1 replacement_integrate elapsed=0.000s (step=258)
WARNING:megatron.core.transformer.moe.recovery_controller:[2026-05-20 15:46:57] BSR-MoE controller: replacement ready — failed_rank=35 (step=258)
WARNING:megatron.core.transformer.moe.recovery_controller:[2026-05-20 15:46:57] BSR-MoE controller: step2 group_rebuild_request elapsed=0.000s (step=258)
WARNING:megatron.core.transformer.moe.recovery_controller:[2026-05-20 15:46:57] BSR-MoE controller: WAITING_FOR_REPLACEMENT → SAFE_POINT_REPAIR (event=replacement_ready, step=258)
WARNING:megatron.core.transformer.moe.recovery_controller:[2026-05-20 15:46:57] BSR-MoE controller: step3 group_rebuild_execute elapsed=0.000s (step=258)
WARNING:megatron.core.transformer.moe.recovery_controller:BSR-MoE controller: restart-in-place fast path for rank 35 (replacement=self, step=258)
WARNING:megatron.core.transformer.moe.recovery_controller:[2026-05-20 15:46:57] BSR-MoE controller: step4 group_rebuild_finish elapsed=0.000s (step=258)
WARNING:megatron.core.transformer.moe.recovery_controller:[2026-05-20 15:46:57] BSR-MoE controller: step5 topology_refresh elapsed=0.000s (step=258)
WARNING:megatron.core.transformer.moe.recovery_controller:[2026-05-20 15:46:57] BSR-MoE controller: ⏱️  START safe-point repair at step 258 (failed=35, replacement=35)
WARNING:megatron.core.transformer.moe.recovery_controller:[2026-05-20 15:46:57] BSR-MoE controller: ⏱️  [Phase A] Infrastructure repair COMPLETED (elapsed=0.000s)
WARNING:megatron.core.transformer.moe.recovery_controller:[2026-05-20 15:46:57] BSR-MoE controller: ⏱️  [Phase B] Starting parameter recovery...
WARNING:megatron.core.transformer.moe.recovery_controller:[2026-05-20 15:46:57] BSR-MoE controller: ⏱️  [Phase A] Starting infrastructure repair...
INFO:megatron.core.transformer.moe.replacement_registry:BSR-MoE replacement: failed_rank=35, replacement_rank=35, BOOTSTRAPPING → READY_FOR_REPAIR (step=258)
INFO:megatron.core.transformer.moe.replacement_registry:BSR-MoE replacement: failed_rank=35, replacement_rank=35, READY_FOR_REPAIR → INTEGRATED (step=258)
WARNING:megatron.core.transformer.moe.replacement_registry:BSR-MoE: replacement INTEGRATED — failed_rank=35, replacement_rank=35 (step=258)
WARNING:megatron.core.transformer.moe.recovery_controller:[2026-05-20 15:46:57] BSR-MoE controller: step1 replacement_integrate elapsed=0.000s (step=258)
WARNING:megatron.core.transformer.moe.recovery_controller:[2026-05-20 15:46:57] BSR-MoE controller: step2 group_rebuild_request elapsed=0.000s (step=258)
WARNING:megatron.core.transformer.moe.recovery_controller:[2026-05-20 15:46:57] BSR-MoE controller: step3 group_rebuild_execute elapsed=0.000s (step=258)
WARNING:megatron.core.transformer.moe.recovery_controller:[2026-05-20 15:46:57] BSR-MoE controller: step4 group_rebuild_finish elapsed=0.000s (step=258)
WARNING:megatron.core.transformer.moe.recovery_controller:[2026-05-20 15:46:57] BSR-MoE controller: step5 topology_refresh elapsed=0.000s (step=258)
WARNING:megatron.core.transformer.moe.recovery_controller:[2026-05-20 15:46:57] BSR-MoE controller: ⏱️  [Phase A] Infrastructure repair COMPLETED (elapsed=0.000s)
WARNING:megatron.core.transformer.moe.recovery_controller:[2026-05-20 15:46:57] BSR-MoE controller: ⏱️  [Phase B] Starting parameter recovery...
INFO:megatron.core.transformer.moe.bsr_integration:BSR-MoE: found latest checkpoint with BSR manifest at /mnt/ais-c1/dataset/zds/find_multi_fault/5.20/step_250_faults_8/ckpt/iter_0000200 (step=200)
INFO:megatron.core.transformer.moe.bsr_integration:BSR-MoE: found latest checkpoint with BSR manifest at /mnt/ais-c1/dataset/zds/find_multi_fault/5.20/step_250_faults_8/ckpt/iter_0000200 (step=200)
INFO:megatron.core.transformer.moe.bsr_integration:BSR-MoE: found latest checkpoint with BSR manifest at /mnt/ais-c1/dataset/zds/find_multi_fault/5.20/step_250_faults_8/ckpt/iter_0000200 (step=200)
INFO:megatron.core.transformer.moe.bsr_integration:BSR-MoE: found latest checkpoint with BSR manifest at /mnt/ais-c1/dataset/zds/find_multi_fault/5.20/step_250_faults_8/ckpt/iter_0000200 (step=200)
INFO:megatron.core.transformer.moe.bsr_integration:BSR-MoE: found latest checkpoint with BSR manifest at /mnt/ais-c1/dataset/zds/find_multi_fault/5.20/step_250_faults_8/ckpt/iter_0000200 (step=200)
INFO:megatron.core.transformer.moe.bsr_integration:BSR-MoE: found latest checkpoint with BSR manifest at /mnt/ais-c1/dataset/zds/find_multi_fault/5.20/step_250_faults_8/ckpt/iter_0000200 (step=200)
INFO:megatron.core.transformer.moe.bsr_integration:BSR-MoE: found latest checkpoint with BSR manifest at /mnt/ais-c1/dataset/zds/find_multi_fault/5.20/step_250_faults_8/ckpt/iter_0000200 (step=200)
INFO:megatron.core.transformer.moe.bsr_integration:BSR-MoE: found latest checkpoint with BSR manifest at /mnt/ais-c1/dataset/zds/find_multi_fault/5.20/step_250_faults_8/ckpt/iter_0000200 (step=200)
WARNING:megatron.core.transformer.moe.recovery_controller:[2026-05-20 15:46:57] BSR-MoE controller: HYBRID_RECOVERY path — dense from DP peer, experts from checkpoint (step=258, failed=35, replacement=35)
WARNING:megatron.core.transformer.moe.recovery_controller:[2026-05-20 15:46:57] BSR-MoE controller: dense_sync elapsed=0.000s (step=258)
WARNING:megatron.core.transformer.moe.recovery_controller:[2026-05-20 15:46:57] BSR-MoE controller: expert_restore (sync weights, deferred optimizer) elapsed=0.000s (step=258)
WARNING:megatron.core.transformer.moe.recovery_controller:[2026-05-20 15:46:57] BSR-MoE controller: ⏱️  [Phase B] Parameter recovery COMPLETED (path=HYBRID_RECOVERY, elapsed=0.002s)
INFO:megatron.core.transformer.moe.bsr_integration:BSR-MoE post-recovery convergence: views consistent after HYBRID_RECOVERY path (step=258)
WARNING:megatron.core.transformer.moe.recovery_controller:[2026-05-20 15:46:57] BSR-MoE controller: ⏱️  [Phase B→C] Post-recovery convergence completed (path=HYBRID_RECOVERY, elapsed=0.000s, step=258)
WARNING:megatron.core.transformer.moe.recovery_controller:[2026-05-20 15:46:57] BSR-MoE controller: ⏱️  [Phase C] Starting post-repair...
INFO:megatron.core.transformer.moe.reintegration_barrier:BSR-MoE barrier: begin reintegration for rank 35 -> 35 (experts=[48, 49, 50, 51, 52, 53, 54, 55, 56, 57, 58, 59, 60, 61, 62, 63], step=258)
INFO:megatron.core.transformer.moe.reintegration_barrier:BSR-MoE barrier: rank 35 -> REPAIRED_NOT_ROUTED (all preconditions met, step=258)
WARNING:megatron.core.transformer.moe.recovery_controller:[2026-05-20 15:46:57] BSR-MoE controller: reintegration barrier initialized for rank 35 (all preconditions marked, step=258)
WARNING:megatron.core.transformer.moe.recovery_controller:[2026-05-20 15:46:57] BSR-MoE controller: SAFE_POINT_REPAIR → REINTEGRATED (event=safe_point_repair_completed, step=258)
WARNING:megatron.core.transformer.moe.recovery_controller:[2026-05-20 15:46:57] BSR-MoE controller: ⏱️  ✅ SAFE-POINT REPAIR COMPLETED (path=HYBRID_RECOVERY, step=258, failed=35, replacement=35) | Total=0.002s | Breakdown: PhaseA=0.000s, PhaseB=0.002s, PhaseC=0.000s
WARNING:megatron.core.transformer.moe.recovery_controller:[2026-05-20 15:46:57] BSR-MoE controller: HYBRID_RECOVERY path — dense from DP peer, experts from checkpoint (step=258, failed=35, replacement=35)
WARNING:megatron.core.transformer.moe.recovery_controller:[2026-05-20 15:46:57] BSR-MoE controller: HYBRID_RECOVERY path — dense from DP peer, experts from checkpoint (step=258, failed=35, replacement=35)
WARNING:megatron.core.transformer.moe.recovery_controller:[2026-05-20 15:46:57] BSR-MoE controller: dense_sync elapsed=0.000s (step=258)
WARNING:megatron.core.transformer.moe.recovery_controller:[2026-05-20 15:46:57] BSR-MoE controller: dense_sync elapsed=0.000s (step=258)
WARNING:megatron.core.transformer.moe.recovery_controller:[2026-05-20 15:46:57] BSR-MoE controller: expert_restore (sync weights, deferred optimizer) elapsed=0.000s (step=258)
WARNING:megatron.core.transformer.moe.recovery_controller:[2026-05-20 15:46:57] BSR-MoE controller: expert_restore (sync weights, deferred optimizer) elapsed=0.000s (step=258)
WARNING:megatron.core.transformer.moe.recovery_controller:[2026-05-20 15:46:57] BSR-MoE controller: ⏱️  [Phase B] Parameter recovery COMPLETED (path=HYBRID_RECOVERY, elapsed=0.002s)
WARNING:megatron.core.transformer.moe.recovery_controller:[2026-05-20 15:46:57] BSR-MoE controller: ⏱️  [Phase B] Parameter recovery COMPLETED (path=HYBRID_RECOVERY, elapsed=0.003s)
INFO:megatron.core.transformer.moe.bsr_integration:BSR-MoE post-recovery convergence: views consistent after HYBRID_RECOVERY path (step=258)
INFO:megatron.core.transformer.moe.bsr_integration:BSR-MoE post-recovery convergence: views consistent after HYBRID_RECOVERY path (step=258)
WARNING:megatron.core.transformer.moe.recovery_controller:[2026-05-20 15:46:57] BSR-MoE controller: ⏱️  [Phase B→C] Post-recovery convergence completed (path=HYBRID_RECOVERY, elapsed=0.000s, step=258)
WARNING:megatron.core.transformer.moe.recovery_controller:[2026-05-20 15:46:57] BSR-MoE controller: ⏱️  [Phase B→C] Post-recovery convergence completed (path=HYBRID_RECOVERY, elapsed=0.000s, step=258)
WARNING:megatron.core.transformer.moe.recovery_controller:[2026-05-20 15:46:57] BSR-MoE controller: ⏱️  [Phase C] Starting post-repair...
WARNING:megatron.core.transformer.moe.recovery_controller:[2026-05-20 15:46:57] BSR-MoE controller: ⏱️  [Phase C] Starting post-repair...
WARNING:megatron.core.transformer.moe.recovery_controller:[2026-05-20 15:46:57] BSR-MoE controller: HYBRID_RECOVERY path — dense from DP peer, experts from checkpoint (step=258, failed=35, replacement=35)
INFO:megatron.core.transformer.moe.reintegration_barrier:BSR-MoE barrier: begin reintegration for rank 35 -> 35 (experts=[48, 49, 50, 51, 52, 53, 54, 55, 56, 57, 58, 59, 60, 61, 62, 63], step=258)
INFO:megatron.core.transformer.moe.reintegration_barrier:BSR-MoE barrier: begin reintegration for rank 35 -> 35 (experts=[48, 49, 50, 51, 52, 53, 54, 55, 56, 57, 58, 59, 60, 61, 62, 63], step=258)
WARNING:megatron.core.transformer.moe.recovery_controller:[2026-05-20 15:46:57] BSR-MoE controller: dense_sync elapsed=0.000s (step=258)
INFO:megatron.core.transformer.moe.reintegration_barrier:BSR-MoE barrier: rank 35 -> REPAIRED_NOT_ROUTED (all preconditions met, step=258)
WARNING:megatron.core.transformer.moe.recovery_controller:[2026-05-20 15:46:57] BSR-MoE controller: reintegration barrier initialized for rank 35 (all preconditions marked, step=258)
INFO:megatron.core.transformer.moe.reintegration_barrier:BSR-MoE barrier: rank 35 -> REPAIRED_NOT_ROUTED (all preconditions met, step=258)
WARNING:megatron.core.transformer.moe.recovery_controller:[2026-05-20 15:46:57] BSR-MoE controller: expert_restore (sync weights, deferred optimizer) elapsed=0.000s (step=258)
WARNING:megatron.core.transformer.moe.recovery_controller:[2026-05-20 15:46:57] BSR-MoE controller: HYBRID_RECOVERY path — dense from DP peer, experts from checkpoint (step=258, failed=35, replacement=35)
WARNING:megatron.core.transformer.moe.recovery_controller:[2026-05-20 15:46:57] BSR-MoE controller: SAFE_POINT_REPAIR → REINTEGRATED (event=safe_point_repair_completed, step=258)
WARNING:megatron.core.transformer.moe.recovery_controller:[2026-05-20 15:46:57] BSR-MoE controller: reintegration barrier initialized for rank 35 (all preconditions marked, step=258)
WARNING:megatron.core.transformer.moe.recovery_controller:[2026-05-20 15:46:57] BSR-MoE controller: ⏱️  [Phase B] Parameter recovery COMPLETED (path=HYBRID_RECOVERY, elapsed=0.003s)
WARNING:megatron.core.transformer.moe.recovery_controller:[2026-05-20 15:46:57] BSR-MoE controller: ⏱️  ✅ SAFE-POINT REPAIR COMPLETED (path=HYBRID_RECOVERY, step=258, failed=35, replacement=35) | Total=0.003s | Breakdown: PhaseA=0.000s, PhaseB=0.002s, PhaseC=0.000s
WARNING:megatron.core.transformer.moe.recovery_controller:[2026-05-20 15:46:57] BSR-MoE controller: SAFE_POINT_REPAIR → REINTEGRATED (event=safe_point_repair_completed, step=258)
WARNING:megatron.core.transformer.moe.recovery_controller:[2026-05-20 15:46:57] BSR-MoE controller: ⏱️  ✅ SAFE-POINT REPAIR COMPLETED (path=HYBRID_RECOVERY, step=258, failed=35, replacement=35) | Total=0.003s | Breakdown: PhaseA=0.000s, PhaseB=0.003s, PhaseC=0.000s
INFO:megatron.core.transformer.moe.bsr_integration:BSR-MoE post-recovery convergence: views consistent after HYBRID_RECOVERY path (step=258)
WARNING:megatron.core.transformer.moe.recovery_controller:[2026-05-20 15:46:57] BSR-MoE controller: ⏱️  [Phase B→C] Post-recovery convergence completed (path=HYBRID_RECOVERY, elapsed=0.000s, step=258)
WARNING:megatron.core.transformer.moe.recovery_controller:[2026-05-20 15:46:57] BSR-MoE controller: ⏱️  [Phase C] Starting post-repair...
WARNING:megatron.core.transformer.moe.recovery_controller:[2026-05-20 15:46:57] BSR-MoE controller: dense_sync elapsed=0.000s (step=258)
INFO:megatron.core.transformer.moe.reintegration_barrier:BSR-MoE barrier: begin reintegration for rank 35 -> 35 (experts=[48, 49, 50, 51, 52, 53, 54, 55, 56, 57, 58, 59, 60, 61, 62, 63], step=258)
INFO:megatron.core.transformer.moe.reintegration_barrier:BSR-MoE barrier: rank 35 -> REPAIRED_NOT_ROUTED (all preconditions met, step=258)
WARNING:megatron.core.transformer.moe.recovery_controller:[2026-05-20 15:46:57] BSR-MoE controller: reintegration barrier initialized for rank 35 (all preconditions marked, step=258)
WARNING:megatron.core.transformer.moe.recovery_controller:[2026-05-20 15:46:57] BSR-MoE controller: expert_restore (sync weights, deferred optimizer) elapsed=0.000s (step=258)
WARNING:megatron.core.transformer.moe.recovery_controller:[2026-05-20 15:46:57] BSR-MoE controller: SAFE_POINT_REPAIR → REINTEGRATED (event=safe_point_repair_completed, step=258)
WARNING:megatron.core.transformer.moe.recovery_controller:[2026-05-20 15:46:57] BSR-MoE controller: ⏱️  [Phase B] Parameter recovery COMPLETED (path=HYBRID_RECOVERY, elapsed=0.002s)
WARNING:megatron.core.transformer.moe.recovery_controller:[2026-05-20 15:46:57] BSR-MoE controller: ⏱️  ✅ SAFE-POINT REPAIR COMPLETED (path=HYBRID_RECOVERY, step=258, failed=35, replacement=35) | Total=0.003s | Breakdown: PhaseA=0.000s, PhaseB=0.003s, PhaseC=0.000s
INFO:megatron.core.transformer.moe.bsr_integration:BSR-MoE post-recovery convergence: views consistent after HYBRID_RECOVERY path (step=258)
WARNING:megatron.core.transformer.moe.recovery_controller:[2026-05-20 15:46:57] BSR-MoE controller: HYBRID_RECOVERY path — dense from DP peer, experts from checkpoint (step=258, failed=35, replacement=35)
WARNING:megatron.core.transformer.moe.recovery_controller:[2026-05-20 15:46:57] BSR-MoE controller: ⏱️  [Phase B→C] Post-recovery convergence completed (path=HYBRID_RECOVERY, elapsed=0.000s, step=258)
WARNING:megatron.core.transformer.moe.recovery_controller:[2026-05-20 15:46:57] BSR-MoE controller: ⏱️  [Phase C] Starting post-repair...
WARNING:megatron.core.transformer.moe.recovery_controller:[2026-05-20 15:46:57] BSR-MoE controller: HYBRID_RECOVERY path — dense from DP peer, experts from checkpoint (step=258, failed=35, replacement=35)
WARNING:megatron.core.transformer.moe.recovery_controller:[2026-05-20 15:46:57] BSR-MoE controller: dense_sync elapsed=0.000s (step=258)
INFO:megatron.core.transformer.moe.reintegration_barrier:BSR-MoE barrier: begin reintegration for rank 35 -> 35 (experts=[48, 49, 50, 51, 52, 53, 54, 55, 56, 57, 58, 59, 60, 61, 62, 63], step=258)
WARNING:megatron.core.transformer.moe.recovery_controller:[2026-05-20 15:46:57] BSR-MoE controller: expert_restore (sync weights, deferred optimizer) elapsed=0.000s (step=258)
WARNING:megatron.core.transformer.moe.recovery_controller:[2026-05-20 15:46:57] BSR-MoE controller: ⏱️  [Phase B] Parameter recovery COMPLETED (path=HYBRID_RECOVERY, elapsed=0.003s)
WARNING:megatron.core.transformer.moe.recovery_controller:[2026-05-20 15:46:57] BSR-MoE controller: dense_sync elapsed=0.000s (step=258)
INFO:megatron.core.transformer.moe.reintegration_barrier:BSR-MoE barrier: rank 35 -> REPAIRED_NOT_ROUTED (all preconditions met, step=258)
WARNING:megatron.core.transformer.moe.recovery_controller:[2026-05-20 15:46:57] BSR-MoE controller: expert_restore (sync weights, deferred optimizer) elapsed=0.000s (step=258)
INFO:megatron.core.transformer.moe.bsr_integration:BSR-MoE post-recovery convergence: views consistent after HYBRID_RECOVERY path (step=258)
WARNING:megatron.core.transformer.moe.recovery_controller:[2026-05-20 15:46:57] BSR-MoE controller: reintegration barrier initialized for rank 35 (all preconditions marked, step=258)
WARNING:megatron.core.transformer.moe.recovery_controller:[2026-05-20 15:46:57] BSR-MoE controller: ⏱️  [Phase B] Parameter recovery COMPLETED (path=HYBRID_RECOVERY, elapsed=0.003s)
WARNING:megatron.core.transformer.moe.recovery_controller:[2026-05-20 15:46:57] BSR-MoE controller: ⏱️  [Phase B→C] Post-recovery convergence completed (path=HYBRID_RECOVERY, elapsed=0.000s, step=258)
WARNING:megatron.core.transformer.moe.recovery_controller:[2026-05-20 15:46:57] BSR-MoE controller: ⏱️  [Phase C] Starting post-repair...
WARNING:megatron.core.transformer.moe.recovery_controller:[2026-05-20 15:46:57] BSR-MoE controller: SAFE_POINT_REPAIR → REINTEGRATED (event=safe_point_repair_completed, step=258)
WARNING:megatron.core.transformer.moe.recovery_controller:[2026-05-20 15:46:57] BSR-MoE controller: ⏱️  ✅ SAFE-POINT REPAIR COMPLETED (path=HYBRID_RECOVERY, step=258, failed=35, replacement=35) | Total=0.003s | Breakdown: PhaseA=0.000s, PhaseB=0.002s, PhaseC=0.000s
INFO:megatron.core.transformer.moe.bsr_integration:BSR-MoE post-recovery convergence: views consistent after HYBRID_RECOVERY path (step=258)
WARNING:megatron.core.transformer.moe.recovery_controller:[2026-05-20 15:46:57] BSR-MoE controller: ⏱️  [Phase B→C] Post-recovery convergence completed (path=HYBRID_RECOVERY, elapsed=0.000s, step=258)
INFO:megatron.core.transformer.moe.reintegration_barrier:BSR-MoE barrier: begin reintegration for rank 35 -> 35 (experts=[48, 49, 50, 51, 52, 53, 54, 55, 56, 57, 58, 59, 60, 61, 62, 63], step=258)
WARNING:megatron.core.transformer.moe.recovery_controller:[2026-05-20 15:46:57] BSR-MoE controller: ⏱️  [Phase C] Starting post-repair...
INFO:megatron.core.transformer.moe.reintegration_barrier:BSR-MoE barrier: rank 35 -> REPAIRED_NOT_ROUTED (all preconditions met, step=258)
INFO:megatron.core.transformer.moe.reintegration_barrier:BSR-MoE barrier: begin reintegration for rank 35 -> 35 (experts=[48, 49, 50, 51, 52, 53, 54, 55, 56, 57, 58, 59, 60, 61, 62, 63], step=258)
WARNING:megatron.core.transformer.moe.recovery_controller:[2026-05-20 15:46:57] BSR-MoE controller: reintegration barrier initialized for rank 35 (all preconditions marked, step=258)
WARNING:megatron.core.transformer.moe.recovery_controller:[2026-05-20 15:46:57] BSR-MoE controller: SAFE_POINT_REPAIR → REINTEGRATED (event=safe_point_repair_completed, step=258)
INFO:megatron.core.transformer.moe.reintegration_barrier:BSR-MoE barrier: rank 35 -> REPAIRED_NOT_ROUTED (all preconditions met, step=258)
WARNING:megatron.core.transformer.moe.recovery_controller:[2026-05-20 15:46:57] BSR-MoE controller: HYBRID_RECOVERY path — dense from DP peer, experts from checkpoint (step=258, failed=35, replacement=35)
WARNING:megatron.core.transformer.moe.recovery_controller:[2026-05-20 15:46:57] BSR-MoE controller: reintegration barrier initialized for rank 35 (all preconditions marked, step=258)
WARNING:megatron.core.transformer.moe.recovery_controller:[2026-05-20 15:46:57] BSR-MoE controller: ⏱️  ✅ SAFE-POINT REPAIR COMPLETED (path=HYBRID_RECOVERY, step=258, failed=35, replacement=35) | Total=0.003s | Breakdown: PhaseA=0.000s, PhaseB=0.003s, PhaseC=0.000s
WARNING:megatron.core.transformer.moe.recovery_controller:[2026-05-20 15:46:57] BSR-MoE controller: SAFE_POINT_REPAIR → REINTEGRATED (event=safe_point_repair_completed, step=258)
WARNING:megatron.core.transformer.moe.recovery_controller:[2026-05-20 15:46:57] BSR-MoE controller: ⏱️  ✅ SAFE-POINT REPAIR COMPLETED (path=HYBRID_RECOVERY, step=258, failed=35, replacement=35) | Total=0.004s | Breakdown: PhaseA=0.000s, PhaseB=0.003s, PhaseC=0.000s
WARNING:megatron.core.transformer.moe.recovery_controller:[2026-05-20 15:46:57] BSR-MoE controller: dense_sync elapsed=0.000s (step=258)
WARNING:megatron.core.transformer.moe.recovery_controller:[2026-05-20 15:46:57] BSR-MoE controller: expert_restore (sync weights, deferred optimizer) elapsed=0.000s (step=258)
WARNING:megatron.core.transformer.moe.recovery_controller:[2026-05-20 15:46:57] BSR-MoE controller: ⏱️  [Phase B] Parameter recovery COMPLETED (path=HYBRID_RECOVERY, elapsed=0.004s)
INFO:megatron.core.transformer.moe.bsr_integration:BSR-MoE post-recovery convergence: views consistent after HYBRID_RECOVERY path (step=258)
WARNING:megatron.core.transformer.moe.recovery_controller:[2026-05-20 15:46:57] BSR-MoE controller: ⏱️  [Phase B→C] Post-recovery convergence completed (path=HYBRID_RECOVERY, elapsed=0.000s, step=258)
WARNING:megatron.core.transformer.moe.recovery_controller:[2026-05-20 15:46:57] BSR-MoE controller: ⏱️  [Phase C] Starting post-repair...
INFO:megatron.core.transformer.moe.reintegration_barrier:BSR-MoE barrier: begin reintegration for rank 35 -> 35 (experts=[48, 49, 50, 51, 52, 53, 54, 55, 56, 57, 58, 59, 60, 61, 62, 63], step=258)
INFO:megatron.core.transformer.moe.reintegration_barrier:BSR-MoE barrier: rank 35 -> REPAIRED_NOT_ROUTED (all preconditions met, step=258)
WARNING:megatron.core.transformer.moe.recovery_controller:[2026-05-20 15:46:57] BSR-MoE controller: reintegration barrier initialized for rank 35 (all preconditions marked, step=258)
WARNING:megatron.core.transformer.moe.recovery_controller:[2026-05-20 15:46:57] BSR-MoE controller: SAFE_POINT_REPAIR → REINTEGRATED (event=safe_point_repair_completed, step=258)
WARNING:megatron.core.transformer.moe.recovery_controller:[2026-05-20 15:46:57] BSR-MoE controller: ⏱️  ✅ SAFE-POINT REPAIR COMPLETED (path=HYBRID_RECOVERY, step=258, failed=35, replacement=35) | Total=0.004s | Breakdown: PhaseA=0.000s, PhaseB=0.004s, PhaseC=0.000s
WARNING:megatron.core.transformer.moe.optimizer_commit_guard:BSR-MoE OptimizerCommitGuard: BLOCKING optimizer.step() at step 258 — explicitly blocked (reason=hard_failure_rank_35_step_258)
WARNING:megatron.core.transformer.moe.optimizer_commit_guard:BSR-MoE OptimizerCommitGuard: BLOCKING optimizer.step() at step 258 — explicitly blocked (reason=hard_failure_rank_35_step_258)
WARNING:megatron.core.transformer.moe.optimizer_commit_guard:BSR-MoE OptimizerCommitGuard: BLOCKING optimizer.step() at step 258 — explicitly blocked (reason=hard_failure_rank_35_step_258)
INFO:megatron.core.transformer.moe.optimizer_commit_guard:BSR-MoE OptimizerCommitGuard: optimizer.step() SKIPPED at step 258 (reason: iteration_invalidated)
INFO:megatron.core.transformer.moe.optimizer_commit_guard:BSR-MoE OptimizerCommitGuard: optimizer.step() SKIPPED at step 258 (reason: iteration_invalidated)
INFO:megatron.core.transformer.moe.optimizer_commit_guard:BSR-MoE OptimizerCommitGuard: optimizer.step() SKIPPED at step 258 (reason: iteration_invalidated)
WARNING:megatron.core.transformer.moe.optimizer_commit_guard:BSR-MoE OptimizerCommitGuard: BLOCKING optimizer.step() at step 258 — explicitly blocked (reason=hard_failure_rank_35_step_258)
WARNING:megatron.core.transformer.moe.optimizer_commit_guard:BSR-MoE OptimizerCommitGuard: BLOCKING optimizer.step() at step 258 — explicitly blocked (reason=hard_failure_rank_35_step_258)
INFO:megatron.core.transformer.moe.optimizer_commit_guard:BSR-MoE OptimizerCommitGuard: optimizer.step() SKIPPED at step 258 (reason: iteration_invalidated)
INFO:megatron.core.transformer.moe.optimizer_commit_guard:BSR-MoE OptimizerCommitGuard: optimizer.step() SKIPPED at step 258 (reason: iteration_invalidated)
WARNING:megatron.core.transformer.moe.optimizer_commit_guard:BSR-MoE OptimizerCommitGuard: BLOCKING optimizer.step() at step 258 — explicitly blocked (reason=hard_failure_rank_35_step_258)
INFO:megatron.core.transformer.moe.optimizer_commit_guard:BSR-MoE OptimizerCommitGuard: optimizer.step() SKIPPED at step 258 (reason: iteration_invalidated)
WARNING:megatron.core.transformer.moe.optimizer_commit_guard:BSR-MoE OptimizerCommitGuard: BLOCKING optimizer.step() at step 258 — explicitly blocked (reason=hard_failure_rank_35_step_258)
WARNING:megatron.core.transformer.moe.optimizer_commit_guard:BSR-MoE OptimizerCommitGuard: BLOCKING optimizer.step() at step 258 — explicitly blocked (reason=hard_failure_rank_35_step_258)
INFO:megatron.core.transformer.moe.optimizer_commit_guard:BSR-MoE OptimizerCommitGuard: optimizer.step() SKIPPED at step 258 (reason: iteration_invalidated)
INFO:megatron.core.transformer.moe.optimizer_commit_guard:BSR-MoE OptimizerCommitGuard: optimizer.step() SKIPPED at step 258 (reason: iteration_invalidated)
 [2026-05-20 15:48:14] iteration      258/     600 | consumed samples:        16512 | elapsed time per iteration (ms): 76782.8 | learning rate: 6.662773E-05 | global batch size:    64 | load_balancing_loss: 1.027977E+00 | loss scale: 1.0 | number of skipped iterations:   1 | number of nan iterations:   0 |
WARNING:megatron.core.transformer.moe.reintegration_barrier:BSR-MoE barrier: rank 35 reintegrated at step 258 (replacement=35, experts=[48, 49, 50, 51, 52, 53, 54, 55, 56, 57, 58, 59, 60, 61, 62, 63])
WARNING:megatron.core.transformer.moe.reintegration_barrier:BSR-MoE barrier: rank 35 reintegrated at step 258 (replacement=35, experts=[48, 49, 50, 51, 52, 53, 54, 55, 56, 57, 58, 59, 60, 61, 62, 63])
WARNING:megatron.core.transformer.moe.reintegration_barrier:BSR-MoE barrier: rank 35 reintegrated at step 258 (replacement=35, experts=[48, 49, 50, 51, 52, 53, 54, 55, 56, 57, 58, 59, 60, 61, 62, 63])
INFO:megatron.core.transformer.moe.recovery_controller:BSR-MoE controller: barrier reintegration executed for rank 35 at step 258
INFO:megatron.core.transformer.moe.recovery_controller:BSR-MoE controller: barrier reintegration executed for rank 35 at step 258
INFO:megatron.core.transformer.moe.recovery_controller:BSR-MoE controller: barrier reintegration executed for rank 35 at step 258
WARNING:megatron.core.transformer.moe.reintegration_barrier:BSR-MoE barrier: rank 35 reintegrated at step 258 (replacement=35, experts=[48, 49, 50, 51, 52, 53, 54, 55, 56, 57, 58, 59, 60, 61, 62, 63])
WARNING:megatron.core.transformer.moe.reintegration_barrier:BSR-MoE barrier: rank 35 reintegrated at step 258 (replacement=35, experts=[48, 49, 50, 51, 52, 53, 54, 55, 56, 57, 58, 59, 60, 61, 62, 63])
WARNING:megatron.core.transformer.moe.reintegration_barrier:BSR-MoE barrier: rank 35 reintegrated at step 258 (replacement=35, experts=[48, 49, 50, 51, 52, 53, 54, 55, 56, 57, 58, 59, 60, 61, 62, 63])
INFO:megatron.core.transformer.moe.recovery_controller:BSR-MoE controller: barrier reintegration executed for rank 35 at step 258
INFO:megatron.core.transformer.moe.recovery_controller:BSR-MoE controller: barrier reintegration executed for rank 35 at step 258
WARNING:megatron.core.transformer.moe.reintegration_barrier:BSR-MoE barrier: rank 35 reintegrated at step 258 (replacement=35, experts=[48, 49, 50, 51, 52, 53, 54, 55, 56, 57, 58, 59, 60, 61, 62, 63])
INFO:megatron.core.transformer.moe.recovery_controller:BSR-MoE controller: barrier reintegration executed for rank 35 at step 258
WARNING:megatron.core.transformer.moe.recovery_controller:[2026-05-20 15:48:14] BSR-MoE controller: REINTEGRATED → HEALTHY_TRAINING (event=reintegration_finalized, step=258)
WARNING:megatron.core.transformer.moe.recovery_controller:[2026-05-20 15:48:14] BSR-MoE controller: REINTEGRATED → HEALTHY_TRAINING (event=reintegration_finalized, step=258)
INFO:megatron.core.transformer.moe.recovery_controller:BSR-MoE controller: barrier reintegration executed for rank 35 at step 258
WARNING:megatron.core.transformer.moe.recovery_controller:[2026-05-20 15:48:14] BSR-MoE controller: reintegration finalized at step 258 (1 recoveries completed)
WARNING:megatron.core.transformer.moe.recovery_controller:[2026-05-20 15:48:14] BSR-MoE controller: reintegration finalized at step 258 (1 recoveries completed)
WARNING:megatron.core.transformer.moe.recovery_controller:[2026-05-20 15:48:14] BSR-MoE controller: REINTEGRATED → HEALTHY_TRAINING (event=reintegration_finalized, step=258)
WARNING:megatron.core.transformer.moe.recovery_controller:[2026-05-20 15:48:14] BSR-MoE controller: REINTEGRATED → HEALTHY_TRAINING (event=reintegration_finalized, step=258)
WARNING:megatron.core.transformer.moe.recovery_controller:[2026-05-20 15:48:14] BSR-MoE controller: reintegration finalized at step 258 (1 recoveries completed)
WARNING:megatron.core.transformer.moe.recovery_controller:[2026-05-20 15:48:14] BSR-MoE controller: REINTEGRATED → HEALTHY_TRAINING (event=reintegration_finalized, step=258)
WARNING:megatron.core.transformer.moe.recovery_controller:[2026-05-20 15:48:14] BSR-MoE controller: REINTEGRATED → HEALTHY_TRAINING (event=reintegration_finalized, step=258)
WARNING:megatron.core.transformer.moe.recovery_controller:[2026-05-20 15:48:14] BSR-MoE controller: reintegration finalized at step 258 (1 recoveries completed)
WARNING:megatron.core.transformer.moe.reintegration_barrier:BSR-MoE barrier: rank 35 reintegrated at step 258 (replacement=35, experts=[48, 49, 50, 51, 52, 53, 54, 55, 56, 57, 58, 59, 60, 61, 62, 63])
WARNING:megatron.core.transformer.moe.recovery_controller:[2026-05-20 15:48:14] BSR-MoE controller: reintegration finalized at step 258 (1 recoveries completed)
WARNING:megatron.core.transformer.moe.recovery_controller:[2026-05-20 15:48:14] BSR-MoE controller: reintegration finalized at step 258 (1 recoveries completed)
WARNING:megatron.core.transformer.moe.recovery_controller:[2026-05-20 15:48:14] BSR-MoE controller: REINTEGRATED → HEALTHY_TRAINING (event=reintegration_finalized, step=258)
INFO:megatron.core.transformer.moe.recovery_controller:BSR-MoE controller: barrier reintegration executed for rank 35 at step 258
WARNING:megatron.core.transformer.moe.recovery_controller:[2026-05-20 15:48:14] BSR-MoE controller: reintegration finalized at step 258 (1 recoveries completed)
WARNING:megatron.core.transformer.moe.recovery_controller:[2026-05-20 15:48:14] BSR-MoE controller: REINTEGRATED → HEALTHY_TRAINING (event=reintegration_finalized, step=258)
WARNING:megatron.core.transformer.moe.recovery_controller:[2026-05-20 15:48:14] BSR-MoE controller: reintegration finalized at step 258 (1 recoveries completed)
 [2026-05-20 15:48:29] iteration      259/     600 | consumed samples:        16576 | elapsed time per iteration (ms): 14742.6 | learning rate: 6.639804E-05 | global batch size:    64 | lm loss: 5.839442E+00 | load_balancing_loss: 1.032856E+00 | loss scale: 1.0 | grad norm: 0.781 | number of skipped iterations:   0 | number of nan iterations:   0 |
WARNING:megatron.core.transformer.moe.bsr_integration:[2026-05-20 15:48:29] BSR-MoE FAULT INJECTION #6: type=restart_in_place, rank=41, step=260, scheduled_step=250, experts=[16, 17, 18, 19, 20, 21, 22, 23, 24, 25, 26, 27, 28, 29, 30, 31], ep_group=[40, 41, 42, 43, 44, 45, 46, 47]
WARNING:megatron.core.transformer.moe.bsr_integration:[2026-05-20 15:48:29] BSR-MoE FAULT INJECTION #6: type=restart_in_place, rank=41, step=260, scheduled_step=250, experts=[16, 17, 18, 19, 20, 21, 22, 23, 24, 25, 26, 27, 28, 29, 30, 31], ep_group=[40, 41, 42, 43, 44, 45, 46, 47]
WARNING:megatron.core.transformer.moe.recovery_controller:[2026-05-20 15:48:29] BSR-MoE controller: rank 41 HARD FAILURE (step=260, reason=scheduled_restart_in_place_injection, experts=[16, 17, 18, 19, 20, 21, 22, 23, 24, 25, 26, 27, 28, 29, 30, 31], mid_iteration=False)
INFO:megatron.core.transformer.moe.recovery_controller:ExpertRecoveryTracker: experts [16, 17, 18, 19, 20, 21, 22, 23, 24, 25, 26, 27, 28, 29, 30, 31] → RECOVERING (step=260)
WARNING:megatron.core.transformer.moe.bsr_integration:[2026-05-20 15:48:29] BSR-MoE FAULT INJECTION #6: type=restart_in_place, rank=41, step=260, scheduled_step=250, experts=[16, 17, 18, 19, 20, 21, 22, 23, 24, 25, 26, 27, 28, 29, 30, 31], ep_group=[40, 41, 42, 43, 44, 45, 46, 47]
WARNING:megatron.core.transformer.moe.recovery_controller:[2026-05-20 15:48:29] BSR-MoE controller: rank 41 HARD FAILURE (step=260, reason=scheduled_restart_in_place_injection, experts=[16, 17, 18, 19, 20, 21, 22, 23, 24, 25, 26, 27, 28, 29, 30, 31], mid_iteration=False)
WARNING:megatron.core.transformer.moe.optimizer_commit_guard:OptimizerCommitGuard: commit BLOCKED (step=260, reason=hard_failure_rank_41_step_260)
WARNING:megatron.core.transformer.moe.bsr_integration:BSR-MoE: optimizer commit blocked for step 260 (hard failure of rank 41)
INFO:megatron.core.transformer.moe.recovery_controller:ExpertRecoveryTracker: experts [16, 17, 18, 19, 20, 21, 22, 23, 24, 25, 26, 27, 28, 29, 30, 31] → RECOVERING (step=260)
WARNING:megatron.core.transformer.moe.bsr_integration:BSR-MoE: entering waiting-for-replacement state (failed_rank=41, step=260, experts=[16, 17, 18, 19, 20, 21, 22, 23, 24, 25, 26, 27, 28, 29, 30, 31])
WARNING:megatron.core.transformer.moe.recovery_controller:[2026-05-20 15:48:29] BSR-MoE controller: rank 41 HARD FAILURE (step=260, reason=scheduled_restart_in_place_injection, experts=[16, 17, 18, 19, 20, 21, 22, 23, 24, 25, 26, 27, 28, 29, 30, 31], mid_iteration=False)
WARNING:megatron.core.transformer.moe.optimizer_commit_guard:OptimizerCommitGuard: commit BLOCKED (step=260, reason=hard_failure_rank_41_step_260)
WARNING:megatron.core.transformer.moe.bsr_integration:BSR-MoE: optimizer commit blocked for step 260 (hard failure of rank 41)
WARNING:megatron.core.transformer.moe.recovery_controller:[2026-05-20 15:48:29] BSR-MoE controller: HEALTHY_TRAINING → PENDING_GROUP_REPAIR (event=hard_rank_failure, step=260)
WARNING:megatron.core.transformer.moe.bsr_integration:BSR-MoE: entering waiting-for-replacement state (failed_rank=41, step=260, experts=[16, 17, 18, 19, 20, 21, 22, 23, 24, 25, 26, 27, 28, 29, 30, 31])
INFO:megatron.core.transformer.moe.recovery_controller:ExpertRecoveryTracker: experts [16, 17, 18, 19, 20, 21, 22, 23, 24, 25, 26, 27, 28, 29, 30, 31] → RECOVERING (step=260)
WARNING:megatron.core.transformer.moe.recovery_controller:[2026-05-20 15:48:29] BSR-MoE controller: replacement assigned — failed_rank=41, replacement_rank=41 (step=260)
WARNING:megatron.core.transformer.moe.optimizer_commit_guard:OptimizerCommitGuard: commit BLOCKED (step=260, reason=hard_failure_rank_41_step_260)
WARNING:megatron.core.transformer.moe.recovery_controller:[2026-05-20 15:48:29] BSR-MoE controller: HEALTHY_TRAINING → PENDING_GROUP_REPAIR (event=hard_rank_failure, step=260)
WARNING:megatron.core.transformer.moe.bsr_integration:BSR-MoE: optimizer commit blocked for step 260 (hard failure of rank 41)
WARNING:megatron.core.transformer.moe.bsr_integration:BSR-MoE: entering waiting-for-replacement state (failed_rank=41, step=260, experts=[16, 17, 18, 19, 20, 21, 22, 23, 24, 25, 26, 27, 28, 29, 30, 31])
WARNING:megatron.core.transformer.moe.recovery_controller:[2026-05-20 15:48:29] BSR-MoE controller: replacement assigned — failed_rank=41, replacement_rank=41 (step=260)
INFO:megatron.core.transformer.moe.replacement_registry:BSR-MoE replacement: failed_rank=41, replacement_rank=41, NOT_PRESENT → BOOTSTRAPPING (step=260)
WARNING:megatron.core.transformer.moe.replacement_registry:BSR-MoE: replacement announced — failed_rank=41 → replacement_rank=41 (step=260, reason='')
WARNING:megatron.core.transformer.moe.recovery_controller:[2026-05-20 15:48:29] BSR-MoE controller: HEALTHY_TRAINING → PENDING_GROUP_REPAIR (event=hard_rank_failure, step=260)
WARNING:megatron.core.transformer.moe.bsr_integration:[2026-05-20 15:48:29] BSR-MoE FAULT INJECTION #6: type=restart_in_place, rank=41, step=260, scheduled_step=250, experts=[16, 17, 18, 19, 20, 21, 22, 23, 24, 25, 26, 27, 28, 29, 30, 31], ep_group=[40, 41, 42, 43, 44, 45, 46, 47]
WARNING:megatron.core.transformer.moe.recovery_controller:[2026-05-20 15:48:29] BSR-MoE controller: PENDING_GROUP_REPAIR → WAITING_FOR_REPLACEMENT (event=replacement_assigned, step=260)
WARNING:megatron.core.transformer.moe.recovery_controller:[2026-05-20 15:48:29] BSR-MoE controller: replacement assigned — failed_rank=41, replacement_rank=41 (step=260)
INFO:megatron.core.transformer.moe.replacement_registry:BSR-MoE replacement: failed_rank=41, replacement_rank=41, NOT_PRESENT → BOOTSTRAPPING (step=260)
WARNING:megatron.core.transformer.moe.recovery_controller:[2026-05-20 15:48:29] BSR-MoE controller: replacement ready — failed_rank=41 (step=260)
WARNING:megatron.core.transformer.moe.replacement_registry:BSR-MoE: replacement announced — failed_rank=41 → replacement_rank=41 (step=260, reason='')
WARNING:megatron.core.transformer.moe.recovery_controller:[2026-05-20 15:48:29] BSR-MoE controller: WAITING_FOR_REPLACEMENT → SAFE_POINT_REPAIR (event=replacement_ready, step=260)
WARNING:megatron.core.transformer.moe.recovery_controller:BSR-MoE controller: restart-in-place fast path for rank 41 (replacement=self, step=260)
WARNING:megatron.core.transformer.moe.recovery_controller:[2026-05-20 15:48:29] BSR-MoE controller: PENDING_GROUP_REPAIR → WAITING_FOR_REPLACEMENT (event=replacement_assigned, step=260)
WARNING:megatron.core.transformer.moe.bsr_integration:[2026-05-20 15:48:29] BSR-MoE FAULT INJECTION #6: type=restart_in_place, rank=41, step=260, scheduled_step=250, experts=[16, 17, 18, 19, 20, 21, 22, 23, 24, 25, 26, 27, 28, 29, 30, 31], ep_group=[40, 41, 42, 43, 44, 45, 46, 47]
INFO:megatron.core.transformer.moe.replacement_registry:BSR-MoE replacement: failed_rank=41, replacement_rank=41, NOT_PRESENT → BOOTSTRAPPING (step=260)
WARNING:megatron.core.transformer.moe.recovery_controller:[2026-05-20 15:48:29] BSR-MoE controller: replacement ready — failed_rank=41 (step=260)
WARNING:megatron.core.transformer.moe.recovery_controller:[2026-05-20 15:48:29] BSR-MoE controller: rank 41 HARD FAILURE (step=260, reason=scheduled_restart_in_place_injection, experts=[16, 17, 18, 19, 20, 21, 22, 23, 24, 25, 26, 27, 28, 29, 30, 31], mid_iteration=False)
WARNING:megatron.core.transformer.moe.recovery_controller:[2026-05-20 15:48:29] BSR-MoE controller: ⏱️  START safe-point repair at step 260 (failed=41, replacement=41)
WARNING:megatron.core.transformer.moe.replacement_registry:BSR-MoE: replacement announced — failed_rank=41 → replacement_rank=41 (step=260, reason='')
WARNING:megatron.core.transformer.moe.recovery_controller:[2026-05-20 15:48:29] BSR-MoE controller: WAITING_FOR_REPLACEMENT → SAFE_POINT_REPAIR (event=replacement_ready, step=260)
WARNING:megatron.core.transformer.moe.recovery_controller:[2026-05-20 15:48:29] BSR-MoE controller: ⏱️  [Phase A] Starting infrastructure repair...
WARNING:megatron.core.transformer.moe.recovery_controller:BSR-MoE controller: restart-in-place fast path for rank 41 (replacement=self, step=260)
WARNING:megatron.core.transformer.moe.recovery_controller:[2026-05-20 15:48:29] BSR-MoE controller: PENDING_GROUP_REPAIR → WAITING_FOR_REPLACEMENT (event=replacement_assigned, step=260)
INFO:megatron.core.transformer.moe.recovery_controller:ExpertRecoveryTracker: experts [16, 17, 18, 19, 20, 21, 22, 23, 24, 25, 26, 27, 28, 29, 30, 31] → RECOVERING (step=260)
WARNING:megatron.core.transformer.moe.bsr_integration:[2026-05-20 15:48:29] BSR-MoE FAULT INJECTION #6: type=restart_in_place, rank=41, step=260, scheduled_step=250, experts=[16, 17, 18, 19, 20, 21, 22, 23, 24, 25, 26, 27, 28, 29, 30, 31], ep_group=[40, 41, 42, 43, 44, 45, 46, 47]
WARNING:megatron.core.transformer.moe.recovery_controller:[2026-05-20 15:48:29] BSR-MoE controller: rank 41 HARD FAILURE (step=260, reason=scheduled_restart_in_place_injection, experts=[16, 17, 18, 19, 20, 21, 22, 23, 24, 25, 26, 27, 28, 29, 30, 31], mid_iteration=False)
WARNING:megatron.core.transformer.moe.bsr_integration:[2026-05-20 15:48:29] BSR-MoE FAULT INJECTION #6: type=restart_in_place, rank=41, step=260, scheduled_step=250, experts=[16, 17, 18, 19, 20, 21, 22, 23, 24, 25, 26, 27, 28, 29, 30, 31], ep_group=[40, 41, 42, 43, 44, 45, 46, 47]
WARNING:megatron.core.transformer.moe.recovery_controller:[2026-05-20 15:48:29] BSR-MoE controller: replacement ready — failed_rank=41 (step=260)
INFO:megatron.core.transformer.moe.replacement_registry:BSR-MoE replacement: failed_rank=41, replacement_rank=41, BOOTSTRAPPING → READY_FOR_REPAIR (step=260)
WARNING:megatron.core.transformer.moe.recovery_controller:[2026-05-20 15:48:29] BSR-MoE controller: ⏱️  START safe-point repair at step 260 (failed=41, replacement=41)
INFO:megatron.core.transformer.moe.replacement_registry:BSR-MoE replacement: failed_rank=41, replacement_rank=41, READY_FOR_REPAIR → INTEGRATED (step=260)
WARNING:megatron.core.transformer.moe.recovery_controller:[2026-05-20 15:48:29] BSR-MoE controller: WAITING_FOR_REPLACEMENT → SAFE_POINT_REPAIR (event=replacement_ready, step=260)
WARNING:megatron.core.transformer.moe.optimizer_commit_guard:OptimizerCommitGuard: commit BLOCKED (step=260, reason=hard_failure_rank_41_step_260)
INFO:megatron.core.transformer.moe.recovery_controller:ExpertRecoveryTracker: experts [16, 17, 18, 19, 20, 21, 22, 23, 24, 25, 26, 27, 28, 29, 30, 31] → RECOVERING (step=260)
WARNING:megatron.core.transformer.moe.recovery_controller:[2026-05-20 15:48:29] BSR-MoE controller: ⏱️  [Phase A] Starting infrastructure repair...
WARNING:megatron.core.transformer.moe.recovery_controller:BSR-MoE controller: restart-in-place fast path for rank 41 (replacement=self, step=260)
WARNING:megatron.core.transformer.moe.replacement_registry:BSR-MoE: replacement INTEGRATED — failed_rank=41, replacement_rank=41 (step=260)
WARNING:megatron.core.transformer.moe.bsr_integration:BSR-MoE: optimizer commit blocked for step 260 (hard failure of rank 41)
WARNING:megatron.core.transformer.moe.recovery_controller:[2026-05-20 15:48:29] BSR-MoE controller: rank 41 HARD FAILURE (step=260, reason=scheduled_restart_in_place_injection, experts=[16, 17, 18, 19, 20, 21, 22, 23, 24, 25, 26, 27, 28, 29, 30, 31], mid_iteration=False)
WARNING:megatron.core.transformer.moe.recovery_controller:[2026-05-20 15:48:29] BSR-MoE controller: step1 replacement_integrate elapsed=0.000s (step=260)
WARNING:megatron.core.transformer.moe.optimizer_commit_guard:OptimizerCommitGuard: commit BLOCKED (step=260, reason=hard_failure_rank_41_step_260)
WARNING:megatron.core.transformer.moe.bsr_integration:BSR-MoE: entering waiting-for-replacement state (failed_rank=41, step=260, experts=[16, 17, 18, 19, 20, 21, 22, 23, 24, 25, 26, 27, 28, 29, 30, 31])
WARNING:megatron.core.transformer.moe.recovery_controller:[2026-05-20 15:48:29] BSR-MoE controller: rank 41 HARD FAILURE (step=260, reason=scheduled_restart_in_place_injection, experts=[16, 17, 18, 19, 20, 21, 22, 23, 24, 25, 26, 27, 28, 29, 30, 31], mid_iteration=False)
INFO:megatron.core.transformer.moe.replacement_registry:BSR-MoE replacement: failed_rank=41, replacement_rank=41, BOOTSTRAPPING → READY_FOR_REPAIR (step=260)
WARNING:megatron.core.transformer.moe.recovery_controller:[2026-05-20 15:48:29] BSR-MoE controller: ⏱️  START safe-point repair at step 260 (failed=41, replacement=41)
WARNING:megatron.core.transformer.moe.recovery_controller:[2026-05-20 15:48:29] BSR-MoE controller: step2 group_rebuild_request elapsed=0.000s (step=260)
WARNING:megatron.core.transformer.moe.bsr_integration:BSR-MoE: optimizer commit blocked for step 260 (hard failure of rank 41)
INFO:megatron.core.transformer.moe.replacement_registry:BSR-MoE replacement: failed_rank=41, replacement_rank=41, READY_FOR_REPAIR → INTEGRATED (step=260)
WARNING:megatron.core.transformer.moe.recovery_controller:[2026-05-20 15:48:29] BSR-MoE controller: step3 group_rebuild_execute elapsed=0.000s (step=260)
WARNING:megatron.core.transformer.moe.bsr_integration:BSR-MoE: entering waiting-for-replacement state (failed_rank=41, step=260, experts=[16, 17, 18, 19, 20, 21, 22, 23, 24, 25, 26, 27, 28, 29, 30, 31])
INFO:megatron.core.transformer.moe.recovery_controller:ExpertRecoveryTracker: experts [16, 17, 18, 19, 20, 21, 22, 23, 24, 25, 26, 27, 28, 29, 30, 31] → RECOVERING (step=260)
WARNING:megatron.core.transformer.moe.replacement_registry:BSR-MoE: replacement INTEGRATED — failed_rank=41, replacement_rank=41 (step=260)
INFO:megatron.core.transformer.moe.recovery_controller:ExpertRecoveryTracker: experts [16, 17, 18, 19, 20, 21, 22, 23, 24, 25, 26, 27, 28, 29, 30, 31] → RECOVERING (step=260)
WARNING:megatron.core.transformer.moe.recovery_controller:[2026-05-20 15:48:29] BSR-MoE controller: step4 group_rebuild_finish elapsed=0.000s (step=260)
WARNING:megatron.core.transformer.moe.recovery_controller:[2026-05-20 15:48:29] BSR-MoE controller: ⏱️  [Phase A] Starting infrastructure repair...
WARNING:megatron.core.transformer.moe.recovery_controller:[2026-05-20 15:48:29] BSR-MoE controller: HEALTHY_TRAINING → PENDING_GROUP_REPAIR (event=hard_rank_failure, step=260)
WARNING:megatron.core.transformer.moe.recovery_controller:[2026-05-20 15:48:29] BSR-MoE controller: step5 topology_refresh elapsed=0.000s (step=260)
WARNING:megatron.core.transformer.moe.recovery_controller:[2026-05-20 15:48:29] BSR-MoE controller: step1 replacement_integrate elapsed=0.000s (step=260)
WARNING:megatron.core.transformer.moe.optimizer_commit_guard:OptimizerCommitGuard: commit BLOCKED (step=260, reason=hard_failure_rank_41_step_260)
WARNING:megatron.core.transformer.moe.recovery_controller:[2026-05-20 15:48:29] BSR-MoE controller: HEALTHY_TRAINING → PENDING_GROUP_REPAIR (event=hard_rank_failure, step=260)
WARNING:megatron.core.transformer.moe.optimizer_commit_guard:OptimizerCommitGuard: commit BLOCKED (step=260, reason=hard_failure_rank_41_step_260)
WARNING:megatron.core.transformer.moe.recovery_controller:[2026-05-20 15:48:29] BSR-MoE controller: ⏱️  [Phase A] Infrastructure repair COMPLETED (elapsed=0.000s)
INFO:megatron.core.transformer.moe.replacement_registry:BSR-MoE replacement: failed_rank=41, replacement_rank=41, BOOTSTRAPPING → READY_FOR_REPAIR (step=260)
WARNING:megatron.core.transformer.moe.recovery_controller:[2026-05-20 15:48:29] BSR-MoE controller: step2 group_rebuild_request elapsed=0.000s (step=260)
WARNING:megatron.core.transformer.moe.bsr_integration:BSR-MoE: optimizer commit blocked for step 260 (hard failure of rank 41)
WARNING:megatron.core.transformer.moe.recovery_controller:[2026-05-20 15:48:29] BSR-MoE controller: replacement assigned — failed_rank=41, replacement_rank=41 (step=260)
WARNING:megatron.core.transformer.moe.bsr_integration:BSR-MoE: optimizer commit blocked for step 260 (hard failure of rank 41)
WARNING:megatron.core.transformer.moe.recovery_controller:[2026-05-20 15:48:29] BSR-MoE controller: ⏱️  [Phase B] Starting parameter recovery...
WARNING:megatron.core.transformer.moe.recovery_controller:[2026-05-20 15:48:29] BSR-MoE controller: step3 group_rebuild_execute elapsed=0.000s (step=260)
INFO:megatron.core.transformer.moe.replacement_registry:BSR-MoE replacement: failed_rank=41, replacement_rank=41, READY_FOR_REPAIR → INTEGRATED (step=260)
WARNING:megatron.core.transformer.moe.bsr_integration:BSR-MoE: entering waiting-for-replacement state (failed_rank=41, step=260, experts=[16, 17, 18, 19, 20, 21, 22, 23, 24, 25, 26, 27, 28, 29, 30, 31])
WARNING:megatron.core.transformer.moe.bsr_integration:BSR-MoE: entering waiting-for-replacement state (failed_rank=41, step=260, experts=[16, 17, 18, 19, 20, 21, 22, 23, 24, 25, 26, 27, 28, 29, 30, 31])
WARNING:megatron.core.transformer.moe.recovery_controller:[2026-05-20 15:48:29] BSR-MoE controller: replacement assigned — failed_rank=41, replacement_rank=41 (step=260)
WARNING:megatron.core.transformer.moe.replacement_registry:BSR-MoE: replacement INTEGRATED — failed_rank=41, replacement_rank=41 (step=260)
WARNING:megatron.core.transformer.moe.recovery_controller:[2026-05-20 15:48:29] BSR-MoE controller: step4 group_rebuild_finish elapsed=0.000s (step=260)
WARNING:megatron.core.transformer.moe.bsr_integration:[2026-05-20 15:48:29] BSR-MoE FAULT INJECTION #6: type=restart_in_place, rank=41, step=260, scheduled_step=250, experts=[16, 17, 18, 19, 20, 21, 22, 23, 24, 25, 26, 27, 28, 29, 30, 31], ep_group=[40, 41, 42, 43, 44, 45, 46, 47]
WARNING:megatron.core.transformer.moe.recovery_controller:[2026-05-20 15:48:29] BSR-MoE controller: step5 topology_refresh elapsed=0.000s (step=260)
WARNING:megatron.core.transformer.moe.recovery_controller:[2026-05-20 15:48:29] BSR-MoE controller: step1 replacement_integrate elapsed=0.000s (step=260)
WARNING:megatron.core.transformer.moe.recovery_controller:[2026-05-20 15:48:29] BSR-MoE controller: HEALTHY_TRAINING → PENDING_GROUP_REPAIR (event=hard_rank_failure, step=260)
WARNING:megatron.core.transformer.moe.recovery_controller:[2026-05-20 15:48:29] BSR-MoE controller: HEALTHY_TRAINING → PENDING_GROUP_REPAIR (event=hard_rank_failure, step=260)
WARNING:megatron.core.transformer.moe.recovery_controller:[2026-05-20 15:48:29] BSR-MoE controller: ⏱️  [Phase A] Infrastructure repair COMPLETED (elapsed=0.000s)
WARNING:megatron.core.transformer.moe.recovery_controller:[2026-05-20 15:48:29] BSR-MoE controller: step2 group_rebuild_request elapsed=0.000s (step=260)
INFO:megatron.core.transformer.moe.replacement_registry:BSR-MoE replacement: failed_rank=41, replacement_rank=41, NOT_PRESENT → BOOTSTRAPPING (step=260)
WARNING:megatron.core.transformer.moe.recovery_controller:[2026-05-20 15:48:29] BSR-MoE controller: ⏱️  [Phase B] Starting parameter recovery...
WARNING:megatron.core.transformer.moe.recovery_controller:[2026-05-20 15:48:29] BSR-MoE controller: step3 group_rebuild_execute elapsed=0.000s (step=260)
INFO:megatron.core.transformer.moe.replacement_registry:BSR-MoE replacement: failed_rank=41, replacement_rank=41, NOT_PRESENT → BOOTSTRAPPING (step=260)
WARNING:megatron.core.transformer.moe.recovery_controller:[2026-05-20 15:48:29] BSR-MoE controller: replacement assigned — failed_rank=41, replacement_rank=41 (step=260)
WARNING:megatron.core.transformer.moe.recovery_controller:[2026-05-20 15:48:29] BSR-MoE controller: replacement assigned — failed_rank=41, replacement_rank=41 (step=260)
WARNING:megatron.core.transformer.moe.replacement_registry:BSR-MoE: replacement announced — failed_rank=41 → replacement_rank=41 (step=260, reason='')
WARNING:megatron.core.transformer.moe.recovery_controller:[2026-05-20 15:48:29] BSR-MoE controller: step4 group_rebuild_finish elapsed=0.000s (step=260)
WARNING:megatron.core.transformer.moe.replacement_registry:BSR-MoE: replacement announced — failed_rank=41 → replacement_rank=41 (step=260, reason='')
WARNING:megatron.core.transformer.moe.recovery_controller:[2026-05-20 15:48:29] BSR-MoE controller: rank 41 HARD FAILURE (step=260, reason=scheduled_restart_in_place_injection, experts=[16, 17, 18, 19, 20, 21, 22, 23, 24, 25, 26, 27, 28, 29, 30, 31], mid_iteration=False)
WARNING:megatron.core.transformer.moe.recovery_controller:[2026-05-20 15:48:29] BSR-MoE controller: step5 topology_refresh elapsed=0.000s (step=260)
WARNING:megatron.core.transformer.moe.recovery_controller:[2026-05-20 15:48:29] BSR-MoE controller: PENDING_GROUP_REPAIR → WAITING_FOR_REPLACEMENT (event=replacement_assigned, step=260)
WARNING:megatron.core.transformer.moe.recovery_controller:[2026-05-20 15:48:29] BSR-MoE controller: PENDING_GROUP_REPAIR → WAITING_FOR_REPLACEMENT (event=replacement_assigned, step=260)
WARNING:megatron.core.transformer.moe.recovery_controller:[2026-05-20 15:48:29] BSR-MoE controller: ⏱️  [Phase A] Infrastructure repair COMPLETED (elapsed=0.000s)
WARNING:megatron.core.transformer.moe.recovery_controller:[2026-05-20 15:48:29] BSR-MoE controller: replacement ready — failed_rank=41 (step=260)
WARNING:megatron.core.transformer.moe.recovery_controller:[2026-05-20 15:48:29] BSR-MoE controller: replacement ready — failed_rank=41 (step=260)
WARNING:megatron.core.transformer.moe.recovery_controller:[2026-05-20 15:48:29] BSR-MoE controller: ⏱️  [Phase B] Starting parameter recovery...
INFO:megatron.core.transformer.moe.recovery_controller:ExpertRecoveryTracker: experts [16, 17, 18, 19, 20, 21, 22, 23, 24, 25, 26, 27, 28, 29, 30, 31] → RECOVERING (step=260)
INFO:megatron.core.transformer.moe.replacement_registry:BSR-MoE replacement: failed_rank=41, replacement_rank=41, NOT_PRESENT → BOOTSTRAPPING (step=260)
INFO:megatron.core.transformer.moe.replacement_registry:BSR-MoE replacement: failed_rank=41, replacement_rank=41, NOT_PRESENT → BOOTSTRAPPING (step=260)
WARNING:megatron.core.transformer.moe.recovery_controller:[2026-05-20 15:48:29] BSR-MoE controller: WAITING_FOR_REPLACEMENT → SAFE_POINT_REPAIR (event=replacement_ready, step=260)
WARNING:megatron.core.transformer.moe.recovery_controller:[2026-05-20 15:48:29] BSR-MoE controller: WAITING_FOR_REPLACEMENT → SAFE_POINT_REPAIR (event=replacement_ready, step=260)
WARNING:megatron.core.transformer.moe.replacement_registry:BSR-MoE: replacement announced — failed_rank=41 → replacement_rank=41 (step=260, reason='')
WARNING:megatron.core.transformer.moe.replacement_registry:BSR-MoE: replacement announced — failed_rank=41 → replacement_rank=41 (step=260, reason='')
WARNING:megatron.core.transformer.moe.recovery_controller:BSR-MoE controller: restart-in-place fast path for rank 41 (replacement=self, step=260)
WARNING:megatron.core.transformer.moe.optimizer_commit_guard:OptimizerCommitGuard: commit BLOCKED (step=260, reason=hard_failure_rank_41_step_260)
WARNING:megatron.core.transformer.moe.recovery_controller:BSR-MoE controller: restart-in-place fast path for rank 41 (replacement=self, step=260)
WARNING:megatron.core.transformer.moe.recovery_controller:[2026-05-20 15:48:29] BSR-MoE controller: PENDING_GROUP_REPAIR → WAITING_FOR_REPLACEMENT (event=replacement_assigned, step=260)
WARNING:megatron.core.transformer.moe.bsr_integration:BSR-MoE: optimizer commit blocked for step 260 (hard failure of rank 41)
WARNING:megatron.core.transformer.moe.recovery_controller:[2026-05-20 15:48:29] BSR-MoE controller: PENDING_GROUP_REPAIR → WAITING_FOR_REPLACEMENT (event=replacement_assigned, step=260)
WARNING:megatron.core.transformer.moe.recovery_controller:[2026-05-20 15:48:29] BSR-MoE controller: ⏱️  START safe-point repair at step 260 (failed=41, replacement=41)
WARNING:megatron.core.transformer.moe.bsr_integration:BSR-MoE: entering waiting-for-replacement state (failed_rank=41, step=260, experts=[16, 17, 18, 19, 20, 21, 22, 23, 24, 25, 26, 27, 28, 29, 30, 31])
WARNING:megatron.core.transformer.moe.recovery_controller:[2026-05-20 15:48:29] BSR-MoE controller: ⏱️  START safe-point repair at step 260 (failed=41, replacement=41)
WARNING:megatron.core.transformer.moe.recovery_controller:[2026-05-20 15:48:29] BSR-MoE controller: replacement ready — failed_rank=41 (step=260)
WARNING:megatron.core.transformer.moe.recovery_controller:[2026-05-20 15:48:29] BSR-MoE controller: replacement ready — failed_rank=41 (step=260)
WARNING:megatron.core.transformer.moe.recovery_controller:[2026-05-20 15:48:29] BSR-MoE controller: WAITING_FOR_REPLACEMENT → SAFE_POINT_REPAIR (event=replacement_ready, step=260)
WARNING:megatron.core.transformer.moe.recovery_controller:[2026-05-20 15:48:29] BSR-MoE controller: ⏱️  [Phase A] Starting infrastructure repair...
WARNING:megatron.core.transformer.moe.recovery_controller:[2026-05-20 15:48:29] BSR-MoE controller: WAITING_FOR_REPLACEMENT → SAFE_POINT_REPAIR (event=replacement_ready, step=260)
WARNING:megatron.core.transformer.moe.recovery_controller:BSR-MoE controller: restart-in-place fast path for rank 41 (replacement=self, step=260)
WARNING:megatron.core.transformer.moe.recovery_controller:BSR-MoE controller: restart-in-place fast path for rank 41 (replacement=self, step=260)
WARNING:megatron.core.transformer.moe.recovery_controller:[2026-05-20 15:48:29] BSR-MoE controller: HEALTHY_TRAINING → PENDING_GROUP_REPAIR (event=hard_rank_failure, step=260)
INFO:megatron.core.transformer.moe.replacement_registry:BSR-MoE replacement: failed_rank=41, replacement_rank=41, BOOTSTRAPPING → READY_FOR_REPAIR (step=260)
WARNING:megatron.core.transformer.moe.recovery_controller:[2026-05-20 15:48:29] BSR-MoE controller: ⏱️  [Phase A] Starting infrastructure repair...
WARNING:megatron.core.transformer.moe.recovery_controller:[2026-05-20 15:48:29] BSR-MoE controller: ⏱️  START safe-point repair at step 260 (failed=41, replacement=41)
WARNING:megatron.core.transformer.moe.recovery_controller:[2026-05-20 15:48:29] BSR-MoE controller: ⏱️  START safe-point repair at step 260 (failed=41, replacement=41)
INFO:megatron.core.transformer.moe.replacement_registry:BSR-MoE replacement: failed_rank=41, replacement_rank=41, READY_FOR_REPAIR → INTEGRATED (step=260)
WARNING:megatron.core.transformer.moe.recovery_controller:[2026-05-20 15:48:29] BSR-MoE controller: replacement assigned — failed_rank=41, replacement_rank=41 (step=260)
WARNING:megatron.core.transformer.moe.recovery_controller:[2026-05-20 15:48:29] BSR-MoE controller: ⏱️  [Phase A] Starting infrastructure repair...
WARNING:megatron.core.transformer.moe.replacement_registry:BSR-MoE: replacement INTEGRATED — failed_rank=41, replacement_rank=41 (step=260)
WARNING:megatron.core.transformer.moe.recovery_controller:[2026-05-20 15:48:29] BSR-MoE controller: ⏱️  [Phase A] Starting infrastructure repair...
INFO:megatron.core.transformer.moe.replacement_registry:BSR-MoE replacement: failed_rank=41, replacement_rank=41, BOOTSTRAPPING → READY_FOR_REPAIR (step=260)
WARNING:megatron.core.transformer.moe.recovery_controller:[2026-05-20 15:48:29] BSR-MoE controller: step1 replacement_integrate elapsed=0.000s (step=260)
INFO:megatron.core.transformer.moe.replacement_registry:BSR-MoE replacement: failed_rank=41, replacement_rank=41, READY_FOR_REPAIR → INTEGRATED (step=260)
INFO:megatron.core.transformer.moe.replacement_registry:BSR-MoE replacement: failed_rank=41, replacement_rank=41, BOOTSTRAPPING → READY_FOR_REPAIR (step=260)
WARNING:megatron.core.transformer.moe.recovery_controller:[2026-05-20 15:48:29] BSR-MoE controller: step2 group_rebuild_request elapsed=0.000s (step=260)
INFO:megatron.core.transformer.moe.replacement_registry:BSR-MoE replacement: failed_rank=41, replacement_rank=41, BOOTSTRAPPING → READY_FOR_REPAIR (step=260)
WARNING:megatron.core.transformer.moe.replacement_registry:BSR-MoE: replacement INTEGRATED — failed_rank=41, replacement_rank=41 (step=260)
INFO:megatron.core.transformer.moe.replacement_registry:BSR-MoE replacement: failed_rank=41, replacement_rank=41, READY_FOR_REPAIR → INTEGRATED (step=260)
INFO:megatron.core.transformer.moe.replacement_registry:BSR-MoE replacement: failed_rank=41, replacement_rank=41, NOT_PRESENT → BOOTSTRAPPING (step=260)
WARNING:megatron.core.transformer.moe.recovery_controller:[2026-05-20 15:48:29] BSR-MoE controller: step3 group_rebuild_execute elapsed=0.000s (step=260)
INFO:megatron.core.transformer.moe.replacement_registry:BSR-MoE replacement: failed_rank=41, replacement_rank=41, READY_FOR_REPAIR → INTEGRATED (step=260)
WARNING:megatron.core.transformer.moe.recovery_controller:[2026-05-20 15:48:29] BSR-MoE controller: step1 replacement_integrate elapsed=0.000s (step=260)
WARNING:megatron.core.transformer.moe.replacement_registry:BSR-MoE: replacement INTEGRATED — failed_rank=41, replacement_rank=41 (step=260)
WARNING:megatron.core.transformer.moe.replacement_registry:BSR-MoE: replacement announced — failed_rank=41 → replacement_rank=41 (step=260, reason='')
WARNING:megatron.core.transformer.moe.recovery_controller:[2026-05-20 15:48:29] BSR-MoE controller: step4 group_rebuild_finish elapsed=0.000s (step=260)
WARNING:megatron.core.transformer.moe.replacement_registry:BSR-MoE: replacement INTEGRATED — failed_rank=41, replacement_rank=41 (step=260)
WARNING:megatron.core.transformer.moe.recovery_controller:[2026-05-20 15:48:29] BSR-MoE controller: step2 group_rebuild_request elapsed=0.000s (step=260)
WARNING:megatron.core.transformer.moe.recovery_controller:[2026-05-20 15:48:29] BSR-MoE controller: step1 replacement_integrate elapsed=0.000s (step=260)
WARNING:megatron.core.transformer.moe.recovery_controller:[2026-05-20 15:48:29] BSR-MoE controller: step5 topology_refresh elapsed=0.000s (step=260)
WARNING:megatron.core.transformer.moe.recovery_controller:[2026-05-20 15:48:29] BSR-MoE controller: step1 replacement_integrate elapsed=0.000s (step=260)
WARNING:megatron.core.transformer.moe.recovery_controller:[2026-05-20 15:48:29] BSR-MoE controller: PENDING_GROUP_REPAIR → WAITING_FOR_REPLACEMENT (event=replacement_assigned, step=260)
WARNING:megatron.core.transformer.moe.recovery_controller:[2026-05-20 15:48:29] BSR-MoE controller: step3 group_rebuild_execute elapsed=0.000s (step=260)
WARNING:megatron.core.transformer.moe.recovery_controller:[2026-05-20 15:48:29] BSR-MoE controller: step2 group_rebuild_request elapsed=0.000s (step=260)
WARNING:megatron.core.transformer.moe.recovery_controller:[2026-05-20 15:48:29] BSR-MoE controller: ⏱️  [Phase A] Infrastructure repair COMPLETED (elapsed=0.000s)
WARNING:megatron.core.transformer.moe.recovery_controller:[2026-05-20 15:48:29] BSR-MoE controller: step2 group_rebuild_request elapsed=0.000s (step=260)
WARNING:megatron.core.transformer.moe.recovery_controller:[2026-05-20 15:48:29] BSR-MoE controller: step4 group_rebuild_finish elapsed=0.000s (step=260)
WARNING:megatron.core.transformer.moe.recovery_controller:[2026-05-20 15:48:29] BSR-MoE controller: replacement ready — failed_rank=41 (step=260)
WARNING:megatron.core.transformer.moe.recovery_controller:[2026-05-20 15:48:29] BSR-MoE controller: step3 group_rebuild_execute elapsed=0.000s (step=260)
WARNING:megatron.core.transformer.moe.recovery_controller:[2026-05-20 15:48:29] BSR-MoE controller: ⏱️  [Phase B] Starting parameter recovery...
WARNING:megatron.core.transformer.moe.recovery_controller:[2026-05-20 15:48:29] BSR-MoE controller: step3 group_rebuild_execute elapsed=0.000s (step=260)
WARNING:megatron.core.transformer.moe.recovery_controller:[2026-05-20 15:48:29] BSR-MoE controller: step5 topology_refresh elapsed=0.000s (step=260)
WARNING:megatron.core.transformer.moe.recovery_controller:[2026-05-20 15:48:29] BSR-MoE controller: step4 group_rebuild_finish elapsed=0.000s (step=260)
WARNING:megatron.core.transformer.moe.recovery_controller:[2026-05-20 15:48:29] BSR-MoE controller: WAITING_FOR_REPLACEMENT → SAFE_POINT_REPAIR (event=replacement_ready, step=260)
WARNING:megatron.core.transformer.moe.recovery_controller:[2026-05-20 15:48:29] BSR-MoE controller: step4 group_rebuild_finish elapsed=0.000s (step=260)
WARNING:megatron.core.transformer.moe.recovery_controller:[2026-05-20 15:48:29] BSR-MoE controller: ⏱️  [Phase A] Infrastructure repair COMPLETED (elapsed=0.000s)
WARNING:megatron.core.transformer.moe.recovery_controller:[2026-05-20 15:48:29] BSR-MoE controller: step5 topology_refresh elapsed=0.000s (step=260)
WARNING:megatron.core.transformer.moe.recovery_controller:BSR-MoE controller: restart-in-place fast path for rank 41 (replacement=self, step=260)
WARNING:megatron.core.transformer.moe.recovery_controller:[2026-05-20 15:48:29] BSR-MoE controller: step5 topology_refresh elapsed=0.000s (step=260)
WARNING:megatron.core.transformer.moe.recovery_controller:[2026-05-20 15:48:29] BSR-MoE controller: ⏱️  [Phase B] Starting parameter recovery...
WARNING:megatron.core.transformer.moe.recovery_controller:[2026-05-20 15:48:29] BSR-MoE controller: ⏱️  [Phase A] Infrastructure repair COMPLETED (elapsed=0.000s)
WARNING:megatron.core.transformer.moe.recovery_controller:[2026-05-20 15:48:29] BSR-MoE controller: ⏱️  [Phase A] Infrastructure repair COMPLETED (elapsed=0.000s)
WARNING:megatron.core.transformer.moe.recovery_controller:[2026-05-20 15:48:29] BSR-MoE controller: ⏱️  [Phase B] Starting parameter recovery...
WARNING:megatron.core.transformer.moe.recovery_controller:[2026-05-20 15:48:29] BSR-MoE controller: ⏱️  START safe-point repair at step 260 (failed=41, replacement=41)
WARNING:megatron.core.transformer.moe.recovery_controller:[2026-05-20 15:48:29] BSR-MoE controller: ⏱️  [Phase B] Starting parameter recovery...
WARNING:megatron.core.transformer.moe.recovery_controller:[2026-05-20 15:48:29] BSR-MoE controller: ⏱️  [Phase A] Starting infrastructure repair...
INFO:megatron.core.transformer.moe.replacement_registry:BSR-MoE replacement: failed_rank=41, replacement_rank=41, BOOTSTRAPPING → READY_FOR_REPAIR (step=260)
INFO:megatron.core.transformer.moe.replacement_registry:BSR-MoE replacement: failed_rank=41, replacement_rank=41, READY_FOR_REPAIR → INTEGRATED (step=260)
WARNING:megatron.core.transformer.moe.replacement_registry:BSR-MoE: replacement INTEGRATED — failed_rank=41, replacement_rank=41 (step=260)
WARNING:megatron.core.transformer.moe.recovery_controller:[2026-05-20 15:48:29] BSR-MoE controller: step1 replacement_integrate elapsed=0.000s (step=260)
WARNING:megatron.core.transformer.moe.recovery_controller:[2026-05-20 15:48:29] BSR-MoE controller: step2 group_rebuild_request elapsed=0.000s (step=260)
WARNING:megatron.core.transformer.moe.recovery_controller:[2026-05-20 15:48:29] BSR-MoE controller: step3 group_rebuild_execute elapsed=0.000s (step=260)
WARNING:megatron.core.transformer.moe.recovery_controller:[2026-05-20 15:48:29] BSR-MoE controller: step4 group_rebuild_finish elapsed=0.000s (step=260)
WARNING:megatron.core.transformer.moe.recovery_controller:[2026-05-20 15:48:29] BSR-MoE controller: step5 topology_refresh elapsed=0.000s (step=260)
WARNING:megatron.core.transformer.moe.recovery_controller:[2026-05-20 15:48:29] BSR-MoE controller: ⏱️  [Phase A] Infrastructure repair COMPLETED (elapsed=0.000s)
WARNING:megatron.core.transformer.moe.recovery_controller:[2026-05-20 15:48:29] BSR-MoE controller: ⏱️  [Phase B] Starting parameter recovery...
INFO:megatron.core.transformer.moe.bsr_integration:BSR-MoE: found latest checkpoint with BSR manifest at /mnt/ais-c1/dataset/zds/find_multi_fault/5.20/step_250_faults_8/ckpt/iter_0000200 (step=200)
INFO:megatron.core.transformer.moe.bsr_integration:BSR-MoE: found latest checkpoint with BSR manifest at /mnt/ais-c1/dataset/zds/find_multi_fault/5.20/step_250_faults_8/ckpt/iter_0000200 (step=200)
INFO:megatron.core.transformer.moe.bsr_integration:BSR-MoE: found latest checkpoint with BSR manifest at /mnt/ais-c1/dataset/zds/find_multi_fault/5.20/step_250_faults_8/ckpt/iter_0000200 (step=200)
WARNING:megatron.core.transformer.moe.recovery_controller:[2026-05-20 15:48:29] BSR-MoE controller: HYBRID_RECOVERY path — dense from DP peer, experts from checkpoint (step=260, failed=41, replacement=41)
WARNING:megatron.core.transformer.moe.recovery_controller:[2026-05-20 15:48:29] BSR-MoE controller: HYBRID_RECOVERY path — dense from DP peer, experts from checkpoint (step=260, failed=41, replacement=41)
WARNING:megatron.core.transformer.moe.recovery_controller:[2026-05-20 15:48:29] BSR-MoE controller: dense_sync elapsed=0.000s (step=260)
WARNING:megatron.core.transformer.moe.recovery_controller:[2026-05-20 15:48:29] BSR-MoE controller: dense_sync elapsed=0.000s (step=260)
WARNING:megatron.core.transformer.moe.recovery_controller:[2026-05-20 15:48:29] BSR-MoE controller: expert_restore (sync weights, deferred optimizer) elapsed=0.000s (step=260)
WARNING:megatron.core.transformer.moe.recovery_controller:[2026-05-20 15:48:29] BSR-MoE controller: ⏱️  [Phase B] Parameter recovery COMPLETED (path=HYBRID_RECOVERY, elapsed=0.014s)
WARNING:megatron.core.transformer.moe.recovery_controller:[2026-05-20 15:48:29] BSR-MoE controller: expert_restore (sync weights, deferred optimizer) elapsed=0.000s (step=260)
WARNING:megatron.core.transformer.moe.recovery_controller:[2026-05-20 15:48:29] BSR-MoE controller: ⏱️  [Phase B] Parameter recovery COMPLETED (path=HYBRID_RECOVERY, elapsed=0.014s)
INFO:megatron.core.transformer.moe.bsr_integration:BSR-MoE post-recovery convergence: views consistent after HYBRID_RECOVERY path (step=260)
WARNING:megatron.core.transformer.moe.recovery_controller:[2026-05-20 15:48:29] BSR-MoE controller: HYBRID_RECOVERY path — dense from DP peer, experts from checkpoint (step=260, failed=41, replacement=41)
WARNING:megatron.core.transformer.moe.recovery_controller:[2026-05-20 15:48:29] BSR-MoE controller: ⏱️  [Phase B→C] Post-recovery convergence completed (path=HYBRID_RECOVERY, elapsed=0.000s, step=260)
INFO:megatron.core.transformer.moe.bsr_integration:BSR-MoE post-recovery convergence: views consistent after HYBRID_RECOVERY path (step=260)
WARNING:megatron.core.transformer.moe.recovery_controller:[2026-05-20 15:48:29] BSR-MoE controller: ⏱️  [Phase C] Starting post-repair...
WARNING:megatron.core.transformer.moe.recovery_controller:[2026-05-20 15:48:29] BSR-MoE controller: ⏱️  [Phase B→C] Post-recovery convergence completed (path=HYBRID_RECOVERY, elapsed=0.000s, step=260)
WARNING:megatron.core.transformer.moe.recovery_controller:[2026-05-20 15:48:29] BSR-MoE controller: dense_sync elapsed=0.000s (step=260)
WARNING:megatron.core.transformer.moe.recovery_controller:[2026-05-20 15:48:29] BSR-MoE controller: ⏱️  [Phase C] Starting post-repair...
INFO:megatron.core.transformer.moe.reintegration_barrier:BSR-MoE barrier: begin reintegration for rank 41 -> 41 (experts=[16, 17, 18, 19, 20, 21, 22, 23, 24, 25, 26, 27, 28, 29, 30, 31], step=260)
WARNING:megatron.core.transformer.moe.recovery_controller:[2026-05-20 15:48:29] BSR-MoE controller: expert_restore (sync weights, deferred optimizer) elapsed=0.000s (step=260)
WARNING:megatron.core.transformer.moe.recovery_controller:[2026-05-20 15:48:29] BSR-MoE controller: ⏱️  [Phase B] Parameter recovery COMPLETED (path=HYBRID_RECOVERY, elapsed=0.014s)
INFO:megatron.core.transformer.moe.reintegration_barrier:BSR-MoE barrier: begin reintegration for rank 41 -> 41 (experts=[16, 17, 18, 19, 20, 21, 22, 23, 24, 25, 26, 27, 28, 29, 30, 31], step=260)
INFO:megatron.core.transformer.moe.reintegration_barrier:BSR-MoE barrier: rank 41 -> REPAIRED_NOT_ROUTED (all preconditions met, step=260)
WARNING:megatron.core.transformer.moe.recovery_controller:[2026-05-20 15:48:29] BSR-MoE controller: reintegration barrier initialized for rank 41 (all preconditions marked, step=260)
WARNING:megatron.core.transformer.moe.recovery_controller:[2026-05-20 15:48:29] BSR-MoE controller: SAFE_POINT_REPAIR → REINTEGRATED (event=safe_point_repair_completed, step=260)
INFO:megatron.core.transformer.moe.bsr_integration:BSR-MoE post-recovery convergence: views consistent after HYBRID_RECOVERY path (step=260)
INFO:megatron.core.transformer.moe.reintegration_barrier:BSR-MoE barrier: rank 41 -> REPAIRED_NOT_ROUTED (all preconditions met, step=260)
WARNING:megatron.core.transformer.moe.recovery_controller:[2026-05-20 15:48:29] BSR-MoE controller: ⏱️  ✅ SAFE-POINT REPAIR COMPLETED (path=HYBRID_RECOVERY, step=260, failed=41, replacement=41) | Total=0.015s | Breakdown: PhaseA=0.000s, PhaseB=0.014s, PhaseC=0.000s
WARNING:megatron.core.transformer.moe.recovery_controller:[2026-05-20 15:48:29] BSR-MoE controller: ⏱️  [Phase B→C] Post-recovery convergence completed (path=HYBRID_RECOVERY, elapsed=0.000s, step=260)
WARNING:megatron.core.transformer.moe.recovery_controller:[2026-05-20 15:48:29] BSR-MoE controller: reintegration barrier initialized for rank 41 (all preconditions marked, step=260)
WARNING:megatron.core.transformer.moe.recovery_controller:[2026-05-20 15:48:29] BSR-MoE controller: ⏱️  [Phase C] Starting post-repair...
WARNING:megatron.core.transformer.moe.recovery_controller:[2026-05-20 15:48:29] BSR-MoE controller: SAFE_POINT_REPAIR → REINTEGRATED (event=safe_point_repair_completed, step=260)
WARNING:megatron.core.transformer.moe.recovery_controller:[2026-05-20 15:48:29] BSR-MoE controller: ⏱️  ✅ SAFE-POINT REPAIR COMPLETED (path=HYBRID_RECOVERY, step=260, failed=41, replacement=41) | Total=0.014s | Breakdown: PhaseA=0.000s, PhaseB=0.014s, PhaseC=0.000s
INFO:megatron.core.transformer.moe.reintegration_barrier:BSR-MoE barrier: begin reintegration for rank 41 -> 41 (experts=[16, 17, 18, 19, 20, 21, 22, 23, 24, 25, 26, 27, 28, 29, 30, 31], step=260)
INFO:megatron.core.transformer.moe.reintegration_barrier:BSR-MoE barrier: rank 41 -> REPAIRED_NOT_ROUTED (all preconditions met, step=260)
WARNING:megatron.core.transformer.moe.recovery_controller:[2026-05-20 15:48:29] BSR-MoE controller: reintegration barrier initialized for rank 41 (all preconditions marked, step=260)
WARNING:megatron.core.transformer.moe.recovery_controller:[2026-05-20 15:48:29] BSR-MoE controller: SAFE_POINT_REPAIR → REINTEGRATED (event=safe_point_repair_completed, step=260)
WARNING:megatron.core.transformer.moe.recovery_controller:[2026-05-20 15:48:29] BSR-MoE controller: ⏱️  ✅ SAFE-POINT REPAIR COMPLETED (path=HYBRID_RECOVERY, step=260, failed=41, replacement=41) | Total=0.015s | Breakdown: PhaseA=0.000s, PhaseB=0.014s, PhaseC=0.000s
INFO:megatron.core.transformer.moe.bsr_integration:BSR-MoE: found latest checkpoint with BSR manifest at /mnt/ais-c1/dataset/zds/find_multi_fault/5.20/step_250_faults_8/ckpt/iter_0000200 (step=200)
INFO:megatron.core.transformer.moe.bsr_integration:BSR-MoE: found latest checkpoint with BSR manifest at /mnt/ais-c1/dataset/zds/find_multi_fault/5.20/step_250_faults_8/ckpt/iter_0000200 (step=200)
INFO:megatron.core.transformer.moe.bsr_integration:BSR-MoE: found latest checkpoint with BSR manifest at /mnt/ais-c1/dataset/zds/find_multi_fault/5.20/step_250_faults_8/ckpt/iter_0000200 (step=200)
INFO:megatron.core.transformer.moe.bsr_integration:BSR-MoE: found latest checkpoint with BSR manifest at /mnt/ais-c1/dataset/zds/find_multi_fault/5.20/step_250_faults_8/ckpt/iter_0000200 (step=200)
INFO:megatron.core.transformer.moe.bsr_integration:BSR-MoE: found latest checkpoint with BSR manifest at /mnt/ais-c1/dataset/zds/find_multi_fault/5.20/step_250_faults_8/ckpt/iter_0000200 (step=200)
WARNING:megatron.core.transformer.moe.recovery_controller:[2026-05-20 15:48:29] BSR-MoE controller: HYBRID_RECOVERY path — dense from DP peer, experts from checkpoint (step=260, failed=41, replacement=41)
WARNING:megatron.core.transformer.moe.recovery_controller:[2026-05-20 15:48:29] BSR-MoE controller: dense_sync elapsed=0.000s (step=260)
WARNING:megatron.core.transformer.moe.recovery_controller:[2026-05-20 15:48:29] BSR-MoE controller: expert_restore (sync weights, deferred optimizer) elapsed=0.000s (step=260)
WARNING:megatron.core.transformer.moe.recovery_controller:[2026-05-20 15:48:29] BSR-MoE controller: ⏱️  [Phase B] Parameter recovery COMPLETED (path=HYBRID_RECOVERY, elapsed=0.086s)
INFO:megatron.core.transformer.moe.bsr_integration:BSR-MoE post-recovery convergence: views consistent after HYBRID_RECOVERY path (step=260)
WARNING:megatron.core.transformer.moe.recovery_controller:[2026-05-20 15:48:29] BSR-MoE controller: ⏱️  [Phase B→C] Post-recovery convergence completed (path=HYBRID_RECOVERY, elapsed=0.000s, step=260)
WARNING:megatron.core.transformer.moe.recovery_controller:[2026-05-20 15:48:29] BSR-MoE controller: HYBRID_RECOVERY path — dense from DP peer, experts from checkpoint (step=260, failed=41, replacement=41)
WARNING:megatron.core.transformer.moe.recovery_controller:[2026-05-20 15:48:29] BSR-MoE controller: ⏱️  [Phase C] Starting post-repair...
WARNING:megatron.core.transformer.moe.recovery_controller:[2026-05-20 15:48:29] BSR-MoE controller: HYBRID_RECOVERY path — dense from DP peer, experts from checkpoint (step=260, failed=41, replacement=41)
INFO:megatron.core.transformer.moe.reintegration_barrier:BSR-MoE barrier: begin reintegration for rank 41 -> 41 (experts=[16, 17, 18, 19, 20, 21, 22, 23, 24, 25, 26, 27, 28, 29, 30, 31], step=260)
WARNING:megatron.core.transformer.moe.recovery_controller:[2026-05-20 15:48:29] BSR-MoE controller: dense_sync elapsed=0.000s (step=260)
WARNING:megatron.core.transformer.moe.recovery_controller:[2026-05-20 15:48:29] BSR-MoE controller: dense_sync elapsed=0.000s (step=260)
INFO:megatron.core.transformer.moe.reintegration_barrier:BSR-MoE barrier: rank 41 -> REPAIRED_NOT_ROUTED (all preconditions met, step=260)
WARNING:megatron.core.transformer.moe.recovery_controller:[2026-05-20 15:48:29] BSR-MoE controller: HYBRID_RECOVERY path — dense from DP peer, experts from checkpoint (step=260, failed=41, replacement=41)
WARNING:megatron.core.transformer.moe.recovery_controller:[2026-05-20 15:48:29] BSR-MoE controller: reintegration barrier initialized for rank 41 (all preconditions marked, step=260)
WARNING:megatron.core.transformer.moe.recovery_controller:[2026-05-20 15:48:29] BSR-MoE controller: expert_restore (sync weights, deferred optimizer) elapsed=0.000s (step=260)
WARNING:megatron.core.transformer.moe.recovery_controller:[2026-05-20 15:48:29] BSR-MoE controller: expert_restore (sync weights, deferred optimizer) elapsed=0.000s (step=260)
WARNING:megatron.core.transformer.moe.recovery_controller:[2026-05-20 15:48:29] BSR-MoE controller: SAFE_POINT_REPAIR → REINTEGRATED (event=safe_point_repair_completed, step=260)
WARNING:megatron.core.transformer.moe.recovery_controller:[2026-05-20 15:48:29] BSR-MoE controller: HYBRID_RECOVERY path — dense from DP peer, experts from checkpoint (step=260, failed=41, replacement=41)
WARNING:megatron.core.transformer.moe.recovery_controller:[2026-05-20 15:48:29] BSR-MoE controller: ⏱️  [Phase B] Parameter recovery COMPLETED (path=HYBRID_RECOVERY, elapsed=0.086s)
WARNING:megatron.core.transformer.moe.recovery_controller:[2026-05-20 15:48:29] BSR-MoE controller: ⏱️  [Phase B] Parameter recovery COMPLETED (path=HYBRID_RECOVERY, elapsed=0.086s)
WARNING:megatron.core.transformer.moe.recovery_controller:[2026-05-20 15:48:29] BSR-MoE controller: ⏱️  ✅ SAFE-POINT REPAIR COMPLETED (path=HYBRID_RECOVERY, step=260, failed=41, replacement=41) | Total=0.086s | Breakdown: PhaseA=0.000s, PhaseB=0.086s, PhaseC=0.000s
WARNING:megatron.core.transformer.moe.recovery_controller:[2026-05-20 15:48:29] BSR-MoE controller: dense_sync elapsed=0.000s (step=260)
INFO:megatron.core.transformer.moe.bsr_integration:BSR-MoE post-recovery convergence: views consistent after HYBRID_RECOVERY path (step=260)
INFO:megatron.core.transformer.moe.bsr_integration:BSR-MoE post-recovery convergence: views consistent after HYBRID_RECOVERY path (step=260)
WARNING:megatron.core.transformer.moe.recovery_controller:[2026-05-20 15:48:29] BSR-MoE controller: expert_restore (sync weights, deferred optimizer) elapsed=0.000s (step=260)
WARNING:megatron.core.transformer.moe.recovery_controller:[2026-05-20 15:48:29] BSR-MoE controller: ⏱️  [Phase B→C] Post-recovery convergence completed (path=HYBRID_RECOVERY, elapsed=0.000s, step=260)
WARNING:megatron.core.transformer.moe.recovery_controller:[2026-05-20 15:48:29] BSR-MoE controller: ⏱️  [Phase B→C] Post-recovery convergence completed (path=HYBRID_RECOVERY, elapsed=0.000s, step=260)
WARNING:megatron.core.transformer.moe.recovery_controller:[2026-05-20 15:48:29] BSR-MoE controller: ⏱️  [Phase B] Parameter recovery COMPLETED (path=HYBRID_RECOVERY, elapsed=0.086s)
WARNING:megatron.core.transformer.moe.recovery_controller:[2026-05-20 15:48:29] BSR-MoE controller: ⏱️  [Phase C] Starting post-repair...
WARNING:megatron.core.transformer.moe.recovery_controller:[2026-05-20 15:48:29] BSR-MoE controller: ⏱️  [Phase C] Starting post-repair...
WARNING:megatron.core.transformer.moe.recovery_controller:[2026-05-20 15:48:29] BSR-MoE controller: dense_sync elapsed=0.000s (step=260)
INFO:megatron.core.transformer.moe.reintegration_barrier:BSR-MoE barrier: begin reintegration for rank 41 -> 41 (experts=[16, 17, 18, 19, 20, 21, 22, 23, 24, 25, 26, 27, 28, 29, 30, 31], step=260)
INFO:megatron.core.transformer.moe.reintegration_barrier:BSR-MoE barrier: begin reintegration for rank 41 -> 41 (experts=[16, 17, 18, 19, 20, 21, 22, 23, 24, 25, 26, 27, 28, 29, 30, 31], step=260)
INFO:megatron.core.transformer.moe.bsr_integration:BSR-MoE post-recovery convergence: views consistent after HYBRID_RECOVERY path (step=260)
WARNING:megatron.core.transformer.moe.recovery_controller:[2026-05-20 15:48:29] BSR-MoE controller: expert_restore (sync weights, deferred optimizer) elapsed=0.000s (step=260)
WARNING:megatron.core.transformer.moe.recovery_controller:[2026-05-20 15:48:29] BSR-MoE controller: ⏱️  [Phase B→C] Post-recovery convergence completed (path=HYBRID_RECOVERY, elapsed=0.000s, step=260)
WARNING:megatron.core.transformer.moe.recovery_controller:[2026-05-20 15:48:29] BSR-MoE controller: ⏱️  [Phase B] Parameter recovery COMPLETED (path=HYBRID_RECOVERY, elapsed=0.086s)
INFO:megatron.core.transformer.moe.reintegration_barrier:BSR-MoE barrier: rank 41 -> REPAIRED_NOT_ROUTED (all preconditions met, step=260)
INFO:megatron.core.transformer.moe.reintegration_barrier:BSR-MoE barrier: rank 41 -> REPAIRED_NOT_ROUTED (all preconditions met, step=260)
WARNING:megatron.core.transformer.moe.recovery_controller:[2026-05-20 15:48:29] BSR-MoE controller: ⏱️  [Phase C] Starting post-repair...
WARNING:megatron.core.transformer.moe.recovery_controller:[2026-05-20 15:48:29] BSR-MoE controller: reintegration barrier initialized for rank 41 (all preconditions marked, step=260)
WARNING:megatron.core.transformer.moe.recovery_controller:[2026-05-20 15:48:29] BSR-MoE controller: reintegration barrier initialized for rank 41 (all preconditions marked, step=260)
WARNING:megatron.core.transformer.moe.recovery_controller:[2026-05-20 15:48:29] BSR-MoE controller: SAFE_POINT_REPAIR → REINTEGRATED (event=safe_point_repair_completed, step=260)
WARNING:megatron.core.transformer.moe.recovery_controller:[2026-05-20 15:48:29] BSR-MoE controller: SAFE_POINT_REPAIR → REINTEGRATED (event=safe_point_repair_completed, step=260)
INFO:megatron.core.transformer.moe.reintegration_barrier:BSR-MoE barrier: begin reintegration for rank 41 -> 41 (experts=[16, 17, 18, 19, 20, 21, 22, 23, 24, 25, 26, 27, 28, 29, 30, 31], step=260)
WARNING:megatron.core.transformer.moe.recovery_controller:[2026-05-20 15:48:29] BSR-MoE controller: ⏱️  ✅ SAFE-POINT REPAIR COMPLETED (path=HYBRID_RECOVERY, step=260, failed=41, replacement=41) | Total=0.087s | Breakdown: PhaseA=0.000s, PhaseB=0.086s, PhaseC=0.000s
INFO:megatron.core.transformer.moe.bsr_integration:BSR-MoE post-recovery convergence: views consistent after HYBRID_RECOVERY path (step=260)
WARNING:megatron.core.transformer.moe.recovery_controller:[2026-05-20 15:48:29] BSR-MoE controller: ⏱️  ✅ SAFE-POINT REPAIR COMPLETED (path=HYBRID_RECOVERY, step=260, failed=41, replacement=41) | Total=0.087s | Breakdown: PhaseA=0.000s, PhaseB=0.086s, PhaseC=0.000s
WARNING:megatron.core.transformer.moe.recovery_controller:[2026-05-20 15:48:29] BSR-MoE controller: ⏱️  [Phase B→C] Post-recovery convergence completed (path=HYBRID_RECOVERY, elapsed=0.000s, step=260)
INFO:megatron.core.transformer.moe.reintegration_barrier:BSR-MoE barrier: rank 41 -> REPAIRED_NOT_ROUTED (all preconditions met, step=260)
WARNING:megatron.core.transformer.moe.recovery_controller:[2026-05-20 15:48:29] BSR-MoE controller: ⏱️  [Phase C] Starting post-repair...
WARNING:megatron.core.transformer.moe.recovery_controller:[2026-05-20 15:48:29] BSR-MoE controller: reintegration barrier initialized for rank 41 (all preconditions marked, step=260)
WARNING:megatron.core.transformer.moe.recovery_controller:[2026-05-20 15:48:29] BSR-MoE controller: SAFE_POINT_REPAIR → REINTEGRATED (event=safe_point_repair_completed, step=260)
INFO:megatron.core.transformer.moe.reintegration_barrier:BSR-MoE barrier: begin reintegration for rank 41 -> 41 (experts=[16, 17, 18, 19, 20, 21, 22, 23, 24, 25, 26, 27, 28, 29, 30, 31], step=260)
WARNING:megatron.core.transformer.moe.recovery_controller:[2026-05-20 15:48:29] BSR-MoE controller: ⏱️  ✅ SAFE-POINT REPAIR COMPLETED (path=HYBRID_RECOVERY, step=260, failed=41, replacement=41) | Total=0.087s | Breakdown: PhaseA=0.000s, PhaseB=0.086s, PhaseC=0.000s
INFO:megatron.core.transformer.moe.reintegration_barrier:BSR-MoE barrier: rank 41 -> REPAIRED_NOT_ROUTED (all preconditions met, step=260)
WARNING:megatron.core.transformer.moe.recovery_controller:[2026-05-20 15:48:29] BSR-MoE controller: reintegration barrier initialized for rank 41 (all preconditions marked, step=260)
WARNING:megatron.core.transformer.moe.recovery_controller:[2026-05-20 15:48:29] BSR-MoE controller: SAFE_POINT_REPAIR → REINTEGRATED (event=safe_point_repair_completed, step=260)
WARNING:megatron.core.transformer.moe.recovery_controller:[2026-05-20 15:48:29] BSR-MoE controller: ⏱️  ✅ SAFE-POINT REPAIR COMPLETED (path=HYBRID_RECOVERY, step=260, failed=41, replacement=41) | Total=0.087s | Breakdown: PhaseA=0.000s, PhaseB=0.086s, PhaseC=0.000s
WARNING:megatron.core.transformer.moe.optimizer_commit_guard:BSR-MoE OptimizerCommitGuard: BLOCKING optimizer.step() at step 260 — explicitly blocked (reason=hard_failure_rank_41_step_260)
INFO:megatron.core.transformer.moe.optimizer_commit_guard:BSR-MoE OptimizerCommitGuard: optimizer.step() SKIPPED at step 260 (reason: iteration_invalidated)
WARNING:megatron.core.transformer.moe.optimizer_commit_guard:BSR-MoE OptimizerCommitGuard: BLOCKING optimizer.step() at step 260 — explicitly blocked (reason=hard_failure_rank_41_step_260)
INFO:megatron.core.transformer.moe.optimizer_commit_guard:BSR-MoE OptimizerCommitGuard: optimizer.step() SKIPPED at step 260 (reason: iteration_invalidated)
WARNING:megatron.core.transformer.moe.optimizer_commit_guard:BSR-MoE OptimizerCommitGuard: BLOCKING optimizer.step() at step 260 — explicitly blocked (reason=hard_failure_rank_41_step_260)
INFO:megatron.core.transformer.moe.optimizer_commit_guard:BSR-MoE OptimizerCommitGuard: optimizer.step() SKIPPED at step 260 (reason: iteration_invalidated)
WARNING:megatron.core.transformer.moe.optimizer_commit_guard:BSR-MoE OptimizerCommitGuard: BLOCKING optimizer.step() at step 260 — explicitly blocked (reason=hard_failure_rank_41_step_260)
INFO:megatron.core.transformer.moe.optimizer_commit_guard:BSR-MoE OptimizerCommitGuard: optimizer.step() SKIPPED at step 260 (reason: iteration_invalidated)
WARNING:megatron.core.transformer.moe.optimizer_commit_guard:BSR-MoE OptimizerCommitGuard: BLOCKING optimizer.step() at step 260 — explicitly blocked (reason=hard_failure_rank_41_step_260)
INFO:megatron.core.transformer.moe.optimizer_commit_guard:BSR-MoE OptimizerCommitGuard: optimizer.step() SKIPPED at step 260 (reason: iteration_invalidated)
WARNING:megatron.core.transformer.moe.optimizer_commit_guard:BSR-MoE OptimizerCommitGuard: BLOCKING optimizer.step() at step 260 — explicitly blocked (reason=hard_failure_rank_41_step_260)
INFO:megatron.core.transformer.moe.optimizer_commit_guard:BSR-MoE OptimizerCommitGuard: optimizer.step() SKIPPED at step 260 (reason: iteration_invalidated)
WARNING:megatron.core.transformer.moe.optimizer_commit_guard:BSR-MoE OptimizerCommitGuard: BLOCKING optimizer.step() at step 260 — explicitly blocked (reason=hard_failure_rank_41_step_260)
INFO:megatron.core.transformer.moe.optimizer_commit_guard:BSR-MoE OptimizerCommitGuard: optimizer.step() SKIPPED at step 260 (reason: iteration_invalidated)
WARNING:megatron.core.transformer.moe.optimizer_commit_guard:BSR-MoE OptimizerCommitGuard: BLOCKING optimizer.step() at step 260 — explicitly blocked (reason=hard_failure_rank_41_step_260)
INFO:megatron.core.transformer.moe.optimizer_commit_guard:BSR-MoE OptimizerCommitGuard: optimizer.step() SKIPPED at step 260 (reason: iteration_invalidated)
 [2026-05-20 15:49:15] iteration      260/     600 | consumed samples:        16640 | elapsed time per iteration (ms): 46129.5 | learning rate: 6.639804E-05 | global batch size:    64 | load_balancing_loss: 1.040569E+00 | loss scale: 1.0 | number of skipped iterations:   1 | number of nan iterations:   0 |
WARNING:megatron.core.transformer.moe.reintegration_barrier:BSR-MoE barrier: rank 41 reintegrated at step 260 (replacement=41, experts=[16, 17, 18, 19, 20, 21, 22, 23, 24, 25, 26, 27, 28, 29, 30, 31])
WARNING:megatron.core.transformer.moe.reintegration_barrier:BSR-MoE barrier: rank 41 reintegrated at step 260 (replacement=41, experts=[16, 17, 18, 19, 20, 21, 22, 23, 24, 25, 26, 27, 28, 29, 30, 31])
INFO:megatron.core.transformer.moe.recovery_controller:BSR-MoE controller: barrier reintegration executed for rank 41 at step 260
WARNING:megatron.core.transformer.moe.reintegration_barrier:BSR-MoE barrier: rank 41 reintegrated at step 260 (replacement=41, experts=[16, 17, 18, 19, 20, 21, 22, 23, 24, 25, 26, 27, 28, 29, 30, 31])
INFO:megatron.core.transformer.moe.recovery_controller:BSR-MoE controller: barrier reintegration executed for rank 41 at step 260
WARNING:megatron.core.transformer.moe.reintegration_barrier:BSR-MoE barrier: rank 41 reintegrated at step 260 (replacement=41, experts=[16, 17, 18, 19, 20, 21, 22, 23, 24, 25, 26, 27, 28, 29, 30, 31])
INFO:megatron.core.transformer.moe.recovery_controller:BSR-MoE controller: barrier reintegration executed for rank 41 at step 260
WARNING:megatron.core.transformer.moe.recovery_controller:[2026-05-20 15:49:15] BSR-MoE controller: REINTEGRATED → HEALTHY_TRAINING (event=reintegration_finalized, step=260)
INFO:megatron.core.transformer.moe.recovery_controller:BSR-MoE controller: barrier reintegration executed for rank 41 at step 260
WARNING:megatron.core.transformer.moe.recovery_controller:[2026-05-20 15:49:15] BSR-MoE controller: reintegration finalized at step 260 (1 recoveries completed)
WARNING:megatron.core.transformer.moe.reintegration_barrier:BSR-MoE barrier: rank 41 reintegrated at step 260 (replacement=41, experts=[16, 17, 18, 19, 20, 21, 22, 23, 24, 25, 26, 27, 28, 29, 30, 31])
WARNING:megatron.core.transformer.moe.recovery_controller:[2026-05-20 15:49:15] BSR-MoE controller: REINTEGRATED → HEALTHY_TRAINING (event=reintegration_finalized, step=260)
WARNING:megatron.core.transformer.moe.recovery_controller:[2026-05-20 15:49:15] BSR-MoE controller: REINTEGRATED → HEALTHY_TRAINING (event=reintegration_finalized, step=260)
WARNING:megatron.core.transformer.moe.recovery_controller:[2026-05-20 15:49:15] BSR-MoE controller: reintegration finalized at step 260 (1 recoveries completed)
WARNING:megatron.core.transformer.moe.reintegration_barrier:BSR-MoE barrier: rank 41 reintegrated at step 260 (replacement=41, experts=[16, 17, 18, 19, 20, 21, 22, 23, 24, 25, 26, 27, 28, 29, 30, 31])
WARNING:megatron.core.transformer.moe.recovery_controller:[2026-05-20 15:49:15] BSR-MoE controller: reintegration finalized at step 260 (1 recoveries completed)
INFO:megatron.core.transformer.moe.recovery_controller:BSR-MoE controller: barrier reintegration executed for rank 41 at step 260
WARNING:megatron.core.transformer.moe.recovery_controller:[2026-05-20 15:49:15] BSR-MoE controller: REINTEGRATED → HEALTHY_TRAINING (event=reintegration_finalized, step=260)
INFO:megatron.core.transformer.moe.recovery_controller:BSR-MoE controller: barrier reintegration executed for rank 41 at step 260
WARNING:megatron.core.transformer.moe.recovery_controller:[2026-05-20 15:49:15] BSR-MoE controller: reintegration finalized at step 260 (1 recoveries completed)
WARNING:megatron.core.transformer.moe.reintegration_barrier:BSR-MoE barrier: rank 41 reintegrated at step 260 (replacement=41, experts=[16, 17, 18, 19, 20, 21, 22, 23, 24, 25, 26, 27, 28, 29, 30, 31])
INFO:megatron.core.transformer.moe.recovery_controller:BSR-MoE controller: barrier reintegration executed for rank 41 at step 260
WARNING:megatron.core.transformer.moe.recovery_controller:[2026-05-20 15:49:15] BSR-MoE controller: REINTEGRATED → HEALTHY_TRAINING (event=reintegration_finalized, step=260)
WARNING:megatron.core.transformer.moe.recovery_controller:[2026-05-20 15:49:15] BSR-MoE controller: REINTEGRATED → HEALTHY_TRAINING (event=reintegration_finalized, step=260)
WARNING:megatron.core.transformer.moe.recovery_controller:[2026-05-20 15:49:15] BSR-MoE controller: reintegration finalized at step 260 (1 recoveries completed)
WARNING:megatron.core.transformer.moe.recovery_controller:[2026-05-20 15:49:15] BSR-MoE controller: reintegration finalized at step 260 (1 recoveries completed)
WARNING:megatron.core.transformer.moe.recovery_controller:[2026-05-20 15:49:15] BSR-MoE controller: REINTEGRATED → HEALTHY_TRAINING (event=reintegration_finalized, step=260)
WARNING:megatron.core.transformer.moe.recovery_controller:[2026-05-20 15:49:15] BSR-MoE controller: reintegration finalized at step 260 (1 recoveries completed)
WARNING:megatron.core.transformer.moe.reintegration_barrier:BSR-MoE barrier: rank 41 reintegrated at step 260 (replacement=41, experts=[16, 17, 18, 19, 20, 21, 22, 23, 24, 25, 26, 27, 28, 29, 30, 31])
INFO:megatron.core.transformer.moe.recovery_controller:BSR-MoE controller: barrier reintegration executed for rank 41 at step 260
WARNING:megatron.core.transformer.moe.recovery_controller:[2026-05-20 15:49:15] BSR-MoE controller: REINTEGRATED → HEALTHY_TRAINING (event=reintegration_finalized, step=260)
WARNING:megatron.core.transformer.moe.recovery_controller:[2026-05-20 15:49:15] BSR-MoE controller: reintegration finalized at step 260 (1 recoveries completed)
 [2026-05-20 15:49:28] iteration      261/     600 | consumed samples:        16704 | elapsed time per iteration (ms): 12659.2 | learning rate: 6.616803E-05 | global batch size:    64 | lm loss: 5.802962E+00 | load_balancing_loss: 1.038638E+00 | loss scale: 1.0 | grad norm: 0.795 | number of skipped iterations:   0 | number of nan iterations:   0 |
WARNING:megatron.core.transformer.moe.bsr_integration:[2026-05-20 15:49:28] BSR-MoE FAULT INJECTION #7: type=restart_in_place, rank=51, step=262, scheduled_step=250, experts=[48, 49, 50, 51, 52, 53, 54, 55, 56, 57, 58, 59, 60, 61, 62, 63], ep_group=[48, 49, 50, 51, 52, 53, 54, 55]
WARNING:megatron.core.transformer.moe.bsr_integration:[2026-05-20 15:49:28] BSR-MoE FAULT INJECTION #7: type=restart_in_place, rank=51, step=262, scheduled_step=250, experts=[48, 49, 50, 51, 52, 53, 54, 55, 56, 57, 58, 59, 60, 61, 62, 63], ep_group=[48, 49, 50, 51, 52, 53, 54, 55]
WARNING:megatron.core.transformer.moe.bsr_integration:[2026-05-20 15:49:28] BSR-MoE FAULT INJECTION #7: type=restart_in_place, rank=51, step=262, scheduled_step=250, experts=[48, 49, 50, 51, 52, 53, 54, 55, 56, 57, 58, 59, 60, 61, 62, 63], ep_group=[48, 49, 50, 51, 52, 53, 54, 55]
WARNING:megatron.core.transformer.moe.bsr_integration:[2026-05-20 15:49:28] BSR-MoE FAULT INJECTION #7: type=restart_in_place, rank=51, step=262, scheduled_step=250, experts=[48, 49, 50, 51, 52, 53, 54, 55, 56, 57, 58, 59, 60, 61, 62, 63], ep_group=[48, 49, 50, 51, 52, 53, 54, 55]
WARNING:megatron.core.transformer.moe.recovery_controller:[2026-05-20 15:49:28] BSR-MoE controller: rank 51 HARD FAILURE (step=262, reason=scheduled_restart_in_place_injection, experts=[48, 49, 50, 51, 52, 53, 54, 55, 56, 57, 58, 59, 60, 61, 62, 63], mid_iteration=False)
WARNING:megatron.core.transformer.moe.bsr_integration:[2026-05-20 15:49:28] BSR-MoE FAULT INJECTION #7: type=restart_in_place, rank=51, step=262, scheduled_step=250, experts=[48, 49, 50, 51, 52, 53, 54, 55, 56, 57, 58, 59, 60, 61, 62, 63], ep_group=[48, 49, 50, 51, 52, 53, 54, 55]
WARNING:megatron.core.transformer.moe.recovery_controller:[2026-05-20 15:49:28] BSR-MoE controller: rank 51 HARD FAILURE (step=262, reason=scheduled_restart_in_place_injection, experts=[48, 49, 50, 51, 52, 53, 54, 55, 56, 57, 58, 59, 60, 61, 62, 63], mid_iteration=False)
WARNING:megatron.core.transformer.moe.bsr_integration:[2026-05-20 15:49:28] BSR-MoE FAULT INJECTION #7: type=restart_in_place, rank=51, step=262, scheduled_step=250, experts=[48, 49, 50, 51, 52, 53, 54, 55, 56, 57, 58, 59, 60, 61, 62, 63], ep_group=[48, 49, 50, 51, 52, 53, 54, 55]
WARNING:megatron.core.transformer.moe.recovery_controller:[2026-05-20 15:49:28] BSR-MoE controller: rank 51 HARD FAILURE (step=262, reason=scheduled_restart_in_place_injection, experts=[48, 49, 50, 51, 52, 53, 54, 55, 56, 57, 58, 59, 60, 61, 62, 63], mid_iteration=False)
WARNING:megatron.core.transformer.moe.recovery_controller:[2026-05-20 15:49:28] BSR-MoE controller: rank 51 HARD FAILURE (step=262, reason=scheduled_restart_in_place_injection, experts=[48, 49, 50, 51, 52, 53, 54, 55, 56, 57, 58, 59, 60, 61, 62, 63], mid_iteration=False)
INFO:megatron.core.transformer.moe.recovery_controller:ExpertRecoveryTracker: experts [48, 49, 50, 51, 52, 53, 54, 55, 56, 57, 58, 59, 60, 61, 62, 63] → RECOVERING (step=262)
INFO:megatron.core.transformer.moe.recovery_controller:ExpertRecoveryTracker: experts [48, 49, 50, 51, 52, 53, 54, 55, 56, 57, 58, 59, 60, 61, 62, 63] → RECOVERING (step=262)
INFO:megatron.core.transformer.moe.recovery_controller:ExpertRecoveryTracker: experts [48, 49, 50, 51, 52, 53, 54, 55, 56, 57, 58, 59, 60, 61, 62, 63] → RECOVERING (step=262)
INFO:megatron.core.transformer.moe.recovery_controller:ExpertRecoveryTracker: experts [48, 49, 50, 51, 52, 53, 54, 55, 56, 57, 58, 59, 60, 61, 62, 63] → RECOVERING (step=262)
WARNING:megatron.core.transformer.moe.recovery_controller:[2026-05-20 15:49:28] BSR-MoE controller: rank 51 HARD FAILURE (step=262, reason=scheduled_restart_in_place_injection, experts=[48, 49, 50, 51, 52, 53, 54, 55, 56, 57, 58, 59, 60, 61, 62, 63], mid_iteration=False)
WARNING:megatron.core.transformer.moe.optimizer_commit_guard:OptimizerCommitGuard: commit BLOCKED (step=262, reason=hard_failure_rank_51_step_262)
WARNING:megatron.core.transformer.moe.optimizer_commit_guard:OptimizerCommitGuard: commit BLOCKED (step=262, reason=hard_failure_rank_51_step_262)
WARNING:megatron.core.transformer.moe.recovery_controller:[2026-05-20 15:49:28] BSR-MoE controller: rank 51 HARD FAILURE (step=262, reason=scheduled_restart_in_place_injection, experts=[48, 49, 50, 51, 52, 53, 54, 55, 56, 57, 58, 59, 60, 61, 62, 63], mid_iteration=False)
WARNING:megatron.core.transformer.moe.bsr_integration:BSR-MoE: optimizer commit blocked for step 262 (hard failure of rank 51)
WARNING:megatron.core.transformer.moe.optimizer_commit_guard:OptimizerCommitGuard: commit BLOCKED (step=262, reason=hard_failure_rank_51_step_262)
WARNING:megatron.core.transformer.moe.bsr_integration:BSR-MoE: optimizer commit blocked for step 262 (hard failure of rank 51)
WARNING:megatron.core.transformer.moe.optimizer_commit_guard:OptimizerCommitGuard: commit BLOCKED (step=262, reason=hard_failure_rank_51_step_262)
WARNING:megatron.core.transformer.moe.bsr_integration:BSR-MoE: entering waiting-for-replacement state (failed_rank=51, step=262, experts=[48, 49, 50, 51, 52, 53, 54, 55, 56, 57, 58, 59, 60, 61, 62, 63])
WARNING:megatron.core.transformer.moe.bsr_integration:BSR-MoE: optimizer commit blocked for step 262 (hard failure of rank 51)
WARNING:megatron.core.transformer.moe.bsr_integration:BSR-MoE: entering waiting-for-replacement state (failed_rank=51, step=262, experts=[48, 49, 50, 51, 52, 53, 54, 55, 56, 57, 58, 59, 60, 61, 62, 63])
INFO:megatron.core.transformer.moe.recovery_controller:ExpertRecoveryTracker: experts [48, 49, 50, 51, 52, 53, 54, 55, 56, 57, 58, 59, 60, 61, 62, 63] → RECOVERING (step=262)
WARNING:megatron.core.transformer.moe.bsr_integration:BSR-MoE: optimizer commit blocked for step 262 (hard failure of rank 51)
WARNING:megatron.core.transformer.moe.bsr_integration:BSR-MoE: entering waiting-for-replacement state (failed_rank=51, step=262, experts=[48, 49, 50, 51, 52, 53, 54, 55, 56, 57, 58, 59, 60, 61, 62, 63])
INFO:megatron.core.transformer.moe.recovery_controller:ExpertRecoveryTracker: experts [48, 49, 50, 51, 52, 53, 54, 55, 56, 57, 58, 59, 60, 61, 62, 63] → RECOVERING (step=262)
WARNING:megatron.core.transformer.moe.bsr_integration:BSR-MoE: entering waiting-for-replacement state (failed_rank=51, step=262, experts=[48, 49, 50, 51, 52, 53, 54, 55, 56, 57, 58, 59, 60, 61, 62, 63])
WARNING:megatron.core.transformer.moe.recovery_controller:[2026-05-20 15:49:28] BSR-MoE controller: HEALTHY_TRAINING → PENDING_GROUP_REPAIR (event=hard_rank_failure, step=262)
WARNING:megatron.core.transformer.moe.optimizer_commit_guard:OptimizerCommitGuard: commit BLOCKED (step=262, reason=hard_failure_rank_51_step_262)
WARNING:megatron.core.transformer.moe.bsr_integration:[2026-05-20 15:49:28] BSR-MoE FAULT INJECTION #7: type=restart_in_place, rank=51, step=262, scheduled_step=250, experts=[48, 49, 50, 51, 52, 53, 54, 55, 56, 57, 58, 59, 60, 61, 62, 63], ep_group=[48, 49, 50, 51, 52, 53, 54, 55]
WARNING:megatron.core.transformer.moe.recovery_controller:[2026-05-20 15:49:28] BSR-MoE controller: HEALTHY_TRAINING → PENDING_GROUP_REPAIR (event=hard_rank_failure, step=262)
WARNING:megatron.core.transformer.moe.optimizer_commit_guard:OptimizerCommitGuard: commit BLOCKED (step=262, reason=hard_failure_rank_51_step_262)
WARNING:megatron.core.transformer.moe.recovery_controller:[2026-05-20 15:49:28] BSR-MoE controller: HEALTHY_TRAINING → PENDING_GROUP_REPAIR (event=hard_rank_failure, step=262)
WARNING:megatron.core.transformer.moe.bsr_integration:BSR-MoE: optimizer commit blocked for step 262 (hard failure of rank 51)
WARNING:megatron.core.transformer.moe.bsr_integration:BSR-MoE: optimizer commit blocked for step 262 (hard failure of rank 51)
WARNING:megatron.core.transformer.moe.bsr_integration:BSR-MoE: entering waiting-for-replacement state (failed_rank=51, step=262, experts=[48, 49, 50, 51, 52, 53, 54, 55, 56, 57, 58, 59, 60, 61, 62, 63])
WARNING:megatron.core.transformer.moe.recovery_controller:[2026-05-20 15:49:28] BSR-MoE controller: replacement assigned — failed_rank=51, replacement_rank=51 (step=262)
WARNING:megatron.core.transformer.moe.recovery_controller:[2026-05-20 15:49:28] BSR-MoE controller: HEALTHY_TRAINING → PENDING_GROUP_REPAIR (event=hard_rank_failure, step=262)
WARNING:megatron.core.transformer.moe.recovery_controller:[2026-05-20 15:49:28] BSR-MoE controller: replacement assigned — failed_rank=51, replacement_rank=51 (step=262)
WARNING:megatron.core.transformer.moe.bsr_integration:BSR-MoE: entering waiting-for-replacement state (failed_rank=51, step=262, experts=[48, 49, 50, 51, 52, 53, 54, 55, 56, 57, 58, 59, 60, 61, 62, 63])
WARNING:megatron.core.transformer.moe.recovery_controller:[2026-05-20 15:49:28] BSR-MoE controller: replacement assigned — failed_rank=51, replacement_rank=51 (step=262)
WARNING:megatron.core.transformer.moe.recovery_controller:[2026-05-20 15:49:28] BSR-MoE controller: HEALTHY_TRAINING → PENDING_GROUP_REPAIR (event=hard_rank_failure, step=262)
WARNING:megatron.core.transformer.moe.recovery_controller:[2026-05-20 15:49:28] BSR-MoE controller: replacement assigned — failed_rank=51, replacement_rank=51 (step=262)
INFO:megatron.core.transformer.moe.replacement_registry:BSR-MoE replacement: failed_rank=51, replacement_rank=51, NOT_PRESENT → BOOTSTRAPPING (step=262)
WARNING:megatron.core.transformer.moe.recovery_controller:[2026-05-20 15:49:28] BSR-MoE controller: HEALTHY_TRAINING → PENDING_GROUP_REPAIR (event=hard_rank_failure, step=262)
WARNING:megatron.core.transformer.moe.recovery_controller:[2026-05-20 15:49:28] BSR-MoE controller: rank 51 HARD FAILURE (step=262, reason=scheduled_restart_in_place_injection, experts=[48, 49, 50, 51, 52, 53, 54, 55, 56, 57, 58, 59, 60, 61, 62, 63], mid_iteration=False)
WARNING:megatron.core.transformer.moe.replacement_registry:BSR-MoE: replacement announced — failed_rank=51 → replacement_rank=51 (step=262, reason='')
INFO:megatron.core.transformer.moe.replacement_registry:BSR-MoE replacement: failed_rank=51, replacement_rank=51, NOT_PRESENT → BOOTSTRAPPING (step=262)
WARNING:megatron.core.transformer.moe.replacement_registry:BSR-MoE: replacement announced — failed_rank=51 → replacement_rank=51 (step=262, reason='')
INFO:megatron.core.transformer.moe.replacement_registry:BSR-MoE replacement: failed_rank=51, replacement_rank=51, NOT_PRESENT → BOOTSTRAPPING (step=262)
WARNING:megatron.core.transformer.moe.recovery_controller:[2026-05-20 15:49:28] BSR-MoE controller: replacement assigned — failed_rank=51, replacement_rank=51 (step=262)
WARNING:megatron.core.transformer.moe.recovery_controller:[2026-05-20 15:49:28] BSR-MoE controller: PENDING_GROUP_REPAIR → WAITING_FOR_REPLACEMENT (event=replacement_assigned, step=262)
WARNING:megatron.core.transformer.moe.recovery_controller:[2026-05-20 15:49:28] BSR-MoE controller: replacement assigned — failed_rank=51, replacement_rank=51 (step=262)
WARNING:megatron.core.transformer.moe.replacement_registry:BSR-MoE: replacement announced — failed_rank=51 → replacement_rank=51 (step=262, reason='')
WARNING:megatron.core.transformer.moe.recovery_controller:[2026-05-20 15:49:28] BSR-MoE controller: PENDING_GROUP_REPAIR → WAITING_FOR_REPLACEMENT (event=replacement_assigned, step=262)
INFO:megatron.core.transformer.moe.recovery_controller:ExpertRecoveryTracker: experts [48, 49, 50, 51, 52, 53, 54, 55, 56, 57, 58, 59, 60, 61, 62, 63] → RECOVERING (step=262)
WARNING:megatron.core.transformer.moe.recovery_controller:[2026-05-20 15:49:28] BSR-MoE controller: replacement ready — failed_rank=51 (step=262)
INFO:megatron.core.transformer.moe.replacement_registry:BSR-MoE replacement: failed_rank=51, replacement_rank=51, NOT_PRESENT → BOOTSTRAPPING (step=262)
WARNING:megatron.core.transformer.moe.recovery_controller:[2026-05-20 15:49:28] BSR-MoE controller: PENDING_GROUP_REPAIR → WAITING_FOR_REPLACEMENT (event=replacement_assigned, step=262)
WARNING:megatron.core.transformer.moe.recovery_controller:[2026-05-20 15:49:28] BSR-MoE controller: replacement ready — failed_rank=51 (step=262)
WARNING:megatron.core.transformer.moe.replacement_registry:BSR-MoE: replacement announced — failed_rank=51 → replacement_rank=51 (step=262, reason='')
WARNING:megatron.core.transformer.moe.recovery_controller:[2026-05-20 15:49:28] BSR-MoE controller: WAITING_FOR_REPLACEMENT → SAFE_POINT_REPAIR (event=replacement_ready, step=262)
WARNING:megatron.core.transformer.moe.optimizer_commit_guard:OptimizerCommitGuard: commit BLOCKED (step=262, reason=hard_failure_rank_51_step_262)
INFO:megatron.core.transformer.moe.replacement_registry:BSR-MoE replacement: failed_rank=51, replacement_rank=51, NOT_PRESENT → BOOTSTRAPPING (step=262)
WARNING:megatron.core.transformer.moe.recovery_controller:[2026-05-20 15:49:28] BSR-MoE controller: replacement ready — failed_rank=51 (step=262)
WARNING:megatron.core.transformer.moe.recovery_controller:[2026-05-20 15:49:28] BSR-MoE controller: WAITING_FOR_REPLACEMENT → SAFE_POINT_REPAIR (event=replacement_ready, step=262)
WARNING:megatron.core.transformer.moe.recovery_controller:BSR-MoE controller: restart-in-place fast path for rank 51 (replacement=self, step=262)
INFO:megatron.core.transformer.moe.replacement_registry:BSR-MoE replacement: failed_rank=51, replacement_rank=51, NOT_PRESENT → BOOTSTRAPPING (step=262)
WARNING:megatron.core.transformer.moe.recovery_controller:[2026-05-20 15:49:28] BSR-MoE controller: PENDING_GROUP_REPAIR → WAITING_FOR_REPLACEMENT (event=replacement_assigned, step=262)
WARNING:megatron.core.transformer.moe.replacement_registry:BSR-MoE: replacement announced — failed_rank=51 → replacement_rank=51 (step=262, reason='')
WARNING:megatron.core.transformer.moe.recovery_controller:BSR-MoE controller: restart-in-place fast path for rank 51 (replacement=self, step=262)
WARNING:megatron.core.transformer.moe.bsr_integration:BSR-MoE: optimizer commit blocked for step 262 (hard failure of rank 51)
WARNING:megatron.core.transformer.moe.recovery_controller:[2026-05-20 15:49:28] BSR-MoE controller: WAITING_FOR_REPLACEMENT → SAFE_POINT_REPAIR (event=replacement_ready, step=262)
WARNING:megatron.core.transformer.moe.replacement_registry:BSR-MoE: replacement announced — failed_rank=51 → replacement_rank=51 (step=262, reason='')
WARNING:megatron.core.transformer.moe.recovery_controller:[2026-05-20 15:49:28] BSR-MoE controller: ⏱️  START safe-point repair at step 262 (failed=51, replacement=51)
WARNING:megatron.core.transformer.moe.recovery_controller:[2026-05-20 15:49:28] BSR-MoE controller: replacement ready — failed_rank=51 (step=262)
WARNING:megatron.core.transformer.moe.recovery_controller:BSR-MoE controller: restart-in-place fast path for rank 51 (replacement=self, step=262)
WARNING:megatron.core.transformer.moe.bsr_integration:BSR-MoE: entering waiting-for-replacement state (failed_rank=51, step=262, experts=[48, 49, 50, 51, 52, 53, 54, 55, 56, 57, 58, 59, 60, 61, 62, 63])
WARNING:megatron.core.transformer.moe.recovery_controller:[2026-05-20 15:49:28] BSR-MoE controller: PENDING_GROUP_REPAIR → WAITING_FOR_REPLACEMENT (event=replacement_assigned, step=262)
WARNING:megatron.core.transformer.moe.recovery_controller:[2026-05-20 15:49:28] BSR-MoE controller: ⏱️  START safe-point repair at step 262 (failed=51, replacement=51)
WARNING:megatron.core.transformer.moe.recovery_controller:[2026-05-20 15:49:28] BSR-MoE controller: PENDING_GROUP_REPAIR → WAITING_FOR_REPLACEMENT (event=replacement_assigned, step=262)
WARNING:megatron.core.transformer.moe.recovery_controller:[2026-05-20 15:49:28] BSR-MoE controller: ⏱️  [Phase A] Starting infrastructure repair...
WARNING:megatron.core.transformer.moe.recovery_controller:[2026-05-20 15:49:28] BSR-MoE controller: WAITING_FOR_REPLACEMENT → SAFE_POINT_REPAIR (event=replacement_ready, step=262)
WARNING:megatron.core.transformer.moe.recovery_controller:[2026-05-20 15:49:28] BSR-MoE controller: replacement ready — failed_rank=51 (step=262)
WARNING:megatron.core.transformer.moe.recovery_controller:[2026-05-20 15:49:28] BSR-MoE controller: ⏱️  START safe-point repair at step 262 (failed=51, replacement=51)
WARNING:megatron.core.transformer.moe.recovery_controller:[2026-05-20 15:49:28] BSR-MoE controller: replacement ready — failed_rank=51 (step=262)
WARNING:megatron.core.transformer.moe.recovery_controller:BSR-MoE controller: restart-in-place fast path for rank 51 (replacement=self, step=262)
WARNING:megatron.core.transformer.moe.recovery_controller:[2026-05-20 15:49:28] BSR-MoE controller: ⏱️  [Phase A] Starting infrastructure repair...
WARNING:megatron.core.transformer.moe.recovery_controller:[2026-05-20 15:49:28] BSR-MoE controller: HEALTHY_TRAINING → PENDING_GROUP_REPAIR (event=hard_rank_failure, step=262)
WARNING:megatron.core.transformer.moe.recovery_controller:[2026-05-20 15:49:28] BSR-MoE controller: WAITING_FOR_REPLACEMENT → SAFE_POINT_REPAIR (event=replacement_ready, step=262)
INFO:megatron.core.transformer.moe.replacement_registry:BSR-MoE replacement: failed_rank=51, replacement_rank=51, BOOTSTRAPPING → READY_FOR_REPAIR (step=262)
WARNING:megatron.core.transformer.moe.recovery_controller:[2026-05-20 15:49:28] BSR-MoE controller: WAITING_FOR_REPLACEMENT → SAFE_POINT_REPAIR (event=replacement_ready, step=262)
WARNING:megatron.core.transformer.moe.recovery_controller:[2026-05-20 15:49:28] BSR-MoE controller: ⏱️  [Phase A] Starting infrastructure repair...
WARNING:megatron.core.transformer.moe.recovery_controller:BSR-MoE controller: restart-in-place fast path for rank 51 (replacement=self, step=262)
WARNING:megatron.core.transformer.moe.recovery_controller:[2026-05-20 15:49:28] BSR-MoE controller: ⏱️  START safe-point repair at step 262 (failed=51, replacement=51)
INFO:megatron.core.transformer.moe.replacement_registry:BSR-MoE replacement: failed_rank=51, replacement_rank=51, READY_FOR_REPAIR → INTEGRATED (step=262)
INFO:megatron.core.transformer.moe.replacement_registry:BSR-MoE replacement: failed_rank=51, replacement_rank=51, BOOTSTRAPPING → READY_FOR_REPAIR (step=262)
WARNING:megatron.core.transformer.moe.bsr_integration:[2026-05-20 15:49:28] BSR-MoE FAULT INJECTION #7: type=restart_in_place, rank=51, step=262, scheduled_step=250, experts=[48, 49, 50, 51, 52, 53, 54, 55, 56, 57, 58, 59, 60, 61, 62, 63], ep_group=[48, 49, 50, 51, 52, 53, 54, 55]
WARNING:megatron.core.transformer.moe.recovery_controller:BSR-MoE controller: restart-in-place fast path for rank 51 (replacement=self, step=262)
WARNING:megatron.core.transformer.moe.recovery_controller:[2026-05-20 15:49:28] BSR-MoE controller: replacement assigned — failed_rank=51, replacement_rank=51 (step=262)
WARNING:megatron.core.transformer.moe.replacement_registry:BSR-MoE: replacement INTEGRATED — failed_rank=51, replacement_rank=51 (step=262)
INFO:megatron.core.transformer.moe.replacement_registry:BSR-MoE replacement: failed_rank=51, replacement_rank=51, BOOTSTRAPPING → READY_FOR_REPAIR (step=262)
INFO:megatron.core.transformer.moe.replacement_registry:BSR-MoE replacement: failed_rank=51, replacement_rank=51, READY_FOR_REPAIR → INTEGRATED (step=262)
WARNING:megatron.core.transformer.moe.recovery_controller:[2026-05-20 15:49:28] BSR-MoE controller: ⏱️  START safe-point repair at step 262 (failed=51, replacement=51)
WARNING:megatron.core.transformer.moe.recovery_controller:[2026-05-20 15:49:28] BSR-MoE controller: ⏱️  [Phase A] Starting infrastructure repair...
WARNING:megatron.core.transformer.moe.recovery_controller:[2026-05-20 15:49:28] BSR-MoE controller: ⏱️  START safe-point repair at step 262 (failed=51, replacement=51)
WARNING:megatron.core.transformer.moe.recovery_controller:[2026-05-20 15:49:28] BSR-MoE controller: step1 replacement_integrate elapsed=0.000s (step=262)
WARNING:megatron.core.transformer.moe.replacement_registry:BSR-MoE: replacement INTEGRATED — failed_rank=51, replacement_rank=51 (step=262)
INFO:megatron.core.transformer.moe.replacement_registry:BSR-MoE replacement: failed_rank=51, replacement_rank=51, READY_FOR_REPAIR → INTEGRATED (step=262)
WARNING:megatron.core.transformer.moe.recovery_controller:[2026-05-20 15:49:28] BSR-MoE controller: ⏱️  [Phase A] Starting infrastructure repair...
WARNING:megatron.core.transformer.moe.recovery_controller:[2026-05-20 15:49:28] BSR-MoE controller: step2 group_rebuild_request elapsed=0.000s (step=262)
WARNING:megatron.core.transformer.moe.replacement_registry:BSR-MoE: replacement INTEGRATED — failed_rank=51, replacement_rank=51 (step=262)
WARNING:megatron.core.transformer.moe.recovery_controller:[2026-05-20 15:49:28] BSR-MoE controller: step1 replacement_integrate elapsed=0.000s (step=262)
WARNING:megatron.core.transformer.moe.recovery_controller:[2026-05-20 15:49:28] BSR-MoE controller: ⏱️  [Phase A] Starting infrastructure repair...
INFO:megatron.core.transformer.moe.replacement_registry:BSR-MoE replacement: failed_rank=51, replacement_rank=51, BOOTSTRAPPING → READY_FOR_REPAIR (step=262)
WARNING:megatron.core.transformer.moe.recovery_controller:[2026-05-20 15:49:28] BSR-MoE controller: step3 group_rebuild_execute elapsed=0.000s (step=262)
WARNING:megatron.core.transformer.moe.recovery_controller:[2026-05-20 15:49:28] BSR-MoE controller: step1 replacement_integrate elapsed=0.000s (step=262)
WARNING:megatron.core.transformer.moe.recovery_controller:[2026-05-20 15:49:28] BSR-MoE controller: step2 group_rebuild_request elapsed=0.000s (step=262)
INFO:megatron.core.transformer.moe.replacement_registry:BSR-MoE replacement: failed_rank=51, replacement_rank=51, BOOTSTRAPPING → READY_FOR_REPAIR (step=262)
INFO:megatron.core.transformer.moe.replacement_registry:BSR-MoE replacement: failed_rank=51, replacement_rank=51, READY_FOR_REPAIR → INTEGRATED (step=262)
WARNING:megatron.core.transformer.moe.recovery_controller:[2026-05-20 15:49:28] BSR-MoE controller: step4 group_rebuild_finish elapsed=0.000s (step=262)
INFO:megatron.core.transformer.moe.replacement_registry:BSR-MoE replacement: failed_rank=51, replacement_rank=51, NOT_PRESENT → BOOTSTRAPPING (step=262)
WARNING:megatron.core.transformer.moe.recovery_controller:[2026-05-20 15:49:28] BSR-MoE controller: step2 group_rebuild_request elapsed=0.000s (step=262)
WARNING:megatron.core.transformer.moe.recovery_controller:[2026-05-20 15:49:28] BSR-MoE controller: step3 group_rebuild_execute elapsed=0.000s (step=262)
INFO:megatron.core.transformer.moe.replacement_registry:BSR-MoE replacement: failed_rank=51, replacement_rank=51, BOOTSTRAPPING → READY_FOR_REPAIR (step=262)
WARNING:megatron.core.transformer.moe.replacement_registry:BSR-MoE: replacement INTEGRATED — failed_rank=51, replacement_rank=51 (step=262)
WARNING:megatron.core.transformer.moe.recovery_controller:[2026-05-20 15:49:28] BSR-MoE controller: step5 topology_refresh elapsed=0.000s (step=262)
WARNING:megatron.core.transformer.moe.replacement_registry:BSR-MoE: replacement announced — failed_rank=51 → replacement_rank=51 (step=262, reason='')
INFO:megatron.core.transformer.moe.replacement_registry:BSR-MoE replacement: failed_rank=51, replacement_rank=51, READY_FOR_REPAIR → INTEGRATED (step=262)
WARNING:megatron.core.transformer.moe.recovery_controller:[2026-05-20 15:49:28] BSR-MoE controller: step4 group_rebuild_finish elapsed=0.000s (step=262)
WARNING:megatron.core.transformer.moe.recovery_controller:[2026-05-20 15:49:28] BSR-MoE controller: step3 group_rebuild_execute elapsed=0.000s (step=262)
WARNING:megatron.core.transformer.moe.recovery_controller:[2026-05-20 15:49:28] BSR-MoE controller: rank 51 HARD FAILURE (step=262, reason=scheduled_restart_in_place_injection, experts=[48, 49, 50, 51, 52, 53, 54, 55, 56, 57, 58, 59, 60, 61, 62, 63], mid_iteration=False)
INFO:megatron.core.transformer.moe.replacement_registry:BSR-MoE replacement: failed_rank=51, replacement_rank=51, READY_FOR_REPAIR → INTEGRATED (step=262)
WARNING:megatron.core.transformer.moe.recovery_controller:[2026-05-20 15:49:28] BSR-MoE controller: ⏱️  [Phase A] Infrastructure repair COMPLETED (elapsed=0.000s)
WARNING:megatron.core.transformer.moe.replacement_registry:BSR-MoE: replacement INTEGRATED — failed_rank=51, replacement_rank=51 (step=262)
WARNING:megatron.core.transformer.moe.recovery_controller:[2026-05-20 15:49:28] BSR-MoE controller: step1 replacement_integrate elapsed=0.000s (step=262)
WARNING:megatron.core.transformer.moe.recovery_controller:[2026-05-20 15:49:28] BSR-MoE controller: step5 topology_refresh elapsed=0.000s (step=262)
WARNING:megatron.core.transformer.moe.recovery_controller:[2026-05-20 15:49:28] BSR-MoE controller: step4 group_rebuild_finish elapsed=0.000s (step=262)
WARNING:megatron.core.transformer.moe.recovery_controller:[2026-05-20 15:49:28] BSR-MoE controller: PENDING_GROUP_REPAIR → WAITING_FOR_REPLACEMENT (event=replacement_assigned, step=262)
WARNING:megatron.core.transformer.moe.replacement_registry:BSR-MoE: replacement INTEGRATED — failed_rank=51, replacement_rank=51 (step=262)
WARNING:megatron.core.transformer.moe.recovery_controller:[2026-05-20 15:49:28] BSR-MoE controller: ⏱️  [Phase B] Starting parameter recovery...
WARNING:megatron.core.transformer.moe.recovery_controller:[2026-05-20 15:49:28] BSR-MoE controller: step2 group_rebuild_request elapsed=0.000s (step=262)
WARNING:megatron.core.transformer.moe.recovery_controller:[2026-05-20 15:49:28] BSR-MoE controller: step1 replacement_integrate elapsed=0.000s (step=262)
WARNING:megatron.core.transformer.moe.recovery_controller:[2026-05-20 15:49:28] BSR-MoE controller: ⏱️  [Phase A] Infrastructure repair COMPLETED (elapsed=0.000s)
WARNING:megatron.core.transformer.moe.recovery_controller:[2026-05-20 15:49:28] BSR-MoE controller: step5 topology_refresh elapsed=0.000s (step=262)
WARNING:megatron.core.transformer.moe.recovery_controller:[2026-05-20 15:49:28] BSR-MoE controller: step1 replacement_integrate elapsed=0.000s (step=262)
WARNING:megatron.core.transformer.moe.recovery_controller:[2026-05-20 15:49:28] BSR-MoE controller: replacement ready — failed_rank=51 (step=262)
WARNING:megatron.core.transformer.moe.recovery_controller:[2026-05-20 15:49:28] BSR-MoE controller: step3 group_rebuild_execute elapsed=0.000s (step=262)
WARNING:megatron.core.transformer.moe.recovery_controller:[2026-05-20 15:49:28] BSR-MoE controller: step2 group_rebuild_request elapsed=0.000s (step=262)
WARNING:megatron.core.transformer.moe.recovery_controller:[2026-05-20 15:49:28] BSR-MoE controller: ⏱️  [Phase B] Starting parameter recovery...
WARNING:megatron.core.transformer.moe.recovery_controller:[2026-05-20 15:49:28] BSR-MoE controller: ⏱️  [Phase A] Infrastructure repair COMPLETED (elapsed=0.000s)
INFO:megatron.core.transformer.moe.recovery_controller:ExpertRecoveryTracker: experts [48, 49, 50, 51, 52, 53, 54, 55, 56, 57, 58, 59, 60, 61, 62, 63] → RECOVERING (step=262)
WARNING:megatron.core.transformer.moe.recovery_controller:[2026-05-20 15:49:28] BSR-MoE controller: step2 group_rebuild_request elapsed=0.000s (step=262)
WARNING:megatron.core.transformer.moe.recovery_controller:[2026-05-20 15:49:28] BSR-MoE controller: step4 group_rebuild_finish elapsed=0.000s (step=262)
WARNING:megatron.core.transformer.moe.recovery_controller:[2026-05-20 15:49:28] BSR-MoE controller: step3 group_rebuild_execute elapsed=0.000s (step=262)
WARNING:megatron.core.transformer.moe.recovery_controller:[2026-05-20 15:49:28] BSR-MoE controller: WAITING_FOR_REPLACEMENT → SAFE_POINT_REPAIR (event=replacement_ready, step=262)
WARNING:megatron.core.transformer.moe.recovery_controller:[2026-05-20 15:49:28] BSR-MoE controller: ⏱️  [Phase B] Starting parameter recovery...
WARNING:megatron.core.transformer.moe.recovery_controller:[2026-05-20 15:49:28] BSR-MoE controller: step3 group_rebuild_execute elapsed=0.000s (step=262)
WARNING:megatron.core.transformer.moe.recovery_controller:[2026-05-20 15:49:28] BSR-MoE controller: step5 topology_refresh elapsed=0.000s (step=262)
WARNING:megatron.core.transformer.moe.recovery_controller:[2026-05-20 15:49:28] BSR-MoE controller: step4 group_rebuild_finish elapsed=0.000s (step=262)
WARNING:megatron.core.transformer.moe.recovery_controller:BSR-MoE controller: restart-in-place fast path for rank 51 (replacement=self, step=262)
WARNING:megatron.core.transformer.moe.recovery_controller:[2026-05-20 15:49:28] BSR-MoE controller: step4 group_rebuild_finish elapsed=0.000s (step=262)
WARNING:megatron.core.transformer.moe.optimizer_commit_guard:OptimizerCommitGuard: commit BLOCKED (step=262, reason=hard_failure_rank_51_step_262)
WARNING:megatron.core.transformer.moe.recovery_controller:[2026-05-20 15:49:28] BSR-MoE controller: ⏱️  [Phase A] Infrastructure repair COMPLETED (elapsed=0.000s)
WARNING:megatron.core.transformer.moe.recovery_controller:[2026-05-20 15:49:28] BSR-MoE controller: step5 topology_refresh elapsed=0.000s (step=262)
WARNING:megatron.core.transformer.moe.recovery_controller:[2026-05-20 15:49:28] BSR-MoE controller: step5 topology_refresh elapsed=0.000s (step=262)
WARNING:megatron.core.transformer.moe.recovery_controller:[2026-05-20 15:49:28] BSR-MoE controller: ⏱️  START safe-point repair at step 262 (failed=51, replacement=51)
WARNING:megatron.core.transformer.moe.recovery_controller:[2026-05-20 15:49:28] BSR-MoE controller: ⏱️  [Phase B] Starting parameter recovery...
WARNING:megatron.core.transformer.moe.recovery_controller:[2026-05-20 15:49:28] BSR-MoE controller: ⏱️  [Phase A] Infrastructure repair COMPLETED (elapsed=0.000s)
WARNING:megatron.core.transformer.moe.bsr_integration:BSR-MoE: optimizer commit blocked for step 262 (hard failure of rank 51)
WARNING:megatron.core.transformer.moe.recovery_controller:[2026-05-20 15:49:28] BSR-MoE controller: ⏱️  [Phase A] Infrastructure repair COMPLETED (elapsed=0.000s)
WARNING:megatron.core.transformer.moe.recovery_controller:[2026-05-20 15:49:28] BSR-MoE controller: ⏱️  [Phase B] Starting parameter recovery...
WARNING:megatron.core.transformer.moe.bsr_integration:BSR-MoE: entering waiting-for-replacement state (failed_rank=51, step=262, experts=[48, 49, 50, 51, 52, 53, 54, 55, 56, 57, 58, 59, 60, 61, 62, 63])
WARNING:megatron.core.transformer.moe.recovery_controller:[2026-05-20 15:49:28] BSR-MoE controller: ⏱️  [Phase B] Starting parameter recovery...
WARNING:megatron.core.transformer.moe.recovery_controller:[2026-05-20 15:49:28] BSR-MoE controller: ⏱️  [Phase A] Starting infrastructure repair...
WARNING:megatron.core.transformer.moe.recovery_controller:[2026-05-20 15:49:28] BSR-MoE controller: HEALTHY_TRAINING → PENDING_GROUP_REPAIR (event=hard_rank_failure, step=262)
INFO:megatron.core.transformer.moe.replacement_registry:BSR-MoE replacement: failed_rank=51, replacement_rank=51, BOOTSTRAPPING → READY_FOR_REPAIR (step=262)
INFO:megatron.core.transformer.moe.replacement_registry:BSR-MoE replacement: failed_rank=51, replacement_rank=51, READY_FOR_REPAIR → INTEGRATED (step=262)
WARNING:megatron.core.transformer.moe.replacement_registry:BSR-MoE: replacement INTEGRATED — failed_rank=51, replacement_rank=51 (step=262)
WARNING:megatron.core.transformer.moe.recovery_controller:[2026-05-20 15:49:28] BSR-MoE controller: replacement assigned — failed_rank=51, replacement_rank=51 (step=262)
WARNING:megatron.core.transformer.moe.recovery_controller:[2026-05-20 15:49:28] BSR-MoE controller: step1 replacement_integrate elapsed=0.000s (step=262)
WARNING:megatron.core.transformer.moe.recovery_controller:[2026-05-20 15:49:28] BSR-MoE controller: step2 group_rebuild_request elapsed=0.000s (step=262)
WARNING:megatron.core.transformer.moe.recovery_controller:[2026-05-20 15:49:28] BSR-MoE controller: step3 group_rebuild_execute elapsed=0.000s (step=262)
WARNING:megatron.core.transformer.moe.recovery_controller:[2026-05-20 15:49:28] BSR-MoE controller: step4 group_rebuild_finish elapsed=0.000s (step=262)
WARNING:megatron.core.transformer.moe.recovery_controller:[2026-05-20 15:49:28] BSR-MoE controller: step5 topology_refresh elapsed=0.000s (step=262)
INFO:megatron.core.transformer.moe.replacement_registry:BSR-MoE replacement: failed_rank=51, replacement_rank=51, NOT_PRESENT → BOOTSTRAPPING (step=262)
WARNING:megatron.core.transformer.moe.replacement_registry:BSR-MoE: replacement announced — failed_rank=51 → replacement_rank=51 (step=262, reason='')
WARNING:megatron.core.transformer.moe.recovery_controller:[2026-05-20 15:49:28] BSR-MoE controller: ⏱️  [Phase A] Infrastructure repair COMPLETED (elapsed=0.000s)
WARNING:megatron.core.transformer.moe.recovery_controller:[2026-05-20 15:49:28] BSR-MoE controller: ⏱️  [Phase B] Starting parameter recovery...
WARNING:megatron.core.transformer.moe.recovery_controller:[2026-05-20 15:49:28] BSR-MoE controller: PENDING_GROUP_REPAIR → WAITING_FOR_REPLACEMENT (event=replacement_assigned, step=262)
WARNING:megatron.core.transformer.moe.recovery_controller:[2026-05-20 15:49:28] BSR-MoE controller: replacement ready — failed_rank=51 (step=262)
WARNING:megatron.core.transformer.moe.recovery_controller:[2026-05-20 15:49:28] BSR-MoE controller: WAITING_FOR_REPLACEMENT → SAFE_POINT_REPAIR (event=replacement_ready, step=262)
WARNING:megatron.core.transformer.moe.recovery_controller:BSR-MoE controller: restart-in-place fast path for rank 51 (replacement=self, step=262)
WARNING:megatron.core.transformer.moe.recovery_controller:[2026-05-20 15:49:28] BSR-MoE controller: ⏱️  START safe-point repair at step 262 (failed=51, replacement=51)
WARNING:megatron.core.transformer.moe.recovery_controller:[2026-05-20 15:49:28] BSR-MoE controller: ⏱️  [Phase A] Starting infrastructure repair...
INFO:megatron.core.transformer.moe.replacement_registry:BSR-MoE replacement: failed_rank=51, replacement_rank=51, BOOTSTRAPPING → READY_FOR_REPAIR (step=262)
INFO:megatron.core.transformer.moe.replacement_registry:BSR-MoE replacement: failed_rank=51, replacement_rank=51, READY_FOR_REPAIR → INTEGRATED (step=262)
WARNING:megatron.core.transformer.moe.replacement_registry:BSR-MoE: replacement INTEGRATED — failed_rank=51, replacement_rank=51 (step=262)
WARNING:megatron.core.transformer.moe.recovery_controller:[2026-05-20 15:49:28] BSR-MoE controller: step1 replacement_integrate elapsed=0.000s (step=262)
WARNING:megatron.core.transformer.moe.recovery_controller:[2026-05-20 15:49:28] BSR-MoE controller: step2 group_rebuild_request elapsed=0.000s (step=262)
WARNING:megatron.core.transformer.moe.recovery_controller:[2026-05-20 15:49:28] BSR-MoE controller: step3 group_rebuild_execute elapsed=0.000s (step=262)
WARNING:megatron.core.transformer.moe.recovery_controller:[2026-05-20 15:49:28] BSR-MoE controller: step4 group_rebuild_finish elapsed=0.000s (step=262)
WARNING:megatron.core.transformer.moe.recovery_controller:[2026-05-20 15:49:28] BSR-MoE controller: step5 topology_refresh elapsed=0.000s (step=262)
WARNING:megatron.core.transformer.moe.recovery_controller:[2026-05-20 15:49:28] BSR-MoE controller: ⏱️  [Phase A] Infrastructure repair COMPLETED (elapsed=0.000s)
WARNING:megatron.core.transformer.moe.recovery_controller:[2026-05-20 15:49:28] BSR-MoE controller: ⏱️  [Phase B] Starting parameter recovery...
INFO:megatron.core.transformer.moe.bsr_integration:BSR-MoE: found latest checkpoint with BSR manifest at /mnt/ais-c1/dataset/zds/find_multi_fault/5.20/step_250_faults_8/ckpt/iter_0000200 (step=200)
INFO:megatron.core.transformer.moe.bsr_integration:BSR-MoE: found latest checkpoint with BSR manifest at /mnt/ais-c1/dataset/zds/find_multi_fault/5.20/step_250_faults_8/ckpt/iter_0000200 (step=200)
INFO:megatron.core.transformer.moe.bsr_integration:BSR-MoE: found latest checkpoint with BSR manifest at /mnt/ais-c1/dataset/zds/find_multi_fault/5.20/step_250_faults_8/ckpt/iter_0000200 (step=200)
INFO:megatron.core.transformer.moe.bsr_integration:BSR-MoE: found latest checkpoint with BSR manifest at /mnt/ais-c1/dataset/zds/find_multi_fault/5.20/step_250_faults_8/ckpt/iter_0000200 (step=200)
INFO:megatron.core.transformer.moe.bsr_integration:BSR-MoE: found latest checkpoint with BSR manifest at /mnt/ais-c1/dataset/zds/find_multi_fault/5.20/step_250_faults_8/ckpt/iter_0000200 (step=200)
INFO:megatron.core.transformer.moe.bsr_integration:BSR-MoE: found latest checkpoint with BSR manifest at /mnt/ais-c1/dataset/zds/find_multi_fault/5.20/step_250_faults_8/ckpt/iter_0000200 (step=200)
INFO:megatron.core.transformer.moe.bsr_integration:BSR-MoE: found latest checkpoint with BSR manifest at /mnt/ais-c1/dataset/zds/find_multi_fault/5.20/step_250_faults_8/ckpt/iter_0000200 (step=200)
INFO:megatron.core.transformer.moe.bsr_integration:BSR-MoE: found latest checkpoint with BSR manifest at /mnt/ais-c1/dataset/zds/find_multi_fault/5.20/step_250_faults_8/ckpt/iter_0000200 (step=200)
WARNING:megatron.core.transformer.moe.recovery_controller:[2026-05-20 15:49:28] BSR-MoE controller: HYBRID_RECOVERY path — dense from DP peer, experts from checkpoint (step=262, failed=51, replacement=51)
WARNING:megatron.core.transformer.moe.recovery_controller:[2026-05-20 15:49:28] BSR-MoE controller: dense_sync elapsed=0.000s (step=262)
WARNING:megatron.core.transformer.moe.recovery_controller:[2026-05-20 15:49:28] BSR-MoE controller: expert_restore (sync weights, deferred optimizer) elapsed=0.000s (step=262)
WARNING:megatron.core.transformer.moe.recovery_controller:[2026-05-20 15:49:28] BSR-MoE controller: ⏱️  [Phase B] Parameter recovery COMPLETED (path=HYBRID_RECOVERY, elapsed=0.002s)
INFO:megatron.core.transformer.moe.bsr_integration:BSR-MoE post-recovery convergence: views consistent after HYBRID_RECOVERY path (step=262)
WARNING:megatron.core.transformer.moe.recovery_controller:[2026-05-20 15:49:28] BSR-MoE controller: ⏱️  [Phase B→C] Post-recovery convergence completed (path=HYBRID_RECOVERY, elapsed=0.000s, step=262)
WARNING:megatron.core.transformer.moe.recovery_controller:[2026-05-20 15:49:28] BSR-MoE controller: ⏱️  [Phase C] Starting post-repair...
WARNING:megatron.core.transformer.moe.recovery_controller:[2026-05-20 15:49:28] BSR-MoE controller: HYBRID_RECOVERY path — dense from DP peer, experts from checkpoint (step=262, failed=51, replacement=51)
INFO:megatron.core.transformer.moe.reintegration_barrier:BSR-MoE barrier: begin reintegration for rank 51 -> 51 (experts=[48, 49, 50, 51, 52, 53, 54, 55, 56, 57, 58, 59, 60, 61, 62, 63], step=262)
WARNING:megatron.core.transformer.moe.recovery_controller:[2026-05-20 15:49:28] BSR-MoE controller: dense_sync elapsed=0.000s (step=262)
INFO:megatron.core.transformer.moe.reintegration_barrier:BSR-MoE barrier: rank 51 -> REPAIRED_NOT_ROUTED (all preconditions met, step=262)
WARNING:megatron.core.transformer.moe.recovery_controller:[2026-05-20 15:49:28] BSR-MoE controller: reintegration barrier initialized for rank 51 (all preconditions marked, step=262)
WARNING:megatron.core.transformer.moe.recovery_controller:[2026-05-20 15:49:28] BSR-MoE controller: expert_restore (sync weights, deferred optimizer) elapsed=0.000s (step=262)
WARNING:megatron.core.transformer.moe.recovery_controller:[2026-05-20 15:49:28] BSR-MoE controller: ⏱️  [Phase B] Parameter recovery COMPLETED (path=HYBRID_RECOVERY, elapsed=0.003s)
WARNING:megatron.core.transformer.moe.recovery_controller:[2026-05-20 15:49:28] BSR-MoE controller: SAFE_POINT_REPAIR → REINTEGRATED (event=safe_point_repair_completed, step=262)
WARNING:megatron.core.transformer.moe.recovery_controller:[2026-05-20 15:49:28] BSR-MoE controller: HYBRID_RECOVERY path — dense from DP peer, experts from checkpoint (step=262, failed=51, replacement=51)
WARNING:megatron.core.transformer.moe.recovery_controller:[2026-05-20 15:49:28] BSR-MoE controller: ⏱️  ✅ SAFE-POINT REPAIR COMPLETED (path=HYBRID_RECOVERY, step=262, failed=51, replacement=51) | Total=0.003s | Breakdown: PhaseA=0.000s, PhaseB=0.002s, PhaseC=0.000s
INFO:megatron.core.transformer.moe.bsr_integration:BSR-MoE post-recovery convergence: views consistent after HYBRID_RECOVERY path (step=262)
WARNING:megatron.core.transformer.moe.recovery_controller:[2026-05-20 15:49:28] BSR-MoE controller: ⏱️  [Phase B→C] Post-recovery convergence completed (path=HYBRID_RECOVERY, elapsed=0.000s, step=262)
WARNING:megatron.core.transformer.moe.recovery_controller:[2026-05-20 15:49:28] BSR-MoE controller: dense_sync elapsed=0.000s (step=262)
WARNING:megatron.core.transformer.moe.recovery_controller:[2026-05-20 15:49:28] BSR-MoE controller: ⏱️  [Phase C] Starting post-repair...
WARNING:megatron.core.transformer.moe.recovery_controller:[2026-05-20 15:49:28] BSR-MoE controller: expert_restore (sync weights, deferred optimizer) elapsed=0.000s (step=262)
INFO:megatron.core.transformer.moe.reintegration_barrier:BSR-MoE barrier: begin reintegration for rank 51 -> 51 (experts=[48, 49, 50, 51, 52, 53, 54, 55, 56, 57, 58, 59, 60, 61, 62, 63], step=262)
WARNING:megatron.core.transformer.moe.recovery_controller:[2026-05-20 15:49:28] BSR-MoE controller: ⏱️  [Phase B] Parameter recovery COMPLETED (path=HYBRID_RECOVERY, elapsed=0.003s)
INFO:megatron.core.transformer.moe.reintegration_barrier:BSR-MoE barrier: rank 51 -> REPAIRED_NOT_ROUTED (all preconditions met, step=262)
WARNING:megatron.core.transformer.moe.recovery_controller:[2026-05-20 15:49:28] BSR-MoE controller: reintegration barrier initialized for rank 51 (all preconditions marked, step=262)
WARNING:megatron.core.transformer.moe.recovery_controller:[2026-05-20 15:49:28] BSR-MoE controller: SAFE_POINT_REPAIR → REINTEGRATED (event=safe_point_repair_completed, step=262)
WARNING:megatron.core.transformer.moe.recovery_controller:[2026-05-20 15:49:30] BSR-MoE controller: ⏱️  ✅ SAFE-POINT REPAIR COMPLETED (path=HYBRID_RECOVERY, step=262, failed=51, replacement=51) | Total=2.350s | Breakdown: PhaseA=0.000s, PhaseB=0.003s, PhaseC=2.347s
WARNING:megatron.core.transformer.moe.recovery_controller:[2026-05-20 15:49:28] BSR-MoE controller: HYBRID_RECOVERY path — dense from DP peer, experts from checkpoint (step=262, failed=51, replacement=51)
WARNING:megatron.core.transformer.moe.recovery_controller:[2026-05-20 15:49:32] BSR-MoE controller: dense_sync elapsed=0.000s (step=262)
WARNING:megatron.core.transformer.moe.recovery_controller:[2026-05-20 15:49:32] BSR-MoE controller: expert_restore (sync weights, deferred optimizer) elapsed=0.000s (step=262)
WARNING:megatron.core.transformer.moe.recovery_controller:[2026-05-20 15:49:32] BSR-MoE controller: ⏱️  [Phase B] Parameter recovery COMPLETED (path=HYBRID_RECOVERY, elapsed=4.667s)
INFO:megatron.core.transformer.moe.bsr_integration:BSR-MoE post-recovery convergence: views consistent after HYBRID_RECOVERY path (step=262)
WARNING:megatron.core.transformer.moe.recovery_controller:[2026-05-20 15:49:32] BSR-MoE controller: ⏱️  [Phase B→C] Post-recovery convergence completed (path=HYBRID_RECOVERY, elapsed=0.000s, step=262)
WARNING:megatron.core.transformer.moe.recovery_controller:[2026-05-20 15:49:32] BSR-MoE controller: ⏱️  [Phase C] Starting post-repair...
INFO:megatron.core.transformer.moe.reintegration_barrier:BSR-MoE barrier: begin reintegration for rank 51 -> 51 (experts=[48, 49, 50, 51, 52, 53, 54, 55, 56, 57, 58, 59, 60, 61, 62, 63], step=262)
INFO:megatron.core.transformer.moe.reintegration_barrier:BSR-MoE barrier: rank 51 -> REPAIRED_NOT_ROUTED (all preconditions met, step=262)
WARNING:megatron.core.transformer.moe.recovery_controller:[2026-05-20 15:49:32] BSR-MoE controller: reintegration barrier initialized for rank 51 (all preconditions marked, step=262)
WARNING:megatron.core.transformer.moe.recovery_controller:[2026-05-20 15:49:32] BSR-MoE controller: SAFE_POINT_REPAIR → REINTEGRATED (event=safe_point_repair_completed, step=262)
WARNING:megatron.core.transformer.moe.recovery_controller:[2026-05-20 15:49:32] BSR-MoE controller: ⏱️  ✅ SAFE-POINT REPAIR COMPLETED (path=HYBRID_RECOVERY, step=262, failed=51, replacement=51) | Total=4.667s | Breakdown: PhaseA=0.000s, PhaseB=4.667s, PhaseC=0.000s
WARNING:megatron.core.transformer.moe.recovery_controller:[2026-05-20 15:49:28] BSR-MoE controller: HYBRID_RECOVERY path — dense from DP peer, experts from checkpoint (step=262, failed=51, replacement=51)
WARNING:megatron.core.transformer.moe.recovery_controller:[2026-05-20 15:49:43] BSR-MoE controller: dense_sync elapsed=0.000s (step=262)
WARNING:megatron.core.transformer.moe.recovery_controller:[2026-05-20 15:49:43] BSR-MoE controller: expert_restore (sync weights, deferred optimizer) elapsed=0.000s (step=262)
WARNING:megatron.core.transformer.moe.recovery_controller:[2026-05-20 15:49:43] BSR-MoE controller: ⏱️  [Phase B] Parameter recovery COMPLETED (path=HYBRID_RECOVERY, elapsed=15.474s)
INFO:megatron.core.transformer.moe.bsr_integration:BSR-MoE post-recovery convergence: views consistent after HYBRID_RECOVERY path (step=262)
WARNING:megatron.core.transformer.moe.recovery_controller:[2026-05-20 15:49:43] BSR-MoE controller: ⏱️  [Phase B→C] Post-recovery convergence completed (path=HYBRID_RECOVERY, elapsed=0.000s, step=262)
WARNING:megatron.core.transformer.moe.recovery_controller:[2026-05-20 15:49:43] BSR-MoE controller: ⏱️  [Phase C] Starting post-repair...
INFO:megatron.core.transformer.moe.reintegration_barrier:BSR-MoE barrier: begin reintegration for rank 51 -> 51 (experts=[48, 49, 50, 51, 52, 53, 54, 55, 56, 57, 58, 59, 60, 61, 62, 63], step=262)
INFO:megatron.core.transformer.moe.reintegration_barrier:BSR-MoE barrier: rank 51 -> REPAIRED_NOT_ROUTED (all preconditions met, step=262)
WARNING:megatron.core.transformer.moe.recovery_controller:[2026-05-20 15:49:43] BSR-MoE controller: reintegration barrier initialized for rank 51 (all preconditions marked, step=262)
WARNING:megatron.core.transformer.moe.recovery_controller:[2026-05-20 15:49:43] BSR-MoE controller: SAFE_POINT_REPAIR → REINTEGRATED (event=safe_point_repair_completed, step=262)
WARNING:megatron.core.transformer.moe.recovery_controller:[2026-05-20 15:49:43] BSR-MoE controller: ⏱️  ✅ SAFE-POINT REPAIR COMPLETED (path=HYBRID_RECOVERY, step=262, failed=51, replacement=51) | Total=15.474s | Breakdown: PhaseA=0.000s, PhaseB=15.474s, PhaseC=0.000s
WARNING:megatron.core.transformer.moe.recovery_controller:[2026-05-20 15:49:28] BSR-MoE controller: HYBRID_RECOVERY path — dense from DP peer, experts from checkpoint (step=262, failed=51, replacement=51)
WARNING:megatron.core.transformer.moe.recovery_controller:[2026-05-20 15:49:50] BSR-MoE controller: dense_sync elapsed=0.000s (step=262)
WARNING:megatron.core.transformer.moe.recovery_controller:[2026-05-20 15:49:50] BSR-MoE controller: expert_restore (sync weights, deferred optimizer) elapsed=0.000s (step=262)
WARNING:megatron.core.transformer.moe.recovery_controller:[2026-05-20 15:49:50] BSR-MoE controller: ⏱️  [Phase B] Parameter recovery COMPLETED (path=HYBRID_RECOVERY, elapsed=22.457s)
INFO:megatron.core.transformer.moe.bsr_integration:BSR-MoE post-recovery convergence: views consistent after HYBRID_RECOVERY path (step=262)
WARNING:megatron.core.transformer.moe.recovery_controller:[2026-05-20 15:49:50] BSR-MoE controller: ⏱️  [Phase B→C] Post-recovery convergence completed (path=HYBRID_RECOVERY, elapsed=0.000s, step=262)
WARNING:megatron.core.transformer.moe.recovery_controller:[2026-05-20 15:49:50] BSR-MoE controller: ⏱️  [Phase C] Starting post-repair...
INFO:megatron.core.transformer.moe.reintegration_barrier:BSR-MoE barrier: begin reintegration for rank 51 -> 51 (experts=[48, 49, 50, 51, 52, 53, 54, 55, 56, 57, 58, 59, 60, 61, 62, 63], step=262)
INFO:megatron.core.transformer.moe.reintegration_barrier:BSR-MoE barrier: rank 51 -> REPAIRED_NOT_ROUTED (all preconditions met, step=262)
WARNING:megatron.core.transformer.moe.recovery_controller:[2026-05-20 15:49:50] BSR-MoE controller: reintegration barrier initialized for rank 51 (all preconditions marked, step=262)
WARNING:megatron.core.transformer.moe.recovery_controller:[2026-05-20 15:49:50] BSR-MoE controller: SAFE_POINT_REPAIR → REINTEGRATED (event=safe_point_repair_completed, step=262)
WARNING:megatron.core.transformer.moe.recovery_controller:[2026-05-20 15:49:50] BSR-MoE controller: ⏱️  ✅ SAFE-POINT REPAIR COMPLETED (path=HYBRID_RECOVERY, step=262, failed=51, replacement=51) | Total=22.458s | Breakdown: PhaseA=0.000s, PhaseB=22.457s, PhaseC=0.000s
WARNING:megatron.core.transformer.moe.recovery_controller:[2026-05-20 15:49:28] BSR-MoE controller: HYBRID_RECOVERY path — dense from DP peer, experts from checkpoint (step=262, failed=51, replacement=51)
WARNING:megatron.core.transformer.moe.recovery_controller:[2026-05-20 15:49:53] BSR-MoE controller: dense_sync elapsed=0.000s (step=262)
WARNING:megatron.core.transformer.moe.recovery_controller:[2026-05-20 15:49:53] BSR-MoE controller: expert_restore (sync weights, deferred optimizer) elapsed=0.000s (step=262)
WARNING:megatron.core.transformer.moe.recovery_controller:[2026-05-20 15:49:53] BSR-MoE controller: ⏱️  [Phase B] Parameter recovery COMPLETED (path=HYBRID_RECOVERY, elapsed=25.073s)
INFO:megatron.core.transformer.moe.bsr_integration:BSR-MoE post-recovery convergence: views consistent after HYBRID_RECOVERY path (step=262)
WARNING:megatron.core.transformer.moe.recovery_controller:[2026-05-20 15:49:53] BSR-MoE controller: ⏱️  [Phase B→C] Post-recovery convergence completed (path=HYBRID_RECOVERY, elapsed=0.000s, step=262)
WARNING:megatron.core.transformer.moe.recovery_controller:[2026-05-20 15:49:53] BSR-MoE controller: ⏱️  [Phase C] Starting post-repair...
INFO:megatron.core.transformer.moe.reintegration_barrier:BSR-MoE barrier: begin reintegration for rank 51 -> 51 (experts=[48, 49, 50, 51, 52, 53, 54, 55, 56, 57, 58, 59, 60, 61, 62, 63], step=262)
INFO:megatron.core.transformer.moe.reintegration_barrier:BSR-MoE barrier: rank 51 -> REPAIRED_NOT_ROUTED (all preconditions met, step=262)
WARNING:megatron.core.transformer.moe.recovery_controller:[2026-05-20 15:49:53] BSR-MoE controller: reintegration barrier initialized for rank 51 (all preconditions marked, step=262)
WARNING:megatron.core.transformer.moe.recovery_controller:[2026-05-20 15:49:53] BSR-MoE controller: SAFE_POINT_REPAIR → REINTEGRATED (event=safe_point_repair_completed, step=262)
WARNING:megatron.core.transformer.moe.recovery_controller:[2026-05-20 15:49:53] BSR-MoE controller: ⏱️  ✅ SAFE-POINT REPAIR COMPLETED (path=HYBRID_RECOVERY, step=262, failed=51, replacement=51) | Total=25.074s | Breakdown: PhaseA=0.000s, PhaseB=25.073s, PhaseC=0.000s
INFO:megatron.core.transformer.moe.bsr_integration:BSR-MoE post-recovery convergence: views consistent after HYBRID_RECOVERY path (step=262)
WARNING:megatron.core.transformer.moe.recovery_controller:[2026-05-20 15:49:55] BSR-MoE controller: ⏱️  [Phase B→C] Post-recovery convergence completed (path=HYBRID_RECOVERY, elapsed=27.051s, step=262)
WARNING:megatron.core.transformer.moe.recovery_controller:[2026-05-20 15:49:55] BSR-MoE controller: ⏱️  [Phase C] Starting post-repair...
INFO:megatron.core.transformer.moe.reintegration_barrier:BSR-MoE barrier: begin reintegration for rank 51 -> 51 (experts=[48, 49, 50, 51, 52, 53, 54, 55, 56, 57, 58, 59, 60, 61, 62, 63], step=262)
INFO:megatron.core.transformer.moe.reintegration_barrier:BSR-MoE barrier: rank 51 -> REPAIRED_NOT_ROUTED (all preconditions met, step=262)
WARNING:megatron.core.transformer.moe.recovery_controller:[2026-05-20 15:49:55] BSR-MoE controller: reintegration barrier initialized for rank 51 (all preconditions marked, step=262)
WARNING:megatron.core.transformer.moe.recovery_controller:[2026-05-20 15:49:55] BSR-MoE controller: SAFE_POINT_REPAIR → REINTEGRATED (event=safe_point_repair_completed, step=262)
WARNING:megatron.core.transformer.moe.recovery_controller:[2026-05-20 15:49:55] BSR-MoE controller: ⏱️  ✅ SAFE-POINT REPAIR COMPLETED (path=HYBRID_RECOVERY, step=262, failed=51, replacement=51) | Total=27.055s | Breakdown: PhaseA=0.000s, PhaseB=0.003s, PhaseC=0.000s
WARNING:megatron.core.transformer.moe.recovery_controller:[2026-05-20 15:49:28] BSR-MoE controller: HYBRID_RECOVERY path — dense from DP peer, experts from checkpoint (step=262, failed=51, replacement=51)
WARNING:megatron.core.transformer.moe.recovery_controller:[2026-05-20 15:49:56] BSR-MoE controller: dense_sync elapsed=0.000s (step=262)
WARNING:megatron.core.transformer.moe.recovery_controller:[2026-05-20 15:49:56] BSR-MoE controller: expert_restore (sync weights, deferred optimizer) elapsed=0.000s (step=262)
WARNING:megatron.core.transformer.moe.recovery_controller:[2026-05-20 15:49:56] BSR-MoE controller: ⏱️  [Phase B] Parameter recovery COMPLETED (path=HYBRID_RECOVERY, elapsed=28.872s)
INFO:megatron.core.transformer.moe.bsr_integration:BSR-MoE post-recovery convergence: views consistent after HYBRID_RECOVERY path (step=262)
WARNING:megatron.core.transformer.moe.recovery_controller:[2026-05-20 15:49:56] BSR-MoE controller: ⏱️  [Phase B→C] Post-recovery convergence completed (path=HYBRID_RECOVERY, elapsed=0.000s, step=262)
WARNING:megatron.core.transformer.moe.recovery_controller:[2026-05-20 15:49:56] BSR-MoE controller: ⏱️  [Phase C] Starting post-repair...
INFO:megatron.core.transformer.moe.reintegration_barrier:BSR-MoE barrier: begin reintegration for rank 51 -> 51 (experts=[48, 49, 50, 51, 52, 53, 54, 55, 56, 57, 58, 59, 60, 61, 62, 63], step=262)
INFO:megatron.core.transformer.moe.reintegration_barrier:BSR-MoE barrier: rank 51 -> REPAIRED_NOT_ROUTED (all preconditions met, step=262)
WARNING:megatron.core.transformer.moe.recovery_controller:[2026-05-20 15:49:56] BSR-MoE controller: reintegration barrier initialized for rank 51 (all preconditions marked, step=262)
WARNING:megatron.core.transformer.moe.recovery_controller:[2026-05-20 15:49:56] BSR-MoE controller: SAFE_POINT_REPAIR → REINTEGRATED (event=safe_point_repair_completed, step=262)
WARNING:megatron.core.transformer.moe.recovery_controller:[2026-05-20 15:49:56] BSR-MoE controller: ⏱️  ✅ SAFE-POINT REPAIR COMPLETED (path=HYBRID_RECOVERY, step=262, failed=51, replacement=51) | Total=28.873s | Breakdown: PhaseA=0.000s, PhaseB=28.872s, PhaseC=0.000s
WARNING:megatron.core.transformer.moe.optimizer_commit_guard:BSR-MoE OptimizerCommitGuard: BLOCKING optimizer.step() at step 262 — explicitly blocked (reason=hard_failure_rank_51_step_262)
INFO:megatron.core.transformer.moe.optimizer_commit_guard:BSR-MoE OptimizerCommitGuard: optimizer.step() SKIPPED at step 262 (reason: iteration_invalidated)
WARNING:megatron.core.transformer.moe.optimizer_commit_guard:BSR-MoE OptimizerCommitGuard: BLOCKING optimizer.step() at step 262 — explicitly blocked (reason=hard_failure_rank_51_step_262)
WARNING:megatron.core.transformer.moe.optimizer_commit_guard:BSR-MoE OptimizerCommitGuard: BLOCKING optimizer.step() at step 262 — explicitly blocked (reason=hard_failure_rank_51_step_262)
INFO:megatron.core.transformer.moe.optimizer_commit_guard:BSR-MoE OptimizerCommitGuard: optimizer.step() SKIPPED at step 262 (reason: iteration_invalidated)
INFO:megatron.core.transformer.moe.optimizer_commit_guard:BSR-MoE OptimizerCommitGuard: optimizer.step() SKIPPED at step 262 (reason: iteration_invalidated)
WARNING:megatron.core.transformer.moe.optimizer_commit_guard:BSR-MoE OptimizerCommitGuard: BLOCKING optimizer.step() at step 262 — explicitly blocked (reason=hard_failure_rank_51_step_262)
INFO:megatron.core.transformer.moe.optimizer_commit_guard:BSR-MoE OptimizerCommitGuard: optimizer.step() SKIPPED at step 262 (reason: iteration_invalidated)
WARNING:megatron.core.transformer.moe.optimizer_commit_guard:BSR-MoE OptimizerCommitGuard: BLOCKING optimizer.step() at step 262 — explicitly blocked (reason=hard_failure_rank_51_step_262)
INFO:megatron.core.transformer.moe.optimizer_commit_guard:BSR-MoE OptimizerCommitGuard: optimizer.step() SKIPPED at step 262 (reason: iteration_invalidated)
WARNING:megatron.core.transformer.moe.optimizer_commit_guard:BSR-MoE OptimizerCommitGuard: BLOCKING optimizer.step() at step 262 — explicitly blocked (reason=hard_failure_rank_51_step_262)
INFO:megatron.core.transformer.moe.optimizer_commit_guard:BSR-MoE OptimizerCommitGuard: optimizer.step() SKIPPED at step 262 (reason: iteration_invalidated)
WARNING:megatron.core.transformer.moe.optimizer_commit_guard:BSR-MoE OptimizerCommitGuard: BLOCKING optimizer.step() at step 262 — explicitly blocked (reason=hard_failure_rank_51_step_262)
INFO:megatron.core.transformer.moe.optimizer_commit_guard:BSR-MoE OptimizerCommitGuard: optimizer.step() SKIPPED at step 262 (reason: iteration_invalidated)
WARNING:megatron.core.transformer.moe.optimizer_commit_guard:BSR-MoE OptimizerCommitGuard: BLOCKING optimizer.step() at step 262 — explicitly blocked (reason=hard_failure_rank_51_step_262)
INFO:megatron.core.transformer.moe.optimizer_commit_guard:BSR-MoE OptimizerCommitGuard: optimizer.step() SKIPPED at step 262 (reason: iteration_invalidated)
 [2026-05-20 15:50:35] iteration      262/     600 | consumed samples:        16768 | elapsed time per iteration (ms): 67712.6 | learning rate: 6.616803E-05 | global batch size:    64 | load_balancing_loss: 1.031713E+00 | loss scale: 1.0 | number of skipped iterations:   1 | number of nan iterations:   0 |
WARNING:megatron.core.transformer.moe.reintegration_barrier:BSR-MoE barrier: rank 51 reintegrated at step 262 (replacement=51, experts=[48, 49, 50, 51, 52, 53, 54, 55, 56, 57, 58, 59, 60, 61, 62, 63])
WARNING:megatron.core.transformer.moe.reintegration_barrier:BSR-MoE barrier: rank 51 reintegrated at step 262 (replacement=51, experts=[48, 49, 50, 51, 52, 53, 54, 55, 56, 57, 58, 59, 60, 61, 62, 63])
WARNING:megatron.core.transformer.moe.reintegration_barrier:BSR-MoE barrier: rank 51 reintegrated at step 262 (replacement=51, experts=[48, 49, 50, 51, 52, 53, 54, 55, 56, 57, 58, 59, 60, 61, 62, 63])
WARNING:megatron.core.transformer.moe.reintegration_barrier:BSR-MoE barrier: rank 51 reintegrated at step 262 (replacement=51, experts=[48, 49, 50, 51, 52, 53, 54, 55, 56, 57, 58, 59, 60, 61, 62, 63])
INFO:megatron.core.transformer.moe.recovery_controller:BSR-MoE controller: barrier reintegration executed for rank 51 at step 262
WARNING:megatron.core.transformer.moe.reintegration_barrier:BSR-MoE barrier: rank 51 reintegrated at step 262 (replacement=51, experts=[48, 49, 50, 51, 52, 53, 54, 55, 56, 57, 58, 59, 60, 61, 62, 63])
INFO:megatron.core.transformer.moe.recovery_controller:BSR-MoE controller: barrier reintegration executed for rank 51 at step 262
INFO:megatron.core.transformer.moe.recovery_controller:BSR-MoE controller: barrier reintegration executed for rank 51 at step 262
INFO:megatron.core.transformer.moe.recovery_controller:BSR-MoE controller: barrier reintegration executed for rank 51 at step 262
INFO:megatron.core.transformer.moe.recovery_controller:BSR-MoE controller: barrier reintegration executed for rank 51 at step 262
WARNING:megatron.core.transformer.moe.reintegration_barrier:BSR-MoE barrier: rank 51 reintegrated at step 262 (replacement=51, experts=[48, 49, 50, 51, 52, 53, 54, 55, 56, 57, 58, 59, 60, 61, 62, 63])
WARNING:megatron.core.transformer.moe.recovery_controller:[2026-05-20 15:50:35] BSR-MoE controller: REINTEGRATED → HEALTHY_TRAINING (event=reintegration_finalized, step=262)
INFO:megatron.core.transformer.moe.recovery_controller:BSR-MoE controller: barrier reintegration executed for rank 51 at step 262
WARNING:megatron.core.transformer.moe.reintegration_barrier:BSR-MoE barrier: rank 51 reintegrated at step 262 (replacement=51, experts=[48, 49, 50, 51, 52, 53, 54, 55, 56, 57, 58, 59, 60, 61, 62, 63])
WARNING:megatron.core.transformer.moe.recovery_controller:[2026-05-20 15:50:35] BSR-MoE controller: REINTEGRATED → HEALTHY_TRAINING (event=reintegration_finalized, step=262)
WARNING:megatron.core.transformer.moe.recovery_controller:[2026-05-20 15:50:35] BSR-MoE controller: reintegration finalized at step 262 (1 recoveries completed)
WARNING:megatron.core.transformer.moe.recovery_controller:[2026-05-20 15:50:35] BSR-MoE controller: REINTEGRATED → HEALTHY_TRAINING (event=reintegration_finalized, step=262)
INFO:megatron.core.transformer.moe.recovery_controller:BSR-MoE controller: barrier reintegration executed for rank 51 at step 262
WARNING:megatron.core.transformer.moe.recovery_controller:[2026-05-20 15:50:35] BSR-MoE controller: REINTEGRATED → HEALTHY_TRAINING (event=reintegration_finalized, step=262)
WARNING:megatron.core.transformer.moe.recovery_controller:[2026-05-20 15:50:35] BSR-MoE controller: reintegration finalized at step 262 (1 recoveries completed)
WARNING:megatron.core.transformer.moe.recovery_controller:[2026-05-20 15:50:35] BSR-MoE controller: REINTEGRATED → HEALTHY_TRAINING (event=reintegration_finalized, step=262)
WARNING:megatron.core.transformer.moe.recovery_controller:[2026-05-20 15:50:35] BSR-MoE controller: reintegration finalized at step 262 (1 recoveries completed)
WARNING:megatron.core.transformer.moe.recovery_controller:[2026-05-20 15:50:35] BSR-MoE controller: reintegration finalized at step 262 (1 recoveries completed)
WARNING:megatron.core.transformer.moe.recovery_controller:[2026-05-20 15:50:35] BSR-MoE controller: reintegration finalized at step 262 (1 recoveries completed)
WARNING:megatron.core.transformer.moe.recovery_controller:[2026-05-20 15:50:35] BSR-MoE controller: REINTEGRATED → HEALTHY_TRAINING (event=reintegration_finalized, step=262)
WARNING:megatron.core.transformer.moe.recovery_controller:[2026-05-20 15:50:35] BSR-MoE controller: reintegration finalized at step 262 (1 recoveries completed)
WARNING:megatron.core.transformer.moe.recovery_controller:[2026-05-20 15:50:35] BSR-MoE controller: REINTEGRATED → HEALTHY_TRAINING (event=reintegration_finalized, step=262)
WARNING:megatron.core.transformer.moe.reintegration_barrier:BSR-MoE barrier: rank 51 reintegrated at step 262 (replacement=51, experts=[48, 49, 50, 51, 52, 53, 54, 55, 56, 57, 58, 59, 60, 61, 62, 63])
WARNING:megatron.core.transformer.moe.recovery_controller:[2026-05-20 15:50:35] BSR-MoE controller: reintegration finalized at step 262 (1 recoveries completed)
INFO:megatron.core.transformer.moe.recovery_controller:BSR-MoE controller: barrier reintegration executed for rank 51 at step 262
WARNING:megatron.core.transformer.moe.recovery_controller:[2026-05-20 15:50:35] BSR-MoE controller: REINTEGRATED → HEALTHY_TRAINING (event=reintegration_finalized, step=262)
WARNING:megatron.core.transformer.moe.recovery_controller:[2026-05-20 15:50:35] BSR-MoE controller: reintegration finalized at step 262 (1 recoveries completed)
 [2026-05-20 15:50:46] iteration      263/     600 | consumed samples:        16832 | elapsed time per iteration (ms): 10419.6 | learning rate: 6.593771E-05 | global batch size:    64 | lm loss: 5.757780E+00 | load_balancing_loss: 1.028849E+00 | loss scale: 1.0 | grad norm: 0.497 | number of skipped iterations:   0 | number of nan iterations:   0 |
WARNING:megatron.core.transformer.moe.bsr_integration:[2026-05-20 15:50:46] BSR-MoE FAULT INJECTION #8: type=restart_in_place, rank=62, step=264, scheduled_step=250, experts=[96, 97, 98, 99, 100, 101, 102, 103, 104, 105, 106, 107, 108, 109, 110, 111], ep_group=[56, 57, 58, 59, 60, 61, 62, 63]
WARNING:megatron.core.transformer.moe.bsr_integration:[2026-05-20 15:50:46] BSR-MoE FAULT INJECTION #8: type=restart_in_place, rank=62, step=264, scheduled_step=250, experts=[96, 97, 98, 99, 100, 101, 102, 103, 104, 105, 106, 107, 108, 109, 110, 111], ep_group=[56, 57, 58, 59, 60, 61, 62, 63]
WARNING:megatron.core.transformer.moe.bsr_integration:[2026-05-20 15:50:46] BSR-MoE FAULT INJECTION #8: type=restart_in_place, rank=62, step=264, scheduled_step=250, experts=[96, 97, 98, 99, 100, 101, 102, 103, 104, 105, 106, 107, 108, 109, 110, 111], ep_group=[56, 57, 58, 59, 60, 61, 62, 63]
WARNING:megatron.core.transformer.moe.bsr_integration:[2026-05-20 15:50:46] BSR-MoE FAULT INJECTION #8: type=restart_in_place, rank=62, step=264, scheduled_step=250, experts=[96, 97, 98, 99, 100, 101, 102, 103, 104, 105, 106, 107, 108, 109, 110, 111], ep_group=[56, 57, 58, 59, 60, 61, 62, 63]
WARNING:megatron.core.transformer.moe.recovery_controller:[2026-05-20 15:50:46] BSR-MoE controller: rank 62 HARD FAILURE (step=264, reason=scheduled_restart_in_place_injection, experts=[96, 97, 98, 99, 100, 101, 102, 103, 104, 105, 106, 107, 108, 109, 110, 111], mid_iteration=False)
WARNING:megatron.core.transformer.moe.recovery_controller:[2026-05-20 15:50:46] BSR-MoE controller: rank 62 HARD FAILURE (step=264, reason=scheduled_restart_in_place_injection, experts=[96, 97, 98, 99, 100, 101, 102, 103, 104, 105, 106, 107, 108, 109, 110, 111], mid_iteration=False)
WARNING:megatron.core.transformer.moe.bsr_integration:[2026-05-20 15:50:46] BSR-MoE FAULT INJECTION #8: type=restart_in_place, rank=62, step=264, scheduled_step=250, experts=[96, 97, 98, 99, 100, 101, 102, 103, 104, 105, 106, 107, 108, 109, 110, 111], ep_group=[56, 57, 58, 59, 60, 61, 62, 63]
WARNING:megatron.core.transformer.moe.recovery_controller:[2026-05-20 15:50:46] BSR-MoE controller: rank 62 HARD FAILURE (step=264, reason=scheduled_restart_in_place_injection, experts=[96, 97, 98, 99, 100, 101, 102, 103, 104, 105, 106, 107, 108, 109, 110, 111], mid_iteration=False)
WARNING:megatron.core.transformer.moe.bsr_integration:[2026-05-20 15:50:46] BSR-MoE FAULT INJECTION #8: type=restart_in_place, rank=62, step=264, scheduled_step=250, experts=[96, 97, 98, 99, 100, 101, 102, 103, 104, 105, 106, 107, 108, 109, 110, 111], ep_group=[56, 57, 58, 59, 60, 61, 62, 63]
INFO:megatron.core.transformer.moe.recovery_controller:ExpertRecoveryTracker: experts [96, 97, 98, 99, 100, 101, 102, 103, 104, 105, 106, 107, 108, 109, 110, 111] → RECOVERING (step=264)
INFO:megatron.core.transformer.moe.recovery_controller:ExpertRecoveryTracker: experts [96, 97, 98, 99, 100, 101, 102, 103, 104, 105, 106, 107, 108, 109, 110, 111] → RECOVERING (step=264)
WARNING:megatron.core.transformer.moe.recovery_controller:[2026-05-20 15:50:46] BSR-MoE controller: rank 62 HARD FAILURE (step=264, reason=scheduled_restart_in_place_injection, experts=[96, 97, 98, 99, 100, 101, 102, 103, 104, 105, 106, 107, 108, 109, 110, 111], mid_iteration=False)
INFO:megatron.core.transformer.moe.recovery_controller:ExpertRecoveryTracker: experts [96, 97, 98, 99, 100, 101, 102, 103, 104, 105, 106, 107, 108, 109, 110, 111] → RECOVERING (step=264)
WARNING:megatron.core.transformer.moe.optimizer_commit_guard:OptimizerCommitGuard: commit BLOCKED (step=264, reason=hard_failure_rank_62_step_264)
WARNING:megatron.core.transformer.moe.optimizer_commit_guard:OptimizerCommitGuard: commit BLOCKED (step=264, reason=hard_failure_rank_62_step_264)
WARNING:megatron.core.transformer.moe.recovery_controller:[2026-05-20 15:50:46] BSR-MoE controller: rank 62 HARD FAILURE (step=264, reason=scheduled_restart_in_place_injection, experts=[96, 97, 98, 99, 100, 101, 102, 103, 104, 105, 106, 107, 108, 109, 110, 111], mid_iteration=False)
WARNING:megatron.core.transformer.moe.optimizer_commit_guard:OptimizerCommitGuard: commit BLOCKED (step=264, reason=hard_failure_rank_62_step_264)
WARNING:megatron.core.transformer.moe.bsr_integration:BSR-MoE: optimizer commit blocked for step 264 (hard failure of rank 62)
WARNING:megatron.core.transformer.moe.bsr_integration:[2026-05-20 15:50:46] BSR-MoE FAULT INJECTION #8: type=restart_in_place, rank=62, step=264, scheduled_step=250, experts=[96, 97, 98, 99, 100, 101, 102, 103, 104, 105, 106, 107, 108, 109, 110, 111], ep_group=[56, 57, 58, 59, 60, 61, 62, 63]
WARNING:megatron.core.transformer.moe.bsr_integration:BSR-MoE: optimizer commit blocked for step 264 (hard failure of rank 62)
INFO:megatron.core.transformer.moe.recovery_controller:ExpertRecoveryTracker: experts [96, 97, 98, 99, 100, 101, 102, 103, 104, 105, 106, 107, 108, 109, 110, 111] → RECOVERING (step=264)
WARNING:megatron.core.transformer.moe.bsr_integration:BSR-MoE: optimizer commit blocked for step 264 (hard failure of rank 62)
WARNING:megatron.core.transformer.moe.bsr_integration:BSR-MoE: entering waiting-for-replacement state (failed_rank=62, step=264, experts=[96, 97, 98, 99, 100, 101, 102, 103, 104, 105, 106, 107, 108, 109, 110, 111])
WARNING:megatron.core.transformer.moe.bsr_integration:[2026-05-20 15:50:46] BSR-MoE FAULT INJECTION #8: type=restart_in_place, rank=62, step=264, scheduled_step=250, experts=[96, 97, 98, 99, 100, 101, 102, 103, 104, 105, 106, 107, 108, 109, 110, 111], ep_group=[56, 57, 58, 59, 60, 61, 62, 63]
WARNING:megatron.core.transformer.moe.bsr_integration:BSR-MoE: entering waiting-for-replacement state (failed_rank=62, step=264, experts=[96, 97, 98, 99, 100, 101, 102, 103, 104, 105, 106, 107, 108, 109, 110, 111])
WARNING:megatron.core.transformer.moe.recovery_controller:[2026-05-20 15:50:46] BSR-MoE controller: rank 62 HARD FAILURE (step=264, reason=scheduled_restart_in_place_injection, experts=[96, 97, 98, 99, 100, 101, 102, 103, 104, 105, 106, 107, 108, 109, 110, 111], mid_iteration=False)
WARNING:megatron.core.transformer.moe.bsr_integration:BSR-MoE: entering waiting-for-replacement state (failed_rank=62, step=264, experts=[96, 97, 98, 99, 100, 101, 102, 103, 104, 105, 106, 107, 108, 109, 110, 111])
WARNING:megatron.core.transformer.moe.optimizer_commit_guard:OptimizerCommitGuard: commit BLOCKED (step=264, reason=hard_failure_rank_62_step_264)
INFO:megatron.core.transformer.moe.recovery_controller:ExpertRecoveryTracker: experts [96, 97, 98, 99, 100, 101, 102, 103, 104, 105, 106, 107, 108, 109, 110, 111] → RECOVERING (step=264)
WARNING:megatron.core.transformer.moe.bsr_integration:BSR-MoE: optimizer commit blocked for step 264 (hard failure of rank 62)
WARNING:megatron.core.transformer.moe.recovery_controller:[2026-05-20 15:50:46] BSR-MoE controller: HEALTHY_TRAINING → PENDING_GROUP_REPAIR (event=hard_rank_failure, step=264)
WARNING:megatron.core.transformer.moe.recovery_controller:[2026-05-20 15:50:46] BSR-MoE controller: HEALTHY_TRAINING → PENDING_GROUP_REPAIR (event=hard_rank_failure, step=264)
WARNING:megatron.core.transformer.moe.recovery_controller:[2026-05-20 15:50:46] BSR-MoE controller: rank 62 HARD FAILURE (step=264, reason=scheduled_restart_in_place_injection, experts=[96, 97, 98, 99, 100, 101, 102, 103, 104, 105, 106, 107, 108, 109, 110, 111], mid_iteration=False)
INFO:megatron.core.transformer.moe.recovery_controller:ExpertRecoveryTracker: experts [96, 97, 98, 99, 100, 101, 102, 103, 104, 105, 106, 107, 108, 109, 110, 111] → RECOVERING (step=264)
WARNING:megatron.core.transformer.moe.optimizer_commit_guard:OptimizerCommitGuard: commit BLOCKED (step=264, reason=hard_failure_rank_62_step_264)
WARNING:megatron.core.transformer.moe.bsr_integration:BSR-MoE: entering waiting-for-replacement state (failed_rank=62, step=264, experts=[96, 97, 98, 99, 100, 101, 102, 103, 104, 105, 106, 107, 108, 109, 110, 111])
WARNING:megatron.core.transformer.moe.recovery_controller:[2026-05-20 15:50:46] BSR-MoE controller: HEALTHY_TRAINING → PENDING_GROUP_REPAIR (event=hard_rank_failure, step=264)
WARNING:megatron.core.transformer.moe.bsr_integration:BSR-MoE: optimizer commit blocked for step 264 (hard failure of rank 62)
WARNING:megatron.core.transformer.moe.recovery_controller:[2026-05-20 15:50:46] BSR-MoE controller: replacement assigned — failed_rank=62, replacement_rank=62 (step=264)
WARNING:megatron.core.transformer.moe.optimizer_commit_guard:OptimizerCommitGuard: commit BLOCKED (step=264, reason=hard_failure_rank_62_step_264)
WARNING:megatron.core.transformer.moe.recovery_controller:[2026-05-20 15:50:46] BSR-MoE controller: rank 62 HARD FAILURE (step=264, reason=scheduled_restart_in_place_injection, experts=[96, 97, 98, 99, 100, 101, 102, 103, 104, 105, 106, 107, 108, 109, 110, 111], mid_iteration=False)
INFO:megatron.core.transformer.moe.recovery_controller:ExpertRecoveryTracker: experts [96, 97, 98, 99, 100, 101, 102, 103, 104, 105, 106, 107, 108, 109, 110, 111] → RECOVERING (step=264)
WARNING:megatron.core.transformer.moe.bsr_integration:BSR-MoE: entering waiting-for-replacement state (failed_rank=62, step=264, experts=[96, 97, 98, 99, 100, 101, 102, 103, 104, 105, 106, 107, 108, 109, 110, 111])
WARNING:megatron.core.transformer.moe.recovery_controller:[2026-05-20 15:50:46] BSR-MoE controller: replacement assigned — failed_rank=62, replacement_rank=62 (step=264)
WARNING:megatron.core.transformer.moe.recovery_controller:[2026-05-20 15:50:46] BSR-MoE controller: HEALTHY_TRAINING → PENDING_GROUP_REPAIR (event=hard_rank_failure, step=264)
WARNING:megatron.core.transformer.moe.bsr_integration:BSR-MoE: optimizer commit blocked for step 264 (hard failure of rank 62)
WARNING:megatron.core.transformer.moe.bsr_integration:BSR-MoE: entering waiting-for-replacement state (failed_rank=62, step=264, experts=[96, 97, 98, 99, 100, 101, 102, 103, 104, 105, 106, 107, 108, 109, 110, 111])
WARNING:megatron.core.transformer.moe.optimizer_commit_guard:OptimizerCommitGuard: commit BLOCKED (step=264, reason=hard_failure_rank_62_step_264)
INFO:megatron.core.transformer.moe.recovery_controller:ExpertRecoveryTracker: experts [96, 97, 98, 99, 100, 101, 102, 103, 104, 105, 106, 107, 108, 109, 110, 111] → RECOVERING (step=264)
WARNING:megatron.core.transformer.moe.recovery_controller:[2026-05-20 15:50:46] BSR-MoE controller: replacement assigned — failed_rank=62, replacement_rank=62 (step=264)
WARNING:megatron.core.transformer.moe.bsr_integration:BSR-MoE: optimizer commit blocked for step 264 (hard failure of rank 62)
WARNING:megatron.core.transformer.moe.recovery_controller:[2026-05-20 15:50:46] BSR-MoE controller: HEALTHY_TRAINING → PENDING_GROUP_REPAIR (event=hard_rank_failure, step=264)
INFO:megatron.core.transformer.moe.replacement_registry:BSR-MoE replacement: failed_rank=62, replacement_rank=62, NOT_PRESENT → BOOTSTRAPPING (step=264)
WARNING:megatron.core.transformer.moe.bsr_integration:BSR-MoE: entering waiting-for-replacement state (failed_rank=62, step=264, experts=[96, 97, 98, 99, 100, 101, 102, 103, 104, 105, 106, 107, 108, 109, 110, 111])
INFO:megatron.core.transformer.moe.replacement_registry:BSR-MoE replacement: failed_rank=62, replacement_rank=62, NOT_PRESENT → BOOTSTRAPPING (step=264)
WARNING:megatron.core.transformer.moe.recovery_controller:[2026-05-20 15:50:46] BSR-MoE controller: HEALTHY_TRAINING → PENDING_GROUP_REPAIR (event=hard_rank_failure, step=264)
WARNING:megatron.core.transformer.moe.optimizer_commit_guard:OptimizerCommitGuard: commit BLOCKED (step=264, reason=hard_failure_rank_62_step_264)
WARNING:megatron.core.transformer.moe.replacement_registry:BSR-MoE: replacement announced — failed_rank=62 → replacement_rank=62 (step=264, reason='')
WARNING:megatron.core.transformer.moe.replacement_registry:BSR-MoE: replacement announced — failed_rank=62 → replacement_rank=62 (step=264, reason='')
WARNING:megatron.core.transformer.moe.recovery_controller:[2026-05-20 15:50:46] BSR-MoE controller: replacement assigned — failed_rank=62, replacement_rank=62 (step=264)
WARNING:megatron.core.transformer.moe.bsr_integration:BSR-MoE: optimizer commit blocked for step 264 (hard failure of rank 62)
WARNING:megatron.core.transformer.moe.recovery_controller:[2026-05-20 15:50:46] BSR-MoE controller: PENDING_GROUP_REPAIR → WAITING_FOR_REPLACEMENT (event=replacement_assigned, step=264)
INFO:megatron.core.transformer.moe.replacement_registry:BSR-MoE replacement: failed_rank=62, replacement_rank=62, NOT_PRESENT → BOOTSTRAPPING (step=264)
WARNING:megatron.core.transformer.moe.recovery_controller:[2026-05-20 15:50:46] BSR-MoE controller: replacement assigned — failed_rank=62, replacement_rank=62 (step=264)
WARNING:megatron.core.transformer.moe.bsr_integration:BSR-MoE: entering waiting-for-replacement state (failed_rank=62, step=264, experts=[96, 97, 98, 99, 100, 101, 102, 103, 104, 105, 106, 107, 108, 109, 110, 111])
WARNING:megatron.core.transformer.moe.recovery_controller:[2026-05-20 15:50:46] BSR-MoE controller: HEALTHY_TRAINING → PENDING_GROUP_REPAIR (event=hard_rank_failure, step=264)
WARNING:megatron.core.transformer.moe.recovery_controller:[2026-05-20 15:50:46] BSR-MoE controller: PENDING_GROUP_REPAIR → WAITING_FOR_REPLACEMENT (event=replacement_assigned, step=264)
WARNING:megatron.core.transformer.moe.replacement_registry:BSR-MoE: replacement announced — failed_rank=62 → replacement_rank=62 (step=264, reason='')
WARNING:megatron.core.transformer.moe.recovery_controller:[2026-05-20 15:50:46] BSR-MoE controller: replacement ready — failed_rank=62 (step=264)
WARNING:megatron.core.transformer.moe.recovery_controller:[2026-05-20 15:50:46] BSR-MoE controller: replacement ready — failed_rank=62 (step=264)
WARNING:megatron.core.transformer.moe.recovery_controller:[2026-05-20 15:50:46] BSR-MoE controller: WAITING_FOR_REPLACEMENT → SAFE_POINT_REPAIR (event=replacement_ready, step=264)
WARNING:megatron.core.transformer.moe.recovery_controller:[2026-05-20 15:50:46] BSR-MoE controller: PENDING_GROUP_REPAIR → WAITING_FOR_REPLACEMENT (event=replacement_assigned, step=264)
WARNING:megatron.core.transformer.moe.recovery_controller:[2026-05-20 15:50:46] BSR-MoE controller: replacement assigned — failed_rank=62, replacement_rank=62 (step=264)
INFO:megatron.core.transformer.moe.replacement_registry:BSR-MoE replacement: failed_rank=62, replacement_rank=62, NOT_PRESENT → BOOTSTRAPPING (step=264)
WARNING:megatron.core.transformer.moe.recovery_controller:BSR-MoE controller: restart-in-place fast path for rank 62 (replacement=self, step=264)
WARNING:megatron.core.transformer.moe.recovery_controller:[2026-05-20 15:50:46] BSR-MoE controller: WAITING_FOR_REPLACEMENT → SAFE_POINT_REPAIR (event=replacement_ready, step=264)
WARNING:megatron.core.transformer.moe.recovery_controller:[2026-05-20 15:50:46] BSR-MoE controller: HEALTHY_TRAINING → PENDING_GROUP_REPAIR (event=hard_rank_failure, step=264)
WARNING:megatron.core.transformer.moe.recovery_controller:[2026-05-20 15:50:46] BSR-MoE controller: replacement ready — failed_rank=62 (step=264)
INFO:megatron.core.transformer.moe.replacement_registry:BSR-MoE replacement: failed_rank=62, replacement_rank=62, NOT_PRESENT → BOOTSTRAPPING (step=264)
WARNING:megatron.core.transformer.moe.replacement_registry:BSR-MoE: replacement announced — failed_rank=62 → replacement_rank=62 (step=264, reason='')
WARNING:megatron.core.transformer.moe.recovery_controller:BSR-MoE controller: restart-in-place fast path for rank 62 (replacement=self, step=264)
WARNING:megatron.core.transformer.moe.replacement_registry:BSR-MoE: replacement announced — failed_rank=62 → replacement_rank=62 (step=264, reason='')
WARNING:megatron.core.transformer.moe.recovery_controller:[2026-05-20 15:50:46] BSR-MoE controller: WAITING_FOR_REPLACEMENT → SAFE_POINT_REPAIR (event=replacement_ready, step=264)
WARNING:megatron.core.transformer.moe.recovery_controller:[2026-05-20 15:50:46] BSR-MoE controller: ⏱️  START safe-point repair at step 264 (failed=62, replacement=62)
WARNING:megatron.core.transformer.moe.recovery_controller:[2026-05-20 15:50:46] BSR-MoE controller: PENDING_GROUP_REPAIR → WAITING_FOR_REPLACEMENT (event=replacement_assigned, step=264)
WARNING:megatron.core.transformer.moe.recovery_controller:BSR-MoE controller: restart-in-place fast path for rank 62 (replacement=self, step=264)
WARNING:megatron.core.transformer.moe.recovery_controller:[2026-05-20 15:50:46] BSR-MoE controller: replacement assigned — failed_rank=62, replacement_rank=62 (step=264)
WARNING:megatron.core.transformer.moe.recovery_controller:[2026-05-20 15:50:46] BSR-MoE controller: ⏱️  START safe-point repair at step 264 (failed=62, replacement=62)
WARNING:megatron.core.transformer.moe.recovery_controller:[2026-05-20 15:50:46] BSR-MoE controller: PENDING_GROUP_REPAIR → WAITING_FOR_REPLACEMENT (event=replacement_assigned, step=264)
WARNING:megatron.core.transformer.moe.recovery_controller:[2026-05-20 15:50:46] BSR-MoE controller: ⏱️  [Phase A] Starting infrastructure repair...
INFO:megatron.core.transformer.moe.replacement_registry:BSR-MoE replacement: failed_rank=62, replacement_rank=62, NOT_PRESENT → BOOTSTRAPPING (step=264)
WARNING:megatron.core.transformer.moe.recovery_controller:[2026-05-20 15:50:46] BSR-MoE controller: replacement ready — failed_rank=62 (step=264)
WARNING:megatron.core.transformer.moe.recovery_controller:[2026-05-20 15:50:46] BSR-MoE controller: ⏱️  START safe-point repair at step 264 (failed=62, replacement=62)
WARNING:megatron.core.transformer.moe.recovery_controller:[2026-05-20 15:50:46] BSR-MoE controller: replacement ready — failed_rank=62 (step=264)
WARNING:megatron.core.transformer.moe.replacement_registry:BSR-MoE: replacement announced — failed_rank=62 → replacement_rank=62 (step=264, reason='')
WARNING:megatron.core.transformer.moe.recovery_controller:[2026-05-20 15:50:46] BSR-MoE controller: ⏱️  [Phase A] Starting infrastructure repair...
WARNING:megatron.core.transformer.moe.recovery_controller:[2026-05-20 15:50:46] BSR-MoE controller: WAITING_FOR_REPLACEMENT → SAFE_POINT_REPAIR (event=replacement_ready, step=264)
WARNING:megatron.core.transformer.moe.recovery_controller:BSR-MoE controller: restart-in-place fast path for rank 62 (replacement=self, step=264)
WARNING:megatron.core.transformer.moe.recovery_controller:[2026-05-20 15:50:46] BSR-MoE controller: ⏱️  [Phase A] Starting infrastructure repair...
WARNING:megatron.core.transformer.moe.recovery_controller:[2026-05-20 15:50:46] BSR-MoE controller: WAITING_FOR_REPLACEMENT → SAFE_POINT_REPAIR (event=replacement_ready, step=264)
INFO:megatron.core.transformer.moe.replacement_registry:BSR-MoE replacement: failed_rank=62, replacement_rank=62, BOOTSTRAPPING → READY_FOR_REPAIR (step=264)
WARNING:megatron.core.transformer.moe.recovery_controller:[2026-05-20 15:50:46] BSR-MoE controller: PENDING_GROUP_REPAIR → WAITING_FOR_REPLACEMENT (event=replacement_assigned, step=264)
INFO:megatron.core.transformer.moe.replacement_registry:BSR-MoE replacement: failed_rank=62, replacement_rank=62, NOT_PRESENT → BOOTSTRAPPING (step=264)
INFO:megatron.core.transformer.moe.replacement_registry:BSR-MoE replacement: failed_rank=62, replacement_rank=62, BOOTSTRAPPING → READY_FOR_REPAIR (step=264)
WARNING:megatron.core.transformer.moe.recovery_controller:BSR-MoE controller: restart-in-place fast path for rank 62 (replacement=self, step=264)
INFO:megatron.core.transformer.moe.replacement_registry:BSR-MoE replacement: failed_rank=62, replacement_rank=62, READY_FOR_REPAIR → INTEGRATED (step=264)
WARNING:megatron.core.transformer.moe.replacement_registry:BSR-MoE: replacement announced — failed_rank=62 → replacement_rank=62 (step=264, reason='')
WARNING:megatron.core.transformer.moe.recovery_controller:[2026-05-20 15:50:46] BSR-MoE controller: replacement ready — failed_rank=62 (step=264)
WARNING:megatron.core.transformer.moe.recovery_controller:[2026-05-20 15:50:46] BSR-MoE controller: ⏱️  START safe-point repair at step 264 (failed=62, replacement=62)
INFO:megatron.core.transformer.moe.replacement_registry:BSR-MoE replacement: failed_rank=62, replacement_rank=62, READY_FOR_REPAIR → INTEGRATED (step=264)
WARNING:megatron.core.transformer.moe.replacement_registry:BSR-MoE: replacement INTEGRATED — failed_rank=62, replacement_rank=62 (step=264)
INFO:megatron.core.transformer.moe.replacement_registry:BSR-MoE replacement: failed_rank=62, replacement_rank=62, BOOTSTRAPPING → READY_FOR_REPAIR (step=264)
WARNING:megatron.core.transformer.moe.recovery_controller:[2026-05-20 15:50:46] BSR-MoE controller: ⏱️  START safe-point repair at step 264 (failed=62, replacement=62)
WARNING:megatron.core.transformer.moe.replacement_registry:BSR-MoE: replacement INTEGRATED — failed_rank=62, replacement_rank=62 (step=264)
WARNING:megatron.core.transformer.moe.recovery_controller:[2026-05-20 15:50:46] BSR-MoE controller: WAITING_FOR_REPLACEMENT → SAFE_POINT_REPAIR (event=replacement_ready, step=264)
WARNING:megatron.core.transformer.moe.recovery_controller:[2026-05-20 15:50:46] BSR-MoE controller: PENDING_GROUP_REPAIR → WAITING_FOR_REPLACEMENT (event=replacement_assigned, step=264)
WARNING:megatron.core.transformer.moe.recovery_controller:[2026-05-20 15:50:46] BSR-MoE controller: step1 replacement_integrate elapsed=0.000s (step=264)
INFO:megatron.core.transformer.moe.replacement_registry:BSR-MoE replacement: failed_rank=62, replacement_rank=62, READY_FOR_REPAIR → INTEGRATED (step=264)
WARNING:megatron.core.transformer.moe.recovery_controller:[2026-05-20 15:50:46] BSR-MoE controller: ⏱️  [Phase A] Starting infrastructure repair...
WARNING:megatron.core.transformer.moe.recovery_controller:BSR-MoE controller: restart-in-place fast path for rank 62 (replacement=self, step=264)
WARNING:megatron.core.transformer.moe.recovery_controller:[2026-05-20 15:50:46] BSR-MoE controller: step1 replacement_integrate elapsed=0.000s (step=264)
WARNING:megatron.core.transformer.moe.recovery_controller:[2026-05-20 15:50:46] BSR-MoE controller: ⏱️  [Phase A] Starting infrastructure repair...
WARNING:megatron.core.transformer.moe.replacement_registry:BSR-MoE: replacement INTEGRATED — failed_rank=62, replacement_rank=62 (step=264)
WARNING:megatron.core.transformer.moe.recovery_controller:[2026-05-20 15:50:46] BSR-MoE controller: step2 group_rebuild_request elapsed=0.000s (step=264)
WARNING:megatron.core.transformer.moe.recovery_controller:[2026-05-20 15:50:46] BSR-MoE controller: replacement ready — failed_rank=62 (step=264)
WARNING:megatron.core.transformer.moe.recovery_controller:[2026-05-20 15:50:46] BSR-MoE controller: step2 group_rebuild_request elapsed=0.000s (step=264)
WARNING:megatron.core.transformer.moe.recovery_controller:[2026-05-20 15:50:46] BSR-MoE controller: step3 group_rebuild_execute elapsed=0.000s (step=264)
WARNING:megatron.core.transformer.moe.recovery_controller:[2026-05-20 15:50:46] BSR-MoE controller: step1 replacement_integrate elapsed=0.000s (step=264)
INFO:megatron.core.transformer.moe.replacement_registry:BSR-MoE replacement: failed_rank=62, replacement_rank=62, BOOTSTRAPPING → READY_FOR_REPAIR (step=264)
WARNING:megatron.core.transformer.moe.recovery_controller:[2026-05-20 15:50:46] BSR-MoE controller: ⏱️  START safe-point repair at step 264 (failed=62, replacement=62)
WARNING:megatron.core.transformer.moe.recovery_controller:[2026-05-20 15:50:46] BSR-MoE controller: WAITING_FOR_REPLACEMENT → SAFE_POINT_REPAIR (event=replacement_ready, step=264)
WARNING:megatron.core.transformer.moe.recovery_controller:[2026-05-20 15:50:46] BSR-MoE controller: step3 group_rebuild_execute elapsed=0.000s (step=264)
WARNING:megatron.core.transformer.moe.recovery_controller:[2026-05-20 15:50:46] BSR-MoE controller: step4 group_rebuild_finish elapsed=0.000s (step=264)
INFO:megatron.core.transformer.moe.replacement_registry:BSR-MoE replacement: failed_rank=62, replacement_rank=62, BOOTSTRAPPING → READY_FOR_REPAIR (step=264)
WARNING:megatron.core.transformer.moe.recovery_controller:[2026-05-20 15:50:46] BSR-MoE controller: step2 group_rebuild_request elapsed=0.000s (step=264)
INFO:megatron.core.transformer.moe.replacement_registry:BSR-MoE replacement: failed_rank=62, replacement_rank=62, READY_FOR_REPAIR → INTEGRATED (step=264)
WARNING:megatron.core.transformer.moe.recovery_controller:BSR-MoE controller: restart-in-place fast path for rank 62 (replacement=self, step=264)
WARNING:megatron.core.transformer.moe.recovery_controller:[2026-05-20 15:50:46] BSR-MoE controller: step4 group_rebuild_finish elapsed=0.000s (step=264)
WARNING:megatron.core.transformer.moe.recovery_controller:[2026-05-20 15:50:46] BSR-MoE controller: step5 topology_refresh elapsed=0.000s (step=264)
WARNING:megatron.core.transformer.moe.recovery_controller:[2026-05-20 15:50:46] BSR-MoE controller: ⏱️  [Phase A] Starting infrastructure repair...
WARNING:megatron.core.transformer.moe.recovery_controller:[2026-05-20 15:50:46] BSR-MoE controller: step3 group_rebuild_execute elapsed=0.000s (step=264)
WARNING:megatron.core.transformer.moe.replacement_registry:BSR-MoE: replacement INTEGRATED — failed_rank=62, replacement_rank=62 (step=264)
INFO:megatron.core.transformer.moe.replacement_registry:BSR-MoE replacement: failed_rank=62, replacement_rank=62, READY_FOR_REPAIR → INTEGRATED (step=264)
WARNING:megatron.core.transformer.moe.recovery_controller:[2026-05-20 15:50:46] BSR-MoE controller: step5 topology_refresh elapsed=0.000s (step=264)
WARNING:megatron.core.transformer.moe.recovery_controller:[2026-05-20 15:50:46] BSR-MoE controller: ⏱️  [Phase A] Infrastructure repair COMPLETED (elapsed=0.000s)
WARNING:megatron.core.transformer.moe.recovery_controller:[2026-05-20 15:50:46] BSR-MoE controller: ⏱️  START safe-point repair at step 264 (failed=62, replacement=62)
WARNING:megatron.core.transformer.moe.recovery_controller:[2026-05-20 15:50:46] BSR-MoE controller: step4 group_rebuild_finish elapsed=0.000s (step=264)
WARNING:megatron.core.transformer.moe.replacement_registry:BSR-MoE: replacement INTEGRATED — failed_rank=62, replacement_rank=62 (step=264)
WARNING:megatron.core.transformer.moe.recovery_controller:[2026-05-20 15:50:46] BSR-MoE controller: step1 replacement_integrate elapsed=0.000s (step=264)
WARNING:megatron.core.transformer.moe.recovery_controller:[2026-05-20 15:50:46] BSR-MoE controller: ⏱️  [Phase A] Infrastructure repair COMPLETED (elapsed=0.000s)
WARNING:megatron.core.transformer.moe.recovery_controller:[2026-05-20 15:50:46] BSR-MoE controller: ⏱️  [Phase B] Starting parameter recovery...
WARNING:megatron.core.transformer.moe.recovery_controller:[2026-05-20 15:50:46] BSR-MoE controller: step5 topology_refresh elapsed=0.000s (step=264)
INFO:megatron.core.transformer.moe.replacement_registry:BSR-MoE replacement: failed_rank=62, replacement_rank=62, BOOTSTRAPPING → READY_FOR_REPAIR (step=264)
WARNING:megatron.core.transformer.moe.recovery_controller:[2026-05-20 15:50:46] BSR-MoE controller: step1 replacement_integrate elapsed=0.000s (step=264)
WARNING:megatron.core.transformer.moe.recovery_controller:[2026-05-20 15:50:46] BSR-MoE controller: step2 group_rebuild_request elapsed=0.000s (step=264)
WARNING:megatron.core.transformer.moe.recovery_controller:[2026-05-20 15:50:46] BSR-MoE controller: ⏱️  [Phase B] Starting parameter recovery...
WARNING:megatron.core.transformer.moe.recovery_controller:[2026-05-20 15:50:46] BSR-MoE controller: ⏱️  [Phase A] Starting infrastructure repair...
WARNING:megatron.core.transformer.moe.recovery_controller:[2026-05-20 15:50:46] BSR-MoE controller: ⏱️  [Phase A] Infrastructure repair COMPLETED (elapsed=0.000s)
INFO:megatron.core.transformer.moe.replacement_registry:BSR-MoE replacement: failed_rank=62, replacement_rank=62, READY_FOR_REPAIR → INTEGRATED (step=264)
WARNING:megatron.core.transformer.moe.recovery_controller:[2026-05-20 15:50:46] BSR-MoE controller: step2 group_rebuild_request elapsed=0.000s (step=264)
WARNING:megatron.core.transformer.moe.recovery_controller:[2026-05-20 15:50:46] BSR-MoE controller: step3 group_rebuild_execute elapsed=0.000s (step=264)
WARNING:megatron.core.transformer.moe.replacement_registry:BSR-MoE: replacement INTEGRATED — failed_rank=62, replacement_rank=62 (step=264)
WARNING:megatron.core.transformer.moe.recovery_controller:[2026-05-20 15:50:46] BSR-MoE controller: ⏱️  [Phase B] Starting parameter recovery...
WARNING:megatron.core.transformer.moe.recovery_controller:[2026-05-20 15:50:46] BSR-MoE controller: step3 group_rebuild_execute elapsed=0.000s (step=264)
WARNING:megatron.core.transformer.moe.recovery_controller:[2026-05-20 15:50:46] BSR-MoE controller: step4 group_rebuild_finish elapsed=0.000s (step=264)
INFO:megatron.core.transformer.moe.replacement_registry:BSR-MoE replacement: failed_rank=62, replacement_rank=62, BOOTSTRAPPING → READY_FOR_REPAIR (step=264)
WARNING:megatron.core.transformer.moe.recovery_controller:[2026-05-20 15:50:46] BSR-MoE controller: step1 replacement_integrate elapsed=0.000s (step=264)
WARNING:megatron.core.transformer.moe.recovery_controller:[2026-05-20 15:50:46] BSR-MoE controller: step4 group_rebuild_finish elapsed=0.000s (step=264)
WARNING:megatron.core.transformer.moe.recovery_controller:[2026-05-20 15:50:46] BSR-MoE controller: step5 topology_refresh elapsed=0.000s (step=264)
WARNING:megatron.core.transformer.moe.recovery_controller:[2026-05-20 15:50:46] BSR-MoE controller: step5 topology_refresh elapsed=0.000s (step=264)
INFO:megatron.core.transformer.moe.replacement_registry:BSR-MoE replacement: failed_rank=62, replacement_rank=62, READY_FOR_REPAIR → INTEGRATED (step=264)
WARNING:megatron.core.transformer.moe.recovery_controller:[2026-05-20 15:50:46] BSR-MoE controller: step2 group_rebuild_request elapsed=0.000s (step=264)
WARNING:megatron.core.transformer.moe.recovery_controller:[2026-05-20 15:50:46] BSR-MoE controller: ⏱️  [Phase A] Infrastructure repair COMPLETED (elapsed=0.000s)
WARNING:megatron.core.transformer.moe.recovery_controller:[2026-05-20 15:50:46] BSR-MoE controller: ⏱️  [Phase A] Infrastructure repair COMPLETED (elapsed=0.000s)
WARNING:megatron.core.transformer.moe.replacement_registry:BSR-MoE: replacement INTEGRATED — failed_rank=62, replacement_rank=62 (step=264)
WARNING:megatron.core.transformer.moe.recovery_controller:[2026-05-20 15:50:46] BSR-MoE controller: step3 group_rebuild_execute elapsed=0.000s (step=264)
WARNING:megatron.core.transformer.moe.recovery_controller:[2026-05-20 15:50:46] BSR-MoE controller: ⏱️  [Phase B] Starting parameter recovery...
WARNING:megatron.core.transformer.moe.recovery_controller:[2026-05-20 15:50:46] BSR-MoE controller: ⏱️  [Phase B] Starting parameter recovery...
WARNING:megatron.core.transformer.moe.recovery_controller:[2026-05-20 15:50:46] BSR-MoE controller: step4 group_rebuild_finish elapsed=0.000s (step=264)
WARNING:megatron.core.transformer.moe.recovery_controller:[2026-05-20 15:50:46] BSR-MoE controller: step1 replacement_integrate elapsed=0.000s (step=264)
WARNING:megatron.core.transformer.moe.recovery_controller:[2026-05-20 15:50:46] BSR-MoE controller: step5 topology_refresh elapsed=0.000s (step=264)
WARNING:megatron.core.transformer.moe.recovery_controller:[2026-05-20 15:50:46] BSR-MoE controller: step2 group_rebuild_request elapsed=0.000s (step=264)
WARNING:megatron.core.transformer.moe.recovery_controller:[2026-05-20 15:50:46] BSR-MoE controller: ⏱️  [Phase A] Infrastructure repair COMPLETED (elapsed=0.000s)
WARNING:megatron.core.transformer.moe.recovery_controller:[2026-05-20 15:50:46] BSR-MoE controller: step3 group_rebuild_execute elapsed=0.000s (step=264)
WARNING:megatron.core.transformer.moe.recovery_controller:[2026-05-20 15:50:46] BSR-MoE controller: ⏱️  [Phase B] Starting parameter recovery...
WARNING:megatron.core.transformer.moe.recovery_controller:[2026-05-20 15:50:46] BSR-MoE controller: step4 group_rebuild_finish elapsed=0.000s (step=264)
WARNING:megatron.core.transformer.moe.recovery_controller:[2026-05-20 15:50:46] BSR-MoE controller: step5 topology_refresh elapsed=0.000s (step=264)
WARNING:megatron.core.transformer.moe.recovery_controller:[2026-05-20 15:50:46] BSR-MoE controller: ⏱️  [Phase A] Infrastructure repair COMPLETED (elapsed=0.000s)
WARNING:megatron.core.transformer.moe.recovery_controller:[2026-05-20 15:50:46] BSR-MoE controller: ⏱️  [Phase B] Starting parameter recovery...
INFO:megatron.core.transformer.moe.bsr_integration:BSR-MoE: found latest checkpoint with BSR manifest at /mnt/ais-c1/dataset/zds/find_multi_fault/5.20/step_250_faults_8/ckpt/iter_0000200 (step=200)
INFO:megatron.core.transformer.moe.bsr_integration:BSR-MoE: found latest checkpoint with BSR manifest at /mnt/ais-c1/dataset/zds/find_multi_fault/5.20/step_250_faults_8/ckpt/iter_0000200 (step=200)
INFO:megatron.core.transformer.moe.bsr_integration:BSR-MoE: found latest checkpoint with BSR manifest at /mnt/ais-c1/dataset/zds/find_multi_fault/5.20/step_250_faults_8/ckpt/iter_0000200 (step=200)
WARNING:megatron.core.transformer.moe.recovery_controller:[2026-05-20 15:50:46] BSR-MoE controller: HYBRID_RECOVERY path — dense from DP peer, experts from checkpoint (step=264, failed=62, replacement=62)
INFO:megatron.core.transformer.moe.dense_param_sync:Selected healthy DP peer: rank 56 (from candidates [56, 57, 58, 59, 60, 61, 63])
INFO:megatron.core.transformer.moe.dense_param_sync:BSR-MoE dense recovery: planned — replacement=62, failed=62, source=56, step=264
WARNING:megatron.core.transformer.moe.recovery_controller:[2026-05-20 15:50:46] BSR-MoE controller: HYBRID_RECOVERY path — dense from DP peer, experts from checkpoint (step=264, failed=62, replacement=62)
WARNING:megatron.core.transformer.moe.recovery_controller:[2026-05-20 15:50:46] BSR-MoE controller: HYBRID_RECOVERY path — dense from DP peer, experts from checkpoint (step=264, failed=62, replacement=62)
WARNING:megatron.core.transformer.moe.restart_in_place:BSR-MoE restart-in-place: invalidated 236 params, 472 optimizer states (fill_value=0.0)
INFO:megatron.core.transformer.moe.dense_param_sync:Selected healthy DP peer: rank 56 (from candidates [56, 57, 58, 59, 60, 61, 63])
INFO:megatron.core.transformer.moe.dense_param_sync:Selected healthy DP peer: rank 56 (from candidates [56, 57, 58, 59, 60, 61, 63])
INFO:megatron.core.transformer.moe.dense_param_sync:BSR-MoE dense recovery: planned — replacement=62, failed=62, source=56, step=264
WARNING:megatron.core.transformer.moe.recovery_controller:[2026-05-20 15:50:46] BSR-MoE controller: replacement assigned — failed_rank=62, replacement_rank=62 (step=264)
INFO:megatron.core.transformer.moe.dense_param_sync:BSR-MoE dense recovery: planned — replacement=62, failed=62, source=56, step=264
INFO:megatron.core.transformer.moe.replacement_registry:BSR-MoE replacement: failed_rank=62, replacement_rank=62, NOT_PRESENT → BOOTSTRAPPING (step=264)
WARNING:megatron.core.transformer.moe.replacement_registry:BSR-MoE: replacement announced — failed_rank=62 → replacement_rank=62 (step=264, reason='')
WARNING:megatron.core.transformer.moe.recovery_controller:[2026-05-20 15:50:46] BSR-MoE controller: PENDING_GROUP_REPAIR → WAITING_FOR_REPLACEMENT (event=replacement_assigned, step=264)
WARNING:megatron.core.transformer.moe.recovery_controller:[2026-05-20 15:50:46] BSR-MoE controller: replacement ready — failed_rank=62 (step=264)
WARNING:megatron.core.transformer.moe.recovery_controller:[2026-05-20 15:50:46] BSR-MoE controller: WAITING_FOR_REPLACEMENT → SAFE_POINT_REPAIR (event=replacement_ready, step=264)
WARNING:megatron.core.transformer.moe.recovery_controller:BSR-MoE controller: restart-in-place fast path for rank 62 (replacement=self, step=264)
WARNING:megatron.core.transformer.moe.recovery_controller:[2026-05-20 15:50:46] BSR-MoE controller: ⏱️  START safe-point repair at step 264 (failed=62, replacement=62)
WARNING:megatron.core.transformer.moe.recovery_controller:[2026-05-20 15:50:46] BSR-MoE controller: ⏱️  [Phase A] Starting infrastructure repair...
INFO:megatron.core.transformer.moe.replacement_registry:BSR-MoE replacement: failed_rank=62, replacement_rank=62, BOOTSTRAPPING → READY_FOR_REPAIR (step=264)
INFO:megatron.core.transformer.moe.replacement_registry:BSR-MoE replacement: failed_rank=62, replacement_rank=62, READY_FOR_REPAIR → INTEGRATED (step=264)
WARNING:megatron.core.transformer.moe.replacement_registry:BSR-MoE: replacement INTEGRATED — failed_rank=62, replacement_rank=62 (step=264)
WARNING:megatron.core.transformer.moe.recovery_controller:[2026-05-20 15:50:46] BSR-MoE controller: step1 replacement_integrate elapsed=0.000s (step=264)
INFO:megatron.core.transformer.moe.dense_param_sync:Parameter classification: 38 dense, 6 router, 0 shared_expert, 192 expert (total 236)
INFO:megatron.core.transformer.moe.dense_param_sync:Parameter classification: 38 dense, 6 router, 0 shared_expert, 192 expert (total 236)
INFO:megatron.core.transformer.moe.bsr_integration:BSR-MoE: found latest checkpoint with BSR manifest at /mnt/ais-c1/dataset/zds/find_multi_fault/5.20/step_250_faults_8/ckpt/iter_0000200 (step=200)
WARNING:megatron.core.transformer.moe.recovery_controller:[2026-05-20 15:50:49] BSR-MoE controller: HYBRID_RECOVERY path — dense from DP peer, experts from checkpoint (step=264, failed=62, replacement=62)
INFO:megatron.core.transformer.moe.dense_param_sync:Selected healthy DP peer: rank 56 (from candidates [56, 57, 58, 59, 60, 61, 63])
INFO:megatron.core.transformer.moe.dense_param_sync:BSR-MoE dense recovery: planned — replacement=62, failed=62, source=56, step=264
INFO:megatron.core.transformer.moe.dense_param_sync:Parameter classification: 38 dense, 6 router, 0 shared_expert, 192 expert (total 236)
INFO:megatron.core.transformer.moe.bsr_integration:BSR-MoE: found latest checkpoint with BSR manifest at /mnt/ais-c1/dataset/zds/find_multi_fault/5.20/step_250_faults_8/ckpt/iter_0000200 (step=200)
WARNING:megatron.core.transformer.moe.recovery_controller:[2026-05-20 15:50:50] BSR-MoE controller: HYBRID_RECOVERY path — dense from DP peer, experts from checkpoint (step=264, failed=62, replacement=62)
INFO:megatron.core.transformer.moe.dense_param_sync:Selected healthy DP peer: rank 56 (from candidates [56, 57, 58, 59, 60, 61, 63])
INFO:megatron.core.transformer.moe.dense_param_sync:BSR-MoE dense recovery: planned — replacement=62, failed=62, source=56, step=264
INFO:megatron.core.transformer.moe.dense_param_sync:Parameter classification: 38 dense, 6 router, 0 shared_expert, 192 expert (total 236)
INFO:megatron.core.transformer.moe.dense_param_sync:Parameter classification: 38 dense, 6 router, 0 shared_expert, 192 expert (total 236)
INFO:megatron.core.transformer.moe.bsr_integration:BSR-MoE: found latest checkpoint with BSR manifest at /mnt/ais-c1/dataset/zds/find_multi_fault/5.20/step_250_faults_8/ckpt/iter_0000200 (step=200)
WARNING:megatron.core.transformer.moe.recovery_controller:[2026-05-20 15:50:55] BSR-MoE controller: HYBRID_RECOVERY path — dense from DP peer, experts from checkpoint (step=264, failed=62, replacement=62)
INFO:megatron.core.transformer.moe.dense_param_sync:Selected healthy DP peer: rank 56 (from candidates [56, 57, 58, 59, 60, 61, 63])
INFO:megatron.core.transformer.moe.dense_param_sync:BSR-MoE dense recovery: planned — replacement=62, failed=62, source=56, step=264
INFO:megatron.core.transformer.moe.dense_param_sync:Parameter classification: 38 dense, 6 router, 0 shared_expert, 192 expert (total 236)
INFO:megatron.core.transformer.moe.bsr_integration:BSR-MoE: found latest checkpoint with BSR manifest at /mnt/ais-c1/dataset/zds/find_multi_fault/5.20/step_250_faults_8/ckpt/iter_0000200 (step=200)
WARNING:megatron.core.transformer.moe.recovery_controller:[2026-05-20 15:50:57] BSR-MoE controller: HYBRID_RECOVERY path — dense from DP peer, experts from checkpoint (step=264, failed=62, replacement=62)
INFO:megatron.core.transformer.moe.dense_param_sync:Selected healthy DP peer: rank 56 (from candidates [56, 57, 58, 59, 60, 61, 63])
INFO:megatron.core.transformer.moe.dense_param_sync:BSR-MoE dense recovery: planned — replacement=62, failed=62, source=56, step=264
INFO:megatron.core.transformer.moe.dense_param_sync:Parameter classification: 38 dense, 6 router, 0 shared_expert, 192 expert (total 236)
WARNING:megatron.core.transformer.moe.recovery_controller:[2026-05-20 15:50:46] BSR-MoE controller: step2 group_rebuild_request elapsed=0.000s (step=264)
WARNING:megatron.core.transformer.moe.recovery_controller:[2026-05-20 15:50:58] BSR-MoE controller: step3 group_rebuild_execute elapsed=0.000s (step=264)
WARNING:megatron.core.transformer.moe.recovery_controller:[2026-05-20 15:50:58] BSR-MoE controller: step4 group_rebuild_finish elapsed=0.000s (step=264)
WARNING:megatron.core.transformer.moe.recovery_controller:[2026-05-20 15:50:58] BSR-MoE controller: step5 topology_refresh elapsed=0.000s (step=264)
WARNING:megatron.core.transformer.moe.recovery_controller:[2026-05-20 15:50:58] BSR-MoE controller: ⏱️  [Phase A] Infrastructure repair COMPLETED (elapsed=11.994s)
WARNING:megatron.core.transformer.moe.recovery_controller:[2026-05-20 15:50:58] BSR-MoE controller: ⏱️  [Phase B] Starting parameter recovery...
INFO:megatron.core.transformer.moe.bsr_integration:BSR-MoE: found latest checkpoint with BSR manifest at /mnt/ais-c1/dataset/zds/find_multi_fault/5.20/step_250_faults_8/ckpt/iter_0000200 (step=200)
WARNING:megatron.core.transformer.moe.recovery_controller:[2026-05-20 15:50:58] BSR-MoE controller: HYBRID_RECOVERY path — dense from DP peer, experts from checkpoint (step=264, failed=62, replacement=62)
INFO:megatron.core.transformer.moe.dense_param_sync:Selected healthy DP peer: rank 56 (from candidates [56, 57, 58, 59, 60, 61, 63])
INFO:megatron.core.transformer.moe.dense_param_sync:BSR-MoE dense recovery: planned — replacement=62, failed=62, source=56, step=264
INFO:megatron.core.transformer.moe.dense_param_sync:Parameter classification: 38 dense, 6 router, 0 shared_expert, 192 expert (total 236)
WARNING:megatron.core.transformer.moe.bsr_integration:[2026-05-20 15:51:00] BSR-MoE dense param sync: SUCCESS — synced 44 params (2182433280 scalars) from single source rank 56 (attempt 1, 2.02s, skipped 192 expert params, replacement_rank=62, participants=[56, 57, 58, 59, 60, 61, 62, 63])
WARNING:megatron.core.transformer.moe.recovery_controller:[2026-05-20 15:51:00] BSR-MoE controller: dense_sync elapsed=2.017s (step=264)
INFO:megatron.core.transformer.moe.two_phase_recovery:BSR-MoE two-phase: began recovery for 96 experts (failed_rank=62, replacement=62, step=264)
WARNING:megatron.core.transformer.moe.recovery_controller:[2026-05-20 15:51:00] BSR-MoE controller: dense_sync elapsed=14.014s (step=264)
WARNING:megatron.core.transformer.moe.recovery_controller:[2026-05-20 15:51:00] BSR-MoE controller: expert_restore (sync weights, deferred optimizer) elapsed=0.000s (step=264)
WARNING:megatron.core.transformer.moe.recovery_controller:[2026-05-20 15:51:00] BSR-MoE controller: ⏱️  [Phase B] Parameter recovery COMPLETED (path=HYBRID_RECOVERY, elapsed=14.018s)
INFO:megatron.core.transformer.moe.bsr_integration:BSR-MoE post-recovery convergence: views consistent after HYBRID_RECOVERY path (step=264)
WARNING:megatron.core.transformer.moe.recovery_controller:[2026-05-20 15:51:00] BSR-MoE controller: ⏱️  [Phase B→C] Post-recovery convergence completed (path=HYBRID_RECOVERY, elapsed=0.000s, step=264)
WARNING:megatron.core.transformer.moe.recovery_controller:[2026-05-20 15:51:00] BSR-MoE controller: ⏱️  [Phase C] Starting post-repair...
INFO:megatron.core.transformer.moe.reintegration_barrier:BSR-MoE barrier: begin reintegration for rank 62 -> 62 (experts=[96, 97, 98, 99, 100, 101, 102, 103, 104, 105, 106, 107, 108, 109, 110, 111], step=264)
INFO:megatron.core.transformer.moe.reintegration_barrier:BSR-MoE barrier: rank 62 -> REPAIRED_NOT_ROUTED (all preconditions met, step=264)
WARNING:megatron.core.transformer.moe.recovery_controller:[2026-05-20 15:51:00] BSR-MoE controller: reintegration barrier initialized for rank 62 (all preconditions marked, step=264)
WARNING:megatron.core.transformer.moe.recovery_controller:[2026-05-20 15:51:00] BSR-MoE controller: SAFE_POINT_REPAIR → REINTEGRATED (event=safe_point_repair_completed, step=264)
WARNING:megatron.core.transformer.moe.recovery_controller:[2026-05-20 15:51:00] BSR-MoE controller: ⏱️  ✅ SAFE-POINT REPAIR COMPLETED (path=HYBRID_RECOVERY, step=264, failed=62, replacement=62) | Total=14.019s | Breakdown: PhaseA=0.000s, PhaseB=14.018s, PhaseC=0.000s
INFO:megatron.core.transformer.moe.bsr_integration:BSR-MoE: found latest checkpoint with BSR manifest at /mnt/ais-c1/dataset/zds/find_multi_fault/5.20/step_250_faults_8/ckpt/iter_0000200 (step=200)
WARNING:megatron.core.transformer.moe.recovery_controller:[2026-05-20 15:51:00] BSR-MoE controller: dense_sync elapsed=9.651s (step=264)
WARNING:megatron.core.transformer.moe.recovery_controller:[2026-05-20 15:51:00] BSR-MoE controller: expert_restore (sync weights, deferred optimizer) elapsed=0.000s (step=264)
WARNING:megatron.core.transformer.moe.recovery_controller:[2026-05-20 15:51:00] BSR-MoE controller: ⏱️  [Phase B] Parameter recovery COMPLETED (path=HYBRID_RECOVERY, elapsed=14.019s)
INFO:megatron.core.transformer.moe.bsr_integration:BSR-MoE post-recovery convergence: views consistent after HYBRID_RECOVERY path (step=264)
WARNING:megatron.core.transformer.moe.recovery_controller:[2026-05-20 15:51:00] BSR-MoE controller: ⏱️  [Phase B→C] Post-recovery convergence completed (path=HYBRID_RECOVERY, elapsed=0.000s, step=264)
WARNING:megatron.core.transformer.moe.recovery_controller:[2026-05-20 15:51:00] BSR-MoE controller: ⏱️  [Phase C] Starting post-repair...
INFO:megatron.core.transformer.moe.reintegration_barrier:BSR-MoE barrier: begin reintegration for rank 62 -> 62 (experts=[96, 97, 98, 99, 100, 101, 102, 103, 104, 105, 106, 107, 108, 109, 110, 111], step=264)
INFO:megatron.core.transformer.moe.reintegration_barrier:BSR-MoE barrier: rank 62 -> REPAIRED_NOT_ROUTED (all preconditions met, step=264)
WARNING:megatron.core.transformer.moe.recovery_controller:[2026-05-20 15:51:00] BSR-MoE controller: reintegration barrier initialized for rank 62 (all preconditions marked, step=264)
WARNING:megatron.core.transformer.moe.recovery_controller:[2026-05-20 15:51:00] BSR-MoE controller: SAFE_POINT_REPAIR → REINTEGRATED (event=safe_point_repair_completed, step=264)
WARNING:megatron.core.transformer.moe.recovery_controller:[2026-05-20 15:51:00] BSR-MoE controller: ⏱️  ✅ SAFE-POINT REPAIR COMPLETED (path=HYBRID_RECOVERY, step=264, failed=62, replacement=62) | Total=14.019s | Breakdown: PhaseA=0.000s, PhaseB=14.019s, PhaseC=0.000s
WARNING:megatron.core.transformer.moe.recovery_controller:[2026-05-20 15:51:00] BSR-MoE controller: dense_sync elapsed=14.016s (step=264)
WARNING:megatron.core.transformer.moe.recovery_controller:[2026-05-20 15:51:00] BSR-MoE controller: expert_restore (sync weights, deferred optimizer) elapsed=0.000s (step=264)
WARNING:megatron.core.transformer.moe.recovery_controller:[2026-05-20 15:51:00] BSR-MoE controller: ⏱️  [Phase B] Parameter recovery COMPLETED (path=HYBRID_RECOVERY, elapsed=14.019s)
WARNING:megatron.core.transformer.moe.recovery_controller:[2026-05-20 15:51:00] BSR-MoE controller: dense_sync elapsed=10.357s (step=264)
WARNING:megatron.core.transformer.moe.recovery_controller:[2026-05-20 15:51:00] BSR-MoE controller: dense_sync elapsed=4.655s (step=264)
WARNING:megatron.core.transformer.moe.recovery_controller:[2026-05-20 15:51:00] BSR-MoE controller: dense_sync elapsed=14.016s (step=264)
INFO:megatron.core.transformer.moe.bsr_integration:BSR-MoE post-recovery convergence: views consistent after HYBRID_RECOVERY path (step=264)
WARNING:megatron.core.transformer.moe.recovery_controller:[2026-05-20 15:51:00] BSR-MoE controller: expert_restore (sync weights, deferred optimizer) elapsed=0.000s (step=264)
WARNING:megatron.core.transformer.moe.recovery_controller:[2026-05-20 15:51:00] BSR-MoE controller: ⏱️  [Phase B→C] Post-recovery convergence completed (path=HYBRID_RECOVERY, elapsed=0.000s, step=264)
WARNING:megatron.core.transformer.moe.recovery_controller:[2026-05-20 15:51:00] BSR-MoE controller: ⏱️  [Phase B] Parameter recovery COMPLETED (path=HYBRID_RECOVERY, elapsed=14.020s)
INFO:megatron.core.transformer.moe.bsr_integration:BSR-MoE post-recovery convergence: views consistent after HYBRID_RECOVERY path (step=264)
WARNING:megatron.core.transformer.moe.recovery_controller:[2026-05-20 15:51:02] BSR-MoE controller: ⏱️  [Phase B→C] Post-recovery convergence completed (path=HYBRID_RECOVERY, elapsed=2.608s, step=264)
WARNING:megatron.core.transformer.moe.recovery_controller:[2026-05-20 15:51:02] BSR-MoE controller: ⏱️  [Phase C] Starting post-repair...
INFO:megatron.core.transformer.moe.reintegration_barrier:BSR-MoE barrier: begin reintegration for rank 62 -> 62 (experts=[96, 97, 98, 99, 100, 101, 102, 103, 104, 105, 106, 107, 108, 109, 110, 111], step=264)
INFO:megatron.core.transformer.moe.reintegration_barrier:BSR-MoE barrier: rank 62 -> REPAIRED_NOT_ROUTED (all preconditions met, step=264)
WARNING:megatron.core.transformer.moe.recovery_controller:[2026-05-20 15:51:02] BSR-MoE controller: reintegration barrier initialized for rank 62 (all preconditions marked, step=264)
WARNING:megatron.core.transformer.moe.recovery_controller:[2026-05-20 15:51:02] BSR-MoE controller: SAFE_POINT_REPAIR → REINTEGRATED (event=safe_point_repair_completed, step=264)
WARNING:megatron.core.transformer.moe.recovery_controller:[2026-05-20 15:51:02] BSR-MoE controller: ⏱️  ✅ SAFE-POINT REPAIR COMPLETED (path=HYBRID_RECOVERY, step=264, failed=62, replacement=62) | Total=16.628s | Breakdown: PhaseA=0.000s, PhaseB=14.020s, PhaseC=0.000s
WARNING:megatron.core.transformer.moe.recovery_controller:[2026-05-20 15:51:00] BSR-MoE controller: dense_sync elapsed=2.835s (step=264)
WARNING:megatron.core.transformer.moe.recovery_controller:[2026-05-20 15:51:08] BSR-MoE controller: expert_restore (sync weights, deferred optimizer) elapsed=0.000s (step=264)
WARNING:megatron.core.transformer.moe.recovery_controller:[2026-05-20 15:51:08] BSR-MoE controller: ⏱️  [Phase B] Parameter recovery COMPLETED (path=HYBRID_RECOVERY, elapsed=22.598s)
INFO:megatron.core.transformer.moe.bsr_integration:BSR-MoE post-recovery convergence: views consistent after HYBRID_RECOVERY path (step=264)
WARNING:megatron.core.transformer.moe.recovery_controller:[2026-05-20 15:51:08] BSR-MoE controller: ⏱️  [Phase B→C] Post-recovery convergence completed (path=HYBRID_RECOVERY, elapsed=0.000s, step=264)
WARNING:megatron.core.transformer.moe.recovery_controller:[2026-05-20 15:51:08] BSR-MoE controller: ⏱️  [Phase C] Starting post-repair...
INFO:megatron.core.transformer.moe.reintegration_barrier:BSR-MoE barrier: begin reintegration for rank 62 -> 62 (experts=[96, 97, 98, 99, 100, 101, 102, 103, 104, 105, 106, 107, 108, 109, 110, 111], step=264)
INFO:megatron.core.transformer.moe.reintegration_barrier:BSR-MoE barrier: rank 62 -> REPAIRED_NOT_ROUTED (all preconditions met, step=264)
WARNING:megatron.core.transformer.moe.recovery_controller:[2026-05-20 15:51:08] BSR-MoE controller: reintegration barrier initialized for rank 62 (all preconditions marked, step=264)
WARNING:megatron.core.transformer.moe.recovery_controller:[2026-05-20 15:51:08] BSR-MoE controller: SAFE_POINT_REPAIR → REINTEGRATED (event=safe_point_repair_completed, step=264)
WARNING:megatron.core.transformer.moe.recovery_controller:[2026-05-20 15:51:08] BSR-MoE controller: ⏱️  ✅ SAFE-POINT REPAIR COMPLETED (path=HYBRID_RECOVERY, step=264, failed=62, replacement=62) | Total=22.599s | Breakdown: PhaseA=0.000s, PhaseB=22.598s, PhaseC=0.000s
WARNING:megatron.core.transformer.moe.recovery_controller:[2026-05-20 15:51:00] BSR-MoE controller: expert_restore (sync weights, deferred optimizer) elapsed=0.000s (step=264)
WARNING:megatron.core.transformer.moe.recovery_controller:[2026-05-20 15:51:10] BSR-MoE controller: ⏱️  [Phase B] Parameter recovery COMPLETED (path=HYBRID_RECOVERY, elapsed=23.945s)
INFO:megatron.core.transformer.moe.bsr_integration:BSR-MoE post-recovery convergence: views consistent after HYBRID_RECOVERY path (step=264)
WARNING:megatron.core.transformer.moe.recovery_controller:[2026-05-20 15:51:10] BSR-MoE controller: ⏱️  [Phase B→C] Post-recovery convergence completed (path=HYBRID_RECOVERY, elapsed=0.000s, step=264)
WARNING:megatron.core.transformer.moe.recovery_controller:[2026-05-20 15:51:10] BSR-MoE controller: ⏱️  [Phase C] Starting post-repair...
INFO:megatron.core.transformer.moe.reintegration_barrier:BSR-MoE barrier: begin reintegration for rank 62 -> 62 (experts=[96, 97, 98, 99, 100, 101, 102, 103, 104, 105, 106, 107, 108, 109, 110, 111], step=264)
INFO:megatron.core.transformer.moe.reintegration_barrier:BSR-MoE barrier: rank 62 -> REPAIRED_NOT_ROUTED (all preconditions met, step=264)
WARNING:megatron.core.transformer.moe.recovery_controller:[2026-05-20 15:51:10] BSR-MoE controller: reintegration barrier initialized for rank 62 (all preconditions marked, step=264)
WARNING:megatron.core.transformer.moe.recovery_controller:[2026-05-20 15:51:10] BSR-MoE controller: SAFE_POINT_REPAIR → REINTEGRATED (event=safe_point_repair_completed, step=264)
WARNING:megatron.core.transformer.moe.recovery_controller:[2026-05-20 15:51:10] BSR-MoE controller: ⏱️  ✅ SAFE-POINT REPAIR COMPLETED (path=HYBRID_RECOVERY, step=264, failed=62, replacement=62) | Total=23.946s | Breakdown: PhaseA=0.000s, PhaseB=23.945s, PhaseC=0.000s
WARNING:megatron.core.transformer.moe.recovery_controller:[2026-05-20 15:51:00] BSR-MoE controller: expert_restore (sync weights, deferred optimizer) elapsed=0.000s (step=264)
WARNING:megatron.core.transformer.moe.recovery_controller:[2026-05-20 15:51:18] BSR-MoE controller: ⏱️  [Phase B] Parameter recovery COMPLETED (path=HYBRID_RECOVERY, elapsed=32.450s)
INFO:megatron.core.transformer.moe.bsr_integration:BSR-MoE post-recovery convergence: views consistent after HYBRID_RECOVERY path (step=264)
WARNING:megatron.core.transformer.moe.recovery_controller:[2026-05-20 15:51:18] BSR-MoE controller: ⏱️  [Phase B→C] Post-recovery convergence completed (path=HYBRID_RECOVERY, elapsed=0.000s, step=264)
WARNING:megatron.core.transformer.moe.recovery_controller:[2026-05-20 15:51:18] BSR-MoE controller: ⏱️  [Phase C] Starting post-repair...
INFO:megatron.core.transformer.moe.reintegration_barrier:BSR-MoE barrier: begin reintegration for rank 62 -> 62 (experts=[96, 97, 98, 99, 100, 101, 102, 103, 104, 105, 106, 107, 108, 109, 110, 111], step=264)
INFO:megatron.core.transformer.moe.reintegration_barrier:BSR-MoE barrier: rank 62 -> REPAIRED_NOT_ROUTED (all preconditions met, step=264)
WARNING:megatron.core.transformer.moe.recovery_controller:[2026-05-20 15:51:18] BSR-MoE controller: reintegration barrier initialized for rank 62 (all preconditions marked, step=264)
WARNING:megatron.core.transformer.moe.recovery_controller:[2026-05-20 15:51:18] BSR-MoE controller: SAFE_POINT_REPAIR → REINTEGRATED (event=safe_point_repair_completed, step=264)
WARNING:megatron.core.transformer.moe.recovery_controller:[2026-05-20 15:51:18] BSR-MoE controller: ⏱️  ✅ SAFE-POINT REPAIR COMPLETED (path=HYBRID_RECOVERY, step=264, failed=62, replacement=62) | Total=32.451s | Breakdown: PhaseA=0.000s, PhaseB=32.450s, PhaseC=0.000s
INFO:megatron.core.transformer.moe.expert_directory:RecoveryManifest: loaded 6144 entries from /mnt/ais-c1/dataset/zds/find_multi_fault/5.20/step_250_faults_8/ckpt/iter_0000200/bsr_manifest.json (step=200)
WARNING:megatron.core.transformer.moe.bsr_integration:BSR-MoE expert_restore_fn: loaded manifest from /mnt/ais-c1/dataset/zds/find_multi_fault/5.20/step_250_faults_8/ckpt/iter_0000200 (step=200, entries=6144)
INFO:megatron.core.transformer.moe.bsr_integration:BSR-MoE expert_restore_fn: inferred MoE layers for PP stage 7/8: [43, 44, 45, 46, 47, 48]
WARNING:megatron.core.transformer.moe.bsr_integration:BSR-MoE expert_restore_fn: planned 96 expert-layer restores from affected expert ids (experts=[96, 97, 98, 99, 100, 101, 102, 103, 104, 105, 106, 107, 108, 109, 110, 111], pp_layers=[43, 44, 45, 46, 47, 48], checkpoint=/mnt/ais-c1/dataset/zds/find_multi_fault/5.20/step_250_faults_8/ckpt/iter_0000200, manifest_entries=6144)
INFO:megatron.core.transformer.moe.bsr_integration:BSR-MoE: loading checkpoint state dict from /mnt/ais-c1/dataset/zds/find_multi_fault/5.20/step_250_faults_8/ckpt/iter_0000200/mp_rank_00_007_006/model_optim_rng.pt (source_ep_rank=6)
WARNING:megatron.core.transformer.moe.recovery_controller:[2026-05-20 15:51:00] BSR-MoE controller: ⏱️  [Phase C] Starting post-repair...
INFO:megatron.core.transformer.moe.reintegration_barrier:BSR-MoE barrier: begin reintegration for rank 62 -> 62 (experts=[96, 97, 98, 99, 100, 101, 102, 103, 104, 105, 106, 107, 108, 109, 110, 111], step=264)
INFO:megatron.core.transformer.moe.reintegration_barrier:BSR-MoE barrier: rank 62 -> REPAIRED_NOT_ROUTED (all preconditions met, step=264)
WARNING:megatron.core.transformer.moe.recovery_controller:[2026-05-20 15:51:25] BSR-MoE controller: reintegration barrier initialized for rank 62 (all preconditions marked, step=264)
WARNING:megatron.core.transformer.moe.recovery_controller:[2026-05-20 15:51:25] BSR-MoE controller: SAFE_POINT_REPAIR → REINTEGRATED (event=safe_point_repair_completed, step=264)
WARNING:megatron.core.transformer.moe.recovery_controller:[2026-05-20 15:51:25] BSR-MoE controller: ⏱️  ✅ SAFE-POINT REPAIR COMPLETED (path=HYBRID_RECOVERY, step=264, failed=62, replacement=62) | Total=39.048s | Breakdown: PhaseA=0.000s, PhaseB=14.019s, PhaseC=25.029s
INFO:megatron.core.transformer.moe.bsr_integration:BSR-MoE: checkpoint state dict cached (466 keys). Sample keys: ['decoder.layers.0.self_attention.core_attention._extra_state', 'decoder.layers.0.self_attention.linear_proj.weight', 'decoder.layers.0.self_attention.linear_proj._extra_state', 'decoder.layers.0.self_attention.linear_qkv.layer_norm_weight', 'decoder.layers.0.self_attention.linear_qkv.weight', 'decoder.layers.0.self_attention.linear_qkv._extra_state', 'decoder.layers.0.self_attention.q_layernorm.weight', 'decoder.layers.0.self_attention.q_layernorm._extra_state', 'decoder.layers.0.self_attention.k_layernorm.weight', 'decoder.layers.0.self_attention.k_layernorm._extra_state']. Expert keys: ['decoder.layers.0.mlp.experts.local_experts.0.linear_fc1.weight', 'decoder.layers.0.mlp.experts.local_experts.0.linear_fc1._extra_state', 'decoder.layers.0.mlp.experts.local_experts.0.linear_fc2.weight', 'decoder.layers.0.mlp.experts.local_experts.0.linear_fc2._extra_state', 'decoder.layers.0.mlp.experts.local_experts.1.linear_fc1.weight']
INFO:megatron.core.transformer.moe.bsr_integration:BSR-MoE: loaded 2 params for expert (layer=43, global_id=96, local_idx=0) from /mnt/ais-c1/dataset/zds/find_multi_fault/5.20/step_250_faults_8/ckpt/iter_0000200
INFO:megatron.core.transformer.moe.bsr_integration:BSR-MoE: loaded 2 params for expert (layer=44, global_id=96, local_idx=0) from /mnt/ais-c1/dataset/zds/find_multi_fault/5.20/step_250_faults_8/ckpt/iter_0000200
INFO:megatron.core.transformer.moe.bsr_integration:BSR-MoE: loaded 2 params for expert (layer=45, global_id=96, local_idx=0) from /mnt/ais-c1/dataset/zds/find_multi_fault/5.20/step_250_faults_8/ckpt/iter_0000200
INFO:megatron.core.transformer.moe.bsr_integration:BSR-MoE: loaded 2 params for expert (layer=46, global_id=96, local_idx=0) from /mnt/ais-c1/dataset/zds/find_multi_fault/5.20/step_250_faults_8/ckpt/iter_0000200
INFO:megatron.core.transformer.moe.bsr_integration:BSR-MoE: loaded 2 params for expert (layer=47, global_id=96, local_idx=0) from /mnt/ais-c1/dataset/zds/find_multi_fault/5.20/step_250_faults_8/ckpt/iter_0000200
INFO:megatron.core.transformer.moe.bsr_integration:BSR-MoE: loaded 2 params for expert (layer=48, global_id=96, local_idx=0) from /mnt/ais-c1/dataset/zds/find_multi_fault/5.20/step_250_faults_8/ckpt/iter_0000200
INFO:megatron.core.transformer.moe.bsr_integration:BSR-MoE: loaded 2 params for expert (layer=43, global_id=97, local_idx=1) from /mnt/ais-c1/dataset/zds/find_multi_fault/5.20/step_250_faults_8/ckpt/iter_0000200
INFO:megatron.core.transformer.moe.bsr_integration:BSR-MoE: loaded 2 params for expert (layer=44, global_id=97, local_idx=1) from /mnt/ais-c1/dataset/zds/find_multi_fault/5.20/step_250_faults_8/ckpt/iter_0000200
INFO:megatron.core.transformer.moe.bsr_integration:BSR-MoE: loaded 2 params for expert (layer=45, global_id=97, local_idx=1) from /mnt/ais-c1/dataset/zds/find_multi_fault/5.20/step_250_faults_8/ckpt/iter_0000200
INFO:megatron.core.transformer.moe.bsr_integration:BSR-MoE: loaded 2 params for expert (layer=46, global_id=97, local_idx=1) from /mnt/ais-c1/dataset/zds/find_multi_fault/5.20/step_250_faults_8/ckpt/iter_0000200
INFO:megatron.core.transformer.moe.bsr_integration:BSR-MoE: loaded 2 params for expert (layer=47, global_id=97, local_idx=1) from /mnt/ais-c1/dataset/zds/find_multi_fault/5.20/step_250_faults_8/ckpt/iter_0000200
INFO:megatron.core.transformer.moe.bsr_integration:BSR-MoE: loaded 2 params for expert (layer=48, global_id=97, local_idx=1) from /mnt/ais-c1/dataset/zds/find_multi_fault/5.20/step_250_faults_8/ckpt/iter_0000200
INFO:megatron.core.transformer.moe.bsr_integration:BSR-MoE: loaded 2 params for expert (layer=43, global_id=98, local_idx=2) from /mnt/ais-c1/dataset/zds/find_multi_fault/5.20/step_250_faults_8/ckpt/iter_0000200
INFO:megatron.core.transformer.moe.bsr_integration:BSR-MoE: loaded 2 params for expert (layer=44, global_id=98, local_idx=2) from /mnt/ais-c1/dataset/zds/find_multi_fault/5.20/step_250_faults_8/ckpt/iter_0000200
INFO:megatron.core.transformer.moe.bsr_integration:BSR-MoE: loaded 2 params for expert (layer=45, global_id=98, local_idx=2) from /mnt/ais-c1/dataset/zds/find_multi_fault/5.20/step_250_faults_8/ckpt/iter_0000200
INFO:megatron.core.transformer.moe.bsr_integration:BSR-MoE: loaded 2 params for expert (layer=46, global_id=98, local_idx=2) from /mnt/ais-c1/dataset/zds/find_multi_fault/5.20/step_250_faults_8/ckpt/iter_0000200
INFO:megatron.core.transformer.moe.bsr_integration:BSR-MoE: loaded 2 params for expert (layer=47, global_id=98, local_idx=2) from /mnt/ais-c1/dataset/zds/find_multi_fault/5.20/step_250_faults_8/ckpt/iter_0000200
INFO:megatron.core.transformer.moe.bsr_integration:BSR-MoE: loaded 2 params for expert (layer=48, global_id=98, local_idx=2) from /mnt/ais-c1/dataset/zds/find_multi_fault/5.20/step_250_faults_8/ckpt/iter_0000200
INFO:megatron.core.transformer.moe.bsr_integration:BSR-MoE: loaded 2 params for expert (layer=43, global_id=99, local_idx=3) from /mnt/ais-c1/dataset/zds/find_multi_fault/5.20/step_250_faults_8/ckpt/iter_0000200
INFO:megatron.core.transformer.moe.bsr_integration:BSR-MoE: loaded 2 params for expert (layer=44, global_id=99, local_idx=3) from /mnt/ais-c1/dataset/zds/find_multi_fault/5.20/step_250_faults_8/ckpt/iter_0000200
INFO:megatron.core.transformer.moe.bsr_integration:BSR-MoE: loaded 2 params for expert (layer=45, global_id=99, local_idx=3) from /mnt/ais-c1/dataset/zds/find_multi_fault/5.20/step_250_faults_8/ckpt/iter_0000200
INFO:megatron.core.transformer.moe.bsr_integration:BSR-MoE: loaded 2 params for expert (layer=46, global_id=99, local_idx=3) from /mnt/ais-c1/dataset/zds/find_multi_fault/5.20/step_250_faults_8/ckpt/iter_0000200
INFO:megatron.core.transformer.moe.bsr_integration:BSR-MoE: loaded 2 params for expert (layer=47, global_id=99, local_idx=3) from /mnt/ais-c1/dataset/zds/find_multi_fault/5.20/step_250_faults_8/ckpt/iter_0000200
INFO:megatron.core.transformer.moe.bsr_integration:BSR-MoE: loaded 2 params for expert (layer=48, global_id=99, local_idx=3) from /mnt/ais-c1/dataset/zds/find_multi_fault/5.20/step_250_faults_8/ckpt/iter_0000200
INFO:megatron.core.transformer.moe.bsr_integration:BSR-MoE: loaded 2 params for expert (layer=43, global_id=100, local_idx=4) from /mnt/ais-c1/dataset/zds/find_multi_fault/5.20/step_250_faults_8/ckpt/iter_0000200
INFO:megatron.core.transformer.moe.bsr_integration:BSR-MoE: loaded 2 params for expert (layer=44, global_id=100, local_idx=4) from /mnt/ais-c1/dataset/zds/find_multi_fault/5.20/step_250_faults_8/ckpt/iter_0000200
INFO:megatron.core.transformer.moe.bsr_integration:BSR-MoE: loaded 2 params for expert (layer=45, global_id=100, local_idx=4) from /mnt/ais-c1/dataset/zds/find_multi_fault/5.20/step_250_faults_8/ckpt/iter_0000200
INFO:megatron.core.transformer.moe.bsr_integration:BSR-MoE: loaded 2 params for expert (layer=46, global_id=100, local_idx=4) from /mnt/ais-c1/dataset/zds/find_multi_fault/5.20/step_250_faults_8/ckpt/iter_0000200
INFO:megatron.core.transformer.moe.bsr_integration:BSR-MoE: loaded 2 params for expert (layer=47, global_id=100, local_idx=4) from /mnt/ais-c1/dataset/zds/find_multi_fault/5.20/step_250_faults_8/ckpt/iter_0000200
INFO:megatron.core.transformer.moe.bsr_integration:BSR-MoE: loaded 2 params for expert (layer=48, global_id=100, local_idx=4) from /mnt/ais-c1/dataset/zds/find_multi_fault/5.20/step_250_faults_8/ckpt/iter_0000200
INFO:megatron.core.transformer.moe.bsr_integration:BSR-MoE: loaded 2 params for expert (layer=43, global_id=101, local_idx=5) from /mnt/ais-c1/dataset/zds/find_multi_fault/5.20/step_250_faults_8/ckpt/iter_0000200
INFO:megatron.core.transformer.moe.bsr_integration:BSR-MoE: loaded 2 params for expert (layer=44, global_id=101, local_idx=5) from /mnt/ais-c1/dataset/zds/find_multi_fault/5.20/step_250_faults_8/ckpt/iter_0000200
INFO:megatron.core.transformer.moe.bsr_integration:BSR-MoE: loaded 2 params for expert (layer=45, global_id=101, local_idx=5) from /mnt/ais-c1/dataset/zds/find_multi_fault/5.20/step_250_faults_8/ckpt/iter_0000200
INFO:megatron.core.transformer.moe.bsr_integration:BSR-MoE: loaded 2 params for expert (layer=46, global_id=101, local_idx=5) from /mnt/ais-c1/dataset/zds/find_multi_fault/5.20/step_250_faults_8/ckpt/iter_0000200
INFO:megatron.core.transformer.moe.bsr_integration:BSR-MoE: loaded 2 params for expert (layer=47, global_id=101, local_idx=5) from /mnt/ais-c1/dataset/zds/find_multi_fault/5.20/step_250_faults_8/ckpt/iter_0000200
INFO:megatron.core.transformer.moe.bsr_integration:BSR-MoE: loaded 2 params for expert (layer=48, global_id=101, local_idx=5) from /mnt/ais-c1/dataset/zds/find_multi_fault/5.20/step_250_faults_8/ckpt/iter_0000200
INFO:megatron.core.transformer.moe.bsr_integration:BSR-MoE: loaded 2 params for expert (layer=43, global_id=102, local_idx=6) from /mnt/ais-c1/dataset/zds/find_multi_fault/5.20/step_250_faults_8/ckpt/iter_0000200
INFO:megatron.core.transformer.moe.bsr_integration:BSR-MoE: loaded 2 params for expert (layer=44, global_id=102, local_idx=6) from /mnt/ais-c1/dataset/zds/find_multi_fault/5.20/step_250_faults_8/ckpt/iter_0000200
INFO:megatron.core.transformer.moe.bsr_integration:BSR-MoE: loaded 2 params for expert (layer=45, global_id=102, local_idx=6) from /mnt/ais-c1/dataset/zds/find_multi_fault/5.20/step_250_faults_8/ckpt/iter_0000200
INFO:megatron.core.transformer.moe.bsr_integration:BSR-MoE: loaded 2 params for expert (layer=46, global_id=102, local_idx=6) from /mnt/ais-c1/dataset/zds/find_multi_fault/5.20/step_250_faults_8/ckpt/iter_0000200
INFO:megatron.core.transformer.moe.bsr_integration:BSR-MoE: loaded 2 params for expert (layer=47, global_id=102, local_idx=6) from /mnt/ais-c1/dataset/zds/find_multi_fault/5.20/step_250_faults_8/ckpt/iter_0000200
INFO:megatron.core.transformer.moe.bsr_integration:BSR-MoE: loaded 2 params for expert (layer=48, global_id=102, local_idx=6) from /mnt/ais-c1/dataset/zds/find_multi_fault/5.20/step_250_faults_8/ckpt/iter_0000200
INFO:megatron.core.transformer.moe.bsr_integration:BSR-MoE: loaded 2 params for expert (layer=43, global_id=103, local_idx=7) from /mnt/ais-c1/dataset/zds/find_multi_fault/5.20/step_250_faults_8/ckpt/iter_0000200
INFO:megatron.core.transformer.moe.bsr_integration:BSR-MoE: loaded 2 params for expert (layer=44, global_id=103, local_idx=7) from /mnt/ais-c1/dataset/zds/find_multi_fault/5.20/step_250_faults_8/ckpt/iter_0000200
INFO:megatron.core.transformer.moe.bsr_integration:BSR-MoE: loaded 2 params for expert (layer=45, global_id=103, local_idx=7) from /mnt/ais-c1/dataset/zds/find_multi_fault/5.20/step_250_faults_8/ckpt/iter_0000200
INFO:megatron.core.transformer.moe.bsr_integration:BSR-MoE: loaded 2 params for expert (layer=46, global_id=103, local_idx=7) from /mnt/ais-c1/dataset/zds/find_multi_fault/5.20/step_250_faults_8/ckpt/iter_0000200
INFO:megatron.core.transformer.moe.bsr_integration:BSR-MoE: loaded 2 params for expert (layer=47, global_id=103, local_idx=7) from /mnt/ais-c1/dataset/zds/find_multi_fault/5.20/step_250_faults_8/ckpt/iter_0000200
INFO:megatron.core.transformer.moe.bsr_integration:BSR-MoE: loaded 2 params for expert (layer=48, global_id=103, local_idx=7) from /mnt/ais-c1/dataset/zds/find_multi_fault/5.20/step_250_faults_8/ckpt/iter_0000200
INFO:megatron.core.transformer.moe.bsr_integration:BSR-MoE: loaded 2 params for expert (layer=43, global_id=104, local_idx=8) from /mnt/ais-c1/dataset/zds/find_multi_fault/5.20/step_250_faults_8/ckpt/iter_0000200
INFO:megatron.core.transformer.moe.bsr_integration:BSR-MoE: loaded 2 params for expert (layer=44, global_id=104, local_idx=8) from /mnt/ais-c1/dataset/zds/find_multi_fault/5.20/step_250_faults_8/ckpt/iter_0000200
INFO:megatron.core.transformer.moe.bsr_integration:BSR-MoE: loaded 2 params for expert (layer=45, global_id=104, local_idx=8) from /mnt/ais-c1/dataset/zds/find_multi_fault/5.20/step_250_faults_8/ckpt/iter_0000200
INFO:megatron.core.transformer.moe.bsr_integration:BSR-MoE: loaded 2 params for expert (layer=46, global_id=104, local_idx=8) from /mnt/ais-c1/dataset/zds/find_multi_fault/5.20/step_250_faults_8/ckpt/iter_0000200
INFO:megatron.core.transformer.moe.bsr_integration:BSR-MoE: loaded 2 params for expert (layer=47, global_id=104, local_idx=8) from /mnt/ais-c1/dataset/zds/find_multi_fault/5.20/step_250_faults_8/ckpt/iter_0000200
INFO:megatron.core.transformer.moe.bsr_integration:BSR-MoE: loaded 2 params for expert (layer=48, global_id=104, local_idx=8) from /mnt/ais-c1/dataset/zds/find_multi_fault/5.20/step_250_faults_8/ckpt/iter_0000200
INFO:megatron.core.transformer.moe.bsr_integration:BSR-MoE: loaded 2 params for expert (layer=43, global_id=105, local_idx=9) from /mnt/ais-c1/dataset/zds/find_multi_fault/5.20/step_250_faults_8/ckpt/iter_0000200
INFO:megatron.core.transformer.moe.bsr_integration:BSR-MoE: loaded 2 params for expert (layer=44, global_id=105, local_idx=9) from /mnt/ais-c1/dataset/zds/find_multi_fault/5.20/step_250_faults_8/ckpt/iter_0000200
INFO:megatron.core.transformer.moe.bsr_integration:BSR-MoE: loaded 2 params for expert (layer=45, global_id=105, local_idx=9) from /mnt/ais-c1/dataset/zds/find_multi_fault/5.20/step_250_faults_8/ckpt/iter_0000200
INFO:megatron.core.transformer.moe.bsr_integration:BSR-MoE: loaded 2 params for expert (layer=46, global_id=105, local_idx=9) from /mnt/ais-c1/dataset/zds/find_multi_fault/5.20/step_250_faults_8/ckpt/iter_0000200
INFO:megatron.core.transformer.moe.bsr_integration:BSR-MoE: loaded 2 params for expert (layer=47, global_id=105, local_idx=9) from /mnt/ais-c1/dataset/zds/find_multi_fault/5.20/step_250_faults_8/ckpt/iter_0000200
INFO:megatron.core.transformer.moe.bsr_integration:BSR-MoE: loaded 2 params for expert (layer=48, global_id=105, local_idx=9) from /mnt/ais-c1/dataset/zds/find_multi_fault/5.20/step_250_faults_8/ckpt/iter_0000200
INFO:megatron.core.transformer.moe.bsr_integration:BSR-MoE: loaded 2 params for expert (layer=43, global_id=106, local_idx=10) from /mnt/ais-c1/dataset/zds/find_multi_fault/5.20/step_250_faults_8/ckpt/iter_0000200
INFO:megatron.core.transformer.moe.bsr_integration:BSR-MoE: loaded 2 params for expert (layer=44, global_id=106, local_idx=10) from /mnt/ais-c1/dataset/zds/find_multi_fault/5.20/step_250_faults_8/ckpt/iter_0000200
INFO:megatron.core.transformer.moe.bsr_integration:BSR-MoE: loaded 2 params for expert (layer=45, global_id=106, local_idx=10) from /mnt/ais-c1/dataset/zds/find_multi_fault/5.20/step_250_faults_8/ckpt/iter_0000200
INFO:megatron.core.transformer.moe.bsr_integration:BSR-MoE: loaded 2 params for expert (layer=46, global_id=106, local_idx=10) from /mnt/ais-c1/dataset/zds/find_multi_fault/5.20/step_250_faults_8/ckpt/iter_0000200
INFO:megatron.core.transformer.moe.bsr_integration:BSR-MoE: loaded 2 params for expert (layer=47, global_id=106, local_idx=10) from /mnt/ais-c1/dataset/zds/find_multi_fault/5.20/step_250_faults_8/ckpt/iter_0000200
INFO:megatron.core.transformer.moe.bsr_integration:BSR-MoE: loaded 2 params for expert (layer=48, global_id=106, local_idx=10) from /mnt/ais-c1/dataset/zds/find_multi_fault/5.20/step_250_faults_8/ckpt/iter_0000200
INFO:megatron.core.transformer.moe.bsr_integration:BSR-MoE: loaded 2 params for expert (layer=43, global_id=107, local_idx=11) from /mnt/ais-c1/dataset/zds/find_multi_fault/5.20/step_250_faults_8/ckpt/iter_0000200
INFO:megatron.core.transformer.moe.bsr_integration:BSR-MoE: loaded 2 params for expert (layer=44, global_id=107, local_idx=11) from /mnt/ais-c1/dataset/zds/find_multi_fault/5.20/step_250_faults_8/ckpt/iter_0000200
INFO:megatron.core.transformer.moe.bsr_integration:BSR-MoE: loaded 2 params for expert (layer=45, global_id=107, local_idx=11) from /mnt/ais-c1/dataset/zds/find_multi_fault/5.20/step_250_faults_8/ckpt/iter_0000200
INFO:megatron.core.transformer.moe.bsr_integration:BSR-MoE: loaded 2 params for expert (layer=46, global_id=107, local_idx=11) from /mnt/ais-c1/dataset/zds/find_multi_fault/5.20/step_250_faults_8/ckpt/iter_0000200
INFO:megatron.core.transformer.moe.bsr_integration:BSR-MoE: loaded 2 params for expert (layer=47, global_id=107, local_idx=11) from /mnt/ais-c1/dataset/zds/find_multi_fault/5.20/step_250_faults_8/ckpt/iter_0000200
INFO:megatron.core.transformer.moe.bsr_integration:BSR-MoE: loaded 2 params for expert (layer=48, global_id=107, local_idx=11) from /mnt/ais-c1/dataset/zds/find_multi_fault/5.20/step_250_faults_8/ckpt/iter_0000200
INFO:megatron.core.transformer.moe.bsr_integration:BSR-MoE: loaded 2 params for expert (layer=43, global_id=108, local_idx=12) from /mnt/ais-c1/dataset/zds/find_multi_fault/5.20/step_250_faults_8/ckpt/iter_0000200
INFO:megatron.core.transformer.moe.bsr_integration:BSR-MoE: loaded 2 params for expert (layer=44, global_id=108, local_idx=12) from /mnt/ais-c1/dataset/zds/find_multi_fault/5.20/step_250_faults_8/ckpt/iter_0000200
INFO:megatron.core.transformer.moe.bsr_integration:BSR-MoE: loaded 2 params for expert (layer=45, global_id=108, local_idx=12) from /mnt/ais-c1/dataset/zds/find_multi_fault/5.20/step_250_faults_8/ckpt/iter_0000200
INFO:megatron.core.transformer.moe.bsr_integration:BSR-MoE: loaded 2 params for expert (layer=46, global_id=108, local_idx=12) from /mnt/ais-c1/dataset/zds/find_multi_fault/5.20/step_250_faults_8/ckpt/iter_0000200
INFO:megatron.core.transformer.moe.bsr_integration:BSR-MoE: loaded 2 params for expert (layer=47, global_id=108, local_idx=12) from /mnt/ais-c1/dataset/zds/find_multi_fault/5.20/step_250_faults_8/ckpt/iter_0000200
INFO:megatron.core.transformer.moe.bsr_integration:BSR-MoE: loaded 2 params for expert (layer=48, global_id=108, local_idx=12) from /mnt/ais-c1/dataset/zds/find_multi_fault/5.20/step_250_faults_8/ckpt/iter_0000200
INFO:megatron.core.transformer.moe.bsr_integration:BSR-MoE: loaded 2 params for expert (layer=43, global_id=109, local_idx=13) from /mnt/ais-c1/dataset/zds/find_multi_fault/5.20/step_250_faults_8/ckpt/iter_0000200
INFO:megatron.core.transformer.moe.bsr_integration:BSR-MoE: loaded 2 params for expert (layer=44, global_id=109, local_idx=13) from /mnt/ais-c1/dataset/zds/find_multi_fault/5.20/step_250_faults_8/ckpt/iter_0000200
INFO:megatron.core.transformer.moe.bsr_integration:BSR-MoE: loaded 2 params for expert (layer=45, global_id=109, local_idx=13) from /mnt/ais-c1/dataset/zds/find_multi_fault/5.20/step_250_faults_8/ckpt/iter_0000200
INFO:megatron.core.transformer.moe.bsr_integration:BSR-MoE: loaded 2 params for expert (layer=46, global_id=109, local_idx=13) from /mnt/ais-c1/dataset/zds/find_multi_fault/5.20/step_250_faults_8/ckpt/iter_0000200
INFO:megatron.core.transformer.moe.bsr_integration:BSR-MoE: loaded 2 params for expert (layer=47, global_id=109, local_idx=13) from /mnt/ais-c1/dataset/zds/find_multi_fault/5.20/step_250_faults_8/ckpt/iter_0000200
INFO:megatron.core.transformer.moe.bsr_integration:BSR-MoE: loaded 2 params for expert (layer=48, global_id=109, local_idx=13) from /mnt/ais-c1/dataset/zds/find_multi_fault/5.20/step_250_faults_8/ckpt/iter_0000200
INFO:megatron.core.transformer.moe.bsr_integration:BSR-MoE: loaded 2 params for expert (layer=43, global_id=110, local_idx=14) from /mnt/ais-c1/dataset/zds/find_multi_fault/5.20/step_250_faults_8/ckpt/iter_0000200
INFO:megatron.core.transformer.moe.bsr_integration:BSR-MoE: loaded 2 params for expert (layer=44, global_id=110, local_idx=14) from /mnt/ais-c1/dataset/zds/find_multi_fault/5.20/step_250_faults_8/ckpt/iter_0000200
INFO:megatron.core.transformer.moe.bsr_integration:BSR-MoE: loaded 2 params for expert (layer=45, global_id=110, local_idx=14) from /mnt/ais-c1/dataset/zds/find_multi_fault/5.20/step_250_faults_8/ckpt/iter_0000200
INFO:megatron.core.transformer.moe.bsr_integration:BSR-MoE: loaded 2 params for expert (layer=46, global_id=110, local_idx=14) from /mnt/ais-c1/dataset/zds/find_multi_fault/5.20/step_250_faults_8/ckpt/iter_0000200
INFO:megatron.core.transformer.moe.bsr_integration:BSR-MoE: loaded 2 params for expert (layer=47, global_id=110, local_idx=14) from /mnt/ais-c1/dataset/zds/find_multi_fault/5.20/step_250_faults_8/ckpt/iter_0000200
INFO:megatron.core.transformer.moe.bsr_integration:BSR-MoE: loaded 2 params for expert (layer=48, global_id=110, local_idx=14) from /mnt/ais-c1/dataset/zds/find_multi_fault/5.20/step_250_faults_8/ckpt/iter_0000200
INFO:megatron.core.transformer.moe.bsr_integration:BSR-MoE: loaded 2 params for expert (layer=43, global_id=111, local_idx=15) from /mnt/ais-c1/dataset/zds/find_multi_fault/5.20/step_250_faults_8/ckpt/iter_0000200
INFO:megatron.core.transformer.moe.bsr_integration:BSR-MoE: loaded 2 params for expert (layer=44, global_id=111, local_idx=15) from /mnt/ais-c1/dataset/zds/find_multi_fault/5.20/step_250_faults_8/ckpt/iter_0000200
INFO:megatron.core.transformer.moe.bsr_integration:BSR-MoE: loaded 2 params for expert (layer=45, global_id=111, local_idx=15) from /mnt/ais-c1/dataset/zds/find_multi_fault/5.20/step_250_faults_8/ckpt/iter_0000200
INFO:megatron.core.transformer.moe.bsr_integration:BSR-MoE: loaded 2 params for expert (layer=46, global_id=111, local_idx=15) from /mnt/ais-c1/dataset/zds/find_multi_fault/5.20/step_250_faults_8/ckpt/iter_0000200
INFO:megatron.core.transformer.moe.bsr_integration:BSR-MoE: loaded 2 params for expert (layer=47, global_id=111, local_idx=15) from /mnt/ais-c1/dataset/zds/find_multi_fault/5.20/step_250_faults_8/ckpt/iter_0000200
INFO:megatron.core.transformer.moe.bsr_integration:BSR-MoE: loaded 2 params for expert (layer=48, global_id=111, local_idx=15) from /mnt/ais-c1/dataset/zds/find_multi_fault/5.20/step_250_faults_8/ckpt/iter_0000200
WARNING:megatron.core.transformer.moe.stale_expert_restore:BSR-MoE: directory update failed for expert (layer=48, id=96): 'Expert (layer=48, expert=96) not in directory'
WARNING:megatron.core.transformer.moe.stale_expert_restore:BSR-MoE: directory update failed for expert (layer=48, id=97): 'Expert (layer=48, expert=97) not in directory'
WARNING:megatron.core.transformer.moe.stale_expert_restore:BSR-MoE: directory update failed for expert (layer=48, id=98): 'Expert (layer=48, expert=98) not in directory'
WARNING:megatron.core.transformer.moe.stale_expert_restore:BSR-MoE: directory update failed for expert (layer=48, id=99): 'Expert (layer=48, expert=99) not in directory'
WARNING:megatron.core.transformer.moe.stale_expert_restore:BSR-MoE: directory update failed for expert (layer=48, id=100): 'Expert (layer=48, expert=100) not in directory'
WARNING:megatron.core.transformer.moe.stale_expert_restore:BSR-MoE: directory update failed for expert (layer=48, id=101): 'Expert (layer=48, expert=101) not in directory'
WARNING:megatron.core.transformer.moe.stale_expert_restore:BSR-MoE: directory update failed for expert (layer=48, id=102): 'Expert (layer=48, expert=102) not in directory'
WARNING:megatron.core.transformer.moe.stale_expert_restore:BSR-MoE: directory update failed for expert (layer=48, id=103): 'Expert (layer=48, expert=103) not in directory'
WARNING:megatron.core.transformer.moe.stale_expert_restore:BSR-MoE: directory update failed for expert (layer=48, id=104): 'Expert (layer=48, expert=104) not in directory'
WARNING:megatron.core.transformer.moe.stale_expert_restore:BSR-MoE: directory update failed for expert (layer=48, id=105): 'Expert (layer=48, expert=105) not in directory'
WARNING:megatron.core.transformer.moe.stale_expert_restore:BSR-MoE: directory update failed for expert (layer=48, id=106): 'Expert (layer=48, expert=106) not in directory'
WARNING:megatron.core.transformer.moe.stale_expert_restore:BSR-MoE: directory update failed for expert (layer=48, id=107): 'Expert (layer=48, expert=107) not in directory'
WARNING:megatron.core.transformer.moe.stale_expert_restore:BSR-MoE: directory update failed for expert (layer=48, id=108): 'Expert (layer=48, expert=108) not in directory'
WARNING:megatron.core.transformer.moe.stale_expert_restore:BSR-MoE: directory update failed for expert (layer=48, id=109): 'Expert (layer=48, expert=109) not in directory'
WARNING:megatron.core.transformer.moe.stale_expert_restore:BSR-MoE: directory update failed for expert (layer=48, id=110): 'Expert (layer=48, expert=110) not in directory'
WARNING:megatron.core.transformer.moe.stale_expert_restore:BSR-MoE: directory update failed for expert (layer=48, id=111): 'Expert (layer=48, expert=111) not in directory'
INFO:megatron.core.transformer.moe.stale_expert_restore:BSR-MoE optimizer barrier: blocked 192 expert params for expert_ids=[96, 97, 98, 99, 100, 101, 102, 103, 104, 105, 106, 107, 108, 109, 110, 111] (total blocked=192)
WARNING:megatron.core.transformer.moe.stale_expert_restore:BSR-MoE stale expert restore: SUCCESS — restored 96/96 experts (transitions=0, directory=80, barrier=192, 19.28s)
WARNING:megatron.core.transformer.moe.bsr_integration:[2026-05-20 15:51:43] BSR-MoE expert_restore_fn: SUCCESS — restored 96 experts (0 state transitions, 80 directory updates, 192 barrier params, 19.28s)
WARNING:megatron.core.transformer.moe.two_phase_recovery:BSR-MoE two-phase: 96 experts → WEIGHTS_READY at step 264 (forward/backward ALLOWED, optimizer step BLOCKED)
INFO:megatron.core.transformer.moe.deferred_optimizer_load:BSR-MoE deferred loader: submitted load for expert (layer=43, id=96) at step 264 (location=)
INFO:megatron.core.transformer.moe.deferred_optimizer_load:BSR-MoE deferred loader: submitted load for expert (layer=44, id=96) at step 264 (location=)
INFO:megatron.core.transformer.moe.deferred_optimizer_load:BSR-MoE deferred loader: submitted load for expert (layer=45, id=96) at step 264 (location=)
INFO:megatron.core.transformer.moe.deferred_optimizer_load:BSR-MoE deferred loader: submitted load for expert (layer=46, id=96) at step 264 (location=)
INFO:megatron.core.transformer.moe.deferred_optimizer_load:BSR-MoE deferred loader: submitted load for expert (layer=47, id=96) at step 264 (location=)
INFO:megatron.core.transformer.moe.deferred_optimizer_load:BSR-MoE deferred loader: submitted load for expert (layer=48, id=96) at step 264 (location=)
INFO:megatron.core.transformer.moe.deferred_optimizer_load:BSR-MoE deferred loader: submitted load for expert (layer=43, id=97) at step 264 (location=)
INFO:megatron.core.transformer.moe.deferred_optimizer_load:BSR-MoE deferred loader: submitted load for expert (layer=44, id=97) at step 264 (location=)
INFO:megatron.core.transformer.moe.deferred_optimizer_load:BSR-MoE deferred loader: submitted load for expert (layer=45, id=97) at step 264 (location=)
INFO:megatron.core.transformer.moe.deferred_optimizer_load:BSR-MoE deferred loader: submitted load for expert (layer=46, id=97) at step 264 (location=)
INFO:megatron.core.transformer.moe.deferred_optimizer_load:BSR-MoE deferred loader: submitted load for expert (layer=47, id=97) at step 264 (location=)
INFO:megatron.core.transformer.moe.deferred_optimizer_load:BSR-MoE deferred loader: submitted load for expert (layer=48, id=97) at step 264 (location=)
INFO:megatron.core.transformer.moe.deferred_optimizer_load:BSR-MoE deferred loader: submitted load for expert (layer=43, id=98) at step 264 (location=)
INFO:megatron.core.transformer.moe.deferred_optimizer_load:BSR-MoE deferred loader: submitted load for expert (layer=44, id=98) at step 264 (location=)
INFO:megatron.core.transformer.moe.deferred_optimizer_load:BSR-MoE deferred loader: submitted load for expert (layer=45, id=98) at step 264 (location=)
INFO:megatron.core.transformer.moe.deferred_optimizer_load:BSR-MoE deferred loader: submitted load for expert (layer=46, id=98) at step 264 (location=)
INFO:megatron.core.transformer.moe.deferred_optimizer_load:BSR-MoE deferred loader: submitted load for expert (layer=47, id=98) at step 264 (location=)
INFO:megatron.core.transformer.moe.deferred_optimizer_load:BSR-MoE deferred loader: submitted load for expert (layer=48, id=98) at step 264 (location=)
INFO:megatron.core.transformer.moe.deferred_optimizer_load:BSR-MoE deferred loader: submitted load for expert (layer=43, id=99) at step 264 (location=)
INFO:megatron.core.transformer.moe.deferred_optimizer_load:BSR-MoE deferred loader: submitted load for expert (layer=44, id=99) at step 264 (location=)
INFO:megatron.core.transformer.moe.deferred_optimizer_load:BSR-MoE deferred loader: submitted load for expert (layer=45, id=99) at step 264 (location=)
INFO:megatron.core.transformer.moe.deferred_optimizer_load:BSR-MoE deferred loader: submitted load for expert (layer=46, id=99) at step 264 (location=)
INFO:megatron.core.transformer.moe.deferred_optimizer_load:BSR-MoE deferred loader: submitted load for expert (layer=47, id=99) at step 264 (location=)
INFO:megatron.core.transformer.moe.deferred_optimizer_load:BSR-MoE deferred loader: submitted load for expert (layer=48, id=99) at step 264 (location=)
INFO:megatron.core.transformer.moe.deferred_optimizer_load:BSR-MoE deferred loader: submitted load for expert (layer=43, id=100) at step 264 (location=)
INFO:megatron.core.transformer.moe.deferred_optimizer_load:BSR-MoE deferred loader: submitted load for expert (layer=44, id=100) at step 264 (location=)
INFO:megatron.core.transformer.moe.deferred_optimizer_load:BSR-MoE deferred loader: submitted load for expert (layer=45, id=100) at step 264 (location=)
INFO:megatron.core.transformer.moe.deferred_optimizer_load:BSR-MoE deferred loader: submitted load for expert (layer=46, id=100) at step 264 (location=)
INFO:megatron.core.transformer.moe.deferred_optimizer_load:BSR-MoE deferred loader: submitted load for expert (layer=47, id=100) at step 264 (location=)
INFO:megatron.core.transformer.moe.deferred_optimizer_load:BSR-MoE deferred loader: submitted load for expert (layer=48, id=100) at step 264 (location=)
INFO:megatron.core.transformer.moe.deferred_optimizer_load:BSR-MoE deferred loader: submitted load for expert (layer=43, id=101) at step 264 (location=)
INFO:megatron.core.transformer.moe.deferred_optimizer_load:BSR-MoE deferred loader: submitted load for expert (layer=44, id=101) at step 264 (location=)
INFO:megatron.core.transformer.moe.deferred_optimizer_load:BSR-MoE deferred loader: submitted load for expert (layer=45, id=101) at step 264 (location=)
INFO:megatron.core.transformer.moe.deferred_optimizer_load:BSR-MoE deferred loader: submitted load for expert (layer=46, id=101) at step 264 (location=)
INFO:megatron.core.transformer.moe.deferred_optimizer_load:BSR-MoE deferred loader: submitted load for expert (layer=47, id=101) at step 264 (location=)
INFO:megatron.core.transformer.moe.deferred_optimizer_load:BSR-MoE deferred loader: submitted load for expert (layer=48, id=101) at step 264 (location=)
INFO:megatron.core.transformer.moe.deferred_optimizer_load:BSR-MoE deferred loader: submitted load for expert (layer=43, id=102) at step 264 (location=)
INFO:megatron.core.transformer.moe.deferred_optimizer_load:BSR-MoE deferred loader: submitted load for expert (layer=44, id=102) at step 264 (location=)
INFO:megatron.core.transformer.moe.deferred_optimizer_load:BSR-MoE deferred loader: submitted load for expert (layer=45, id=102) at step 264 (location=)
INFO:megatron.core.transformer.moe.deferred_optimizer_load:BSR-MoE deferred loader: submitted load for expert (layer=46, id=102) at step 264 (location=)
INFO:megatron.core.transformer.moe.deferred_optimizer_load:BSR-MoE deferred loader: submitted load for expert (layer=47, id=102) at step 264 (location=)
INFO:megatron.core.transformer.moe.deferred_optimizer_load:BSR-MoE deferred loader: submitted load for expert (layer=48, id=102) at step 264 (location=)
INFO:megatron.core.transformer.moe.deferred_optimizer_load:BSR-MoE deferred loader: submitted load for expert (layer=43, id=103) at step 264 (location=)
INFO:megatron.core.transformer.moe.deferred_optimizer_load:BSR-MoE deferred loader: submitted load for expert (layer=44, id=103) at step 264 (location=)
INFO:megatron.core.transformer.moe.deferred_optimizer_load:BSR-MoE deferred loader: submitted load for expert (layer=45, id=103) at step 264 (location=)
INFO:megatron.core.transformer.moe.deferred_optimizer_load:BSR-MoE deferred loader: submitted load for expert (layer=46, id=103) at step 264 (location=)
INFO:megatron.core.transformer.moe.deferred_optimizer_load:BSR-MoE deferred loader: submitted load for expert (layer=47, id=103) at step 264 (location=)
INFO:megatron.core.transformer.moe.deferred_optimizer_load:BSR-MoE deferred loader: submitted load for expert (layer=48, id=103) at step 264 (location=)
INFO:megatron.core.transformer.moe.deferred_optimizer_load:BSR-MoE deferred loader: submitted load for expert (layer=43, id=104) at step 264 (location=)
INFO:megatron.core.transformer.moe.deferred_optimizer_load:BSR-MoE deferred loader: submitted load for expert (layer=44, id=104) at step 264 (location=)
INFO:megatron.core.transformer.moe.deferred_optimizer_load:BSR-MoE deferred loader: submitted load for expert (layer=45, id=104) at step 264 (location=)
INFO:megatron.core.transformer.moe.deferred_optimizer_load:BSR-MoE deferred loader: submitted load for expert (layer=46, id=104) at step 264 (location=)
INFO:megatron.core.transformer.moe.deferred_optimizer_load:BSR-MoE deferred loader: submitted load for expert (layer=47, id=104) at step 264 (location=)
INFO:megatron.core.transformer.moe.deferred_optimizer_load:BSR-MoE deferred loader: submitted load for expert (layer=48, id=104) at step 264 (location=)
INFO:megatron.core.transformer.moe.deferred_optimizer_load:BSR-MoE deferred loader: submitted load for expert (layer=43, id=105) at step 264 (location=)
INFO:megatron.core.transformer.moe.deferred_optimizer_load:BSR-MoE deferred loader: submitted load for expert (layer=44, id=105) at step 264 (location=)
INFO:megatron.core.transformer.moe.deferred_optimizer_load:BSR-MoE deferred loader: submitted load for expert (layer=45, id=105) at step 264 (location=)
INFO:megatron.core.transformer.moe.deferred_optimizer_load:BSR-MoE deferred loader: submitted load for expert (layer=46, id=105) at step 264 (location=)
INFO:megatron.core.transformer.moe.deferred_optimizer_load:BSR-MoE deferred loader: submitted load for expert (layer=47, id=105) at step 264 (location=)
INFO:megatron.core.transformer.moe.deferred_optimizer_load:BSR-MoE deferred loader: submitted load for expert (layer=48, id=105) at step 264 (location=)
INFO:megatron.core.transformer.moe.deferred_optimizer_load:BSR-MoE deferred loader: submitted load for expert (layer=43, id=106) at step 264 (location=)
INFO:megatron.core.transformer.moe.deferred_optimizer_load:BSR-MoE deferred loader: submitted load for expert (layer=44, id=106) at step 264 (location=)
INFO:megatron.core.transformer.moe.deferred_optimizer_load:BSR-MoE deferred loader: submitted load for expert (layer=45, id=106) at step 264 (location=)
INFO:megatron.core.transformer.moe.deferred_optimizer_load:BSR-MoE deferred loader: submitted load for expert (layer=46, id=106) at step 264 (location=)
INFO:megatron.core.transformer.moe.deferred_optimizer_load:BSR-MoE deferred loader: submitted load for expert (layer=47, id=106) at step 264 (location=)
INFO:megatron.core.transformer.moe.deferred_optimizer_load:BSR-MoE deferred loader: submitted load for expert (layer=48, id=106) at step 264 (location=)
INFO:megatron.core.transformer.moe.deferred_optimizer_load:BSR-MoE deferred loader: submitted load for expert (layer=43, id=107) at step 264 (location=)
INFO:megatron.core.transformer.moe.deferred_optimizer_load:BSR-MoE deferred loader: submitted load for expert (layer=44, id=107) at step 264 (location=)
INFO:megatron.core.transformer.moe.deferred_optimizer_load:BSR-MoE deferred loader: submitted load for expert (layer=45, id=107) at step 264 (location=)
INFO:megatron.core.transformer.moe.deferred_optimizer_load:BSR-MoE deferred loader: submitted load for expert (layer=46, id=107) at step 264 (location=)
INFO:megatron.core.transformer.moe.deferred_optimizer_load:BSR-MoE deferred loader: submitted load for expert (layer=47, id=107) at step 264 (location=)
INFO:megatron.core.transformer.moe.deferred_optimizer_load:BSR-MoE deferred loader: submitted load for expert (layer=48, id=107) at step 264 (location=)
INFO:megatron.core.transformer.moe.deferred_optimizer_load:BSR-MoE deferred loader: submitted load for expert (layer=43, id=108) at step 264 (location=)
INFO:megatron.core.transformer.moe.deferred_optimizer_load:BSR-MoE deferred loader: submitted load for expert (layer=44, id=108) at step 264 (location=)
INFO:megatron.core.transformer.moe.deferred_optimizer_load:BSR-MoE deferred loader: submitted load for expert (layer=45, id=108) at step 264 (location=)
INFO:megatron.core.transformer.moe.deferred_optimizer_load:BSR-MoE deferred loader: submitted load for expert (layer=46, id=108) at step 264 (location=)
INFO:megatron.core.transformer.moe.deferred_optimizer_load:BSR-MoE deferred loader: submitted load for expert (layer=47, id=108) at step 264 (location=)
INFO:megatron.core.transformer.moe.deferred_optimizer_load:BSR-MoE deferred loader: submitted load for expert (layer=48, id=108) at step 264 (location=)
INFO:megatron.core.transformer.moe.deferred_optimizer_load:BSR-MoE deferred loader: submitted load for expert (layer=43, id=109) at step 264 (location=)
INFO:megatron.core.transformer.moe.deferred_optimizer_load:BSR-MoE deferred loader: submitted load for expert (layer=44, id=109) at step 264 (location=)
INFO:megatron.core.transformer.moe.deferred_optimizer_load:BSR-MoE deferred loader: submitted load for expert (layer=45, id=109) at step 264 (location=)
INFO:megatron.core.transformer.moe.deferred_optimizer_load:BSR-MoE deferred loader: submitted load for expert (layer=46, id=109) at step 264 (location=)
INFO:megatron.core.transformer.moe.deferred_optimizer_load:BSR-MoE deferred loader: submitted load for expert (layer=47, id=109) at step 264 (location=)
INFO:megatron.core.transformer.moe.deferred_optimizer_load:BSR-MoE deferred loader: submitted load for expert (layer=48, id=109) at step 264 (location=)
INFO:megatron.core.transformer.moe.deferred_optimizer_load:BSR-MoE deferred loader: submitted load for expert (layer=43, id=110) at step 264 (location=)
INFO:megatron.core.transformer.moe.deferred_optimizer_load:BSR-MoE deferred loader: submitted load for expert (layer=44, id=110) at step 264 (location=)
INFO:megatron.core.transformer.moe.deferred_optimizer_load:BSR-MoE deferred loader: submitted load for expert (layer=45, id=110) at step 264 (location=)
INFO:megatron.core.transformer.moe.deferred_optimizer_load:BSR-MoE deferred loader: submitted load for expert (layer=46, id=110) at step 264 (location=)
INFO:megatron.core.transformer.moe.deferred_optimizer_load:BSR-MoE deferred loader: submitted load for expert (layer=47, id=110) at step 264 (location=)
INFO:megatron.core.transformer.moe.deferred_optimizer_load:BSR-MoE deferred loader: submitted load for expert (layer=48, id=110) at step 264 (location=)
INFO:megatron.core.transformer.moe.deferred_optimizer_load:BSR-MoE deferred loader: submitted load for expert (layer=43, id=111) at step 264 (location=)
INFO:megatron.core.transformer.moe.deferred_optimizer_load:BSR-MoE deferred loader: submitted load for expert (layer=44, id=111) at step 264 (location=)
INFO:megatron.core.transformer.moe.deferred_optimizer_load:BSR-MoE deferred loader: submitted load for expert (layer=45, id=111) at step 264 (location=)
INFO:megatron.core.transformer.moe.deferred_optimizer_load:BSR-MoE deferred loader: submitted load for expert (layer=46, id=111) at step 264 (location=)
INFO:megatron.core.transformer.moe.deferred_optimizer_load:BSR-MoE deferred loader: submitted load for expert (layer=47, id=111) at step 264 (location=)
INFO:megatron.core.transformer.moe.deferred_optimizer_load:BSR-MoE deferred loader: submitted load for expert (layer=48, id=111) at step 264 (location=)
WARNING:megatron.core.transformer.moe.bsr_integration:[2026-05-20 15:51:46] BSR-MoE expert_restore_fn: submitted 96 optimizer state load requests
INFO:megatron.core.transformer.moe.two_phase_recovery:BSR-MoE two-phase: 96 experts → OPTIMIZER_PENDING at step 264
WARNING:megatron.core.transformer.moe.unified_reintegration:[15:51:46] BSR-MoE unified convergence: starting post-recovery sequence (path=HYBRID_RECOVERY, failed=62, replacement=62, experts=16, step=264)
INFO:megatron.core.transformer.moe.recovery_controller:ExpertRecoveryTracker: experts [96, 97, 98, 99, 100, 101, 102, 103, 104, 105, 106, 107, 108, 109, 110, 111] → STALE_RUNNABLE (step=264)
WARNING:megatron.core.transformer.moe.unified_reintegration:[15:51:46] BSR-MoE unified convergence: ⏱️  [1/5] mark_stale_runnable done (marked=16, time=0.000s)
WARNING:megatron.core.transformer.moe.unified_reintegration:[15:51:46] BSR-MoE unified convergence: ⏱️  [2/5] verify_consistency done (consistent=True, issues=0, time=0.000s)
WARNING:megatron.core.transformer.moe.unified_reintegration:[15:51:46] BSR-MoE unified convergence: ⏱️  [3/5] preferential_routing done (enabled=False, activated=0, time=0.000s)
WARNING:megatron.core.transformer.moe.unified_reintegration:[15:51:46] BSR-MoE unified convergence: ⏱️  [4/5] deferred_optimizer done (submitted=0, time=0.000s)
WARNING:megatron.core.transformer.moe.unified_reintegration:[15:51:46] BSR-MoE unified convergence: ⏱️  [5/5] two_phase_recovery done (driven=True, time=0.000s)
WARNING:megatron.core.transformer.moe.unified_reintegration:[15:51:46] BSR-MoE unified convergence: ⏱️  ✅ COMPLETED (path=HYBRID_RECOVERY, total=0.000s, step=264) | Breakdown: mark_stale=0.000s, verify=0.000s, pref_routing=0.000s, deferred_opt=0.000s, two_phase=0.000s
INFO:megatron.core.transformer.moe.bsr_integration:[2026-05-20 15:51:46] BSR-MoE expert_restore_fn: unified convergence completed (consistent=True, elapsed=0.000s)
WARNING:megatron.core.transformer.moe.recovery_controller:[2026-05-20 15:51:46] BSR-MoE controller: expert_restore (sync weights, deferred optimizer) elapsed=45.889s (step=264)
WARNING:megatron.core.transformer.moe.recovery_controller:[2026-05-20 15:51:46] BSR-MoE controller: ⏱️  [Phase B] Parameter recovery COMPLETED (path=HYBRID_RECOVERY, elapsed=47.908s)
INFO:megatron.core.transformer.moe.bsr_integration:BSR-MoE post-recovery convergence: views consistent after HYBRID_RECOVERY path (step=264)
WARNING:megatron.core.transformer.moe.recovery_controller:[2026-05-20 15:51:46] BSR-MoE controller: ⏱️  [Phase B→C] Post-recovery convergence completed (path=HYBRID_RECOVERY, elapsed=0.000s, step=264)
WARNING:megatron.core.transformer.moe.recovery_controller:[2026-05-20 15:51:46] BSR-MoE controller: ⏱️  [Phase C] Starting post-repair...
INFO:megatron.core.transformer.moe.reintegration_barrier:BSR-MoE barrier: begin reintegration for rank 62 -> 62 (experts=[96, 97, 98, 99, 100, 101, 102, 103, 104, 105, 106, 107, 108, 109, 110, 111], step=264)
INFO:megatron.core.transformer.moe.reintegration_barrier:BSR-MoE barrier: rank 62 -> REPAIRED_NOT_ROUTED (all preconditions met, step=264)
WARNING:megatron.core.transformer.moe.recovery_controller:[2026-05-20 15:51:46] BSR-MoE controller: reintegration barrier initialized for rank 62 (all preconditions marked, step=264)
WARNING:megatron.core.transformer.moe.recovery_controller:[2026-05-20 15:51:46] BSR-MoE controller: SAFE_POINT_REPAIR → REINTEGRATED (event=safe_point_repair_completed, step=264)
WARNING:megatron.core.transformer.moe.recovery_controller:[2026-05-20 15:51:46] BSR-MoE controller: ⏱️  ✅ SAFE-POINT REPAIR COMPLETED (path=HYBRID_RECOVERY, step=264, failed=62, replacement=62) | Total=59.903s | Breakdown: PhaseA=11.994s, PhaseB=47.908s, PhaseC=0.000s
WARNING:megatron.core.transformer.moe.optimizer_commit_guard:BSR-MoE OptimizerCommitGuard: BLOCKING optimizer.step() at step 264 — explicitly blocked (reason=hard_failure_rank_62_step_264)
WARNING:megatron.core.transformer.moe.optimizer_commit_guard:BSR-MoE OptimizerCommitGuard: BLOCKING optimizer.step() at step 264 — explicitly blocked (reason=hard_failure_rank_62_step_264)
INFO:megatron.core.transformer.moe.optimizer_commit_guard:BSR-MoE OptimizerCommitGuard: optimizer.step() SKIPPED at step 264 (reason: iteration_invalidated)
INFO:megatron.core.transformer.moe.optimizer_commit_guard:BSR-MoE OptimizerCommitGuard: optimizer.step() SKIPPED at step 264 (reason: iteration_invalidated)
WARNING:megatron.core.transformer.moe.optimizer_commit_guard:BSR-MoE OptimizerCommitGuard: BLOCKING optimizer.step() at step 264 — explicitly blocked (reason=hard_failure_rank_62_step_264)
INFO:megatron.core.transformer.moe.optimizer_commit_guard:BSR-MoE OptimizerCommitGuard: optimizer.step() SKIPPED at step 264 (reason: iteration_invalidated)
WARNING:megatron.core.transformer.moe.optimizer_commit_guard:BSR-MoE OptimizerCommitGuard: BLOCKING optimizer.step() at step 264 — explicitly blocked (reason=hard_failure_rank_62_step_264)
WARNING:megatron.core.transformer.moe.optimizer_commit_guard:BSR-MoE OptimizerCommitGuard: BLOCKING optimizer.step() at step 264 — explicitly blocked (reason=hard_failure_rank_62_step_264)
INFO:megatron.core.transformer.moe.optimizer_commit_guard:BSR-MoE OptimizerCommitGuard: optimizer.step() SKIPPED at step 264 (reason: iteration_invalidated)
INFO:megatron.core.transformer.moe.optimizer_commit_guard:BSR-MoE OptimizerCommitGuard: optimizer.step() SKIPPED at step 264 (reason: iteration_invalidated)
WARNING:megatron.core.transformer.moe.optimizer_commit_guard:BSR-MoE OptimizerCommitGuard: BLOCKING optimizer.step() at step 264 — explicitly blocked (reason=hard_failure_rank_62_step_264)
INFO:megatron.core.transformer.moe.optimizer_commit_guard:BSR-MoE OptimizerCommitGuard: optimizer.step() SKIPPED at step 264 (reason: iteration_invalidated)
WARNING:megatron.core.transformer.moe.optimizer_commit_guard:BSR-MoE OptimizerCommitGuard: BLOCKING optimizer.step() at step 264 — explicitly blocked (reason=hard_failure_rank_62_step_264)
INFO:megatron.core.transformer.moe.optimizer_commit_guard:BSR-MoE OptimizerCommitGuard: optimizer.step() SKIPPED at step 264 (reason: iteration_invalidated)
WARNING:megatron.core.transformer.moe.optimizer_commit_guard:BSR-MoE OptimizerCommitGuard: BLOCKING optimizer.step() at step 264 — explicitly blocked (reason=hard_failure_rank_62_step_264)
INFO:megatron.core.transformer.moe.optimizer_commit_guard:BSR-MoE OptimizerCommitGuard: optimizer.step() SKIPPED at step 264 (reason: iteration_invalidated)
INFO:megatron.core.transformer.moe.deferred_optimizer_load:BSR-MoE deferred loader: submitted async optimizer load for expert (layer=43, id=96) at step 264 (req_id=optim_43_96_d5ec2020)
INFO:megatron.core.transformer.moe.deferred_optimizer_load:BSR-MoE deferred loader: submitted async optimizer load for expert (layer=44, id=96) at step 264 (req_id=optim_44_96_06c05bc9)
INFO:megatron.core.transformer.moe.deferred_optimizer_load:BSR-MoE deferred loader: submitted async optimizer load for expert (layer=45, id=96) at step 264 (req_id=optim_45_96_42c9cbf1)
INFO:megatron.core.transformer.moe.deferred_optimizer_load:BSR-MoE deferred loader: submitted async optimizer load for expert (layer=46, id=96) at step 264 (req_id=optim_46_96_e82407d2)
INFO:megatron.core.transformer.moe.deferred_optimizer_load:BSR-MoE deferred loader: submitted async optimizer load for expert (layer=47, id=96) at step 264 (req_id=optim_47_96_f4057261)
INFO:megatron.core.transformer.moe.deferred_optimizer_load:BSR-MoE deferred loader: submitted async optimizer load for expert (layer=48, id=96) at step 264 (req_id=optim_48_96_165f55e8)
INFO:megatron.core.transformer.moe.deferred_optimizer_load:BSR-MoE deferred loader: submitted async optimizer load for expert (layer=43, id=97) at step 264 (req_id=optim_43_97_b975b3e4)
INFO:megatron.core.transformer.moe.deferred_optimizer_load:BSR-MoE deferred loader: submitted async optimizer load for expert (layer=44, id=97) at step 264 (req_id=optim_44_97_0f00a52b)
INFO:megatron.core.transformer.moe.deferred_optimizer_load:BSR-MoE deferred loader: submitted async optimizer load for expert (layer=45, id=97) at step 264 (req_id=optim_45_97_9b40785a)
INFO:megatron.core.transformer.moe.deferred_optimizer_load:BSR-MoE deferred loader: submitted async optimizer load for expert (layer=46, id=97) at step 264 (req_id=optim_46_97_2220f42c)
INFO:megatron.core.transformer.moe.deferred_optimizer_load:BSR-MoE deferred loader: submitted async optimizer load for expert (layer=47, id=97) at step 264 (req_id=optim_47_97_c2ad1ca7)
INFO:megatron.core.transformer.moe.deferred_optimizer_load:BSR-MoE deferred loader: submitted async optimizer load for expert (layer=48, id=97) at step 264 (req_id=optim_48_97_7733e36c)
INFO:megatron.core.transformer.moe.deferred_optimizer_load:BSR-MoE deferred loader: submitted async optimizer load for expert (layer=43, id=98) at step 264 (req_id=optim_43_98_4ca93cfc)
INFO:megatron.core.transformer.moe.deferred_optimizer_load:BSR-MoE deferred loader: submitted async optimizer load for expert (layer=44, id=98) at step 264 (req_id=optim_44_98_86e03b70)
INFO:megatron.core.transformer.moe.deferred_optimizer_load:BSR-MoE deferred loader: submitted async optimizer load for expert (layer=45, id=98) at step 264 (req_id=optim_45_98_a1a58376)
INFO:megatron.core.transformer.moe.deferred_optimizer_load:BSR-MoE deferred loader: submitted async optimizer load for expert (layer=46, id=98) at step 264 (req_id=optim_46_98_8255c222)
INFO:megatron.core.transformer.moe.deferred_optimizer_load:BSR-MoE deferred loader: submitted async optimizer load for expert (layer=47, id=98) at step 264 (req_id=optim_47_98_8939ff6e)
INFO:megatron.core.transformer.moe.deferred_optimizer_load:BSR-MoE deferred loader: submitted async optimizer load for expert (layer=48, id=98) at step 264 (req_id=optim_48_98_670ae489)
INFO:megatron.core.transformer.moe.deferred_optimizer_load:BSR-MoE deferred loader: submitted async optimizer load for expert (layer=43, id=99) at step 264 (req_id=optim_43_99_427b52f5)
INFO:megatron.core.transformer.moe.deferred_optimizer_load:BSR-MoE deferred loader: submitted async optimizer load for expert (layer=44, id=99) at step 264 (req_id=optim_44_99_fac363f7)
INFO:megatron.core.transformer.moe.deferred_optimizer_load:BSR-MoE deferred loader: submitted async optimizer load for expert (layer=45, id=99) at step 264 (req_id=optim_45_99_b7a0faf4)
INFO:megatron.core.transformer.moe.deferred_optimizer_load:BSR-MoE deferred loader: submitted async optimizer load for expert (layer=46, id=99) at step 264 (req_id=optim_46_99_bfd8b12b)
INFO:megatron.core.transformer.moe.deferred_optimizer_load:BSR-MoE deferred loader: submitted async optimizer load for expert (layer=47, id=99) at step 264 (req_id=optim_47_99_40434af2)
INFO:megatron.core.transformer.moe.deferred_optimizer_load:BSR-MoE deferred loader: submitted async optimizer load for expert (layer=48, id=99) at step 264 (req_id=optim_48_99_33b96a39)
INFO:megatron.core.transformer.moe.deferred_optimizer_load:BSR-MoE deferred loader: submitted async optimizer load for expert (layer=43, id=100) at step 264 (req_id=optim_43_100_c893f0c3)
INFO:megatron.core.transformer.moe.deferred_optimizer_load:BSR-MoE deferred loader: submitted async optimizer load for expert (layer=44, id=100) at step 264 (req_id=optim_44_100_9d011508)
INFO:megatron.core.transformer.moe.deferred_optimizer_load:BSR-MoE deferred loader: submitted async optimizer load for expert (layer=45, id=100) at step 264 (req_id=optim_45_100_a1c74e44)
INFO:megatron.core.transformer.moe.deferred_optimizer_load:BSR-MoE deferred loader: submitted async optimizer load for expert (layer=46, id=100) at step 264 (req_id=optim_46_100_346a7a11)
INFO:megatron.core.transformer.moe.deferred_optimizer_load:BSR-MoE deferred loader: submitted async optimizer load for expert (layer=47, id=100) at step 264 (req_id=optim_47_100_396e176e)
INFO:megatron.core.transformer.moe.deferred_optimizer_load:BSR-MoE deferred loader: submitted async optimizer load for expert (layer=48, id=100) at step 264 (req_id=optim_48_100_dd48d3f2)
INFO:megatron.core.transformer.moe.deferred_optimizer_load:BSR-MoE deferred loader: submitted async optimizer load for expert (layer=43, id=101) at step 264 (req_id=optim_43_101_8cc13ad7)
INFO:megatron.core.transformer.moe.deferred_optimizer_load:BSR-MoE deferred loader: submitted async optimizer load for expert (layer=44, id=101) at step 264 (req_id=optim_44_101_b9239f59)
INFO:megatron.core.transformer.moe.deferred_optimizer_load:BSR-MoE deferred loader: submitted async optimizer load for expert (layer=45, id=101) at step 264 (req_id=optim_45_101_0ab2d76b)
INFO:megatron.core.transformer.moe.deferred_optimizer_load:BSR-MoE deferred loader: submitted async optimizer load for expert (layer=46, id=101) at step 264 (req_id=optim_46_101_083ba830)
INFO:megatron.core.transformer.moe.deferred_optimizer_load:BSR-MoE deferred loader: submitted async optimizer load for expert (layer=47, id=101) at step 264 (req_id=optim_47_101_24faa9ae)
INFO:megatron.core.transformer.moe.deferred_optimizer_load:BSR-MoE deferred loader: submitted async optimizer load for expert (layer=48, id=101) at step 264 (req_id=optim_48_101_16f2da3a)
INFO:megatron.core.transformer.moe.deferred_optimizer_load:BSR-MoE deferred loader: submitted async optimizer load for expert (layer=43, id=102) at step 264 (req_id=optim_43_102_f82be0b1)
INFO:megatron.core.transformer.moe.deferred_optimizer_load:BSR-MoE deferred loader: submitted async optimizer load for expert (layer=44, id=102) at step 264 (req_id=optim_44_102_56632061)
INFO:megatron.core.transformer.moe.deferred_optimizer_load:BSR-MoE deferred loader: submitted async optimizer load for expert (layer=45, id=102) at step 264 (req_id=optim_45_102_ec53ff3f)
INFO:megatron.core.transformer.moe.deferred_optimizer_load:BSR-MoE deferred loader: submitted async optimizer load for expert (layer=46, id=102) at step 264 (req_id=optim_46_102_998c4e27)
INFO:megatron.core.transformer.moe.deferred_optimizer_load:BSR-MoE deferred loader: submitted async optimizer load for expert (layer=47, id=102) at step 264 (req_id=optim_47_102_56d3cfbc)
INFO:megatron.core.transformer.moe.deferred_optimizer_load:BSR-MoE deferred loader: submitted async optimizer load for expert (layer=48, id=102) at step 264 (req_id=optim_48_102_3ea44fc5)
INFO:megatron.core.transformer.moe.deferred_optimizer_load:BSR-MoE deferred loader: submitted async optimizer load for expert (layer=43, id=103) at step 264 (req_id=optim_43_103_c3b320ec)
INFO:megatron.core.transformer.moe.deferred_optimizer_load:BSR-MoE deferred loader: submitted async optimizer load for expert (layer=44, id=103) at step 264 (req_id=optim_44_103_27a65e12)
INFO:megatron.core.transformer.moe.deferred_optimizer_load:BSR-MoE deferred loader: submitted async optimizer load for expert (layer=45, id=103) at step 264 (req_id=optim_45_103_737e38df)
INFO:megatron.core.transformer.moe.deferred_optimizer_load:BSR-MoE deferred loader: submitted async optimizer load for expert (layer=46, id=103) at step 264 (req_id=optim_46_103_c2268f4e)
INFO:megatron.core.transformer.moe.deferred_optimizer_load:BSR-MoE deferred loader: submitted async optimizer load for expert (layer=47, id=103) at step 264 (req_id=optim_47_103_6485ec1d)
INFO:megatron.core.transformer.moe.deferred_optimizer_load:BSR-MoE deferred loader: submitted async optimizer load for expert (layer=48, id=103) at step 264 (req_id=optim_48_103_72a1e3a8)
INFO:megatron.core.transformer.moe.deferred_optimizer_load:BSR-MoE deferred loader: submitted async optimizer load for expert (layer=43, id=104) at step 264 (req_id=optim_43_104_77b0b066)
INFO:megatron.core.transformer.moe.deferred_optimizer_load:BSR-MoE deferred loader: submitted async optimizer load for expert (layer=44, id=104) at step 264 (req_id=optim_44_104_42a4ec3b)
INFO:megatron.core.transformer.moe.deferred_optimizer_load:BSR-MoE deferred loader: submitted async optimizer load for expert (layer=45, id=104) at step 264 (req_id=optim_45_104_2432e67d)
INFO:megatron.core.transformer.moe.deferred_optimizer_load:BSR-MoE deferred loader: submitted async optimizer load for expert (layer=46, id=104) at step 264 (req_id=optim_46_104_1c7f0254)
INFO:megatron.core.transformer.moe.deferred_optimizer_load:BSR-MoE deferred loader: submitted async optimizer load for expert (layer=47, id=104) at step 264 (req_id=optim_47_104_e931ff75)
INFO:megatron.core.transformer.moe.deferred_optimizer_load:BSR-MoE deferred loader: submitted async optimizer load for expert (layer=48, id=104) at step 264 (req_id=optim_48_104_7e5f73ed)
INFO:megatron.core.transformer.moe.deferred_optimizer_load:BSR-MoE deferred loader: submitted async optimizer load for expert (layer=43, id=105) at step 264 (req_id=optim_43_105_bb24c23c)
INFO:megatron.core.transformer.moe.deferred_optimizer_load:BSR-MoE deferred loader: submitted async optimizer load for expert (layer=44, id=105) at step 264 (req_id=optim_44_105_61f7ef91)
INFO:megatron.core.transformer.moe.deferred_optimizer_load:BSR-MoE deferred loader: submitted async optimizer load for expert (layer=45, id=105) at step 264 (req_id=optim_45_105_41619887)
INFO:megatron.core.transformer.moe.deferred_optimizer_load:BSR-MoE deferred loader: submitted async optimizer load for expert (layer=46, id=105) at step 264 (req_id=optim_46_105_e2b28e8c)
INFO:megatron.core.transformer.moe.deferred_optimizer_load:BSR-MoE deferred loader: submitted async optimizer load for expert (layer=47, id=105) at step 264 (req_id=optim_47_105_0ada1fae)
INFO:megatron.core.transformer.moe.deferred_optimizer_load:BSR-MoE deferred loader: submitted async optimizer load for expert (layer=48, id=105) at step 264 (req_id=optim_48_105_df001126)
INFO:megatron.core.transformer.moe.deferred_optimizer_load:BSR-MoE deferred loader: submitted async optimizer load for expert (layer=43, id=106) at step 264 (req_id=optim_43_106_5227f34b)
INFO:megatron.core.transformer.moe.deferred_optimizer_load:BSR-MoE deferred loader: submitted async optimizer load for expert (layer=44, id=106) at step 264 (req_id=optim_44_106_8d1efcdc)
INFO:megatron.core.transformer.moe.deferred_optimizer_load:BSR-MoE deferred loader: submitted async optimizer load for expert (layer=45, id=106) at step 264 (req_id=optim_45_106_cf83bfc7)
INFO:megatron.core.transformer.moe.deferred_optimizer_load:BSR-MoE deferred loader: submitted async optimizer load for expert (layer=46, id=106) at step 264 (req_id=optim_46_106_f14063ef)
INFO:megatron.core.transformer.moe.deferred_optimizer_load:BSR-MoE deferred loader: submitted async optimizer load for expert (layer=47, id=106) at step 264 (req_id=optim_47_106_9f891819)
INFO:megatron.core.transformer.moe.deferred_optimizer_load:BSR-MoE deferred loader: submitted async optimizer load for expert (layer=48, id=106) at step 264 (req_id=optim_48_106_2f37f74f)
INFO:megatron.core.transformer.moe.deferred_optimizer_load:BSR-MoE deferred loader: submitted async optimizer load for expert (layer=43, id=107) at step 264 (req_id=optim_43_107_6b3fef73)
INFO:megatron.core.transformer.moe.deferred_optimizer_load:BSR-MoE deferred loader: submitted async optimizer load for expert (layer=44, id=107) at step 264 (req_id=optim_44_107_db7c6adf)
INFO:megatron.core.transformer.moe.deferred_optimizer_load:BSR-MoE deferred loader: submitted async optimizer load for expert (layer=45, id=107) at step 264 (req_id=optim_45_107_5932206b)
INFO:megatron.core.transformer.moe.deferred_optimizer_load:BSR-MoE deferred loader: submitted async optimizer load for expert (layer=46, id=107) at step 264 (req_id=optim_46_107_2b7015ac)
INFO:megatron.core.transformer.moe.deferred_optimizer_load:BSR-MoE deferred loader: submitted async optimizer load for expert (layer=47, id=107) at step 264 (req_id=optim_47_107_a34eab00)
INFO:megatron.core.transformer.moe.deferred_optimizer_load:BSR-MoE deferred loader: submitted async optimizer load for expert (layer=48, id=107) at step 264 (req_id=optim_48_107_246f970c)
INFO:megatron.core.transformer.moe.deferred_optimizer_load:BSR-MoE deferred loader: submitted async optimizer load for expert (layer=43, id=108) at step 264 (req_id=optim_43_108_a5d6acfc)
INFO:megatron.core.transformer.moe.deferred_optimizer_load:BSR-MoE deferred loader: submitted async optimizer load for expert (layer=44, id=108) at step 264 (req_id=optim_44_108_a2e4cc2a)
INFO:megatron.core.transformer.moe.deferred_optimizer_load:BSR-MoE deferred loader: submitted async optimizer load for expert (layer=45, id=108) at step 264 (req_id=optim_45_108_7ea1ec1a)
INFO:megatron.core.transformer.moe.deferred_optimizer_load:BSR-MoE deferred loader: submitted async optimizer load for expert (layer=46, id=108) at step 264 (req_id=optim_46_108_a2af7f19)
INFO:megatron.core.transformer.moe.deferred_optimizer_load:BSR-MoE deferred loader: submitted async optimizer load for expert (layer=47, id=108) at step 264 (req_id=optim_47_108_6c2e4b39)
INFO:megatron.core.transformer.moe.deferred_optimizer_load:BSR-MoE deferred loader: submitted async optimizer load for expert (layer=48, id=108) at step 264 (req_id=optim_48_108_6e13f743)
INFO:megatron.core.transformer.moe.deferred_optimizer_load:BSR-MoE deferred loader: submitted async optimizer load for expert (layer=43, id=109) at step 264 (req_id=optim_43_109_8044ab18)
INFO:megatron.core.transformer.moe.deferred_optimizer_load:BSR-MoE deferred loader: submitted async optimizer load for expert (layer=44, id=109) at step 264 (req_id=optim_44_109_2201071f)
INFO:megatron.core.transformer.moe.deferred_optimizer_load:BSR-MoE deferred loader: submitted async optimizer load for expert (layer=45, id=109) at step 264 (req_id=optim_45_109_15bbe8a0)
INFO:megatron.core.transformer.moe.deferred_optimizer_load:BSR-MoE deferred loader: submitted async optimizer load for expert (layer=46, id=109) at step 264 (req_id=optim_46_109_73a3e3ed)
INFO:megatron.core.transformer.moe.deferred_optimizer_load:BSR-MoE deferred loader: submitted async optimizer load for expert (layer=47, id=109) at step 264 (req_id=optim_47_109_f54d5234)
INFO:megatron.core.transformer.moe.deferred_optimizer_load:BSR-MoE deferred loader: submitted async optimizer load for expert (layer=48, id=109) at step 264 (req_id=optim_48_109_2a29395f)
INFO:megatron.core.transformer.moe.deferred_optimizer_load:BSR-MoE deferred loader: submitted async optimizer load for expert (layer=43, id=110) at step 264 (req_id=optim_43_110_1b6857d4)
INFO:megatron.core.transformer.moe.deferred_optimizer_load:BSR-MoE deferred loader: submitted async optimizer load for expert (layer=44, id=110) at step 264 (req_id=optim_44_110_a983870b)
INFO:megatron.core.transformer.moe.deferred_optimizer_load:BSR-MoE deferred loader: submitted async optimizer load for expert (layer=45, id=110) at step 264 (req_id=optim_45_110_535d2ad3)
INFO:megatron.core.transformer.moe.deferred_optimizer_load:BSR-MoE deferred loader: submitted async optimizer load for expert (layer=46, id=110) at step 264 (req_id=optim_46_110_15604993)
INFO:megatron.core.transformer.moe.deferred_optimizer_load:BSR-MoE deferred loader: submitted async optimizer load for expert (layer=47, id=110) at step 264 (req_id=optim_47_110_009cfb9a)
INFO:megatron.core.transformer.moe.deferred_optimizer_load:BSR-MoE deferred loader: submitted async optimizer load for expert (layer=48, id=110) at step 264 (req_id=optim_48_110_2526b626)
INFO:megatron.core.transformer.moe.deferred_optimizer_load:BSR-MoE deferred loader: submitted async optimizer load for expert (layer=43, id=111) at step 264 (req_id=optim_43_111_3294b224)
INFO:megatron.core.transformer.moe.deferred_optimizer_load:BSR-MoE deferred loader: submitted async optimizer load for expert (layer=44, id=111) at step 264 (req_id=optim_44_111_0c69bb9e)
INFO:megatron.core.transformer.moe.deferred_optimizer_load:BSR-MoE deferred loader: submitted async optimizer load for expert (layer=45, id=111) at step 264 (req_id=optim_45_111_429ee9ce)
INFO:megatron.core.transformer.moe.deferred_optimizer_load:BSR-MoE deferred loader: submitted async optimizer load for expert (layer=46, id=111) at step 264 (req_id=optim_46_111_5a74242d)
INFO:megatron.core.transformer.moe.deferred_optimizer_load:BSR-MoE deferred loader: submitted async optimizer load for expert (layer=47, id=111) at step 264 (req_id=optim_47_111_8b07e594)
INFO:megatron.core.transformer.moe.deferred_optimizer_load:BSR-MoE deferred loader: submitted async optimizer load for expert (layer=48, id=111) at step 264 (req_id=optim_48_111_66836c02)
INFO:megatron.core.transformer.moe.bsr_integration:BSR-MoE: deferred optimizer poll — executed=96, finalized=0 at step 264 (async)
 [2026-05-20 15:52:18] iteration      264/     600 | consumed samples:        16896 | elapsed time per iteration (ms): 91905.3 | learning rate: 6.593771E-05 | global batch size:    64 | load_balancing_loss: 1.027848E+00 | loss scale: 1.0 | number of skipped iterations:   1 | number of nan iterations:   0 |
WARNING:megatron.core.transformer.moe.reintegration_barrier:BSR-MoE barrier: rank 62 reintegrated at step 264 (replacement=62, experts=[96, 97, 98, 99, 100, 101, 102, 103, 104, 105, 106, 107, 108, 109, 110, 111])
WARNING:megatron.core.transformer.moe.reintegration_barrier:BSR-MoE barrier: rank 62 reintegrated at step 264 (replacement=62, experts=[96, 97, 98, 99, 100, 101, 102, 103, 104, 105, 106, 107, 108, 109, 110, 111])
INFO:megatron.core.transformer.moe.recovery_controller:BSR-MoE controller: barrier reintegration executed for rank 62 at step 264
WARNING:megatron.core.transformer.moe.reintegration_barrier:BSR-MoE barrier: rank 62 reintegrated at step 264 (replacement=62, experts=[96, 97, 98, 99, 100, 101, 102, 103, 104, 105, 106, 107, 108, 109, 110, 111])
WARNING:megatron.core.transformer.moe.reintegration_barrier:BSR-MoE barrier: rank 62 reintegrated at step 264 (replacement=62, experts=[96, 97, 98, 99, 100, 101, 102, 103, 104, 105, 106, 107, 108, 109, 110, 111])
WARNING:megatron.core.transformer.moe.reintegration_barrier:BSR-MoE barrier: rank 62 reintegrated at step 264 (replacement=62, experts=[96, 97, 98, 99, 100, 101, 102, 103, 104, 105, 106, 107, 108, 109, 110, 111])
INFO:megatron.core.transformer.moe.recovery_controller:BSR-MoE controller: barrier reintegration executed for rank 62 at step 264
WARNING:megatron.core.transformer.moe.reintegration_barrier:BSR-MoE barrier: rank 62 reintegrated at step 264 (replacement=62, experts=[96, 97, 98, 99, 100, 101, 102, 103, 104, 105, 106, 107, 108, 109, 110, 111])
INFO:megatron.core.transformer.moe.recovery_controller:BSR-MoE controller: barrier reintegration executed for rank 62 at step 264
INFO:megatron.core.transformer.moe.recovery_controller:BSR-MoE controller: barrier reintegration executed for rank 62 at step 264
INFO:megatron.core.transformer.moe.recovery_controller:BSR-MoE controller: barrier reintegration executed for rank 62 at step 264
INFO:megatron.core.transformer.moe.recovery_controller:BSR-MoE controller: barrier reintegration executed for rank 62 at step 264
WARNING:megatron.core.transformer.moe.recovery_controller:[2026-05-20 15:52:18] BSR-MoE controller: REINTEGRATED → HEALTHY_TRAINING (event=reintegration_finalized, step=264)
WARNING:megatron.core.transformer.moe.recovery_controller:[2026-05-20 15:52:18] BSR-MoE controller: REINTEGRATED → HEALTHY_TRAINING (event=reintegration_finalized, step=264)
WARNING:megatron.core.transformer.moe.recovery_controller:[2026-05-20 15:52:18] BSR-MoE controller: reintegration finalized at step 264 (1 recoveries completed)
WARNING:megatron.core.transformer.moe.reintegration_barrier:BSR-MoE barrier: rank 62 reintegrated at step 264 (replacement=62, experts=[96, 97, 98, 99, 100, 101, 102, 103, 104, 105, 106, 107, 108, 109, 110, 111])
WARNING:megatron.core.transformer.moe.recovery_controller:[2026-05-20 15:52:18] BSR-MoE controller: REINTEGRATED → HEALTHY_TRAINING (event=reintegration_finalized, step=264)
WARNING:megatron.core.transformer.moe.recovery_controller:[2026-05-20 15:52:18] BSR-MoE controller: REINTEGRATED → HEALTHY_TRAINING (event=reintegration_finalized, step=264)
WARNING:megatron.core.transformer.moe.recovery_controller:[2026-05-20 15:52:18] BSR-MoE controller: reintegration finalized at step 264 (1 recoveries completed)
WARNING:megatron.core.transformer.moe.recovery_controller:[2026-05-20 15:52:18] BSR-MoE controller: REINTEGRATED → HEALTHY_TRAINING (event=reintegration_finalized, step=264)
WARNING:megatron.core.transformer.moe.recovery_controller:[2026-05-20 15:52:18] BSR-MoE controller: REINTEGRATED → HEALTHY_TRAINING (event=reintegration_finalized, step=264)
WARNING:megatron.core.transformer.moe.recovery_controller:[2026-05-20 15:52:18] BSR-MoE controller: reintegration finalized at step 264 (1 recoveries completed)
WARNING:megatron.core.transformer.moe.recovery_controller:[2026-05-20 15:52:18] BSR-MoE controller: reintegration finalized at step 264 (1 recoveries completed)
WARNING:megatron.core.transformer.moe.recovery_controller:[2026-05-20 15:52:18] BSR-MoE controller: reintegration finalized at step 264 (1 recoveries completed)
INFO:megatron.core.transformer.moe.recovery_controller:BSR-MoE controller: barrier reintegration executed for rank 62 at step 264
WARNING:megatron.core.transformer.moe.recovery_controller:[2026-05-20 15:52:18] BSR-MoE controller: reintegration finalized at step 264 (1 recoveries completed)
WARNING:megatron.core.transformer.moe.reintegration_barrier:BSR-MoE barrier: rank 62 reintegrated at step 264 (replacement=62, experts=[96, 97, 98, 99, 100, 101, 102, 103, 104, 105, 106, 107, 108, 109, 110, 111])
INFO:megatron.core.transformer.moe.recovery_controller:BSR-MoE controller: barrier reintegration executed for rank 62 at step 264
WARNING:megatron.core.transformer.moe.recovery_controller:[2026-05-20 15:52:18] BSR-MoE controller: REINTEGRATED → HEALTHY_TRAINING (event=reintegration_finalized, step=264)
WARNING:megatron.core.transformer.moe.recovery_controller:[2026-05-20 15:52:18] BSR-MoE controller: reintegration finalized at step 264 (1 recoveries completed)
WARNING:megatron.core.transformer.moe.recovery_controller:[2026-05-20 15:52:18] BSR-MoE controller: REINTEGRATED → HEALTHY_TRAINING (event=reintegration_finalized, step=264)
WARNING:megatron.core.transformer.moe.recovery_controller:[2026-05-20 15:52:18] BSR-MoE controller: reintegration finalized at step 264 (1 recoveries completed)
INFO:megatron.core.transformer.moe.deferred_optimizer_load:BSR-MoE deferred loader: async optimizer load completed for expert (layer=43, id=96) at step 264 (0.000s)
INFO:megatron.core.transformer.moe.deferred_optimizer_load:BSR-MoE deferred loader: async optimizer load completed for expert (layer=44, id=96) at step 264 (0.000s)
INFO:megatron.core.transformer.moe.deferred_optimizer_load:BSR-MoE deferred loader: async optimizer load completed for expert (layer=45, id=96) at step 264 (0.000s)
INFO:megatron.core.transformer.moe.deferred_optimizer_load:BSR-MoE deferred loader: async optimizer load completed for expert (layer=46, id=96) at step 264 (0.000s)
INFO:megatron.core.transformer.moe.deferred_optimizer_load:BSR-MoE deferred loader: async optimizer load completed for expert (layer=47, id=96) at step 264 (0.000s)
INFO:megatron.core.transformer.moe.deferred_optimizer_load:BSR-MoE deferred loader: async optimizer load completed for expert (layer=48, id=96) at step 264 (0.000s)
INFO:megatron.core.transformer.moe.deferred_optimizer_load:BSR-MoE deferred loader: async optimizer load completed for expert (layer=43, id=97) at step 264 (0.000s)
INFO:megatron.core.transformer.moe.deferred_optimizer_load:BSR-MoE deferred loader: async optimizer load completed for expert (layer=44, id=97) at step 264 (0.000s)
INFO:megatron.core.transformer.moe.deferred_optimizer_load:BSR-MoE deferred loader: async optimizer load completed for expert (layer=45, id=97) at step 264 (0.000s)
INFO:megatron.core.transformer.moe.deferred_optimizer_load:BSR-MoE deferred loader: async optimizer load completed for expert (layer=46, id=97) at step 264 (0.000s)
INFO:megatron.core.transformer.moe.deferred_optimizer_load:BSR-MoE deferred loader: async optimizer load completed for expert (layer=47, id=97) at step 264 (0.000s)
INFO:megatron.core.transformer.moe.deferred_optimizer_load:BSR-MoE deferred loader: async optimizer load completed for expert (layer=48, id=97) at step 264 (0.000s)
INFO:megatron.core.transformer.moe.deferred_optimizer_load:BSR-MoE deferred loader: async optimizer load completed for expert (layer=43, id=98) at step 264 (0.000s)
INFO:megatron.core.transformer.moe.deferred_optimizer_load:BSR-MoE deferred loader: async optimizer load completed for expert (layer=44, id=98) at step 264 (0.000s)
INFO:megatron.core.transformer.moe.deferred_optimizer_load:BSR-MoE deferred loader: async optimizer load completed for expert (layer=45, id=98) at step 264 (0.000s)
INFO:megatron.core.transformer.moe.deferred_optimizer_load:BSR-MoE deferred loader: async optimizer load completed for expert (layer=46, id=98) at step 264 (0.000s)
INFO:megatron.core.transformer.moe.deferred_optimizer_load:BSR-MoE deferred loader: async optimizer load completed for expert (layer=47, id=98) at step 264 (0.000s)
INFO:megatron.core.transformer.moe.deferred_optimizer_load:BSR-MoE deferred loader: async optimizer load completed for expert (layer=48, id=98) at step 264 (0.000s)
INFO:megatron.core.transformer.moe.deferred_optimizer_load:BSR-MoE deferred loader: async optimizer load completed for expert (layer=43, id=99) at step 264 (0.000s)
INFO:megatron.core.transformer.moe.deferred_optimizer_load:BSR-MoE deferred loader: async optimizer load completed for expert (layer=44, id=99) at step 264 (0.000s)
INFO:megatron.core.transformer.moe.deferred_optimizer_load:BSR-MoE deferred loader: async optimizer load completed for expert (layer=45, id=99) at step 264 (0.000s)
INFO:megatron.core.transformer.moe.deferred_optimizer_load:BSR-MoE deferred loader: async optimizer load completed for expert (layer=46, id=99) at step 264 (0.000s)
INFO:megatron.core.transformer.moe.deferred_optimizer_load:BSR-MoE deferred loader: async optimizer load completed for expert (layer=47, id=99) at step 264 (0.000s)
INFO:megatron.core.transformer.moe.deferred_optimizer_load:BSR-MoE deferred loader: async optimizer load completed for expert (layer=48, id=99) at step 264 (0.000s)
INFO:megatron.core.transformer.moe.deferred_optimizer_load:BSR-MoE deferred loader: async optimizer load completed for expert (layer=43, id=100) at step 264 (0.000s)
INFO:megatron.core.transformer.moe.deferred_optimizer_load:BSR-MoE deferred loader: async optimizer load completed for expert (layer=44, id=100) at step 264 (0.000s)
INFO:megatron.core.transformer.moe.deferred_optimizer_load:BSR-MoE deferred loader: async optimizer load completed for expert (layer=45, id=100) at step 264 (0.000s)
INFO:megatron.core.transformer.moe.deferred_optimizer_load:BSR-MoE deferred loader: async optimizer load completed for expert (layer=46, id=100) at step 264 (0.000s)
INFO:megatron.core.transformer.moe.deferred_optimizer_load:BSR-MoE deferred loader: async optimizer load completed for expert (layer=47, id=100) at step 264 (0.000s)
INFO:megatron.core.transformer.moe.deferred_optimizer_load:BSR-MoE deferred loader: async optimizer load completed for expert (layer=48, id=100) at step 264 (0.000s)
INFO:megatron.core.transformer.moe.deferred_optimizer_load:BSR-MoE deferred loader: async optimizer load completed for expert (layer=43, id=101) at step 264 (0.000s)
INFO:megatron.core.transformer.moe.deferred_optimizer_load:BSR-MoE deferred loader: async optimizer load completed for expert (layer=44, id=101) at step 264 (0.000s)
INFO:megatron.core.transformer.moe.deferred_optimizer_load:BSR-MoE deferred loader: async optimizer load completed for expert (layer=45, id=101) at step 264 (0.000s)
INFO:megatron.core.transformer.moe.deferred_optimizer_load:BSR-MoE deferred loader: async optimizer load completed for expert (layer=46, id=101) at step 264 (0.000s)
INFO:megatron.core.transformer.moe.deferred_optimizer_load:BSR-MoE deferred loader: async optimizer load completed for expert (layer=47, id=101) at step 264 (0.000s)
INFO:megatron.core.transformer.moe.deferred_optimizer_load:BSR-MoE deferred loader: async optimizer load completed for expert (layer=48, id=101) at step 264 (0.000s)
INFO:megatron.core.transformer.moe.deferred_optimizer_load:BSR-MoE deferred loader: async optimizer load completed for expert (layer=43, id=102) at step 264 (0.000s)
INFO:megatron.core.transformer.moe.deferred_optimizer_load:BSR-MoE deferred loader: async optimizer load completed for expert (layer=44, id=102) at step 264 (0.000s)
INFO:megatron.core.transformer.moe.deferred_optimizer_load:BSR-MoE deferred loader: async optimizer load completed for expert (layer=45, id=102) at step 264 (0.000s)
INFO:megatron.core.transformer.moe.deferred_optimizer_load:BSR-MoE deferred loader: async optimizer load completed for expert (layer=46, id=102) at step 264 (0.000s)
INFO:megatron.core.transformer.moe.deferred_optimizer_load:BSR-MoE deferred loader: async optimizer load completed for expert (layer=47, id=102) at step 264 (0.000s)
INFO:megatron.core.transformer.moe.deferred_optimizer_load:BSR-MoE deferred loader: async optimizer load completed for expert (layer=48, id=102) at step 264 (0.000s)
INFO:megatron.core.transformer.moe.deferred_optimizer_load:BSR-MoE deferred loader: async optimizer load completed for expert (layer=43, id=103) at step 264 (0.000s)
INFO:megatron.core.transformer.moe.deferred_optimizer_load:BSR-MoE deferred loader: async optimizer load completed for expert (layer=44, id=103) at step 264 (0.000s)
INFO:megatron.core.transformer.moe.deferred_optimizer_load:BSR-MoE deferred loader: async optimizer load completed for expert (layer=45, id=103) at step 264 (0.000s)
INFO:megatron.core.transformer.moe.deferred_optimizer_load:BSR-MoE deferred loader: async optimizer load completed for expert (layer=46, id=103) at step 264 (0.000s)
INFO:megatron.core.transformer.moe.deferred_optimizer_load:BSR-MoE deferred loader: async optimizer load completed for expert (layer=47, id=103) at step 264 (0.000s)
INFO:megatron.core.transformer.moe.deferred_optimizer_load:BSR-MoE deferred loader: async optimizer load completed for expert (layer=48, id=103) at step 264 (0.000s)
INFO:megatron.core.transformer.moe.deferred_optimizer_load:BSR-MoE deferred loader: async optimizer load completed for expert (layer=43, id=104) at step 264 (0.000s)
INFO:megatron.core.transformer.moe.deferred_optimizer_load:BSR-MoE deferred loader: async optimizer load completed for expert (layer=44, id=104) at step 264 (0.000s)
INFO:megatron.core.transformer.moe.deferred_optimizer_load:BSR-MoE deferred loader: async optimizer load completed for expert (layer=45, id=104) at step 264 (0.000s)
INFO:megatron.core.transformer.moe.deferred_optimizer_load:BSR-MoE deferred loader: async optimizer load completed for expert (layer=46, id=104) at step 264 (0.000s)
INFO:megatron.core.transformer.moe.deferred_optimizer_load:BSR-MoE deferred loader: async optimizer load completed for expert (layer=47, id=104) at step 264 (0.000s)
INFO:megatron.core.transformer.moe.deferred_optimizer_load:BSR-MoE deferred loader: async optimizer load completed for expert (layer=48, id=104) at step 264 (0.000s)
INFO:megatron.core.transformer.moe.deferred_optimizer_load:BSR-MoE deferred loader: async optimizer load completed for expert (layer=43, id=105) at step 264 (0.000s)
INFO:megatron.core.transformer.moe.deferred_optimizer_load:BSR-MoE deferred loader: async optimizer load completed for expert (layer=44, id=105) at step 264 (0.000s)
INFO:megatron.core.transformer.moe.deferred_optimizer_load:BSR-MoE deferred loader: async optimizer load completed for expert (layer=45, id=105) at step 264 (0.000s)
INFO:megatron.core.transformer.moe.deferred_optimizer_load:BSR-MoE deferred loader: async optimizer load completed for expert (layer=46, id=105) at step 264 (0.000s)
INFO:megatron.core.transformer.moe.deferred_optimizer_load:BSR-MoE deferred loader: async optimizer load completed for expert (layer=47, id=105) at step 264 (0.000s)
INFO:megatron.core.transformer.moe.deferred_optimizer_load:BSR-MoE deferred loader: async optimizer load completed for expert (layer=48, id=105) at step 264 (0.000s)
INFO:megatron.core.transformer.moe.deferred_optimizer_load:BSR-MoE deferred loader: async optimizer load completed for expert (layer=43, id=106) at step 264 (0.000s)
INFO:megatron.core.transformer.moe.deferred_optimizer_load:BSR-MoE deferred loader: async optimizer load completed for expert (layer=44, id=106) at step 264 (0.000s)
INFO:megatron.core.transformer.moe.deferred_optimizer_load:BSR-MoE deferred loader: async optimizer load completed for expert (layer=45, id=106) at step 264 (0.000s)
INFO:megatron.core.transformer.moe.deferred_optimizer_load:BSR-MoE deferred loader: async optimizer load completed for expert (layer=46, id=106) at step 264 (0.000s)
INFO:megatron.core.transformer.moe.deferred_optimizer_load:BSR-MoE deferred loader: async optimizer load completed for expert (layer=47, id=106) at step 264 (0.000s)
INFO:megatron.core.transformer.moe.deferred_optimizer_load:BSR-MoE deferred loader: async optimizer load completed for expert (layer=48, id=106) at step 264 (0.000s)
INFO:megatron.core.transformer.moe.deferred_optimizer_load:BSR-MoE deferred loader: async optimizer load completed for expert (layer=43, id=107) at step 264 (0.000s)
INFO:megatron.core.transformer.moe.deferred_optimizer_load:BSR-MoE deferred loader: async optimizer load completed for expert (layer=44, id=107) at step 264 (0.000s)
INFO:megatron.core.transformer.moe.deferred_optimizer_load:BSR-MoE deferred loader: async optimizer load completed for expert (layer=45, id=107) at step 264 (0.000s)
INFO:megatron.core.transformer.moe.deferred_optimizer_load:BSR-MoE deferred loader: async optimizer load completed for expert (layer=46, id=107) at step 264 (0.000s)
INFO:megatron.core.transformer.moe.deferred_optimizer_load:BSR-MoE deferred loader: async optimizer load completed for expert (layer=47, id=107) at step 264 (0.000s)
INFO:megatron.core.transformer.moe.deferred_optimizer_load:BSR-MoE deferred loader: async optimizer load completed for expert (layer=48, id=107) at step 264 (0.000s)
INFO:megatron.core.transformer.moe.deferred_optimizer_load:BSR-MoE deferred loader: async optimizer load completed for expert (layer=43, id=108) at step 264 (0.000s)
INFO:megatron.core.transformer.moe.deferred_optimizer_load:BSR-MoE deferred loader: async optimizer load completed for expert (layer=44, id=108) at step 264 (0.000s)
INFO:megatron.core.transformer.moe.deferred_optimizer_load:BSR-MoE deferred loader: async optimizer load completed for expert (layer=45, id=108) at step 264 (0.000s)
INFO:megatron.core.transformer.moe.deferred_optimizer_load:BSR-MoE deferred loader: async optimizer load completed for expert (layer=46, id=108) at step 264 (0.000s)
INFO:megatron.core.transformer.moe.deferred_optimizer_load:BSR-MoE deferred loader: async optimizer load completed for expert (layer=47, id=108) at step 264 (0.000s)
INFO:megatron.core.transformer.moe.deferred_optimizer_load:BSR-MoE deferred loader: async optimizer load completed for expert (layer=48, id=108) at step 264 (0.000s)
INFO:megatron.core.transformer.moe.deferred_optimizer_load:BSR-MoE deferred loader: async optimizer load completed for expert (layer=43, id=109) at step 264 (0.000s)
INFO:megatron.core.transformer.moe.deferred_optimizer_load:BSR-MoE deferred loader: async optimizer load completed for expert (layer=44, id=109) at step 264 (0.000s)
INFO:megatron.core.transformer.moe.deferred_optimizer_load:BSR-MoE deferred loader: async optimizer load completed for expert (layer=45, id=109) at step 264 (0.000s)
INFO:megatron.core.transformer.moe.deferred_optimizer_load:BSR-MoE deferred loader: async optimizer load completed for expert (layer=46, id=109) at step 264 (0.000s)
INFO:megatron.core.transformer.moe.deferred_optimizer_load:BSR-MoE deferred loader: async optimizer load completed for expert (layer=47, id=109) at step 264 (0.000s)
INFO:megatron.core.transformer.moe.deferred_optimizer_load:BSR-MoE deferred loader: async optimizer load completed for expert (layer=48, id=109) at step 264 (0.000s)
INFO:megatron.core.transformer.moe.deferred_optimizer_load:BSR-MoE deferred loader: async optimizer load completed for expert (layer=43, id=110) at step 264 (0.000s)
INFO:megatron.core.transformer.moe.deferred_optimizer_load:BSR-MoE deferred loader: async optimizer load completed for expert (layer=44, id=110) at step 264 (0.000s)
INFO:megatron.core.transformer.moe.deferred_optimizer_load:BSR-MoE deferred loader: async optimizer load completed for expert (layer=45, id=110) at step 264 (0.000s)
INFO:megatron.core.transformer.moe.deferred_optimizer_load:BSR-MoE deferred loader: async optimizer load completed for expert (layer=46, id=110) at step 264 (0.000s)
INFO:megatron.core.transformer.moe.deferred_optimizer_load:BSR-MoE deferred loader: async optimizer load completed for expert (layer=47, id=110) at step 264 (0.000s)
INFO:megatron.core.transformer.moe.deferred_optimizer_load:BSR-MoE deferred loader: async optimizer load completed for expert (layer=48, id=110) at step 264 (0.000s)
INFO:megatron.core.transformer.moe.deferred_optimizer_load:BSR-MoE deferred loader: async optimizer load completed for expert (layer=43, id=111) at step 264 (0.000s)
INFO:megatron.core.transformer.moe.deferred_optimizer_load:BSR-MoE deferred loader: async optimizer load completed for expert (layer=44, id=111) at step 264 (0.000s)
INFO:megatron.core.transformer.moe.deferred_optimizer_load:BSR-MoE deferred loader: async optimizer load completed for expert (layer=45, id=111) at step 264 (0.000s)
INFO:megatron.core.transformer.moe.deferred_optimizer_load:BSR-MoE deferred loader: async optimizer load completed for expert (layer=46, id=111) at step 264 (0.000s)
INFO:megatron.core.transformer.moe.deferred_optimizer_load:BSR-MoE deferred loader: async optimizer load completed for expert (layer=47, id=111) at step 264 (0.000s)
INFO:megatron.core.transformer.moe.deferred_optimizer_load:BSR-MoE deferred loader: async optimizer load completed for expert (layer=48, id=111) at step 264 (0.000s)
INFO:megatron.core.transformer.moe.deferred_optimizer_load:BSR-MoE deferred loader: 96 async loads completed at step 264
INFO:megatron.core.transformer.moe.stale_expert_restore:BSR-MoE optimizer barrier: unblocked expert_ids=[96, 96, 96, 96, 96, 96, 97, 97, 97, 97, 97, 97, 98, 98, 98, 98, 98, 98, 99, 99, 99, 99, 99, 99, 100, 100, 100, 100, 100, 100, 101, 101, 101, 101, 101, 101, 102, 102, 102, 102, 102, 102, 103, 103, 103, 103, 103, 103, 104, 104, 104, 104, 104, 104, 105, 105, 105, 105, 105, 105, 106, 106, 106, 106, 106, 106, 107, 107, 107, 107, 107, 107, 108, 108, 108, 108, 108, 108, 109, 109, 109, 109, 109, 109, 110, 110, 110, 110, 110, 110, 111, 111, 111, 111, 111, 111] (remaining blocked experts=0, params=0)
INFO:megatron.core.transformer.moe.deferred_optimizer_load:BSR-MoE deferred loader: unblocked optimizer barrier for expert_ids=[96, 97, 98, 99, 100, 101, 102, 103, 104, 105, 106, 107, 108, 109, 110, 111] at step 264
WARNING:megatron.core.transformer.moe.deferred_optimizer_load:BSR-MoE deferred loader: finalized 96 expert optimizer loads at step 264
INFO:megatron.core.transformer.moe.bsr_integration:BSR-MoE: deferred optimizer poll — executed=0, finalized=96 at step 264 (async)
WARNING:megatron.core.transformer.moe.two_phase_recovery:BSR-MoE two-phase: 96 experts → FULLY_RECOVERED at step 264 (avg time-to-trainable=43.199s, avg optimizer-load=42.413s, optimizer step now ALLOWED)
 [2026-05-20 15:52:28] iteration      265/     600 | consumed samples:        16960 | elapsed time per iteration (ms): 10389.9 | learning rate: 6.570709E-05 | global batch size:    64 | lm loss: 5.832447E+00 | load_balancing_loss: 1.026636E+00 | loss scale: 1.0 | grad norm: 0.524 | number of skipped iterations:   0 | number of nan iterations:   0 |
 [2026-05-20 15:52:38] iteration      266/     600 | consumed samples:        17024 | elapsed time per iteration (ms): 10438.5 | learning rate: 6.547616E-05 | global batch size:    64 | lm loss: 5.818081E+00 | load_balancing_loss: 1.027624E+00 | loss scale: 1.0 | grad norm: 0.471 | number of skipped iterations:   0 | number of nan iterations:   0 |
 [2026-05-20 15:52:49] iteration      267/     600 | consumed samples:        17088 | elapsed time per iteration (ms): 10423.0 | learning rate: 6.524495E-05 | global batch size:    64 | lm loss: 5.729578E+00 | load_balancing_loss: 1.026366E+00 | loss scale: 1.0 | grad norm: 0.481 | number of skipped iterations:   0 | number of nan iterations:   0 |
 [2026-05-20 15:52:59] iteration      268/     600 | consumed samples:        17152 | elapsed time per iteration (ms): 10421.7 | learning rate: 6.501344E-05 | global batch size:    64 | lm loss: 5.731311E+00 | load_balancing_loss: 1.027696E+00 | loss scale: 1.0 | grad norm: 0.459 | number of skipped iterations:   0 | number of nan iterations:   0   