nohup: ignoring input
+++ dirname ./test_hotspare_replace.sh
++ cd .
++ pwd
+ SCRIPT_DIR=/root/workdir/antllm/bsr2
+ export TP_SIZE=1
+ TP_SIZE=1
+ export PP_SIZE=8
+ PP_SIZE=8
+ export EP_SIZE=8
+ EP_SIZE=8
+ export CP_SIZE=1
+ CP_SIZE=1
+ export MEGATRON_PARALLEL_ORDER=tp-cp-ep-dp-pp
+ MEGATRON_PARALLEL_ORDER=tp-cp-ep-dp-pp
+ export MODE=moegambit
+ MODE=moegambit
+ NPROC_PER_NODE=8
+ export NODE_RANK=8
+ NODE_RANK=8
+ export MASTER_ADDR=33.181.99.112
+ MASTER_ADDR=33.181.99.112
+ export MASTER_PORT=20120
+ MASTER_PORT=20120
+ export ELASTIC_WATCHER_PORT=20200
+ ELASTIC_WATCHER_PORT=20200
+ TRAINING_NNODES=8
+ '[' 8 -ge 8 ']'
+ IS_SPARE=1
+ export NNODES=8
+ NNODES=8
+ export ELASTIC_WATCHER_ADDR=33.181.97.169
+ ELASTIC_WATCHER_ADDR=33.181.97.169
+ export ELASTIC_FAULT_DIR=/tmp/elastic_faults
+ ELASTIC_FAULT_DIR=/tmp/elastic_faults
+ '[' 1 = 1 ']'
+ rm -rf /tmp/elastic_faults
+ mkdir -p /tmp/elastic_faults
+ FAULT_INJECT_STEP=17
+ FAULT_INJECT_NODE=0
+ FAULT_INJECT_LOCAL_RANK=1
+ export MOEGAMBIT_HOT_SPARE_POOL=1
+ MOEGAMBIT_HOT_SPARE_POOL=1
+ export MOEGAMBIT_NUM_HOT_SPARES=8
+ MOEGAMBIT_NUM_HOT_SPARES=8
+ export MOEGAMBIT_GAP_AWARE_RECOVERY=1
+ MOEGAMBIT_GAP_AWARE_RECOVERY=1
+ export MOEGAMBIT_RECOVERY_POLICY_TYPE=rank_exposure_guarded_hybrid
+ MOEGAMBIT_RECOVERY_POLICY_TYPE=rank_exposure_guarded_hybrid
+ export MOEGAMBIT_GAP_THRESHOLD=100
+ MOEGAMBIT_GAP_THRESHOLD=100
+ export MOEGAMBIT_DELTA_TIME_MIN_GAP=0
+ MOEGAMBIT_DELTA_TIME_MIN_GAP=0
+ export MOEGAMBIT_MAX_SINGLE_GAP=192
+ MOEGAMBIT_MAX_SINGLE_GAP=192
+ export MOEGAMBIT_EXPOSURE_WINDOW_STEPS=20000
+ MOEGAMBIT_EXPOSURE_WINDOW_STEPS=20000
+ export MOEGAMBIT_MAX_EXPERT_STALENESS_DENSITY=0.1
+ MOEGAMBIT_MAX_EXPERT_STALENESS_DENSITY=0.1
+ export MOEGAMBIT_NUM_EXPERTS=128
+ MOEGAMBIT_NUM_EXPERTS=128
+ export ELASTIC_TWO_PHASE_RECOVERY=0
+ ELASTIC_TWO_PHASE_RECOVERY=0
+ export ELASTIC_ZERO2_MEMORY_REPLICATION=1
+ ELASTIC_ZERO2_MEMORY_REPLICATION=1
+ export ELASTIC_ZERO2_RESTORE_SCOPE=non_expert
+ ELASTIC_ZERO2_RESTORE_SCOPE=non_expert
+ export ELASTIC_ZERO2_REPLICATION_TIMEOUT=300
+ ELASTIC_ZERO2_REPLICATION_TIMEOUT=300
+ export ELASTIC_ZERO2_MAX_HOST_GB_PER_RANK=0
+ ELASTIC_ZERO2_MAX_HOST_GB_PER_RANK=0
+ export ELASTIC_ZERO2_USE_DISTRIBUTED_OPTIMIZER=1
+ ELASTIC_ZERO2_USE_DISTRIBUTED_OPTIMIZER=1
+ unset MOEGAMBIT_FAULT_INJECT_TYPE
+ unset MOEGAMBIT_FAULT_INJECT_STEP
+ export SAVE_INTERVAL=10
+ SAVE_INTERVAL=10
+ export CKPT_DIR=/mnt/ais-c1/dataset/zds/730hotspare/test_replace_ckpt
+ CKPT_DIR=/mnt/ais-c1/dataset/zds/730hotspare/test_replace_ckpt
+ export TRAIN_LOG_DIR=/mnt/ais-c1/dataset/zds/log/test_replace
+ TRAIN_LOG_DIR=/mnt/ais-c1/dataset/zds/log/test_replace
+ '[' 1 = 1 ']'
+ '[' 1 '!=' 1 ']'
+ '[' 1 = 1 ']'
+ '[' -f /mnt/ais-c1/dataset/zds/730hotspare/test_replace_ckpt/latest_checkpointed_iteration.txt ']'
+ export ELASTIC_RECOVERY_NCCL_SOCKET_ONLY=1
+ ELASTIC_RECOVERY_NCCL_SOCKET_ONLY=1
+ export ELASTIC_RECOVERY_NCCL_DEBUG=WARN
+ ELASTIC_RECOVERY_NCCL_DEBUG=WARN
+ export NCCL_DEBUG=INFO
+ NCCL_DEBUG=INFO
+ export NCCL_DEBUG_SUBSYS=INIT,TUNING,GRAPH
+ NCCL_DEBUG_SUBSYS=INIT,TUNING,GRAPH
+ '[' 1 = 1 ']'
+ export NCCL_IB_DISABLE=1
+ NCCL_IB_DISABLE=1
+ export NCCL_SOCKET_FAMILY=AF_INET
+ NCCL_SOCKET_FAMILY=AF_INET
+ '[' -n '' ']'
+ command -v ip
+ '[' 1 = 1 ']'
+ NCCL_ROUTE_PEER=33.181.99.112
++ ip -o route get 33.181.99.112
++ awk '{for (i=1; i<=NF; i++) if ($i == "dev") {print $(i+1); exit}}'
+ NCCL_ROUTE_IFNAME=eth0
+ '[' -n eth0 ']'
+ export NCCL_SOCKET_IFNAME==eth0
+ NCCL_SOCKET_IFNAME==eth0
+ export ELASTIC_RECOVERY_NCCL_SOCKET_IFNAME==eth0
+ ELASTIC_RECOVERY_NCCL_SOCKET_IFNAME==eth0
+ export TORCH_NCCL_ASYNC_ERROR_HANDLING=0
+ TORCH_NCCL_ASYNC_ERROR_HANDLING=0
+ export TORCH_NCCL_ENABLE_MONITORING=0
+ TORCH_NCCL_ENABLE_MONITORING=0
+ export TORCH_NCCL_HEARTBEAT_TIMEOUT_SEC=600
+ TORCH_NCCL_HEARTBEAT_TIMEOUT_SEC=600
+ export PYTHONPATH=/opt/conda/lib/python3.10/site-packages/aistudio_notebook/public:/opt/conda/lib/python3.10/site-packages/aistudio_notebook/public::./Megatron-LM
+ PYTHONPATH=/opt/conda/lib/python3.10/site-packages/aistudio_notebook/public:/opt/conda/lib/python3.10/site-packages/aistudio_notebook/public::./Megatron-LM
+ export HF_HUB_OFFLINE=1
+ HF_HUB_OFFLINE=1
+ export TRANSFORMERS_OFFLINE=1
+ TRANSFORMERS_OFFLINE=1
+ export CUDA_DEVICE_MAX_CONNECTIONS=1
+ CUDA_DEVICE_MAX_CONNECTIONS=1
+ export PYTORCH_CUDA_ALLOC_CONF=expandable_segments:True
+ PYTORCH_CUDA_ALLOC_CONF=expandable_segments:True
+ export TORCH_FORCE_NO_WEIGHTS_ONLY_LOAD=1
+ TORCH_FORCE_NO_WEIGHTS_ONLY_LOAD=1
+ export TORCH_CUDA_ARCH_LIST=9.0
+ TORCH_CUDA_ARCH_LIST=9.0
+ export TRAIN_ITERS=100
+ TRAIN_ITERS=100
+ export DISTRIBUTED_TIMEOUT_MINUTES=10
+ DISTRIBUTED_TIMEOUT_MINUTES=10
+ PHASE_TIMEOUT_DEFAULT=720
+ export ELASTIC_PHASE_TIMEOUT_SECONDS=720
+ ELASTIC_PHASE_TIMEOUT_SECONDS=720
+ export ELASTIC_REBUILD_PHASE_TIMEOUT=720
+ ELASTIC_REBUILD_PHASE_TIMEOUT=720
+ export ELASTIC_TRACE_REPLACEMENT_GROUP_MEMBERS=1
+ ELASTIC_TRACE_REPLACEMENT_GROUP_MEMBERS=1
+ export ELASTIC_MPU_GROUP_ORDINAL_BARRIER=1
+ ELASTIC_MPU_GROUP_ORDINAL_BARRIER=1
+ export ELASTIC_MPU_GROUP_ORDINAL_TIMEOUT_SECONDS=720
+ ELASTIC_MPU_GROUP_ORDINAL_TIMEOUT_SECONDS=720
+ export ELASTIC_PRESTART_SPARE=1
+ ELASTIC_PRESTART_SPARE=1
+ export ELASTIC_PREARM_PLANNED_SPARE=1
+ ELASTIC_PREARM_PLANNED_SPARE=1
+ export ELASTIC_STANDBY_STORE_TIMEOUT_MINUTES=1440
+ ELASTIC_STANDBY_STORE_TIMEOUT_MINUTES=1440
+ export ELASTIC_EXPERT_SIDECAR=1
+ ELASTIC_EXPERT_SIDECAR=1
+ export ELASTIC_EXPERT_SIDECAR_TARGET_RANK=1
+ ELASTIC_EXPERT_SIDECAR_TARGET_RANK=1
+ export ELASTIC_EXPERT_SIDECAR_VERIFY_SHA256=1
+ ELASTIC_EXPERT_SIDECAR_VERIFY_SHA256=1
+ export ELASTIC_EXPERT_SIDECAR_MAX_HOST_GB_PER_RANK=0
+ ELASTIC_EXPERT_SIDECAR_MAX_HOST_GB_PER_RANK=0
+ export ELASTIC_PARAM_SYNC_CHUNK_MB=256
+ ELASTIC_PARAM_SYNC_CHUNK_MB=256
+ export ELASTIC_SELECTIVE_GROUP_REBUILD=1
+ ELASTIC_SELECTIVE_GROUP_REBUILD=1
+ export ELASTIC_RECOVERY_STALL_TIMEOUT_SECONDS=70
+ ELASTIC_RECOVERY_STALL_TIMEOUT_SECONDS=70
+ export ELASTIC_INIT_PG_DEVICE_ID=0
+ ELASTIC_INIT_PG_DEVICE_ID=0
+ export ELASTIC_REBUILD_INIT_PG_DEVICE_ID=0
+ ELASTIC_REBUILD_INIT_PG_DEVICE_ID=0
+ export ELASTIC_MOE_FIRST_COLLECTIVE_BARRIER=1
+ ELASTIC_MOE_FIRST_COLLECTIVE_BARRIER=1
+ export ELASTIC_MOE_FIRST_COLLECTIVE_FAIL_FAST=1
+ ELASTIC_MOE_FIRST_COLLECTIVE_FAIL_FAST=1
+ export ELASTIC_MOE_FIRST_COLLECTIVE_TIMEOUT=70
+ ELASTIC_MOE_FIRST_COLLECTIVE_TIMEOUT=70
+ export ELASTIC_FALLBACK_RELAUNCH=0
+ ELASTIC_FALLBACK_RELAUNCH=0
+ export ELASTIC_FALLBACK_EXIT_CODE=75
+ ELASTIC_FALLBACK_EXIT_CODE=75
+ export ELASTIC_RECOVERY_ABORT_EXIT_CODE=76
+ ELASTIC_RECOVERY_ABORT_EXIT_CODE=76
+ export ELASTIC_FALLBACK_RESTART_STANDBY=0
+ ELASTIC_FALLBACK_RESTART_STANDBY=0
+ export ELASTIC_LAUNCHER_CONTROL_PLANE=1
+ ELASTIC_LAUNCHER_CONTROL_PLANE=1
+ export ELASTIC_LAUNCHER_HEARTBEAT_INTERVAL=1.0
+ ELASTIC_LAUNCHER_HEARTBEAT_INTERVAL=1.0
+ export ELASTIC_WATCHER_STARTUP_TIMEOUT_SECONDS=600
+ ELASTIC_WATCHER_STARTUP_TIMEOUT_SECONDS=600
+ export ELASTIC_WATCHER_CONNECT_INTERVAL_SECONDS=2
+ ELASTIC_WATCHER_CONNECT_INTERVAL_SECONDS=2
+ export ELASTIC_QUIESCENCE_TIMEOUT_SECONDS=300
+ ELASTIC_QUIESCENCE_TIMEOUT_SECONDS=300
+ export ELASTIC_NCCL_CLASSIFICATION_GRACE_SECONDS=5
+ ELASTIC_NCCL_CLASSIFICATION_GRACE_SECONDS=5
+ HOTSPARE_MAX_RETRIES=0
+ HOTSPARE_RETRY_DELAY=30
+ mkdir -p /mnt/ais-c1/dataset/zds/730hotspare/test_replace_ckpt /mnt/ais-c1/dataset/zds/log/test_replace
+ TRAINING_WORLD_SIZE=64
+ DP_SIZE=8
+ GLOBAL_BATCH_SIZE=64
+ export GLOBAL_BATCH_SIZE
+ echo '[test-replace] =============================================='
[test-replace] ==============================================
+ echo '[test-replace] Hot-Spare REPLACEMENT TEST'
[test-replace] Hot-Spare REPLACEMENT TEST
+ echo '[test-replace] =============================================='
[test-replace] ==============================================
++ '[' 1 = 1 ']'
++ echo '(SPARE WATCHER)'
+ echo '[test-replace] NODE_RANK:       8 (SPARE WATCHER)'
[test-replace] NODE_RANK:       8 (SPARE WATCHER)
+ echo '[test-replace] Training nodes:  8 (64 GPUs)'
[test-replace] Training nodes:  8 (64 GPUs)
+ echo '[test-replace] Fault inject:    kill node 0 local_rank 1 at step 17'
[test-replace] Fault inject:    kill node 0 local_rank 1 at step 17
+ echo '[test-replace] Save interval:   10'
[test-replace] Save interval:   10
+ echo '[test-replace] Train iters:     100'
[test-replace] Train iters:     100
+ echo '[test-replace] Dist timeout:    10min (60s after init)'
[test-replace] Dist timeout:    10min (60s after init)
+ echo '[test-replace] Recovery NCCL:   socket_only=1, debug=WARN'
[test-replace] Recovery NCCL:   socket_only=1, debug=WARN
+ echo '[test-replace] NCCL transport:  ib_disable=1, ifname==eth0, family=AF_INET'
[test-replace] NCCL transport:  ib_disable=1, ifname==eth0, family=AF_INET
+ echo '[test-replace] Phase timeout:   720s'
[test-replace] Phase timeout:   720s
+ echo '[test-replace] Group barrier:   1 (720s)'
[test-replace] Group barrier:   1 (720s)
+ echo '[test-replace] GPU standby:     prestart=1, prearm_planned=1, store_timeout=1440min'
[test-replace] GPU standby:     prestart=1, prearm_planned=1, store_timeout=1440min
+ echo '[test-replace] Expert sidecar:  enabled=1, target_rank=1, verify_sha256=1, max_host_gb=0'
[test-replace] Expert sidecar:  enabled=1, target_rank=1, verify_sha256=1, max_host_gb=0
+ echo '[test-replace] Peer transfer:   raw_v2, pinned_double_buffer, chunk_mb=256'
[test-replace] Peer transfer:   raw_v2, pinned_double_buffer, chunk_mb=256
+ echo '[test-replace] Selective PG:    1'
[test-replace] Selective PG:    1
+ '[' 70 = 0 ']'
+ echo '[test-replace] Barrier fail-fast: 70s -> recovery failure policy'
[test-replace] Barrier fail-fast: 70s -> recovery failure policy
+ echo '[test-replace] PG device_id:    init=0, rebuild=0'
[test-replace] PG device_id:    init=0, rebuild=0
+ echo '[test-replace] MoE first:       barrier=1'
[test-replace] MoE first:       barrier=1
+ '[' 1 = 0 ']'
+ echo '[test-replace] MoE fail-fast:   enabled, timeout=70s'
[test-replace] MoE fail-fast:   enabled, timeout=70s
+ echo '[test-replace] Recovery failure: fallback=0, abort_exit=76, retries=0'
[test-replace] Recovery failure: fallback=0, abort_exit=76, retries=0
+ echo '[test-replace] Control plane:   launcher=1, heartbeat=1.0s'
[test-replace] Control plane:   launcher=1, heartbeat=1.0s
+ echo '[test-replace] Watcher startup: 33.181.97.169:20200, timeout=600s'
[test-replace] Watcher startup: 33.181.97.169:20200, timeout=600s
+ echo '[test-replace] Quiescence:      timeout=300s'
[test-replace] Quiescence:      timeout=300s
+ echo '[test-replace] Optimizer memory: enabled=1, restore=non_expert, distributed=1'
[test-replace] Optimizer memory: enabled=1, restore=non_expert, distributed=1
+ echo '[test-replace] R2 contract:      gap=[0,192], window=20000, phi_max=0.1, experts=128'
[test-replace] R2 contract:      gap=[0,192], window=20000, phi_max=0.1, experts=128
+ echo '[test-replace] CKPT_DIR:        /mnt/ais-c1/dataset/zds/730hotspare/test_replace_ckpt'
[test-replace] CKPT_DIR:        /mnt/ais-c1/dataset/zds/730hotspare/test_replace_ckpt
+ echo '[test-replace] =============================================='
[test-replace] ==============================================
+ '[' 1 = 1 ']'
+ echo '[test-replace] Starting elastic watcher on spare node...'
[test-replace] Starting elastic watcher on spare node...
+ echo '[test-replace] Fault injection: kill node 0 local_rank 1 at step 17'
[test-replace] Fault injection: kill node 0 local_rank 1 at step 17
+ python3 /root/workdir/antllm/bsr2/elastic_watcher.py --port 20200 --training-nnodes 8 --nproc-per-node 8 --master-addr 33.181.99.112 --master-port 20120 --fault-dir /tmp/elastic_faults --fallback-relaunch 0 --fallback-exit-code 75 --recovery-abort-exit-code 76 --fallback-restart-standby 0 --fault-inject-step 17 --fault-inject-node 0 --fault-inject-local-rank 1
[watcher 15:13:35] INFO: Starting watcher on port 20200
[watcher 15:13:35] INFO: Monitoring 8 training nodes
[watcher 15:13:35] INFO: Heartbeat timeout: 30.0s
[watcher 15:13:35] INFO: Startup heartbeat timeout: 600.0s
[watcher 15:13:35] INFO: Forward/backward heartbeat timeout: 180.0s
[watcher 15:13:35] INFO: Checkpoint heartbeat timeout: 900.0s
[watcher 15:13:35] INFO: Disconnect grace timeout: 15.0s
[watcher 15:13:35] INFO: Recovery ordinal stall fail-fast: enabled, timeout=70.0s
[watcher 15:13:35] INFO: Recovery failure policy: fallback_relaunch=False fallback_exit_code=75 abort_exit_code=76 restart_standby=False
[watcher 15:13:35] INFO: Fault injection: kill node 0 local_rank 1 at step 17
[watcher 15:13:35] INFO: Prearmed GPU standby pid=42972 target_rank=1 epoch=1 store=33.181.99.112:20121 gpu=1
[watcher 15:13:35] INFO: Node 3 registered from 33.181.97.15:55896 owner=launcher; launchers=1/8 connected=[3]
[watcher 15:13:35] INFO: Node 6 registered from 33.181.97.225:49112 owner=launcher; launchers=2/8 connected=[3, 6]
[watcher 15:13:35] INFO: [spare-standby] [spare-rank] Starting replacement: RANK=1, LOCAL_RANK=0, NODE_RANK=0
[watcher 15:13:35] INFO: [spare-standby] [spare-rank] logical_node=0, physical_node=8, GROUP_RANK=8, LOCAL_WORLD_SIZE=1, training_nproc=8
[watcher 15:13:35] INFO: [spare-standby] [spare-rank] MASTER=33.181.99.112:20121, WORLD_SIZE=64
[watcher 15:13:35] INFO: [spare-standby] [spare-rank] CUDA_VISIBLE_DEVICES=1
[watcher 15:13:35] INFO: [spare-standby] [spare-rank] ELASTIC_REBUILD_MODE=1
[watcher 15:13:35] INFO: [spare-standby] [spare-rank] recovery epoch=1, descriptor=/tmp/elastic_faults/recovery_descriptor.json
[watcher 15:13:35] INFO: [spare-standby] [spare-rank] distributed timeout=10min
[watcher 15:13:35] INFO: [spare-standby] [spare-rank] recovery NCCL socket_only=1, debug=WARN
[watcher 15:13:35] INFO: [spare-standby] [spare-rank] NCCL transport ib_disable=1, ifname==eth0, family=AF_INET
[watcher 15:13:35] INFO: [spare-standby] [spare-rank] phase timeout=720s
[watcher 15:13:35] INFO: [spare-standby] [spare-rank] group ordinal barrier=1 (720s)
[watcher 15:13:35] INFO: [spare-standby] [spare-rank] prearmed=1, selective_group_rebuild=1
[watcher 15:13:35] INFO: [spare-standby] [spare-rank] expert sidecar enabled=1, target_rank=1, verify_sha256=1, max_host_gb=0
[watcher 15:13:35] INFO: [spare-standby] [spare-rank] peer transfer raw_v2 pinned_double_buffer chunk_mb=256
[watcher 15:13:35] INFO: [spare-standby] [spare-rank] pg device_id init=0, rebuild=0
[watcher 15:13:35] INFO: [spare-standby] [spare-rank] moe first collective barrier=1
[watcher 15:13:35] INFO: [spare-standby] [spare-rank] moe first collective fail-fast=enabled, timeout=70s
[watcher 15:13:36] INFO: Node 1 registered from 33.215.192.158:32002 owner=launcher; launchers=3/8 connected=[1, 3, 6]
[watcher 15:13:36] INFO: Node 5 registered from 33.181.98.164:41582 owner=launcher; launchers=4/8 connected=[1, 3, 5, 6]
[watcher 15:13:36] INFO: Heartbeat checker active
[watcher 15:13:36] INFO: Node 2 registered from 33.215.193.18:42636 owner=launcher; launchers=5/8 connected=[1, 2, 3, 5, 6]
[watcher 15:13:36] INFO: Node 4 registered from 33.181.100.105:54764 owner=launcher; launchers=6/8 connected=[1, 2, 3, 4, 5, 6]
[watcher 15:13:37] INFO: Node 0 registered from 33.181.99.112:32952 owner=launcher; launchers=7/8 connected=[0, 1, 2, 3, 4, 5, 6]
[watcher 15:13:37] INFO: Node 7 registered from 33.181.107.94:50682 owner=launcher; launchers=8/8 connected=[0, 1, 2, 3, 4, 5, 6, 7]
[watcher 15:13:37] INFO: Startup attempt 0 released: launchers=[0, 1, 2, 3, 4, 5, 6, 7] master=33.181.99.112:20120 world_size=64
[watcher 15:13:40] INFO: [spare-standby] fused_indices_to_multihot has reached end of life. Please migrate to a non-experimental function.
[watcher 15:13:43] INFO: [spare-standby] WARNING:megatron.training.elastic_client:[elastic] Recovery NCCL transport configured: {'peer': '33.181.99.112', 'local_ip': '33.181.97.169', 'socket_ifname': '=eth0', 'socket_family': 'AF_INET', 'ib_disabled': '1', 'debug': 'WARN'}
[watcher 15:13:43] INFO: [spare-standby] WARNING:megatron.training.elastic_client:[elastic] prearmed standby CUDA runtime ready: {'enabled': True, 'device': 'cuda:0', 'te_status': 'imported', 'allocated_bytes': 67149824, 'reserved_bytes': 85983232, 'expert_sidecar_prefetch': {'available': False, 'reason': 'disabled_or_unresolved', 'seconds': 0.000980764627456665}}
[watcher 15:13:43] INFO: [spare-standby] WARNING:megatron.training.elastic_client:[elastic] prearmed standby waiting for activation assignment before TCPStore: path=/tmp/elastic_faults/spare_assignment.json timeout=86400.0s
[watcher 15:13:43] INFO: Recovery phase: role=replacement rank=1 node=0 step=-1 phase=init_pg_start
[watcher 15:14:07] INFO: Peer sync endpoint: id=zero2-memory:0:owner=57:holder=58 src=57 dst=58 endpoint=33.181.107.94:36815
[watcher 15:14:07] INFO: Peer sync endpoint: id=zero2-memory:0:owner=61:holder=62 src=61 dst=62 endpoint=33.181.107.94:40733
[watcher 15:14:07] INFO: Peer sync endpoint: id=zero2-memory:0:owner=63:holder=56 src=63 dst=56 endpoint=33.181.107.94:37535
[watcher 15:14:07] INFO: Peer sync endpoint: id=zero2-memory:0:owner=56:holder=57 src=56 dst=57 endpoint=33.181.107.94:44083
[watcher 15:14:07] INFO: Peer sync endpoint: id=zero2-memory:0:owner=58:holder=59 src=58 dst=59 endpoint=33.181.107.94:48445
[watcher 15:14:07] INFO: Peer sync endpoint: id=zero2-memory:0:owner=59:holder=60 src=59 dst=60 endpoint=33.181.107.94:33145
[watcher 15:14:07] INFO: Peer sync endpoint: id=zero2-memory:0:owner=62:holder=63 src=62 dst=63 endpoint=33.181.107.94:32355
[watcher 15:14:07] INFO: Peer sync endpoint: id=zero2-memory:0:owner=5:holder=6 src=5 dst=6 endpoint=33.181.99.112:37603
[watcher 15:14:07] INFO: Peer sync endpoint: id=zero2-memory:0:owner=60:holder=61 src=60 dst=61 endpoint=33.181.107.94:38911
[watcher 15:14:07] INFO: Peer sync endpoint: id=zero2-memory:0:owner=6:holder=7 src=6 dst=7 endpoint=33.181.99.112:33461
[watcher 15:14:07] INFO: Peer sync endpoint: id=zero2-memory:0:owner=4:holder=5 src=4 dst=5 endpoint=33.181.99.112:34587
[watcher 15:14:07] INFO: Peer sync endpoint: id=zero2-memory:0:owner=0:holder=1 src=0 dst=1 endpoint=33.181.99.112:34081
[watcher 15:14:07] INFO: Peer sync endpoint: id=zero2-memory:0:owner=2:holder=3 src=2 dst=3 endpoint=33.181.99.112:39891
[watcher 15:14:07] INFO: Peer sync endpoint: id=zero2-memory:0:owner=3:holder=4 src=3 dst=4 endpoint=33.181.99.112:34363
[watcher 15:14:07] INFO: Peer sync endpoint: id=zero2-memory:0:owner=1:holder=2 src=1 dst=2 endpoint=33.181.99.112:33505
[watcher 15:14:07] INFO: Peer sync endpoint: id=zero2-memory:0:owner=7:holder=0 src=7 dst=0 endpoint=33.181.99.112:41727
[watcher 15:14:07] INFO: Peer sync endpoint: id=zero2-memory:0:owner=45:holder=46 src=45 dst=46 endpoint=33.181.98.164:33325
[watcher 15:14:07] INFO: Peer sync endpoint: id=zero2-memory:0:owner=19:holder=20 src=19 dst=20 endpoint=33.215.193.18:42409
[watcher 15:14:07] INFO: Peer sync endpoint: id=zero2-memory:0:owner=22:holder=23 src=22 dst=23 endpoint=33.215.193.18:35137
[watcher 15:14:07] INFO: Peer sync endpoint: id=zero2-memory:0:owner=23:holder=16 src=23 dst=16 endpoint=33.215.193.18:41605
[watcher 15:14:07] INFO: Peer sync endpoint: id=zero2-memory:0:owner=16:holder=17 src=16 dst=17 endpoint=33.215.193.18:41433
[watcher 15:14:07] INFO: Peer sync endpoint: id=zero2-memory:0:owner=17:holder=18 src=17 dst=18 endpoint=33.215.193.18:39589
[watcher 15:14:07] INFO: Peer sync endpoint: id=zero2-memory:0:owner=47:holder=40 src=47 dst=40 endpoint=33.181.98.164:33513
[watcher 15:14:07] INFO: Peer sync endpoint: id=zero2-memory:0:owner=21:holder=22 src=21 dst=22 endpoint=33.215.193.18:40677
[watcher 15:14:07] INFO: Peer sync endpoint: id=zero2-memory:0:owner=44:holder=45 src=44 dst=45 endpoint=33.181.98.164:32619
[watcher 15:14:07] INFO: Peer sync endpoint: id=zero2-memory:0:owner=41:holder=42 src=41 dst=42 endpoint=33.181.98.164:44571
[watcher 15:14:07] INFO: Peer sync endpoint: id=zero2-memory:0:owner=42:holder=43 src=42 dst=43 endpoint=33.181.98.164:34363
[watcher 15:14:07] INFO: Peer sync endpoint: id=zero2-memory:0:owner=40:holder=41 src=40 dst=41 endpoint=33.181.98.164:43981
[watcher 15:14:07] INFO: Peer sync endpoint: id=zero2-memory:0:owner=46:holder=47 src=46 dst=47 endpoint=33.181.98.164:44387
[watcher 15:14:07] INFO: Peer sync endpoint: id=zero2-memory:0:owner=43:holder=44 src=43 dst=44 endpoint=33.181.98.164:37735
[watcher 15:14:07] INFO: Peer sync endpoint: id=zero2-memory:0:owner=20:holder=21 src=20 dst=21 endpoint=33.215.193.18:33301
[watcher 15:14:07] INFO: Peer sync endpoint: id=zero2-memory:0:owner=18:holder=19 src=18 dst=19 endpoint=33.215.193.18:32965
[watcher 15:14:07] INFO: Peer sync endpoint: id=zero2-memory:0:owner=50:holder=51 src=50 dst=51 endpoint=33.181.97.225:37691
[watcher 15:14:07] INFO: Peer sync endpoint: id=zero2-memory:0:owner=51:holder=52 src=51 dst=52 endpoint=33.181.97.225:39939
[watcher 15:14:07] INFO: Peer sync endpoint: id=zero2-memory:0:owner=55:holder=48 src=55 dst=48 endpoint=33.181.97.225:35023
[watcher 15:14:07] INFO: Peer sync endpoint: id=zero2-memory:0:owner=49:holder=50 src=49 dst=50 endpoint=33.181.97.225:39625
[watcher 15:14:07] INFO: Peer sync endpoint: id=zero2-memory:0:owner=53:holder=54 src=53 dst=54 endpoint=33.181.97.225:36439
[watcher 15:14:07] INFO: Peer sync endpoint: id=zero2-memory:0:owner=48:holder=49 src=48 dst=49 endpoint=33.181.97.225:34217
[watcher 15:14:07] INFO: Peer sync endpoint: id=zero2-memory:0:owner=24:holder=25 src=24 dst=25 endpoint=33.181.97.15:32467
[watcher 15:14:07] INFO: Peer sync endpoint: id=zero2-memory:0:owner=29:holder=30 src=29 dst=30 endpoint=33.181.97.15:38653
[watcher 15:14:07] INFO: Peer sync endpoint: id=zero2-memory:0:owner=52:holder=53 src=52 dst=53 endpoint=33.181.97.225:37071
[watcher 15:14:07] INFO: Peer sync endpoint: id=zero2-memory:0:owner=54:holder=55 src=54 dst=55 endpoint=33.181.97.225:38037
[watcher 15:14:07] INFO: Peer sync endpoint: id=zero2-memory:0:owner=35:holder=36 src=35 dst=36 endpoint=33.181.100.105:42603
[watcher 15:14:07] INFO: Peer sync endpoint: id=zero2-memory:0:owner=30:holder=31 src=30 dst=31 endpoint=33.181.97.15:33419
[watcher 15:14:07] INFO: Peer sync endpoint: id=zero2-memory:0:owner=28:holder=29 src=28 dst=29 endpoint=33.181.97.15:34189
[watcher 15:14:07] INFO: Peer sync endpoint: id=zero2-memory:0:owner=39:holder=32 src=39 dst=32 endpoint=33.181.100.105:37147
[watcher 15:14:07] INFO: Peer sync endpoint: id=zero2-memory:0:owner=31:holder=24 src=31 dst=24 endpoint=33.181.97.15:32297
[watcher 15:14:07] INFO: Peer sync endpoint: id=zero2-memory:0:owner=32:holder=33 src=32 dst=33 endpoint=33.181.100.105:39681
[watcher 15:14:07] INFO: Peer sync endpoint: id=zero2-memory:0:owner=34:holder=35 src=34 dst=35 endpoint=33.181.100.105:39629
[watcher 15:14:07] INFO: Peer sync endpoint: id=zero2-memory:0:owner=25:holder=26 src=25 dst=26 endpoint=33.181.97.15:34259
[watcher 15:14:07] INFO: Peer sync endpoint: id=zero2-memory:0:owner=36:holder=37 src=36 dst=37 endpoint=33.181.100.105:43133
[watcher 15:14:07] INFO: Peer sync endpoint: id=zero2-memory:0:owner=26:holder=27 src=26 dst=27 endpoint=33.181.97.15:35951
[watcher 15:14:07] INFO: Peer sync endpoint: id=zero2-memory:0:owner=38:holder=39 src=38 dst=39 endpoint=33.181.100.105:39871
[watcher 15:14:07] INFO: Peer sync endpoint: id=zero2-memory:0:owner=27:holder=28 src=27 dst=28 endpoint=33.181.97.15:41331
[watcher 15:14:07] INFO: Peer sync endpoint: id=zero2-memory:0:owner=33:holder=34 src=33 dst=34 endpoint=33.181.100.105:34459
[watcher 15:14:07] INFO: Peer sync endpoint: id=zero2-memory:0:owner=37:holder=38 src=37 dst=38 endpoint=33.181.100.105:42641
[watcher 15:14:07] INFO: Peer sync endpoint: id=zero2-memory:0:owner=12:holder=13 src=12 dst=13 endpoint=33.215.192.158:38195
[watcher 15:14:07] INFO: Peer sync endpoint: id=zero2-memory:0:owner=9:holder=10 src=9 dst=10 endpoint=33.215.192.158:41373
[watcher 15:14:07] INFO: Peer sync endpoint: id=zero2-memory:0:owner=8:holder=9 src=8 dst=9 endpoint=33.215.192.158:36049
[watcher 15:14:07] INFO: Peer sync endpoint: id=zero2-memory:0:owner=13:holder=14 src=13 dst=14 endpoint=33.215.192.158:34743
[watcher 15:14:07] INFO: Peer sync endpoint: id=zero2-memory:0:owner=10:holder=11 src=10 dst=11 endpoint=33.215.192.158:38415
[watcher 15:14:07] INFO: Peer sync endpoint: id=zero2-memory:0:owner=11:holder=12 src=11 dst=12 endpoint=33.215.192.158:41639
[watcher 15:14:07] INFO: Peer sync endpoint: id=zero2-memory:0:owner=14:holder=15 src=14 dst=15 endpoint=33.215.192.158:41859
[watcher 15:14:07] INFO: Peer sync endpoint: id=zero2-memory:0:owner=15:holder=8 src=15 dst=8 endpoint=33.215.192.158:41393
[watcher 15:23:41] INFO: [spare-standby] WARNING:megatron.training.elastic_client:[elastic] prearmed expert sidecar ready: {'available': True, 'cached': False, 'iteration': 10, 'logical_rank': 1, 'bytes': 6341787648, 'pinned': True, 'payload': '/mnt/ais-c1/dataset/zds/730hotspare/test_replace_ckpt/iter_0000010/elastic_expert_recovery/rank_000001.pt', 'seconds': 36.06064900290221}
[watcher 15:25:00] WARNING: FAULT INJECTION: step 17 >= 17, pausing ALL nodes then killing node 0 local_rank 1
[watcher 15:25:00] INFO: Recovery descriptor written: epoch=1 failed_node=0 killed_local_rank=1 resume_iteration=-1 path=/tmp/elastic_faults/recovery_descriptor.json
[watcher 15:25:00] INFO: MoEGambit R2: decision=restart reason=no_safe_point t=-1 c=10 delta=-1 affected=16/128 debt_before=0 projected_phi=0.00000000 phi_max=0.1
[watcher 15:25:00] INFO: Sending PAUSE signal to ALL 8 nodes (target_node=0)
[watcher 15:25:16] INFO: Recovery phase: role=survivor rank=8 node=1 step=-1 phase=zero2_memory_quiesce_ready
[watcher 15:25:16] INFO: Recovery phase: role=survivor rank=59 node=7 step=-1 phase=zero2_memory_quiesce_ready
[watcher 15:25:16] INFO: Recovery phase: role=survivor rank=41 node=5 step=-1 phase=zero2_memory_quiesce_ready
[watcher 15:25:16] INFO: Recovery phase: role=survivor rank=22 node=2 step=-1 phase=zero2_memory_quiesce_ready
[watcher 15:25:16] INFO: Recovery phase: role=survivor rank=30 node=3 step=-1 phase=zero2_memory_quiesce_ready
[watcher 15:25:16] INFO: Recovery phase: role=survivor rank=32 node=4 step=-1 phase=zero2_memory_quiesce_ready
[watcher 15:25:16] INFO: Recovery phase: role=survivor rank=27 node=3 step=-1 phase=zero2_memory_quiesce_ready
[watcher 15:25:16] INFO: Recovery phase: role=survivor rank=35 node=4 step=-1 phase=zero2_memory_quiesce_ready
[watcher 15:25:16] INFO: Recovery phase: role=survivor rank=62 node=7 step=-1 phase=zero2_memory_quiesce_ready
[watcher 15:25:16] INFO: Recovery phase: role=survivor rank=33 node=4 step=-1 phase=zero2_memory_quiesce_ready
[watcher 15:25:16] INFO: Recovery phase: role=survivor rank=36 node=4 step=-1 phase=zero2_memory_quiesce_ready
[watcher 15:25:16] INFO: Recovery phase: role=survivor rank=56 node=7 step=-1 phase=zero2_memory_quiesce_ready
[watcher 15:25:16] INFO: Recovery phase: role=survivor rank=49 node=6 step=-1 phase=zero2_memory_quiesce_ready
[watcher 15:25:16] INFO: Recovery phase: role=survivor rank=12 node=1 step=-1 phase=zero2_memory_quiesce_ready
[watcher 15:25:16] INFO: Recovery phase: role=survivor rank=13 node=1 step=-1 phase=zero2_memory_quiesce_ready
[watcher 15:25:16] INFO: Recovery phase: role=survivor rank=45 node=5 step=-1 phase=zero2_memory_quiesce_ready
[watcher 15:25:16] INFO: Recovery phase: role=survivor rank=11 node=1 step=-1 phase=zero2_memory_quiesce_ready
[watcher 15:25:16] INFO: Recovery phase: role=survivor rank=15 node=1 step=-1 phase=zero2_memory_quiesce_ready
[watcher 15:25:16] INFO: Recovery phase: role=survivor rank=51 node=6 step=-1 phase=zero2_memory_quiesce_ready
[watcher 15:25:16] INFO: Recovery phase: role=survivor rank=18 node=2 step=-1 phase=zero2_memory_quiesce_ready
[watcher 15:25:16] INFO: Recovery phase: role=survivor rank=17 node=2 step=-1 phase=zero2_memory_quiesce_ready
[watcher 15:25:16] INFO: Recovery phase: role=survivor rank=52 node=6 step=-1 phase=zero2_memory_quiesce_ready
[watcher 15:25:16] INFO: Recovery phase: role=survivor rank=48 node=6 step=-1 phase=zero2_memory_quiesce_ready
[watcher 15:25:16] INFO: Recovery phase: role=survivor rank=16 node=2 step=-1 phase=zero2_memory_quiesce_ready
[watcher 15:25:16] INFO: Recovery phase: role=survivor rank=58 node=7 step=-1 phase=zero2_memory_quiesce_ready
[watcher 15:25:16] INFO: Recovery phase: role=survivor rank=9 node=1 step=-1 phase=zero2_memory_quiesce_ready
[watcher 15:25:16] INFO: Recovery phase: role=survivor rank=34 node=4 step=-1 phase=zero2_memory_quiesce_ready
[watcher 15:25:16] INFO: Recovery phase: role=survivor rank=31 node=3 step=-1 phase=zero2_memory_quiesce_ready
[watcher 15:25:16] INFO: Recovery phase: role=survivor rank=6 node=0 step=-1 phase=zero2_memory_quiesce_ready
[watcher 15:25:16] INFO: Recovery phase: role=survivor rank=42 node=5 step=-1 phase=zero2_memory_quiesce_ready
[watcher 15:25:16] INFO: Recovery phase: role=survivor rank=39 node=4 step=-1 phase=zero2_memory_quiesce_ready
[watcher 15:25:16] INFO: Recovery phase: role=survivor rank=26 node=3 step=-1 phase=zero2_memory_quiesce_ready
[watcher 15:25:16] INFO: Recovery phase: role=survivor rank=3 node=0 step=-1 phase=zero2_memory_quiesce_ready
[watcher 15:25:16] INFO: Recovery phase: role=survivor rank=2 node=0 step=-1 phase=zero2_memory_quiesce_ready
[watcher 15:25:16] INFO: Recovery phase: role=survivor rank=1 node=0 step=-1 phase=zero2_memory_quiesce_ready
[watcher 15:25:16] INFO: Recovery phase: role=survivor rank=60 node=7 step=-1 phase=zero2_memory_quiesce_ready
[watcher 15:25:16] INFO: Recovery phase: role=survivor rank=7 node=0 step=-1 phase=zero2_memory_quiesce_ready
[watcher 15:25:16] INFO: Recovery phase: role=survivor rank=29 node=3 step=-1 phase=zero2_memory_quiesce_ready
[watcher 15:25:16] INFO: Recovery phase: role=survivor rank=0 node=0 step=-1 phase=zero2_memory_quiesce_ready
[watcher 15:25:16] INFO: Recovery phase: role=survivor rank=50 node=6 step=-1 phase=zero2_memory_quiesce_ready
[watcher 15:25:17] INFO: Recovery phase: role=survivor rank=14 node=1 step=-1 phase=zero2_memory_quiesce_ready
[watcher 15:25:17] INFO: Recovery phase: role=survivor rank=38 node=4 step=-1 phase=zero2_memory_quiesce_ready
[watcher 15:25:17] INFO: Recovery phase: role=survivor rank=43 node=5 step=-1 phase=zero2_memory_quiesce_ready
[watcher 15:25:17] INFO: Recovery phase: role=survivor rank=46 node=5 step=-1 phase=zero2_memory_quiesce_ready
[watcher 15:25:17] INFO: Recovery phase: role=survivor rank=54 node=6 step=-1 phase=zero2_memory_quiesce_ready
[watcher 15:25:17] INFO: Recovery phase: role=survivor rank=24 node=3 step=-1 phase=zero2_memory_quiesce_ready
[watcher 15:25:17] INFO: Recovery phase: role=survivor rank=44 node=5 step=-1 phase=zero2_memory_quiesce_ready
[watcher 15:25:17] INFO: Recovery phase: role=survivor rank=63 node=7 step=-1 phase=zero2_memory_quiesce_ready
[watcher 15:25:17] INFO: Recovery phase: role=survivor rank=37 node=4 step=-1 phase=zero2_memory_quiesce_ready
[watcher 15:25:17] INFO: Recovery phase: role=survivor rank=28 node=3 step=-1 phase=zero2_memory_quiesce_ready
[watcher 15:25:17] INFO: Recovery phase: role=survivor rank=53 node=6 step=-1 phase=zero2_memory_quiesce_ready
[watcher 15:25:17] INFO: Recovery phase: role=survivor rank=40 node=5 step=-1 phase=zero2_memory_quiesce_ready
[watcher 15:25:17] INFO: Recovery phase: role=survivor rank=25 node=3 step=-1 phase=zero2_memory_quiesce_ready
[watcher 15:25:17] INFO: Recovery phase: role=survivor rank=23 node=2 step=-1 phase=zero2_memory_quiesce_ready
[watcher 15:25:17] INFO: Recovery phase: role=survivor rank=47 node=5 step=-1 phase=zero2_memory_quiesce_ready
[watcher 15:25:17] INFO: Recovery phase: role=survivor rank=5 node=0 step=-1 phase=zero2_memory_quiesce_ready
[watcher 15:25:17] INFO: Recovery phase: role=survivor rank=20 node=2 step=-1 phase=zero2_memory_quiesce_ready
[watcher 15:25:17] INFO: Recovery phase: role=survivor rank=57 node=7 step=-1 phase=zero2_memory_quiesce_ready
[watcher 15:25:17] INFO: Recovery phase: role=survivor rank=21 node=2 step=-1 phase=zero2_memory_quiesce_ready
[watcher 15:25:17] INFO: Recovery phase: role=survivor rank=61 node=7 step=-1 phase=zero2_memory_quiesce_ready
[watcher 15:25:17] INFO: Recovery phase: role=survivor rank=19 node=2 step=-1 phase=zero2_memory_quiesce_ready
[watcher 15:25:17] INFO: Recovery phase: role=survivor rank=55 node=6 step=-1 phase=zero2_memory_quiesce_ready
[watcher 15:25:17] INFO: Recovery phase: role=survivor rank=10 node=1 step=-1 phase=zero2_memory_quiesce_ready
[watcher 15:25:17] INFO: Recovery phase: role=survivor rank=4 node=0 step=-1 phase=zero2_memory_quiesce_ready
[watcher 15:25:17] INFO: ordinal_barrier released: id=zero2-memory-quiesce:generation=0:step=18 count=64 desc=ZERO2_MEMORY_REPLICATION_RING ordinal=0 stage=before_transport_close
[watcher 15:25:24] INFO: Node 1 ready to rebuild (1/8, step=18, step_tag=18, phase=iteration_safe_point)
[watcher 15:25:24] INFO: Node 2 ready to rebuild (2/8, step=18, step_tag=18, phase=iteration_safe_point)
[watcher 15:25:24] INFO: Node 5 ready to rebuild (3/8, step=18, step_tag=18, phase=iteration_safe_point)
[watcher 15:25:25] INFO: Node 3 ready to rebuild (4/8, step=18, step_tag=18, phase=iteration_safe_point)
[watcher 15:25:25] INFO: Node 0 ready to rebuild (5/8, step=18, step_tag=18, phase=iteration_safe_point)
[watcher 15:25:25] INFO: Node 7 ready to rebuild (6/8, step=18, step_tag=18, phase=iteration_safe_point)
[watcher 15:25:26] INFO: Node 6 ready to rebuild (7/8, step=18, step_tag=18, phase=iteration_safe_point)
[watcher 15:25:27] INFO: Node 4 ready to rebuild (8/8, step=18, step_tag=18, phase=iteration_safe_point)
[watcher 15:25:27] INFO: All 8 nodes ready. Target rank already killed (node 0 local_rank 1). Launching spare...
[watcher 15:25:27] INFO: Rank quiescence proof: {'status': 'verified', 'required': True, 'reason': 'committed_rank_quorum', 'resume_iteration': 18, 'expected_survivors': 63, 'observed_survivors': 63, 'missing_ranks': [], 'unexpected_ranks': [], 'duplicate_ranks': [], 'invalid_nodes': [], 'state_versions': [18], 'step_tags': [18], 'phases': ['iteration_safe_point'], 'launcher_nodes': [0, 1, 2, 3, 4, 5, 6, 7]}
[watcher 15:25:27] INFO: Recovery descriptor written: epoch=1 failed_node=0 killed_local_rank=1 resume_iteration=18 path=/tmp/elastic_faults/recovery_descriptor.json
[watcher 15:25:27] INFO: MoEGambit R2: decision=hybrid reason=admit t=18 c=10 delta=8 affected=16/128 debt_before=0 projected_phi=0.00005000 phi_max=0.1
[watcher 15:25:27] INFO: Elastic resume iteration selected: 18 from ready steps={1: 18, 2: 18, 5: 18, 3: 18, 0: 18, 7: 18, 6: 18, 4: 18} step_tags={1: 18, 2: 18, 5: 18, 3: 18, 0: 18, 7: 18, 6: 18, 4: 18} phases={1: 'iteration_safe_point', 2: 'iteration_safe_point', 5: 'iteration_safe_point', 3: 'iteration_safe_point', 0: 'iteration_safe_point', 7: 'iteration_safe_point', 6: 'iteration_safe_point', 4: 'iteration_safe_point'}
[watcher 15:25:27] INFO: Launching spare: replacing global_rank=1 (node 0, local_rank 1)
[watcher 15:25:27] INFO: Activated prearmed GPU standby pid=42972 for replacement rank=1
[watcher 15:25:27] INFO: Waiting up to 300.0s for replacement to reach init_pg_start...
[watcher 15:25:27] INFO: Replacement reached init_pg_start; broadcasting rebuild signal
[watcher 15:25:27] INFO: Rebuild signal sent to all nodes. Waiting for training to resume...
[watcher 15:25:27] INFO: [spare-standby] WARNING:megatron.training.elastic_client:[elastic] prearmed standby activated in-process: rank=1 epoch=1 resume=18
[watcher 15:25:27] INFO: [spare-standby] WARNING:megatron.training.elastic_client:[elastic] Rank 1: opening rebuild TCPStore endpoint=33.181.99.112:20121 role=client
[watcher 15:25:27] INFO: Recovery phase: role=replacement rank=1 node=0 step=18 phase=standby_activated
[watcher 15:25:27] INFO: Recovery phase: role=survivor rank=49 node=6 step=18 phase=pg_ready
[watcher 15:25:27] INFO: Recovery phase: role=survivor rank=49 node=6 step=18 phase=mpu_init_start
[watcher 15:25:27] INFO: Recovery phase: role=survivor rank=62 node=7 step=18 phase=pg_ready
[watcher 15:25:27] INFO: Recovery phase: role=survivor rank=62 node=7 step=18 phase=mpu_init_start
[watcher 15:25:27] INFO: Recovery phase: role=survivor rank=51 node=6 step=18 phase=pg_ready
[watcher 15:25:27] INFO: Recovery phase: role=survivor rank=51 node=6 step=18 phase=mpu_init_start
[watcher 15:25:27] INFO: Recovery phase: role=survivor rank=45 node=5 step=18 phase=pg_ready
[watcher 15:25:27] INFO: Recovery phase: role=survivor rank=45 node=5 step=18 phase=mpu_init_start
[watcher 15:25:27] INFO: Recovery phase: role=survivor rank=5 node=0 step=18 phase=pg_ready
[watcher 15:25:27] INFO: Recovery phase: role=survivor rank=5 node=0 step=18 phase=mpu_init_start
[watcher 15:25:27] INFO: Recovery phase: role=survivor rank=2 node=0 step=18 phase=pg_ready
[watcher 15:25:27] INFO: Recovery phase: role=survivor rank=2 node=0 step=18 phase=mpu_init_start
[watcher 15:25:27] INFO: Recovery phase: role=survivor rank=4 node=0 step=18 phase=pg_ready
[watcher 15:25:27] INFO: Recovery phase: role=survivor rank=4 node=0 step=18 phase=mpu_init_start
[watcher 15:25:27] INFO: Recovery phase: role=survivor rank=57 node=7 step=18 phase=pg_ready
[watcher 15:25:27] INFO: Recovery phase: role=survivor rank=57 node=7 step=18 phase=mpu_init_start
[watcher 15:25:27] INFO: Recovery phase: role=survivor rank=10 node=1 step=18 phase=pg_ready
[watcher 15:25:27] INFO: Recovery phase: role=survivor rank=10 node=1 step=18 phase=mpu_init_start
[watcher 15:25:27] INFO: Recovery phase: role=survivor rank=18 node=2 step=18 phase=pg_ready
[watcher 15:25:27] INFO: Recovery phase: role=survivor rank=18 node=2 step=18 phase=mpu_init_start
[watcher 15:25:27] INFO: Recovery phase: role=survivor rank=59 node=7 step=18 phase=pg_ready
[watcher 15:25:27] INFO: Recovery phase: role=survivor rank=59 node=7 step=18 phase=mpu_init_start
[watcher 15:25:27] INFO: Recovery phase: role=survivor rank=63 node=7 step=18 phase=pg_ready
[watcher 15:25:27] INFO: Recovery phase: role=survivor rank=63 node=7 step=18 phase=mpu_init_start
[watcher 15:25:27] INFO: Recovery phase: role=survivor rank=58 node=7 step=18 phase=pg_ready
[watcher 15:25:27] INFO: Recovery phase: role=survivor rank=58 node=7 step=18 phase=mpu_init_start
[watcher 15:25:27] INFO: Recovery phase: role=survivor rank=50 node=6 step=18 phase=pg_ready
[watcher 15:25:27] INFO: Recovery phase: role=survivor rank=50 node=6 step=18 phase=mpu_init_start
[watcher 15:25:27] INFO: Recovery phase: role=survivor rank=31 node=3 step=18 phase=pg_ready
[watcher 15:25:27] INFO: Recovery phase: role=survivor rank=31 node=3 step=18 phase=mpu_init_start
[watcher 15:25:27] INFO: Recovery phase: role=survivor rank=33 node=4 step=18 phase=pg_ready
[watcher 15:25:27] INFO: Recovery phase: role=survivor rank=33 node=4 step=18 phase=mpu_init_start
[watcher 15:25:27] INFO: Recovery phase: role=survivor rank=39 node=4 step=18 phase=pg_ready
[watcher 15:25:27] INFO: Recovery phase: role=survivor rank=39 node=4 step=18 phase=mpu_init_start
[watcher 15:25:27] INFO: Recovery phase: role=survivor rank=60 node=7 step=18 phase=pg_ready
[watcher 15:25:27] INFO: Recovery phase: role=survivor rank=60 node=7 step=18 phase=mpu_init_start
[watcher 15:25:27] INFO: Recovery phase: role=survivor rank=27 node=3 step=18 phase=pg_ready
[watcher 15:25:27] INFO: Recovery phase: role=survivor rank=27 node=3 step=18 phase=mpu_init_start
[watcher 15:25:27] INFO: Recovery phase: role=survivor rank=12 node=1 step=18 phase=pg_ready
[watcher 15:25:27] INFO: Recovery phase: role=survivor rank=12 node=1 step=18 phase=mpu_init_start
[watcher 15:25:27] INFO: Recovery phase: role=survivor rank=55 node=6 step=18 phase=pg_ready
[watcher 15:25:27] INFO: Recovery phase: role=survivor rank=55 node=6 step=18 phase=mpu_init_start
[watcher 15:25:27] INFO: Recovery phase: role=survivor rank=13 node=1 step=18 phase=pg_ready
[watcher 15:25:27] INFO: Recovery phase: role=survivor rank=43 node=5 step=18 phase=pg_ready
[watcher 15:25:27] INFO: Recovery phase: role=survivor rank=43 node=5 step=18 phase=mpu_init_start
[watcher 15:25:27] INFO: Recovery phase: role=survivor rank=13 node=1 step=18 phase=mpu_init_start
[watcher 15:25:27] INFO: Recovery phase: role=survivor rank=40 node=5 step=18 phase=pg_ready
[watcher 15:25:27] INFO: Recovery phase: role=survivor rank=40 node=5 step=18 phase=mpu_init_start
[watcher 15:25:27] INFO: Recovery phase: role=survivor rank=25 node=3 step=18 phase=pg_ready
[watcher 15:25:27] INFO: Recovery phase: role=survivor rank=25 node=3 step=18 phase=mpu_init_start
[watcher 15:25:27] INFO: Recovery phase: role=survivor rank=20 node=2 step=18 phase=pg_ready
[watcher 15:25:27] INFO: Recovery phase: role=survivor rank=20 node=2 step=18 phase=mpu_init_start
[watcher 15:25:27] INFO: Recovery phase: role=survivor rank=11 node=1 step=18 phase=pg_ready
[watcher 15:25:27] INFO: Recovery phase: role=survivor rank=11 node=1 step=18 phase=mpu_init_start
[watcher 15:25:27] INFO: Recovery phase: role=survivor rank=28 node=3 step=18 phase=pg_ready
[watcher 15:25:27] INFO: Recovery phase: role=survivor rank=28 node=3 step=18 phase=mpu_init_start
[watcher 15:25:27] INFO: Recovery phase: role=survivor rank=34 node=4 step=18 phase=pg_ready
[watcher 15:25:27] INFO: Recovery phase: role=survivor rank=34 node=4 step=18 phase=mpu_init_start
[watcher 15:25:27] INFO: Recovery phase: role=survivor rank=7 node=0 step=18 phase=pg_ready
[watcher 15:25:27] INFO: Recovery phase: role=survivor rank=7 node=0 step=18 phase=mpu_init_start
[watcher 15:25:27] INFO: Recovery phase: role=survivor rank=19 node=2 step=18 phase=pg_ready
[watcher 15:25:27] INFO: Recovery phase: role=survivor rank=19 node=2 step=18 phase=mpu_init_start
[watcher 15:25:27] INFO: Recovery phase: role=survivor rank=6 node=0 step=18 phase=pg_ready
[watcher 15:25:27] INFO: Recovery phase: role=survivor rank=6 node=0 step=18 phase=mpu_init_start
[watcher 15:25:27] INFO: Recovery phase: role=survivor rank=30 node=3 step=18 phase=pg_ready
[watcher 15:25:27] INFO: Recovery phase: role=survivor rank=30 node=3 step=18 phase=mpu_init_start
[watcher 15:25:27] INFO: Recovery phase: role=survivor rank=29 node=3 step=18 phase=pg_ready
[watcher 15:25:27] INFO: Recovery phase: role=survivor rank=29 node=3 step=18 phase=mpu_init_start
[watcher 15:25:27] INFO: Recovery phase: role=survivor rank=9 node=1 step=18 phase=pg_ready
[watcher 15:25:27] INFO: Recovery phase: role=survivor rank=9 node=1 step=18 phase=mpu_init_start
[watcher 15:25:27] INFO: Recovery phase: role=survivor rank=53 node=6 step=18 phase=pg_ready
[watcher 15:25:27] INFO: Recovery phase: role=survivor rank=53 node=6 step=18 phase=mpu_init_start
[watcher 15:25:27] INFO: Recovery phase: role=survivor rank=15 node=1 step=18 phase=pg_ready
[watcher 15:25:27] INFO: Recovery phase: role=survivor rank=15 node=1 step=18 phase=mpu_init_start
[watcher 15:25:27] INFO: Recovery phase: role=survivor rank=16 node=2 step=18 phase=pg_ready
[watcher 15:25:27] INFO: Recovery phase: role=survivor rank=16 node=2 step=18 phase=mpu_init_start
[watcher 15:25:27] INFO: Recovery phase: role=survivor rank=36 node=4 step=18 phase=pg_ready
[watcher 15:25:27] INFO: Recovery phase: role=survivor rank=36 node=4 step=18 phase=mpu_init_start
[watcher 15:25:27] INFO: Recovery phase: role=survivor rank=41 node=5 step=18 phase=mpu_init_start
[watcher 15:25:27] INFO: Ignoring stale recovery phase: role=survivor rank=41 node=5 step=18 phase=pg_ready current=mpu_init_start
[watcher 15:25:27] INFO: Recovery phase: role=survivor rank=41 node=5 step=18 phase=pg_ready
[watcher 15:25:27] INFO: Recovery phase: role=survivor rank=46 node=5 step=18 phase=pg_ready
[watcher 15:25:27] INFO: Recovery phase: role=survivor rank=46 node=5 step=18 phase=mpu_init_start
[watcher 15:25:27] INFO: Recovery phase: role=survivor rank=35 node=4 step=18 phase=pg_ready
[watcher 15:25:27] INFO: Recovery phase: role=survivor rank=35 node=4 step=18 phase=mpu_init_start
[watcher 15:25:27] INFO: Recovery phase: role=survivor rank=61 node=7 step=18 phase=pg_ready
[watcher 15:25:27] INFO: Recovery phase: role=survivor rank=61 node=7 step=18 phase=mpu_init_start
[watcher 15:25:27] INFO: [spare-standby] WARNING:megatron.training.elastic_client:[elastic] Rank 1: rebuild TCPStore ready endpoint=33.181.99.112:20121 role=client type=TCPStore torchelastic_agent_store=unset
[watcher 15:25:27] INFO: Recovery phase: role=survivor rank=23 node=2 step=18 phase=pg_ready
[watcher 15:25:27] INFO: Recovery phase: role=survivor rank=22 node=2 step=18 phase=pg_ready
[watcher 15:25:27] INFO: Recovery phase: role=replacement rank=1 node=0 step=18 phase=rebuild_store_ready
[watcher 15:25:27] INFO: Recovery phase: role=survivor rank=23 node=2 step=18 phase=mpu_init_start
[watcher 15:25:27] INFO: Recovery phase: role=survivor rank=22 node=2 step=18 phase=mpu_init_start
[watcher 15:25:27] INFO: Recovery phase: role=survivor rank=21 node=2 step=18 phase=pg_ready
[watcher 15:25:27] INFO: Recovery phase: role=replacement rank=1 node=0 step=18 phase=pg_ready
[watcher 15:25:27] INFO: Recovery phase: role=survivor rank=21 node=2 step=18 phase=mpu_init_start
[watcher 15:25:27] INFO: Recovery phase: role=replacement rank=1 node=0 step=18 phase=mpu_init_start
[watcher 15:25:27] INFO: Recovery phase: role=survivor rank=17 node=2 step=18 phase=pg_ready
[watcher 15:25:27] INFO: Recovery phase: role=survivor rank=17 node=2 step=18 phase=mpu_init_start
[watcher 15:25:27] INFO: Recovery phase: role=survivor rank=54 node=6 step=18 phase=pg_ready
[watcher 15:25:27] INFO: Recovery phase: role=survivor rank=54 node=6 step=18 phase=mpu_init_start
[watcher 15:25:27] INFO: Recovery phase: role=survivor rank=38 node=4 step=18 phase=pg_ready
[watcher 15:25:27] INFO: Recovery phase: role=survivor rank=38 node=4 step=18 phase=mpu_init_start
[watcher 15:25:27] INFO: Recovery phase: role=survivor rank=8 node=1 step=18 phase=pg_ready
[watcher 15:25:27] INFO: Recovery phase: role=survivor rank=8 node=1 step=18 phase=mpu_init_start
[watcher 15:25:27] INFO: Recovery phase: role=survivor rank=44 node=5 step=18 phase=pg_ready
[watcher 15:25:27] INFO: Recovery phase: role=survivor rank=44 node=5 step=18 phase=mpu_init_start
[watcher 15:25:27] INFO: Recovery phase: role=survivor rank=56 node=7 step=18 phase=pg_ready
[watcher 15:25:27] INFO: Recovery phase: role=survivor rank=56 node=7 step=18 phase=mpu_init_start
[watcher 15:25:27] INFO: Recovery phase: role=survivor rank=37 node=4 step=18 phase=pg_ready
[watcher 15:25:27] INFO: Recovery phase: role=survivor rank=37 node=4 step=18 phase=mpu_init_start
[watcher 15:25:27] INFO: Recovery phase: role=survivor rank=47 node=5 step=18 phase=pg_ready
[watcher 15:25:27] INFO: Recovery phase: role=survivor rank=47 node=5 step=18 phase=mpu_init_start
[watcher 15:25:27] INFO: Recovery phase: role=survivor rank=24 node=3 step=18 phase=pg_ready
[watcher 15:25:27] INFO: Recovery phase: role=survivor rank=24 node=3 step=18 phase=mpu_init_start
[watcher 15:25:27] INFO: Recovery phase: role=survivor rank=42 node=5 step=18 phase=pg_ready
[watcher 15:25:27] INFO: Recovery phase: role=survivor rank=42 node=5 step=18 phase=mpu_init_start
[watcher 15:25:27] INFO: Recovery phase: role=survivor rank=3 node=0 step=18 phase=pg_ready
[watcher 15:25:27] INFO: Recovery phase: role=survivor rank=3 node=0 step=18 phase=mpu_init_start
[watcher 15:25:27] INFO: Recovery phase: role=survivor rank=52 node=6 step=18 phase=pg_ready
[watcher 15:25:27] INFO: Recovery phase: role=survivor rank=32 node=4 step=18 phase=pg_ready
[watcher 15:25:27] INFO: Recovery phase: role=survivor rank=52 node=6 step=18 phase=mpu_init_start
[watcher 15:25:27] INFO: Recovery phase: role=survivor rank=32 node=4 step=18 phase=mpu_init_start
[watcher 15:25:27] INFO: Recovery phase: role=survivor rank=26 node=3 step=18 phase=pg_ready
[watcher 15:25:27] INFO: Recovery phase: role=survivor rank=26 node=3 step=18 phase=mpu_init_start
[watcher 15:25:27] INFO: Recovery phase: role=survivor rank=14 node=1 step=18 phase=pg_ready
[watcher 15:25:27] INFO: Recovery phase: role=survivor rank=14 node=1 step=18 phase=mpu_init_start
[watcher 15:25:27] INFO: Recovery phase: role=survivor rank=48 node=6 step=18 phase=pg_ready
[watcher 15:25:28] INFO: Recovery phase: role=survivor rank=48 node=6 step=18 phase=mpu_init_start
[watcher 15:25:28] INFO: Recovery phase: role=survivor rank=0 node=0 step=18 phase=pg_ready
[watcher 15:25:28] INFO: Recovery phase: role=survivor rank=0 node=0 step=18 phase=mpu_init_start
[watcher 15:25:28] INFO: Recovery phase: role=survivor rank=6 node=0 step=18 phase=mpu_group_start group_desc=DATA_PARALLEL_GROUP_WITH_CP group_backend=default group_init_mode=lazy group_use_local_synchronization=False group_c10d_count=1 group_size=8 group_ranks=[0, 1, 2, 3, 4, 5, 6, 7] group_representative_rank=0 group_report_rank=6 group_timeout_seconds=600.0
[watcher 15:25:28] INFO: Recovery phase: role=survivor rank=5 node=0 step=18 phase=mpu_group_start group_desc=DATA_PARALLEL_GROUP_WITH_CP group_backend=default group_init_mode=lazy group_use_local_synchronization=False group_c10d_count=1 group_size=8 group_ranks=[0, 1, 2, 3, 4, 5, 6, 7] group_representative_rank=0 group_report_rank=5 group_timeout_seconds=600.0
[watcher 15:25:28] INFO: Recovery phase: role=survivor rank=3 node=0 step=18 phase=mpu_group_start group_desc=DATA_PARALLEL_GROUP_WITH_CP group_backend=default group_init_mode=lazy group_use_local_synchronization=False group_c10d_count=1 group_size=8 group_ranks=[0, 1, 2, 3, 4, 5, 6, 7] group_representative_rank=0 group_report_rank=3 group_timeout_seconds=600.0
[watcher 15:25:28] INFO: Recovery phase: role=survivor rank=7 node=0 step=18 phase=mpu_group_start group_desc=DATA_PARALLEL_GROUP_WITH_CP group_backend=default group_init_mode=lazy group_use_local_synchronization=False group_c10d_count=1 group_size=8 group_ranks=[0, 1, 2, 3, 4, 5, 6, 7] group_representative_rank=0 group_report_rank=7 group_timeout_seconds=600.0
[watcher 15:25:28] INFO: Recovery phase: role=survivor rank=2 node=0 step=18 phase=mpu_group_start group_desc=DATA_PARALLEL_GROUP_WITH_CP group_backend=default group_init_mode=lazy group_use_local_synchronization=False group_c10d_count=1 group_size=8 group_ranks=[0, 1, 2, 3, 4, 5, 6, 7] group_representative_rank=0 group_report_rank=2 group_timeout_seconds=600.0
[watcher 15:25:28] INFO: Recovery phase: role=survivor rank=0 node=0 step=18 phase=mpu_group_start group_desc=DATA_PARALLEL_GROUP_WITH_CP group_backend=default group_init_mode=lazy group_use_local_synchronization=False group_c10d_count=1 group_size=8 group_ranks=[0, 1, 2, 3, 4, 5, 6, 7] group_representative_rank=0 group_report_rank=0 group_timeout_seconds=600.0
[watcher 15:25:28] INFO: Recovery phase: role=replacement rank=1 node=0 step=18 phase=mpu_group_start group_desc=DATA_PARALLEL_GROUP_WITH_CP group_backend=default group_init_mode=lazy group_use_local_synchronization=False group_c10d_count=1 group_size=8 group_ranks=[0, 1, 2, 3, 4, 5, 6, 7] group_representative_rank=0 group_report_rank=1 group_timeout_seconds=600.0
[watcher 15:25:28] INFO: Recovery phase: role=survivor rank=4 node=0 step=18 phase=mpu_group_start group_desc=DATA_PARALLEL_GROUP_WITH_CP group_backend=default group_init_mode=lazy group_use_local_synchronization=False group_c10d_count=1 group_size=8 group_ranks=[0, 1, 2, 3, 4, 5, 6, 7] group_representative_rank=0 group_report_rank=4 group_timeout_seconds=600.0
[watcher 15:25:28] INFO: ordinal_barrier released: id=mpu_group:iter18:replacement1:000001:enter count=64 desc=DATA_PARALLEL_GROUP_WITH_CP ordinal=1 stage=enter
[watcher 15:25:28] INFO: Recovery phase: role=replacement rank=1 node=0 step=18 phase=mpu_group_done group_desc=DATA_PARALLEL_GROUP_WITH_CP group_backend=default group_init_mode=lazy group_use_local_synchronization=False group_c10d_count=2 group_size=8 group_ranks=[0, 1, 2, 3, 4, 5, 6, 7] group_representative_rank=0 group_report_rank=1 group_timeout_seconds=600.0
[watcher 15:25:28] INFO: Recovery phase: role=survivor rank=6 node=0 step=18 phase=mpu_group_done group_desc=DATA_PARALLEL_GROUP_WITH_CP group_backend=default group_init_mode=lazy group_use_local_synchronization=False group_c10d_count=2 group_size=8 group_ranks=[0, 1, 2, 3, 4, 5, 6, 7] group_representative_rank=0 group_report_rank=6 group_timeout_seconds=600.0
[watcher 15:25:28] ERROR: WORKER FAILURE: node=0 local_rank=1 global_rank=1 exit_code=-9
[watcher 15:25:28] INFO: Recovery phase: role=survivor rank=5 node=0 step=18 phase=mpu_group_done group_desc=DATA_PARALLEL_GROUP_WITH_CP group_backend=default group_init_mode=lazy group_use_local_synchronization=False group_c10d_count=2 group_size=8 group_ranks=[0, 1, 2, 3, 4, 5, 6, 7] group_representative_rank=0 group_report_rank=5 group_timeout_seconds=600.0
[watcher 15:25:28] INFO: Ignoring cascading worker failure for active recovery/fallback: node=0 local_rank=1 exit_code=-9
[watcher 15:25:28] INFO: Recovery phase: role=survivor rank=3 node=0 step=18 phase=mpu_group_done group_desc=DATA_PARALLEL_GROUP_WITH_CP group_backend=default group_init_mode=lazy group_use_local_synchronization=False group_c10d_count=2 group_size=8 group_ranks=[0, 1, 2, 3, 4, 5, 6, 7] group_representative_rank=0 group_report_rank=3 group_timeout_seconds=600.0
[watcher 15:25:28] INFO: Recovery phase: role=survivor rank=7 node=0 step=18 phase=mpu_group_done group_desc=DATA_PARALLEL_GROUP_WITH_CP group_backend=default group_init_mode=lazy group_use_local_synchronization=False group_c10d_count=2 group_size=8 group_ranks=[0, 1, 2, 3, 4, 5, 6, 7] group_representative_rank=0 group_report_rank=7 group_timeout_seconds=600.0
[watcher 15:25:28] INFO: Recovery phase: role=survivor rank=2 node=0 step=18 phase=mpu_group_done group_desc=DATA_PARALLEL_GROUP_WITH_CP group_backend=default group_init_mode=lazy group_use_local_synchronization=False group_c10d_count=2 group_size=8 group_ranks=[0, 1, 2, 3, 4, 5, 6, 7] group_representative_rank=0 group_report_rank=2 group_timeout_seconds=600.0
[watcher 15:25:28] INFO: Recovery phase: role=survivor rank=0 node=0 step=18 phase=mpu_group_done group_desc=DATA_PARALLEL_GROUP_WITH_CP group_backend=default group_init_mode=lazy group_use_local_synchronization=False group_c10d_count=2 group_size=8 group_ranks=[0, 1, 2, 3, 4, 5, 6, 7] group_representative_rank=0 group_report_rank=0 group_timeout_seconds=600.0
[watcher 15:25:28] INFO: Recovery phase: role=survivor rank=4 node=0 step=18 phase=mpu_group_done group_desc=DATA_PARALLEL_GROUP_WITH_CP group_backend=default group_init_mode=lazy group_use_local_synchronization=False group_c10d_count=2 group_size=8 group_ranks=[0, 1, 2, 3, 4, 5, 6, 7] group_representative_rank=0 group_report_rank=4 group_timeout_seconds=600.0
[watcher 15:25:28] INFO: ordinal_barrier released: id=mpu_group:iter18:replacement1:000001:exit count=64 desc=DATA_PARALLEL_GROUP_WITH_CP ordinal=1 stage=exit
[watcher 15:25:28] INFO: Recovery phase: role=survivor rank=4 node=0 step=18 phase=mpu_group_start group_desc=DATA_PARALLEL_GROUP group_backend=default group_init_mode=lazy group_use_local_synchronization=False group_c10d_count=2 group_size=8 group_ranks=[0, 1, 2, 3, 4, 5, 6, 7] group_representative_rank=0 group_report_rank=4 group_timeout_seconds=600.0
[watcher 15:25:28] INFO: Recovery phase: role=survivor rank=6 node=0 step=18 phase=mpu_group_start group_desc=DATA_PARALLEL_GROUP group_backend=default group_init_mode=lazy group_use_local_synchronization=False group_c10d_count=2 group_size=8 group_ranks=[0, 1, 2, 3, 4, 5, 6, 7] group_representative_rank=0 group_report_rank=6 group_timeout_seconds=600.0
[watcher 15:25:28] INFO: Recovery phase: role=replacement rank=1 node=0 step=18 phase=mpu_group_start group_desc=DATA_PARALLEL_GROUP group_backend=default group_init_mode=lazy group_use_local_synchronization=False group_c10d_count=2 group_size=8 group_ranks=[0, 1, 2, 3, 4, 5, 6, 7] group_representative_rank=0 group_report_rank=1 group_timeout_seconds=600.0
[watcher 15:25:28] INFO: Recovery phase: role=survivor rank=7 node=0 step=18 phase=mpu_group_start group_desc=DATA_PARALLEL_GROUP group_backend=default group_init_mode=lazy group_use_local_synchronization=False group_c10d_count=2 group_size=8 group_ranks=[0, 1, 2, 3, 4, 5, 6, 7] group_representative_rank=0 group_report_rank=7 group_timeout_seconds=600.0
[watcher 15:25:28] INFO: Recovery phase: role=survivor rank=0 node=0 step=18 phase=mpu_group_start group_desc=DATA_PARALLEL_GROUP group_backend=default group_init_mode=lazy group_use_local_synchronization=False group_c10d_count=2 group_size=8 group_ranks=[0, 1, 2, 3, 4, 5, 6, 7] group_representative_rank=0 group_report_rank=0 group_timeout_seconds=600.0
[watcher 15:25:28] INFO: Recovery phase: role=survivor rank=2 node=0 step=18 phase=mpu_group_start group_desc=DATA_PARALLEL_GROUP group_backend=default group_init_mode=lazy group_use_local_synchronization=False group_c10d_count=2 group_size=8 group_ranks=[0, 1, 2, 3, 4, 5, 6, 7] group_representative_rank=0 group_report_rank=2 group_timeout_seconds=600.0
[watcher 15:25:28] INFO: Recovery phase: role=survivor rank=5 node=0 step=18 phase=mpu_group_start group_desc=DATA_PARALLEL_GROUP group_backend=default group_init_mode=lazy group_use_local_synchronization=False group_c10d_count=2 group_size=8 group_ranks=[0, 1, 2, 3, 4, 5, 6, 7] group_representative_rank=0 group_report_rank=5 group_timeout_seconds=600.0
[watcher 15:25:28] INFO: Recovery phase: role=survivor rank=3 node=0 step=18 phase=mpu_group_start group_desc=DATA_PARALLEL_GROUP group_backend=default group_init_mode=lazy group_use_local_synchronization=False group_c10d_count=2 group_size=8 group_ranks=[0, 1, 2, 3, 4, 5, 6, 7] group_representative_rank=0 group_report_rank=3 group_timeout_seconds=600.0
[watcher 15:25:28] INFO: ordinal_barrier released: id=mpu_group:iter18:replacement1:000009:enter count=64 desc=DATA_PARALLEL_GROUP ordinal=9 stage=enter
[watcher 15:25:28] INFO: Recovery phase: role=survivor rank=3 node=0 step=18 phase=mpu_group_done group_desc=DATA_PARALLEL_GROUP group_backend=default group_init_mode=lazy group_use_local_synchronization=False group_c10d_count=3 group_size=8 group_ranks=[0, 1, 2, 3, 4, 5, 6, 7] group_representative_rank=0 group_report_rank=3 group_timeout_seconds=600.0
[watcher 15:25:28] INFO: Recovery phase: role=survivor rank=4 node=0 step=18 phase=mpu_group_done group_desc=DATA_PARALLEL_GROUP group_backend=default group_init_mode=lazy group_use_local_synchronization=False group_c10d_count=3 group_size=8 group_ranks=[0, 1, 2, 3, 4, 5, 6, 7] group_representative_rank=0 group_report_rank=4 group_timeout_seconds=600.0
[watcher 15:25:28] INFO: Recovery phase: role=replacement rank=1 node=0 step=18 phase=mpu_group_done group_desc=DATA_PARALLEL_GROUP group_backend=default group_init_mode=lazy group_use_local_synchronization=False group_c10d_count=3 group_size=8 group_ranks=[0, 1, 2, 3, 4, 5, 6, 7] group_representative_rank=0 group_report_rank=1 group_timeout_seconds=600.0
[watcher 15:25:28] INFO: Recovery phase: role=survivor rank=6 node=0 step=18 phase=mpu_group_done group_desc=DATA_PARALLEL_GROUP group_backend=default group_init_mode=lazy group_use_local_synchronization=False group_c10d_count=3 group_size=8 group_ranks=[0, 1, 2, 3, 4, 5, 6, 7] group_representative_rank=0 group_report_rank=6 group_timeout_seconds=600.0
[watcher 15:25:28] INFO: Recovery phase: role=survivor rank=7 node=0 step=18 phase=mpu_group_done group_desc=DATA_PARALLEL_GROUP group_backend=default group_init_mode=lazy group_use_local_synchronization=False group_c10d_count=3 group_size=8 group_ranks=[0, 1, 2, 3, 4, 5, 6, 7] group_representative_rank=0 group_report_rank=7 group_timeout_seconds=600.0
[watcher 15:25:28] INFO: Recovery phase: role=survivor rank=0 node=0 step=18 phase=mpu_group_done group_desc=DATA_PARALLEL_GROUP group_backend=default group_init_mode=lazy group_use_local_synchronization=False group_c10d_count=3 group_size=8 group_ranks=[0, 1, 2, 3, 4, 5, 6, 7] group_representative_rank=0 group_report_rank=0 group_timeout_seconds=600.0
[watcher 15:25:28] INFO: Recovery phase: role=survivor rank=2 node=0 step=18 phase=mpu_group_done group_desc=DATA_PARALLEL_GROUP group_backend=default group_init_mode=lazy group_use_local_synchronization=False group_c10d_count=3 group_size=8 group_ranks=[0, 1, 2, 3, 4, 5, 6, 7] group_representative_rank=0 group_report_rank=2 group_timeout_seconds=600.0
[watcher 15:25:28] INFO: Recovery phase: role=survivor rank=5 node=0 step=18 phase=mpu_group_done group_desc=DATA_PARALLEL_GROUP group_backend=default group_init_mode=lazy group_use_local_synchronization=False group_c10d_count=3 group_size=8 group_ranks=[0, 1, 2, 3, 4, 5, 6, 7] group_representative_rank=0 group_report_rank=5 group_timeout_seconds=600.0
[watcher 15:25:28] INFO: ordinal_barrier released: id=mpu_group:iter18:replacement1:000009:exit count=64 desc=DATA_PARALLEL_GROUP ordinal=9 stage=exit
[watcher 15:25:28] INFO: [spare-standby] WARNING:megatron.core.parallel_state:[elastic] Rank 1: mpu_group_start desc=CONTEXT_PARALLEL_GROUP backend=None group_size=1 ranks=[1]
[watcher 15:25:28] INFO: Recovery phase: role=replacement rank=1 node=0 step=18 phase=mpu_group_start group_desc=CONTEXT_PARALLEL_GROUP group_backend=default group_init_mode=lazy group_use_local_synchronization=False group_c10d_count=3 group_size=1 group_ranks=[1] group_representative_rank=1 group_report_rank=1 group_timeout_seconds=600.0
[watcher 15:25:28] INFO: ordinal_barrier released: id=mpu_group:iter18:replacement1:000018:enter count=64 desc=CONTEXT_PARALLEL_GROUP ordinal=18 stage=enter
[watcher 15:25:28] INFO: [spare-standby] WARNING:megatron.core.parallel_state:[elastic] Rank 1: mpu_group_done desc=CONTEXT_PARALLEL_GROUP backend=None group_size=1 ranks=[1]
[watcher 15:25:28] INFO: Recovery phase: role=replacement rank=1 node=0 step=18 phase=mpu_group_done group_desc=CONTEXT_PARALLEL_GROUP group_backend=default group_init_mode=lazy group_use_local_synchronization=False group_c10d_count=4 group_size=1 group_ranks=[1] group_representative_rank=1 group_report_rank=1 group_timeout_seconds=600.0
[watcher 15:25:28] INFO: ordinal_barrier released: id=mpu_group:iter18:replacement1:000018:exit count=64 desc=CONTEXT_PARALLEL_GROUP ordinal=18 stage=exit
[watcher 15:25:28] INFO: [spare-standby] WARNING:megatron.core.parallel_state:[elastic] Rank 1: mpu_group_start desc=MODEL_PARALLEL_GROUP backend=None group_size=8 ranks=[1, 9, 17, 25, 33, 41, 49, 57]
[watcher 15:25:28] INFO: Recovery phase: role=replacement rank=1 node=0 step=18 phase=mpu_group_start group_desc=MODEL_PARALLEL_GROUP group_backend=default group_init_mode=lazy group_use_local_synchronization=False group_c10d_count=4 group_size=8 group_ranks=[1, 9, 17, 25, 33, 41, 49, 57] group_representative_rank=1 group_report_rank=1 group_timeout_seconds=600.0
[watcher 15:25:28] INFO: Recovery phase: role=survivor rank=41 node=5 step=18 phase=mpu_group_start group_desc=MODEL_PARALLEL_GROUP group_backend=default group_init_mode=lazy group_use_local_synchronization=False group_c10d_count=4 group_size=8 group_ranks=[1, 9, 17, 25, 33, 41, 49, 57] group_representative_rank=1 group_report_rank=41 group_timeout_seconds=600.0
[watcher 15:25:28] INFO: Recovery phase: role=survivor rank=33 node=4 step=18 phase=mpu_group_start group_desc=MODEL_PARALLEL_GROUP group_backend=default group_init_mode=lazy group_use_local_synchronization=False group_c10d_count=4 group_size=8 group_ranks=[1, 9, 17, 25, 33, 41, 49, 57] group_representative_rank=1 group_report_rank=33 group_timeout_seconds=600.0
[watcher 15:25:28] INFO: Recovery phase: role=survivor rank=49 node=6 step=18 phase=mpu_group_start group_desc=MODEL_PARALLEL_GROUP group_backend=default group_init_mode=lazy group_use_local_synchronization=False group_c10d_count=4 group_size=8 group_ranks=[1, 9, 17, 25, 33, 41, 49, 57] group_representative_rank=1 group_report_rank=49 group_timeout_seconds=600.0
[watcher 15:25:28] INFO: Recovery phase: role=survivor rank=17 node=2 step=18 phase=mpu_group_start group_desc=MODEL_PARALLEL_GROUP group_backend=default group_init_mode=lazy group_use_local_synchronization=False group_c10d_count=4 group_size=8 group_ranks=[1, 9, 17, 25, 33, 41, 49, 57] group_representative_rank=1 group_report_rank=17 group_timeout_seconds=600.0
[watcher 15:25:28] INFO: Recovery phase: role=survivor rank=25 node=3 step=18 phase=mpu_group_start group_desc=MODEL_PARALLEL_GROUP group_backend=default group_init_mode=lazy group_use_local_synchronization=False group_c10d_count=4 group_size=8 group_ranks=[1, 9, 17, 25, 33, 41, 49, 57] group_representative_rank=1 group_report_rank=25 group_timeout_seconds=600.0
[watcher 15:25:28] INFO: Recovery phase: role=survivor rank=9 node=1 step=18 phase=mpu_group_start group_desc=MODEL_PARALLEL_GROUP group_backend=default group_init_mode=lazy group_use_local_synchronization=False group_c10d_count=4 group_size=8 group_ranks=[1, 9, 17, 25, 33, 41, 49, 57] group_representative_rank=1 group_report_rank=9 group_timeout_seconds=600.0
[watcher 15:25:28] INFO: Recovery phase: role=survivor rank=57 node=7 step=18 phase=mpu_group_start group_desc=MODEL_PARALLEL_GROUP group_backend=default group_init_mode=lazy group_use_local_synchronization=False group_c10d_count=4 group_size=8 group_ranks=[1, 9, 17, 25, 33, 41, 49, 57] group_representative_rank=1 group_report_rank=57 group_timeout_seconds=600.0
[watcher 15:25:28] INFO: ordinal_barrier released: id=mpu_group:iter18:replacement1:000082:enter count=64 desc=MODEL_PARALLEL_GROUP ordinal=82 stage=enter
[watcher 15:25:28] INFO: [spare-standby] WARNING:megatron.core.parallel_state:[elastic] Rank 1: mpu_group_done desc=MODEL_PARALLEL_GROUP backend=None group_size=8 ranks=[1, 9, 17, 25, 33, 41, 49, 57]
[watcher 15:25:28] INFO: Recovery phase: role=survivor rank=41 node=5 step=18 phase=mpu_group_done group_desc=MODEL_PARALLEL_GROUP group_backend=default group_init_mode=lazy group_use_local_synchronization=False group_c10d_count=5 group_size=8 group_ranks=[1, 9, 17, 25, 33, 41, 49, 57] group_representative_rank=1 group_report_rank=41 group_timeout_seconds=600.0
[watcher 15:25:28] INFO: Recovery phase: role=survivor rank=25 node=3 step=18 phase=mpu_group_done group_desc=MODEL_PARALLEL_GROUP group_backend=default group_init_mode=lazy group_use_local_synchronization=False group_c10d_count=5 group_size=8 group_ranks=[1, 9, 17, 25, 33, 41, 49, 57] group_representative_rank=1 group_report_rank=25 group_timeout_seconds=600.0
[watcher 15:25:28] INFO: Recovery phase: role=survivor rank=33 node=4 step=18 phase=mpu_group_done group_desc=MODEL_PARALLEL_GROUP group_backend=default group_init_mode=lazy group_use_local_synchronization=False group_c10d_count=5 group_size=8 group_ranks=[1, 9, 17, 25, 33, 41, 49, 57] group_representative_rank=1 group_report_rank=33 group_timeout_seconds=600.0
[watcher 15:25:28] INFO: Recovery phase: role=survivor rank=49 node=6 step=18 phase=mpu_group_done group_desc=MODEL_PARALLEL_GROUP group_backend=default group_init_mode=lazy group_use_local_synchronization=False group_c10d_count=5 group_size=8 group_ranks=[1, 9, 17, 25, 33, 41, 49, 57] group_representative_rank=1 group_report_rank=49 group_timeout_seconds=600.0
[watcher 15:25:28] INFO: Recovery phase: role=survivor rank=9 node=1 step=18 phase=mpu_group_done group_desc=MODEL_PARALLEL_GROUP group_backend=default group_init_mode=lazy group_use_local_synchronization=False group_c10d_count=5 group_size=8 group_ranks=[1, 9, 17, 25, 33, 41, 49, 57] group_representative_rank=1 group_report_rank=9 group_timeout_seconds=600.0
[watcher 15:25:28] INFO: Recovery phase: role=survivor rank=17 node=2 step=18 phase=mpu_group_done group_desc=MODEL_PARALLEL_GROUP group_backend=default group_init_mode=lazy group_use_local_synchronization=False group_c10d_count=5 group_size=8 group_ranks=[1, 9, 17, 25, 33, 41, 49, 57] group_representative_rank=1 group_report_rank=17 group_timeout_seconds=600.0
[watcher 15:25:28] INFO: Recovery phase: role=survivor rank=57 node=7 step=18 phase=mpu_group_done group_desc=MODEL_PARALLEL_GROUP group_backend=default group_init_mode=lazy group_use_local_synchronization=False group_c10d_count=5 group_size=8 group_ranks=[1, 9, 17, 25, 33, 41, 49, 57] group_representative_rank=1 group_report_rank=57 group_timeout_seconds=600.0
[watcher 15:25:28] INFO: Recovery phase: role=replacement rank=1 node=0 step=18 phase=mpu_group_done group_desc=MODEL_PARALLEL_GROUP group_backend=default group_init_mode=lazy group_use_local_synchronization=False group_c10d_count=5 group_size=8 group_ranks=[1, 9, 17, 25, 33, 41, 49, 57] group_representative_rank=1 group_report_rank=1 group_timeout_seconds=600.0
[watcher 15:25:28] INFO: ordinal_barrier released: id=mpu_group:iter18:replacement1:000082:exit count=64 desc=MODEL_PARALLEL_GROUP ordinal=82 stage=exit
[watcher 15:25:28] INFO: [spare-standby] WARNING:megatron.core.parallel_state:[elastic] Rank 1: mpu_group_start desc=TENSOR_MODEL_PARALLEL_GROUP backend=None group_size=1 ranks=[1]
[watcher 15:25:28] INFO: Recovery phase: role=replacement rank=1 node=0 step=18 phase=mpu_group_start group_desc=TENSOR_MODEL_PARALLEL_GROUP group_backend=default group_init_mode=lazy group_use_local_synchronization=False group_c10d_count=5 group_size=1 group_ranks=[1] group_representative_rank=1 group_report_rank=1 group_timeout_seconds=600.0
[watcher 15:25:28] INFO: ordinal_barrier released: id=mpu_group:iter18:replacement1:000090:enter count=64 desc=TENSOR_MODEL_PARALLEL_GROUP ordinal=90 stage=enter
[watcher 15:25:28] INFO: [spare-standby] WARNING:megatron.core.parallel_state:[elastic] Rank 1: mpu_group_done desc=TENSOR_MODEL_PARALLEL_GROUP backend=None group_size=1 ranks=[1]
[watcher 15:25:28] INFO: Recovery phase: role=replacement rank=1 node=0 step=18 phase=mpu_group_done group_desc=TENSOR_MODEL_PARALLEL_GROUP group_backend=default group_init_mode=lazy group_use_local_synchronization=False group_c10d_count=6 group_size=1 group_ranks=[1] group_representative_rank=1 group_report_rank=1 group_timeout_seconds=600.0
[watcher 15:25:28] INFO: ordinal_barrier released: id=mpu_group:iter18:replacement1:000090:exit count=64 desc=TENSOR_MODEL_PARALLEL_GROUP ordinal=90 stage=exit
[watcher 15:25:28] INFO: [spare-standby] WARNING:megatron.core.parallel_state:[elastic] Rank 1: mpu_group_start desc=PIPELINE_MODEL_PARALLEL_GROUP backend=None group_size=8 ranks=[1, 9, 17, 25, 33, 41, 49, 57]
[watcher 15:25:28] INFO: Recovery phase: role=replacement rank=1 node=0 step=18 phase=mpu_group_start group_desc=PIPELINE_MODEL_PARALLEL_GROUP group_backend=default group_init_mode=lazy group_use_local_synchronization=False group_c10d_count=6 group_size=8 group_ranks=[1, 9, 17, 25, 33, 41, 49, 57] group_representative_rank=1 group_report_rank=1 group_timeout_seconds=600.0
[watcher 15:25:28] INFO: Recovery phase: role=survivor rank=17 node=2 step=18 phase=mpu_group_start group_desc=PIPELINE_MODEL_PARALLEL_GROUP group_backend=default group_init_mode=lazy group_use_local_synchronization=False group_c10d_count=6 group_size=8 group_ranks=[1, 9, 17, 25, 33, 41, 49, 57] group_representative_rank=1 group_report_rank=17 group_timeout_seconds=600.0
[watcher 15:25:28] INFO: Recovery phase: role=survivor rank=25 node=3 step=18 phase=mpu_group_start group_desc=PIPELINE_MODEL_PARALLEL_GROUP group_backend=default group_init_mode=lazy group_use_local_synchronization=False group_c10d_count=6 group_size=8 group_ranks=[1, 9, 17, 25, 33, 41, 49, 57] group_representative_rank=1 group_report_rank=25 group_timeout_seconds=600.0
[watcher 15:25:28] INFO: Recovery phase: role=survivor rank=33 node=4 step=18 phase=mpu_group_start group_desc=PIPELINE_MODEL_PARALLEL_GROUP group_backend=default group_init_mode=lazy group_use_local_synchronization=False group_c10d_count=6 group_size=8 group_ranks=[1, 9, 17, 25, 33, 41, 49, 57] group_representative_rank=1 group_report_rank=33 group_timeout_seconds=600.0
[watcher 15:25:28] INFO: Recovery phase: role=survivor rank=41 node=5 step=18 phase=mpu_group_start group_desc=PIPELINE_MODEL_PARALLEL_GROUP group_backend=default group_init_mode=lazy group_use_local_synchronization=False group_c10d_count=6 group_size=8 group_ranks=[1, 9, 17, 25, 33, 41, 49, 57] group_representative_rank=1 group_report_rank=41 group_timeout_seconds=600.0
[watcher 15:25:28] INFO: Recovery phase: role=survivor rank=9 node=1 step=18 phase=mpu_group_start group_desc=PIPELINE_MODEL_PARALLEL_GROUP group_backend=default group_init_mode=lazy group_use_local_synchronization=False group_c10d_count=6 group_size=8 group_ranks=[1, 9, 17, 25, 33, 41, 49, 57] group_representative_rank=1 group_report_rank=9 group_timeout_seconds=600.0
[watcher 15:25:28] INFO: Recovery phase: role=survivor rank=57 node=7 step=18 phase=mpu_group_start group_desc=PIPELINE_MODEL_PARALLEL_GROUP group_backend=default group_init_mode=lazy group_use_local_synchronization=False group_c10d_count=6 group_size=8 group_ranks=[1, 9, 17, 25, 33, 41, 49, 57] group_representative_rank=1 group_report_rank=57 group_timeout_seconds=600.0
[watcher 15:25:28] INFO: Recovery phase: role=survivor rank=49 node=6 step=18 phase=mpu_group_start group_desc=PIPELINE_MODEL_PARALLEL_GROUP group_backend=default group_init_mode=lazy group_use_local_synchronization=False group_c10d_count=6 group_size=8 group_ranks=[1, 9, 17, 25, 33, 41, 49, 57] group_representative_rank=1 group_report_rank=49 group_timeout_seconds=600.0
[watcher 15:25:28] INFO: ordinal_barrier released: id=mpu_group:iter18:replacement1:000156:enter count=64 desc=PIPELINE_MODEL_PARALLEL_GROUP ordinal=156 stage=enter
[watcher 15:25:28] INFO: [spare-standby] WARNING:megatron.core.parallel_state:[elastic] Rank 1: mpu_group_done desc=PIPELINE_MODEL_PARALLEL_GROUP backend=None group_size=8 ranks=[1, 9, 17, 25, 33, 41, 49, 57]
[watcher 15:25:28] INFO: Recovery phase: role=survivor rank=49 node=6 step=18 phase=mpu_group_done group_desc=PIPELINE_MODEL_PARALLEL_GROUP group_backend=default group_init_mode=lazy group_use_local_synchronization=False group_c10d_count=7 group_size=8 group_ranks=[1, 9, 17, 25, 33, 41, 49, 57] group_representative_rank=1 group_report_rank=49 group_timeout_seconds=600.0
[watcher 15:25:28] INFO: Recovery phase: role=survivor rank=33 node=4 step=18 phase=mpu_group_done group_desc=PIPELINE_MODEL_PARALLEL_GROUP group_backend=default group_init_mode=lazy group_use_local_synchronization=False group_c10d_count=7 group_size=8 group_ranks=[1, 9, 17, 25, 33, 41, 49, 57] group_representative_rank=1 group_report_rank=33 group_timeout_seconds=600.0
[watcher 15:25:28] INFO: Recovery phase: role=survivor rank=17 node=2 step=18 phase=mpu_group_done group_desc=PIPELINE_MODEL_PARALLEL_GROUP group_backend=default group_init_mode=lazy group_use_local_synchronization=False group_c10d_count=7 group_size=8 group_ranks=[1, 9, 17, 25, 33, 41, 49, 57] group_representative_rank=1 group_report_rank=17 group_timeout_seconds=600.0
[watcher 15:25:28] INFO: Recovery phase: role=survivor rank=57 node=7 step=18 phase=mpu_group_done group_desc=PIPELINE_MODEL_PARALLEL_GROUP group_backend=default group_init_mode=lazy group_use_local_synchronization=False group_c10d_count=7 group_size=8 group_ranks=[1, 9, 17, 25, 33, 41, 49, 57] group_representative_rank=1 group_report_rank=57 group_timeout_seconds=600.0
[watcher 15:25:28] INFO: Recovery phase: role=survivor rank=9 node=1 step=18 phase=mpu_group_done group_desc=PIPELINE_MODEL_PARALLEL_GROUP group_backend=default group_init_mode=lazy group_use_local_synchronization=False group_c10d_count=7 group_size=8 group_ranks=[1, 9, 17, 25, 33, 41, 49, 57] group_representative_rank=1 group_report_rank=9 group_timeout_seconds=600.0
[watcher 15:25:28] INFO: Recovery phase: role=replacement rank=1 node=0 step=18 phase=mpu_group_done group_desc=PIPELINE_MODEL_PARALLEL_GROUP group_backend=default group_init_mode=lazy group_use_local_synchronization=False group_c10d_count=7 group_size=8 group_ranks=[1, 9, 17, 25, 33, 41, 49, 57] group_representative_rank=1 group_report_rank=1 group_timeout_seconds=600.0
[watcher 15:25:28] INFO: Recovery phase: role=survivor rank=25 node=3 step=18 phase=mpu_group_done group_desc=PIPELINE_MODEL_PARALLEL_GROUP group_backend=default group_init_mode=lazy group_use_local_synchronization=False group_c10d_count=7 group_size=8 group_ranks=[1, 9, 17, 25, 33, 41, 49, 57] group_representative_rank=1 group_report_rank=25 group_timeout_seconds=600.0
[watcher 15:25:28] INFO: Recovery phase: role=survivor rank=41 node=5 step=18 phase=mpu_group_done group_desc=PIPELINE_MODEL_PARALLEL_GROUP group_backend=default group_init_mode=lazy group_use_local_synchronization=False group_c10d_count=7 group_size=8 group_ranks=[1, 9, 17, 25, 33, 41, 49, 57] group_representative_rank=1 group_report_rank=41 group_timeout_seconds=600.0
[watcher 15:25:28] INFO: ordinal_barrier released: id=mpu_group:iter18:replacement1:000156:exit count=64 desc=PIPELINE_MODEL_PARALLEL_GROUP ordinal=156 stage=exit
[watcher 15:25:28] INFO: [spare-standby] WARNING:megatron.core.parallel_state:[elastic] Rank 1: mpu_group_start desc=EMBEDDING_GROUP backend=None group_size=2 ranks=[1, 57]
[watcher 15:25:28] INFO: Recovery phase: role=replacement rank=1 node=0 step=18 phase=mpu_group_start group_desc=EMBEDDING_GROUP group_backend=default group_init_mode=lazy group_use_local_synchronization=False group_c10d_count=7 group_size=2 group_ranks=[1, 57] group_representative_rank=1 group_report_rank=1 group_timeout_seconds=600.0
[watcher 15:25:28] INFO: Recovery phase: role=survivor rank=57 node=7 step=18 phase=mpu_group_start group_desc=EMBEDDING_GROUP group_backend=default group_init_mode=lazy group_use_local_synchronization=False group_c10d_count=7 group_size=2 group_ranks=[1, 57] group_representative_rank=1 group_report_rank=57 group_timeout_seconds=600.0
[watcher 15:25:28] INFO: ordinal_barrier released: id=mpu_group:iter18:replacement1:000157:enter count=64 desc=EMBEDDING_GROUP ordinal=157 stage=enter
[watcher 15:25:28] INFO: [spare-standby] WARNING:megatron.core.parallel_state:[elastic] Rank 1: mpu_group_done desc=EMBEDDING_GROUP backend=None group_size=2 ranks=[1, 57]
[watcher 15:25:28] INFO: Recovery phase: role=replacement rank=1 node=0 step=18 phase=mpu_group_done group_desc=EMBEDDING_GROUP group_backend=default group_init_mode=lazy group_use_local_synchronization=False group_c10d_count=8 group_size=2 group_ranks=[1, 57] group_representative_rank=1 group_report_rank=1 group_timeout_seconds=600.0
[watcher 15:25:28] INFO: Recovery phase: role=survivor rank=57 node=7 step=18 phase=mpu_group_done group_desc=EMBEDDING_GROUP group_backend=default group_init_mode=lazy group_use_local_synchronization=False group_c10d_count=8 group_size=2 group_ranks=[1, 57] group_representative_rank=1 group_report_rank=57 group_timeout_seconds=600.0
[watcher 15:25:28] INFO: ordinal_barrier released: id=mpu_group:iter18:replacement1:000157:exit count=64 desc=EMBEDDING_GROUP ordinal=157 stage=exit
[watcher 15:25:28] INFO: [spare-standby] WARNING:megatron.core.parallel_state:[elastic] Rank 1: mpu_group_start desc=POSITION_EMBEDDING_GROUP backend=None group_size=1 ranks=[1]
[watcher 15:25:28] INFO: Recovery phase: role=replacement rank=1 node=0 step=18 phase=mpu_group_start group_desc=POSITION_EMBEDDING_GROUP group_backend=default group_init_mode=lazy group_use_local_synchronization=False group_c10d_count=8 group_size=1 group_ranks=[1] group_representative_rank=1 group_report_rank=1 group_timeout_seconds=600.0
[watcher 15:25:28] INFO: ordinal_barrier released: id=mpu_group:iter18:replacement1:000158:enter count=64 desc=POSITION_EMBEDDING_GROUP ordinal=158 stage=enter
[watcher 15:25:28] INFO: [spare-standby] WARNING:megatron.core.parallel_state:[elastic] Rank 1: mpu_group_done desc=POSITION_EMBEDDING_GROUP backend=None group_size=1 ranks=[1]
[watcher 15:25:28] INFO: Recovery phase: role=replacement rank=1 node=0 step=18 phase=mpu_group_done group_desc=POSITION_EMBEDDING_GROUP group_backend=default group_init_mode=lazy group_use_local_synchronization=False group_c10d_count=9 group_size=1 group_ranks=[1] group_representative_rank=1 group_report_rank=1 group_timeout_seconds=600.0
[watcher 15:25:28] INFO: ordinal_barrier released: id=mpu_group:iter18:replacement1:000158:exit count=64 desc=POSITION_EMBEDDING_GROUP ordinal=158 stage=exit
[watcher 15:25:28] INFO: Recovery phase: role=survivor rank=6 node=0 step=18 phase=mpu_group_start group_desc=TENSOR_AND_DATA_PARALLEL_GROUP_WITH_CP group_backend=default group_init_mode=lazy group_use_local_synchronization=False group_c10d_count=9 group_size=8 group_ranks=[0, 1, 2, 3, 4, 5, 6, 7] group_representative_rank=0 group_report_rank=6 group_timeout_seconds=600.0
[watcher 15:25:28] INFO: Recovery phase: role=replacement rank=1 node=0 step=18 phase=mpu_group_start group_desc=TENSOR_AND_DATA_PARALLEL_GROUP_WITH_CP group_backend=default group_init_mode=lazy group_use_local_synchronization=False group_c10d_count=9 group_size=8 group_ranks=[0, 1, 2, 3, 4, 5, 6, 7] group_representative_rank=0 group_report_rank=1 group_timeout_seconds=600.0
[watcher 15:25:28] INFO: Recovery phase: role=survivor rank=5 node=0 step=18 phase=mpu_group_start group_desc=TENSOR_AND_DATA_PARALLEL_GROUP_WITH_CP group_backend=default group_init_mode=lazy group_use_local_synchronization=False group_c10d_count=9 group_size=8 group_ranks=[0, 1, 2, 3, 4, 5, 6, 7] group_representative_rank=0 group_report_rank=5 group_timeout_seconds=600.0
[watcher 15:25:28] INFO: Recovery phase: role=survivor rank=4 node=0 step=18 phase=mpu_group_start group_desc=TENSOR_AND_DATA_PARALLEL_GROUP_WITH_CP group_backend=default group_init_mode=lazy group_use_local_synchronization=False group_c10d_count=9 group_size=8 group_ranks=[0, 1, 2, 3, 4, 5, 6, 7] group_representative_rank=0 group_report_rank=4 group_timeout_seconds=600.0
[watcher 15:25:28] INFO: Recovery phase: role=survivor rank=3 node=0 step=18 phase=mpu_group_start group_desc=TENSOR_AND_DATA_PARALLEL_GROUP_WITH_CP group_backend=default group_init_mode=lazy group_use_local_synchronization=False group_c10d_count=9 group_size=8 group_ranks=[0, 1, 2, 3, 4, 5, 6, 7] group_representative_rank=0 group_report_rank=3 group_timeout_seconds=600.0
[watcher 15:25:28] INFO: Recovery phase: role=survivor rank=2 node=0 step=18 phase=mpu_group_start group_desc=TENSOR_AND_DATA_PARALLEL_GROUP_WITH_CP group_backend=default group_init_mode=lazy group_use_local_synchronization=False group_c10d_count=9 group_size=8 group_ranks=[0, 1, 2, 3, 4, 5, 6, 7] group_representative_rank=0 group_report_rank=2 group_timeout_seconds=600.0
[watcher 15:25:28] INFO: Recovery phase: role=survivor rank=7 node=0 step=18 phase=mpu_group_start group_desc=TENSOR_AND_DATA_PARALLEL_GROUP_WITH_CP group_backend=default group_init_mode=lazy group_use_local_synchronization=False group_c10d_count=9 group_size=8 group_ranks=[0, 1, 2, 3, 4, 5, 6, 7] group_representative_rank=0 group_report_rank=7 group_timeout_seconds=600.0
[watcher 15:25:28] INFO: Recovery phase: role=survivor rank=0 node=0 step=18 phase=mpu_group_start group_desc=TENSOR_AND_DATA_PARALLEL_GROUP_WITH_CP group_backend=default group_init_mode=lazy group_use_local_synchronization=False group_c10d_count=9 group_size=8 group_ranks=[0, 1, 2, 3, 4, 5, 6, 7] group_representative_rank=0 group_report_rank=0 group_timeout_seconds=600.0
[watcher 15:25:28] INFO: ordinal_barrier released: id=mpu_group:iter18:replacement1:000177:enter count=64 desc=TENSOR_AND_DATA_PARALLEL_GROUP_WITH_CP ordinal=177 stage=enter
[watcher 15:25:28] INFO: Recovery phase: role=replacement rank=1 node=0 step=18 phase=mpu_group_done group_desc=TENSOR_AND_DATA_PARALLEL_GROUP_WITH_CP group_backend=default group_init_mode=lazy group_use_local_synchronization=False group_c10d_count=10 group_size=8 group_ranks=[0, 1, 2, 3, 4, 5, 6, 7] group_representative_rank=0 group_report_rank=1 group_timeout_seconds=600.0
[watcher 15:25:28] INFO: Recovery phase: role=survivor rank=6 node=0 step=18 phase=mpu_group_done group_desc=TENSOR_AND_DATA_PARALLEL_GROUP_WITH_CP group_backend=default group_init_mode=lazy group_use_local_synchronization=False group_c10d_count=10 group_size=8 group_ranks=[0, 1, 2, 3, 4, 5, 6, 7] group_representative_rank=0 group_report_rank=6 group_timeout_seconds=600.0
[watcher 15:25:28] INFO: Recovery phase: role=survivor rank=5 node=0 step=18 phase=mpu_group_done group_desc=TENSOR_AND_DATA_PARALLEL_GROUP_WITH_CP group_backend=default group_init_mode=lazy group_use_local_synchronization=False group_c10d_count=10 group_size=8 group_ranks=[0, 1, 2, 3, 4, 5, 6, 7] group_representative_rank=0 group_report_rank=5 group_timeout_seconds=600.0
[watcher 15:25:28] INFO: Recovery phase: role=survivor rank=3 node=0 step=18 phase=mpu_group_done group_desc=TENSOR_AND_DATA_PARALLEL_GROUP_WITH_CP group_backend=default group_init_mode=lazy group_use_local_synchronization=False group_c10d_count=10 group_size=8 group_ranks=[0, 1, 2, 3, 4, 5, 6, 7] group_representative_rank=0 group_report_rank=3 group_timeout_seconds=600.0
[watcher 15:25:28] INFO: Recovery phase: role=survivor rank=4 node=0 step=18 phase=mpu_group_done group_desc=TENSOR_AND_DATA_PARALLEL_GROUP_WITH_CP group_backend=default group_init_mode=lazy group_use_local_synchronization=False group_c10d_count=10 group_size=8 group_ranks=[0, 1, 2, 3, 4, 5, 6, 7] group_representative_rank=0 group_report_rank=4 group_timeout_seconds=600.0
[watcher 15:25:28] INFO: Recovery phase: role=survivor rank=2 node=0 step=18 phase=mpu_group_done group_desc=TENSOR_AND_DATA_PARALLEL_GROUP_WITH_CP group_backend=default group_init_mode=lazy group_use_local_synchronization=False group_c10d_count=10 group_size=8 group_ranks=[0, 1, 2, 3, 4, 5, 6, 7] group_representative_rank=0 group_report_rank=2 group_timeout_seconds=600.0
[watcher 15:25:28] INFO: Recovery phase: role=survivor rank=7 node=0 step=18 phase=mpu_group_done group_desc=TENSOR_AND_DATA_PARALLEL_GROUP_WITH_CP group_backend=default group_init_mode=lazy group_use_local_synchronization=False group_c10d_count=10 group_size=8 group_ranks=[0, 1, 2, 3, 4, 5, 6, 7] group_representative_rank=0 group_report_rank=7 group_timeout_seconds=600.0
[watcher 15:25:28] INFO: Recovery phase: role=survivor rank=0 node=0 step=18 phase=mpu_group_done group_desc=TENSOR_AND_DATA_PARALLEL_GROUP_WITH_CP group_backend=default group_init_mode=lazy group_use_local_synchronization=False group_c10d_count=10 group_size=8 group_ranks=[0, 1, 2, 3, 4, 5, 6, 7] group_representative_rank=0 group_report_rank=0 group_timeout_seconds=600.0
[watcher 15:25:28] INFO: ordinal_barrier released: id=mpu_group:iter18:replacement1:000177:exit count=64 desc=TENSOR_AND_DATA_PARALLEL_GROUP_WITH_CP ordinal=177 stage=exit
[watcher 15:25:28] INFO: Recovery phase: role=survivor rank=0 node=0 step=18 phase=mpu_group_start group_desc=TENSOR_AND_DATA_PARALLEL_GROUP group_backend=default group_init_mode=lazy group_use_local_synchronization=False group_c10d_count=10 group_size=8 group_ranks=[0, 1, 2, 3, 4, 5, 6, 7] group_representative_rank=0 group_report_rank=0 group_timeout_seconds=600.0
[watcher 15:25:28] INFO: Recovery phase: role=replacement rank=1 node=0 step=18 phase=mpu_group_start group_desc=TENSOR_AND_DATA_PARALLEL_GROUP group_backend=default group_init_mode=lazy group_use_local_synchronization=False group_c10d_count=10 group_size=8 group_ranks=[0, 1, 2, 3, 4, 5, 6, 7] group_representative_rank=0 group_report_rank=1 group_timeout_seconds=600.0
[watcher 15:25:28] INFO: Recovery phase: role=survivor rank=4 node=0 step=18 phase=mpu_group_start group_desc=TENSOR_AND_DATA_PARALLEL_GROUP group_backend=default group_init_mode=lazy group_use_local_synchronization=False group_c10d_count=10 group_size=8 group_ranks=[0, 1, 2, 3, 4, 5, 6, 7] group_representative_rank=0 group_report_rank=4 group_timeout_seconds=600.0
[watcher 15:25:28] INFO: Recovery phase: role=survivor rank=6 node=0 step=18 phase=mpu_group_start group_desc=TENSOR_AND_DATA_PARALLEL_GROUP group_backend=default group_init_mode=lazy group_use_local_synchronization=False group_c10d_count=10 group_size=8 group_ranks=[0, 1, 2, 3, 4, 5, 6, 7] group_representative_rank=0 group_report_rank=6 group_timeout_seconds=600.0
[watcher 15:25:28] INFO: Recovery phase: role=survivor rank=2 node=0 step=18 phase=mpu_group_start group_desc=TENSOR_AND_DATA_PARALLEL_GROUP group_backend=default group_init_mode=lazy group_use_local_synchronization=False group_c10d_count=10 group_size=8 group_ranks=[0, 1, 2, 3, 4, 5, 6, 7] group_representative_rank=0 group_report_rank=2 group_timeout_seconds=600.0
[watcher 15:25:28] INFO: Recovery phase: role=survivor rank=3 node=0 step=18 phase=mpu_group_start group_desc=TENSOR_AND_DATA_PARALLEL_GROUP group_backend=default group_init_mode=lazy group_use_local_synchronization=False group_c10d_count=10 group_size=8 group_ranks=[0, 1, 2, 3, 4, 5, 6, 7] group_representative_rank=0 group_report_rank=3 group_timeout_seconds=600.0
[watcher 15:25:28] INFO: Recovery phase: role=survivor rank=7 node=0 step=18 phase=mpu_group_start group_desc=TENSOR_AND_DATA_PARALLEL_GROUP group_backend=default group_init_mode=lazy group_use_local_synchronization=False group_c10d_count=10 group_size=8 group_ranks=[0, 1, 2, 3, 4, 5, 6, 7] group_representative_rank=0 group_report_rank=7 group_timeout_seconds=600.0
[watcher 15:25:28] INFO: Recovery phase: role=survivor rank=5 node=0 step=18 phase=mpu_group_start group_desc=TENSOR_AND_DATA_PARALLEL_GROUP group_backend=default group_init_mode=lazy group_use_local_synchronization=False group_c10d_count=10 group_size=8 group_ranks=[0, 1, 2, 3, 4, 5, 6, 7] group_representative_rank=0 group_report_rank=5 group_timeout_seconds=600.0
[watcher 15:25:28] INFO: ordinal_barrier released: id=mpu_group:iter18:replacement1:000185:enter count=64 desc=TENSOR_AND_DATA_PARALLEL_GROUP ordinal=185 stage=enter
[watcher 15:25:28] INFO: Recovery phase: role=survivor rank=5 node=0 step=18 phase=mpu_group_done group_desc=TENSOR_AND_DATA_PARALLEL_GROUP group_backend=default group_init_mode=lazy group_use_local_synchronization=False group_c10d_count=11 group_size=8 group_ranks=[0, 1, 2, 3, 4, 5, 6, 7] group_representative_rank=0 group_report_rank=5 group_timeout_seconds=600.0
[watcher 15:25:28] INFO: Recovery phase: role=replacement rank=1 node=0 step=18 phase=mpu_group_done group_desc=TENSOR_AND_DATA_PARALLEL_GROUP group_backend=default group_init_mode=lazy group_use_local_synchronization=False group_c10d_count=11 group_size=8 group_ranks=[0, 1, 2, 3, 4, 5, 6, 7] group_representative_rank=0 group_report_rank=1 group_timeout_seconds=600.0
[watcher 15:25:28] INFO: Recovery phase: role=survivor rank=0 node=0 step=18 phase=mpu_group_done group_desc=TENSOR_AND_DATA_PARALLEL_GROUP group_backend=default group_init_mode=lazy group_use_local_synchronization=False group_c10d_count=11 group_size=8 group_ranks=[0, 1, 2, 3, 4, 5, 6, 7] group_representative_rank=0 group_report_rank=0 group_timeout_seconds=600.0
[watcher 15:25:28] INFO: Recovery phase: role=survivor rank=4 node=0 step=18 phase=mpu_group_done group_desc=TENSOR_AND_DATA_PARALLEL_GROUP group_backend=default group_init_mode=lazy group_use_local_synchronization=False group_c10d_count=11 group_size=8 group_ranks=[0, 1, 2, 3, 4, 5, 6, 7] group_representative_rank=0 group_report_rank=4 group_timeout_seconds=600.0
[watcher 15:25:28] INFO: Recovery phase: role=survivor rank=6 node=0 step=18 phase=mpu_group_done group_desc=TENSOR_AND_DATA_PARALLEL_GROUP group_backend=default group_init_mode=lazy group_use_local_synchronization=False group_c10d_count=11 group_size=8 group_ranks=[0, 1, 2, 3, 4, 5, 6, 7] group_representative_rank=0 group_report_rank=6 group_timeout_seconds=600.0
[watcher 15:25:28] INFO: Recovery phase: role=survivor rank=2 node=0 step=18 phase=mpu_group_done group_desc=TENSOR_AND_DATA_PARALLEL_GROUP group_backend=default group_init_mode=lazy group_use_local_synchronization=False group_c10d_count=11 group_size=8 group_ranks=[0, 1, 2, 3, 4, 5, 6, 7] group_representative_rank=0 group_report_rank=2 group_timeout_seconds=600.0
[watcher 15:25:28] INFO: Recovery phase: role=survivor rank=3 node=0 step=18 phase=mpu_group_done group_desc=TENSOR_AND_DATA_PARALLEL_GROUP group_backend=default group_init_mode=lazy group_use_local_synchronization=False group_c10d_count=11 group_size=8 group_ranks=[0, 1, 2, 3, 4, 5, 6, 7] group_representative_rank=0 group_report_rank=3 group_timeout_seconds=600.0
[watcher 15:25:28] INFO: Recovery phase: role=survivor rank=7 node=0 step=18 phase=mpu_group_done group_desc=TENSOR_AND_DATA_PARALLEL_GROUP group_backend=default group_init_mode=lazy group_use_local_synchronization=False group_c10d_count=11 group_size=8 group_ranks=[0, 1, 2, 3, 4, 5, 6, 7] group_representative_rank=0 group_report_rank=7 group_timeout_seconds=600.0
[watcher 15:25:28] INFO: ordinal_barrier released: id=mpu_group:iter18:replacement1:000185:exit count=64 desc=TENSOR_AND_DATA_PARALLEL_GROUP ordinal=185 stage=exit
[watcher 15:25:28] INFO: [spare-standby] WARNING:megatron.core.parallel_state:[elastic] Rank 1: mpu_group_start desc=TENSOR_AND_CONTEXT_PARALLEL_GROUP backend=None group_size=1 ranks=[1]
[watcher 15:25:28] INFO: Recovery phase: role=replacement rank=1 node=0 step=18 phase=mpu_group_start group_desc=TENSOR_AND_CONTEXT_PARALLEL_GROUP group_backend=default group_init_mode=lazy group_use_local_synchronization=False group_c10d_count=11 group_size=1 group_ranks=[1] group_representative_rank=1 group_report_rank=1 group_timeout_seconds=600.0
[watcher 15:25:28] INFO: ordinal_barrier released: id=mpu_group:iter18:replacement1:000194:enter count=64 desc=TENSOR_AND_CONTEXT_PARALLEL_GROUP ordinal=194 stage=enter
[watcher 15:25:28] INFO: [spare-standby] WARNING:megatron.core.parallel_state:[elastic] Rank 1: mpu_group_done desc=TENSOR_AND_CONTEXT_PARALLEL_GROUP backend=None group_size=1 ranks=[1]
[watcher 15:25:28] INFO: Recovery phase: role=replacement rank=1 node=0 step=18 phase=mpu_group_done group_desc=TENSOR_AND_CONTEXT_PARALLEL_GROUP group_backend=default group_init_mode=lazy group_use_local_synchronization=False group_c10d_count=12 group_size=1 group_ranks=[1] group_representative_rank=1 group_report_rank=1 group_timeout_seconds=600.0
[watcher 15:25:28] INFO: ordinal_barrier released: id=mpu_group:iter18:replacement1:000194:exit count=64 desc=TENSOR_AND_CONTEXT_PARALLEL_GROUP ordinal=194 stage=exit
[watcher 15:25:28] INFO: Recovery phase: role=survivor rank=4 node=0 step=18 phase=mpu_group_start group_desc=EXPERT_MODEL_PARALLEL_GROUP group_backend=default group_init_mode=lazy group_use_local_synchronization=False group_c10d_count=12 group_size=8 group_ranks=[0, 1, 2, 3, 4, 5, 6, 7] group_representative_rank=0 group_report_rank=4
[watcher 15:25:28] INFO: Recovery phase: role=survivor rank=6 node=0 step=18 phase=mpu_group_start group_desc=EXPERT_MODEL_PARALLEL_GROUP group_backend=default group_init_mode=lazy group_use_local_synchronization=False group_c10d_count=12 group_size=8 group_ranks=[0, 1, 2, 3, 4, 5, 6, 7] group_representative_rank=0 group_report_rank=6
[watcher 15:25:28] INFO: Recovery phase: role=survivor rank=0 node=0 step=18 phase=mpu_group_start group_desc=EXPERT_MODEL_PARALLEL_GROUP group_backend=default group_init_mode=lazy group_use_local_synchronization=False group_c10d_count=12 group_size=8 group_ranks=[0, 1, 2, 3, 4, 5, 6, 7] group_representative_rank=0 group_report_rank=0
[watcher 15:25:28] INFO: Recovery phase: role=replacement rank=1 node=0 step=18 phase=mpu_group_start group_desc=EXPERT_MODEL_PARALLEL_GROUP group_backend=default group_init_mode=lazy group_use_local_synchronization=False group_c10d_count=12 group_size=8 group_ranks=[0, 1, 2, 3, 4, 5, 6, 7] group_representative_rank=0 group_report_rank=1
[watcher 15:25:28] INFO: Recovery phase: role=survivor rank=5 node=0 step=18 phase=mpu_group_start group_desc=EXPERT_MODEL_PARALLEL_GROUP group_backend=default group_init_mode=lazy group_use_local_synchronization=False group_c10d_count=12 group_size=8 group_ranks=[0, 1, 2, 3, 4, 5, 6, 7] group_representative_rank=0 group_report_rank=5
[watcher 15:25:28] INFO: Recovery phase: role=survivor rank=2 node=0 step=18 phase=mpu_group_start group_desc=EXPERT_MODEL_PARALLEL_GROUP group_backend=default group_init_mode=lazy group_use_local_synchronization=False group_c10d_count=12 group_size=8 group_ranks=[0, 1, 2, 3, 4, 5, 6, 7] group_representative_rank=0 group_report_rank=2
[watcher 15:25:28] INFO: Recovery phase: role=survivor rank=3 node=0 step=18 phase=mpu_group_start group_desc=EXPERT_MODEL_PARALLEL_GROUP group_backend=default group_init_mode=lazy group_use_local_synchronization=False group_c10d_count=12 group_size=8 group_ranks=[0, 1, 2, 3, 4, 5, 6, 7] group_representative_rank=0 group_report_rank=3
[watcher 15:25:28] INFO: Recovery phase: role=survivor rank=7 node=0 step=18 phase=mpu_group_start group_desc=EXPERT_MODEL_PARALLEL_GROUP group_backend=default group_init_mode=lazy group_use_local_synchronization=False group_c10d_count=12 group_size=8 group_ranks=[0, 1, 2, 3, 4, 5, 6, 7] group_representative_rank=0 group_report_rank=7
[watcher 15:25:28] INFO: ordinal_barrier released: id=mpu_group:iter18:replacement1:000257:enter count=64 desc=EXPERT_MODEL_PARALLEL_GROUP ordinal=257 stage=enter
[watcher 15:25:28] INFO: Recovery phase: role=survivor rank=7 node=0 step=18 phase=mpu_group_done group_desc=EXPERT_MODEL_PARALLEL_GROUP group_backend=default group_init_mode=lazy group_use_local_synchronization=False group_c10d_count=13 group_size=8 group_ranks=[0, 1, 2, 3, 4, 5, 6, 7] group_representative_rank=0 group_report_rank=7
[watcher 15:25:28] INFO: Recovery phase: role=survivor rank=4 node=0 step=18 phase=mpu_group_done group_desc=EXPERT_MODEL_PARALLEL_GROUP group_backend=default group_init_mode=lazy group_use_local_synchronization=False group_c10d_count=13 group_size=8 group_ranks=[0, 1, 2, 3, 4, 5, 6, 7] group_representative_rank=0 group_report_rank=4
[watcher 15:25:28] INFO: Recovery phase: role=survivor rank=3 node=0 step=18 phase=mpu_group_done group_desc=EXPERT_MODEL_PARALLEL_GROUP group_backend=default group_init_mode=lazy group_use_local_synchronization=False group_c10d_count=13 group_size=8 group_ranks=[0, 1, 2, 3, 4, 5, 6, 7] group_representative_rank=0 group_report_rank=3
[watcher 15:25:28] INFO: Recovery phase: role=replacement rank=1 node=0 step=18 phase=mpu_group_done group_desc=EXPERT_MODEL_PARALLEL_GROUP group_backend=default group_init_mode=lazy group_use_local_synchronization=False group_c10d_count=13 group_size=8 group_ranks=[0, 1, 2, 3, 4, 5, 6, 7] group_representative_rank=0 group_report_rank=1
[watcher 15:25:28] INFO: Recovery phase: role=survivor rank=6 node=0 step=18 phase=mpu_group_done group_desc=EXPERT_MODEL_PARALLEL_GROUP group_backend=default group_init_mode=lazy group_use_local_synchronization=False group_c10d_count=13 group_size=8 group_ranks=[0, 1, 2, 3, 4, 5, 6, 7] group_representative_rank=0 group_report_rank=6
[watcher 15:25:28] INFO: Recovery phase: role=survivor rank=5 node=0 step=18 phase=mpu_group_done group_desc=EXPERT_MODEL_PARALLEL_GROUP group_backend=default group_init_mode=lazy group_use_local_synchronization=False group_c10d_count=13 group_size=8 group_ranks=[0, 1, 2, 3, 4, 5, 6, 7] group_representative_rank=0 group_report_rank=5
[watcher 15:25:28] INFO: Recovery phase: role=survivor rank=0 node=0 step=18 phase=mpu_group_done group_desc=EXPERT_MODEL_PARALLEL_GROUP group_backend=default group_init_mode=lazy group_use_local_synchronization=False group_c10d_count=13 group_size=8 group_ranks=[0, 1, 2, 3, 4, 5, 6, 7] group_representative_rank=0 group_report_rank=0
[watcher 15:25:28] INFO: Recovery phase: role=survivor rank=2 node=0 step=18 phase=mpu_group_done group_desc=EXPERT_MODEL_PARALLEL_GROUP group_backend=default group_init_mode=lazy group_use_local_synchronization=False group_c10d_count=13 group_size=8 group_ranks=[0, 1, 2, 3, 4, 5, 6, 7] group_representative_rank=0 group_report_rank=2
[watcher 15:25:28] INFO: ordinal_barrier released: id=mpu_group:iter18:replacement1:000257:exit count=64 desc=EXPERT_MODEL_PARALLEL_GROUP ordinal=257 stage=exit
[watcher 15:25:28] INFO: [spare-standby] WARNING:megatron.core.parallel_state:[elastic] Rank 1: mpu_group_start desc=EXPERT_TENSOR_PARALLEL_GROUP backend=None group_size=1 ranks=[1]
[watcher 15:25:28] INFO: Recovery phase: role=replacement rank=1 node=0 step=18 phase=mpu_group_start group_desc=EXPERT_TENSOR_PARALLEL_GROUP group_backend=default group_init_mode=lazy group_use_local_synchronization=False group_c10d_count=13 group_size=1 group_ranks=[1] group_representative_rank=1 group_report_rank=1 group_timeout_seconds=600.0
[watcher 15:25:28] INFO: ordinal_barrier released: id=mpu_group:iter18:replacement1:000266:enter count=64 desc=EXPERT_TENSOR_PARALLEL_GROUP ordinal=266 stage=enter
[watcher 15:25:28] INFO: [spare-standby] WARNING:megatron.core.parallel_state:[elastic] Rank 1: mpu_group_done desc=EXPERT_TENSOR_PARALLEL_GROUP backend=None group_size=1 ranks=[1]
[watcher 15:25:28] INFO: Recovery phase: role=replacement rank=1 node=0 step=18 phase=mpu_group_done group_desc=EXPERT_TENSOR_PARALLEL_GROUP group_backend=default group_init_mode=lazy group_use_local_synchronization=False group_c10d_count=14 group_size=1 group_ranks=[1] group_representative_rank=1 group_report_rank=1 group_timeout_seconds=600.0
[watcher 15:25:28] INFO: ordinal_barrier released: id=mpu_group:iter18:replacement1:000266:exit count=64 desc=EXPERT_TENSOR_PARALLEL_GROUP ordinal=266 stage=exit
[watcher 15:25:28] INFO: Recovery phase: role=survivor rank=0 node=0 step=18 phase=mpu_group_start group_desc=EXPERT_TENSOR_AND_MODEL_PARALLEL_GROUP group_backend=default group_init_mode=lazy group_use_local_synchronization=False group_c10d_count=14 group_size=8 group_ranks=[0, 1, 2, 3, 4, 5, 6, 7] group_representative_rank=0 group_report_rank=0 group_timeout_seconds=600.0
[watcher 15:25:28] INFO: Recovery phase: role=survivor rank=6 node=0 step=18 phase=mpu_group_start group_desc=EXPERT_TENSOR_AND_MODEL_PARALLEL_GROUP group_backend=default group_init_mode=lazy group_use_local_synchronization=False group_c10d_count=14 group_size=8 group_ranks=[0, 1, 2, 3, 4, 5, 6, 7] group_representative_rank=0 group_report_rank=6 group_timeout_seconds=600.0
[watcher 15:25:28] INFO: Recovery phase: role=survivor rank=3 node=0 step=18 phase=mpu_group_start group_desc=EXPERT_TENSOR_AND_MODEL_PARALLEL_GROUP group_backend=default group_init_mode=lazy group_use_local_synchronization=False group_c10d_count=14 group_size=8 group_ranks=[0, 1, 2, 3, 4, 5, 6, 7] group_representative_rank=0 group_report_rank=3 group_timeout_seconds=600.0
[watcher 15:25:28] INFO: Recovery phase: role=survivor rank=5 node=0 step=18 phase=mpu_group_start group_desc=EXPERT_TENSOR_AND_MODEL_PARALLEL_GROUP group_backend=default group_init_mode=lazy group_use_local_synchronization=False group_c10d_count=14 group_size=8 group_ranks=[0, 1, 2, 3, 4, 5, 6, 7] group_representative_rank=0 group_report_rank=5 group_timeout_seconds=600.0
[watcher 15:25:28] INFO: Recovery phase: role=replacement rank=1 node=0 step=18 phase=mpu_group_start group_desc=EXPERT_TENSOR_AND_MODEL_PARALLEL_GROUP group_backend=default group_init_mode=lazy group_use_local_synchronization=False group_c10d_count=14 group_size=8 group_ranks=[0, 1, 2, 3, 4, 5, 6, 7] group_representative_rank=0 group_report_rank=1 group_timeout_seconds=600.0
[watcher 15:25:28] INFO: Recovery phase: role=survivor rank=7 node=0 step=18 phase=mpu_group_start group_desc=EXPERT_TENSOR_AND_MODEL_PARALLEL_GROUP group_backend=default group_init_mode=lazy group_use_local_synchronization=False group_c10d_count=14 group_size=8 group_ranks=[0, 1, 2, 3, 4, 5, 6, 7] group_representative_rank=0 group_report_rank=7 group_timeout_seconds=600.0
[watcher 15:25:28] INFO: Recovery phase: role=survivor rank=2 node=0 step=18 phase=mpu_group_start group_desc=EXPERT_TENSOR_AND_MODEL_PARALLEL_GROUP group_backend=default group_init_mode=lazy group_use_local_synchronization=False group_c10d_count=14 group_size=8 group_ranks=[0, 1, 2, 3, 4, 5, 6, 7] group_representative_rank=0 group_report_rank=2 group_timeout_seconds=600.0
[watcher 15:25:28] INFO: Recovery phase: role=survivor rank=4 node=0 step=18 phase=mpu_group_start group_desc=EXPERT_TENSOR_AND_MODEL_PARALLEL_GROUP group_backend=default group_init_mode=lazy group_use_local_synchronization=False group_c10d_count=14 group_size=8 group_ranks=[0, 1, 2, 3, 4, 5, 6, 7] group_representative_rank=0 group_report_rank=4 group_timeout_seconds=600.0
[watcher 15:25:28] INFO: ordinal_barrier released: id=mpu_group:iter18:replacement1:000329:enter count=64 desc=EXPERT_TENSOR_AND_MODEL_PARALLEL_GROUP ordinal=329 stage=enter
[watcher 15:25:28] INFO: Recovery phase: role=survivor rank=5 node=0 step=18 phase=mpu_group_done group_desc=EXPERT_TENSOR_AND_MODEL_PARALLEL_GROUP group_backend=default group_init_mode=lazy group_use_local_synchronization=False group_c10d_count=15 group_size=8 group_ranks=[0, 1, 2, 3, 4, 5, 6, 7] group_representative_rank=0 group_report_rank=5 group_timeout_seconds=600.0
[watcher 15:25:28] INFO: Recovery phase: role=replacement rank=1 node=0 step=18 phase=mpu_group_done group_desc=EXPERT_TENSOR_AND_MODEL_PARALLEL_GROUP group_backend=default group_init_mode=lazy group_use_local_synchronization=False group_c10d_count=15 group_size=8 group_ranks=[0, 1, 2, 3, 4, 5, 6, 7] group_representative_rank=0 group_report_rank=1 group_timeout_seconds=600.0
[watcher 15:25:28] INFO: Recovery phase: role=survivor rank=4 node=0 step=18 phase=mpu_group_done group_desc=EXPERT_TENSOR_AND_MODEL_PARALLEL_GROUP group_backend=default group_init_mode=lazy group_use_local_synchronization=False group_c10d_count=15 group_size=8 group_ranks=[0, 1, 2, 3, 4, 5, 6, 7] group_representative_rank=0 group_report_rank=4 group_timeout_seconds=600.0
[watcher 15:25:28] INFO: Recovery phase: role=survivor rank=6 node=0 step=18 phase=mpu_group_done group_desc=EXPERT_TENSOR_AND_MODEL_PARALLEL_GROUP group_backend=default group_init_mode=lazy group_use_local_synchronization=False group_c10d_count=15 group_size=8 group_ranks=[0, 1, 2, 3, 4, 5, 6, 7] group_representative_rank=0 group_report_rank=6 group_timeout_seconds=600.0
[watcher 15:25:28] INFO: Recovery phase: role=survivor rank=0 node=0 step=18 phase=mpu_group_done group_desc=EXPERT_TENSOR_AND_MODEL_PARALLEL_GROUP group_backend=default group_init_mode=lazy group_use_local_synchronization=False group_c10d_count=15 group_size=8 group_ranks=[0, 1, 2, 3, 4, 5, 6, 7] group_representative_rank=0 group_report_rank=0 group_timeout_seconds=600.0
[watcher 15:25:28] INFO: Recovery phase: role=survivor rank=3 node=0 step=18 phase=mpu_group_done group_desc=EXPERT_TENSOR_AND_MODEL_PARALLEL_GROUP group_backend=default group_init_mode=lazy group_use_local_synchronization=False group_c10d_count=15 group_size=8 group_ranks=[0, 1, 2, 3, 4, 5, 6, 7] group_representative_rank=0 group_report_rank=3 group_timeout_seconds=600.0
[watcher 15:25:28] INFO: Recovery phase: role=survivor rank=2 node=0 step=18 phase=mpu_group_done group_desc=EXPERT_TENSOR_AND_MODEL_PARALLEL_GROUP group_backend=default group_init_mode=lazy group_use_local_synchronization=False group_c10d_count=15 group_size=8 group_ranks=[0, 1, 2, 3, 4, 5, 6, 7] group_representative_rank=0 group_report_rank=2 group_timeout_seconds=600.0
[watcher 15:25:28] INFO: Recovery phase: role=survivor rank=7 node=0 step=18 phase=mpu_group_done group_desc=EXPERT_TENSOR_AND_MODEL_PARALLEL_GROUP group_backend=default group_init_mode=lazy group_use_local_synchronization=False group_c10d_count=15 group_size=8 group_ranks=[0, 1, 2, 3, 4, 5, 6, 7] group_representative_rank=0 group_report_rank=7 group_timeout_seconds=600.0
[watcher 15:25:28] INFO: ordinal_barrier released: id=mpu_group:iter18:replacement1:000329:exit count=64 desc=EXPERT_TENSOR_AND_MODEL_PARALLEL_GROUP ordinal=329 stage=exit
[watcher 15:25:28] INFO: Recovery phase: role=survivor rank=2 node=0 step=18 phase=mpu_group_start group_desc=EXPERT_TENSOR_MODEL_PIPELINE_PARALLEL_GROUP group_backend=default group_init_mode=lazy group_use_local_synchronization=False group_c10d_count=15 group_size=64 group_first_rank=0 group_last_rank=63 group_representative_rank=0 group_report_rank=2 group_timeout_seconds=600.0
[watcher 15:25:28] INFO: Recovery phase: role=survivor rank=49 node=6 step=18 phase=mpu_group_start group_desc=EXPERT_TENSOR_MODEL_PIPELINE_PARALLEL_GROUP group_backend=default group_init_mode=lazy group_use_local_synchronization=False group_c10d_count=15 group_size=64 group_first_rank=0 group_last_rank=63 group_representative_rank=0 group_report_rank=49 group_timeout_seconds=600.0
[watcher 15:25:28] INFO: Recovery phase: role=survivor rank=16 node=2 step=18 phase=mpu_group_start group_desc=EXPERT_TENSOR_MODEL_PIPELINE_PARALLEL_GROUP group_backend=default group_init_mode=lazy group_use_local_synchronization=False group_c10d_count=15 group_size=64 group_first_rank=0 group_last_rank=63 group_representative_rank=0 group_report_rank=16 group_timeout_seconds=600.0
[watcher 15:25:28] INFO: Recovery phase: role=survivor rank=19 node=2 step=18 phase=mpu_group_start group_desc=EXPERT_TENSOR_MODEL_PIPELINE_PARALLEL_GROUP group_backend=default group_init_mode=lazy group_use_local_synchronization=False group_c10d_count=15 group_size=64 group_first_rank=0 group_last_rank=63 group_representative_rank=0 group_report_rank=19 group_timeout_seconds=600.0
[watcher 15:25:28] INFO: Recovery phase: role=survivor rank=57 node=7 step=18 phase=mpu_group_start group_desc=EXPERT_TENSOR_MODEL_PIPELINE_PARALLEL_GROUP group_backend=default group_init_mode=lazy group_use_local_synchronization=False group_c10d_count=15 group_size=64 group_first_rank=0 group_last_rank=63 group_representative_rank=0 group_report_rank=57 group_timeout_seconds=600.0
[watcher 15:25:28] INFO: Recovery phase: role=survivor rank=38 node=4 step=18 phase=mpu_group_start group_desc=EXPERT_TENSOR_MODEL_PIPELINE_PARALLEL_GROUP group_backend=default group_init_mode=lazy group_use_local_synchronization=False group_c10d_count=15 group_size=64 group_first_rank=0 group_last_rank=63 group_representative_rank=0 group_report_rank=38 group_timeout_seconds=600.0
[watcher 15:25:28] INFO: Recovery phase: role=survivor rank=27 node=3 step=18 phase=mpu_group_start group_desc=EXPERT_TENSOR_MODEL_PIPELINE_PARALLEL_GROUP group_backend=default group_init_mode=lazy group_use_local_synchronization=False group_c10d_count=15 group_size=64 group_first_rank=0 group_last_rank=63 group_representative_rank=0 group_report_rank=27 group_timeout_seconds=600.0
[watcher 15:25:28] INFO: Recovery phase: role=survivor rank=22 node=2 step=18 phase=mpu_group_start group_desc=EXPERT_TENSOR_MODEL_PIPELINE_PARALLEL_GROUP group_backend=default group_init_mode=lazy group_use_local_synchronization=False group_c10d_count=15 group_size=64 group_first_rank=0 group_last_rank=63 group_representative_rank=0 group_report_rank=22 group_timeout_seconds=600.0
[watcher 15:25:28] INFO: Recovery phase: role=survivor rank=51 node=6 step=18 phase=mpu_group_start group_desc=EXPERT_TENSOR_MODEL_PIPELINE_PARALLEL_GROUP group_backend=default group_init_mode=lazy group_use_local_synchronization=False group_c10d_count=15 group_size=64 group_first_rank=0 group_last_rank=63 group_representative_rank=0 group_report_rank=51 group_timeout_seconds=600.0
[watcher 15:25:28] INFO: Recovery phase: role=survivor rank=32 node=4 step=18 phase=mpu_group_start group_desc=EXPERT_TENSOR_MODEL_PIPELINE_PARALLEL_GROUP group_backend=default group_init_mode=lazy group_use_local_synchronization=False group_c10d_count=15 group_size=64 group_first_rank=0 group_last_rank=63 group_representative_rank=0 group_report_rank=32 group_timeout_seconds=600.0
[watcher 15:25:28] INFO: Recovery phase: role=survivor rank=37 node=4 step=18 phase=mpu_group_start group_desc=EXPERT_TENSOR_MODEL_PIPELINE_PARALLEL_GROUP group_backend=default group_init_mode=lazy group_use_local_synchronization=False group_c10d_count=15 group_size=64 group_first_rank=0 group_last_rank=63 group_representative_rank=0 group_report_rank=37 group_timeout_seconds=600.0
[watcher 15:25:28] INFO: Recovery phase: role=survivor rank=0 node=0 step=18 phase=mpu_group_start group_desc=EXPERT_TENSOR_MODEL_PIPELINE_PARALLEL_GROUP group_backend=default group_init_mode=lazy group_use_local_synchronization=False group_c10d_count=15 group_size=64 group_first_rank=0 group_last_rank=63 group_representative_rank=0 group_report_rank=0 group_timeout_seconds=600.0
[watcher 15:25:28] INFO: Recovery phase: role=survivor rank=6 node=0 step=18 phase=mpu_group_start group_desc=EXPERT_TENSOR_MODEL_PIPELINE_PARALLEL_GROUP group_backend=default group_init_mode=lazy group_use_local_synchronization=False group_c10d_count=15 group_size=64 group_first_rank=0 group_last_rank=63 group_representative_rank=0 group_report_rank=6 group_timeout_seconds=600.0
[watcher 15:25:28] INFO: Recovery phase: role=survivor rank=46 node=5 step=18 phase=mpu_group_start group_desc=EXPERT_TENSOR_MODEL_PIPELINE_PARALLEL_GROUP group_backend=default group_init_mode=lazy group_use_local_synchronization=False group_c10d_count=15 group_size=64 group_first_rank=0 group_last_rank=63 group_representative_rank=0 group_report_rank=46 group_timeout_seconds=600.0
[watcher 15:25:28] INFO: Recovery phase: role=survivor rank=13 node=1 step=18 phase=mpu_group_start group_desc=EXPERT_TENSOR_MODEL_PIPELINE_PARALLEL_GROUP group_backend=default group_init_mode=lazy group_use_local_synchronization=False group_c10d_count=15 group_size=64 group_first_rank=0 group_last_rank=63 group_representative_rank=0 group_report_rank=13 group_timeout_seconds=600.0
[watcher 15:25:28] INFO: Recovery phase: role=survivor rank=60 node=7 step=18 phase=mpu_group_start group_desc=EXPERT_TENSOR_MODEL_PIPELINE_PARALLEL_GROUP group_backend=default group_init_mode=lazy group_use_local_synchronization=False group_c10d_count=15 group_size=64 group_first_rank=0 group_last_rank=63 group_representative_rank=0 group_report_rank=60 group_timeout_seconds=600.0
[watcher 15:25:28] INFO: Recovery phase: role=survivor rank=52 node=6 step=18 phase=mpu_group_start group_desc=EXPERT_TENSOR_MODEL_PIPELINE_PARALLEL_GROUP group_backend=default group_init_mode=lazy group_use_local_synchronization=False group_c10d_count=15 group_size=64 group_first_rank=0 group_last_rank=63 group_representative_rank=0 group_report_rank=52 group_timeout_seconds=600.0
[watcher 15:25:28] INFO: Recovery phase: role=survivor rank=23 node=2 step=18 phase=mpu_group_start group_desc=EXPERT_TENSOR_MODEL_PIPELINE_PARALLEL_GROUP group_backend=default group_init_mode=lazy group_use_local_synchronization=False group_c10d_count=15 group_size=64 group_first_rank=0 group_last_rank=63 group_representative_rank=0 group_report_rank=23 group_timeout_seconds=600.0
[watcher 15:25:28] INFO: Recovery phase: role=survivor rank=26 node=3 step=18 phase=mpu_group_start group_desc=EXPERT_TENSOR_MODEL_PIPELINE_PARALLEL_GROUP group_backend=default group_init_mode=lazy group_use_local_synchronization=False group_c10d_count=15 group_size=64 group_first_rank=0 group_last_rank=63 group_representative_rank=0 group_report_rank=26 group_timeout_seconds=600.0
[watcher 15:25:28] INFO: Recovery phase: role=survivor rank=56 node=7 step=18 phase=mpu_group_start group_desc=EXPERT_TENSOR_MODEL_PIPELINE_PARALLEL_GROUP group_backend=default group_init_mode=lazy group_use_local_synchronization=False group_c10d_count=15 group_size=64 group_first_rank=0 group_last_rank=63 group_representative_rank=0 group_report_rank=56 group_timeout_seconds=600.0
[watcher 15:25:28] INFO: Recovery phase: role=survivor rank=61 node=7 step=18 phase=mpu_group_start group_desc=EXPERT_TENSOR_MODEL_PIPELINE_PARALLEL_GROUP group_backend=default group_init_mode=lazy group_use_local_synchronization=False group_c10d_count=15 group_size=64 group_first_rank=0 group_last_rank=63 group_representative_rank=0 group_report_rank=61 group_timeout_seconds=600.0
[watcher 15:25:28] INFO: Recovery phase: role=survivor rank=34 node=4 step=18 phase=mpu_group_start group_desc=EXPERT_TENSOR_MODEL_PIPELINE_PARALLEL_GROUP group_backend=default group_init_mode=lazy group_use_local_synchronization=False group_c10d_count=15 group_size=64 group_first_rank=0 group_last_rank=63 group_representative_rank=0 group_report_rank=34 group_timeout_seconds=600.0
[watcher 15:25:28] INFO: Recovery phase: role=survivor rank=48 node=6 step=18 phase=mpu_group_start group_desc=EXPERT_TENSOR_MODEL_PIPELINE_PARALLEL_GROUP group_backend=default group_init_mode=lazy group_use_local_synchronization=False group_c10d_count=15 group_size=64 group_first_rank=0 group_last_rank=63 group_representative_rank=0 group_report_rank=48 group_timeout_seconds=600.0
[watcher 15:25:28] INFO: Recovery phase: role=survivor rank=10 node=1 step=18 phase=mpu_group_start group_desc=EXPERT_TENSOR_MODEL_PIPELINE_PARALLEL_GROUP group_backend=default group_init_mode=lazy group_use_local_synchronization=False group_c10d_count=15 group_size=64 group_first_rank=0 group_last_rank=63 group_representative_rank=0 group_report_rank=10 group_timeout_seconds=600.0
[watcher 15:25:28] INFO: Recovery phase: role=survivor rank=35 node=4 step=18 phase=mpu_group_start group_desc=EXPERT_TENSOR_MODEL_PIPELINE_PARALLEL_GROUP group_backend=default group_init_mode=lazy group_use_local_synchronization=False group_c10d_count=15 group_size=64 group_first_rank=0 group_last_rank=63 group_representative_rank=0 group_report_rank=35 group_timeout_seconds=600.0
[watcher 15:25:28] INFO: Recovery phase: role=survivor rank=28 node=3 step=18 phase=mpu_group_start group_desc=EXPERT_TENSOR_MODEL_PIPELINE_PARALLEL_GROUP group_backend=default group_init_mode=lazy group_use_local_synchronization=False group_c10d_count=15 group_size=64 group_first_rank=0 group_last_rank=63 group_representative_rank=0 group_report_rank=28 group_timeout_seconds=600.0
[watcher 15:25:28] INFO: Recovery phase: role=survivor rank=7 node=0 step=18 phase=mpu_group_start group_desc=EXPERT_TENSOR_MODEL_PIPELINE_PARALLEL_GROUP group_backend=default group_init_mode=lazy group_use_local_synchronization=False group_c10d_count=15 group_size=64 group_first_rank=0 group_last_rank=63 group_representative_rank=0 group_report_rank=7 group_timeout_seconds=600.0
[watcher 15:25:28] INFO: Recovery phase: role=survivor rank=3 node=0 step=18 phase=mpu_group_start group_desc=EXPERT_TENSOR_MODEL_PIPELINE_PARALLEL_GROUP group_backend=default group_init_mode=lazy group_use_local_synchronization=False group_c10d_count=15 group_size=64 group_first_rank=0 group_last_rank=63 group_representative_rank=0 group_report_rank=3 group_timeout_seconds=600.0
[watcher 15:25:28] INFO: Recovery phase: role=survivor rank=29 node=3 step=18 phase=mpu_group_start group_desc=EXPERT_TENSOR_MODEL_PIPELINE_PARALLEL_GROUP group_backend=default group_init_mode=lazy group_use_local_synchronization=False group_c10d_count=15 group_size=64 group_first_rank=0 group_last_rank=63 group_representative_rank=0 group_report_rank=29 group_timeout_seconds=600.0
[watcher 15:25:28] INFO: Recovery phase: role=survivor rank=47 node=5 step=18 phase=mpu_group_start group_desc=EXPERT_TENSOR_MODEL_PIPELINE_PARALLEL_GROUP group_backend=default group_init_mode=lazy group_use_local_synchronization=False group_c10d_count=15 group_size=64 group_first_rank=0 group_last_rank=63 group_representative_rank=0 group_report_rank=47 group_timeout_seconds=600.0
[watcher 15:25:28] INFO: Recovery phase: role=survivor rank=43 node=5 step=18 phase=mpu_group_start group_desc=EXPERT_TENSOR_MODEL_PIPELINE_PARALLEL_GROUP group_backend=default group_init_mode=lazy group_use_local_synchronization=False group_c10d_count=15 group_size=64 group_first_rank=0 group_last_rank=63 group_representative_rank=0 group_report_rank=43 group_timeout_seconds=600.0
[watcher 15:25:28] INFO: Recovery phase: role=survivor rank=42 node=5 step=18 phase=mpu_group_start group_desc=EXPERT_TENSOR_MODEL_PIPELINE_PARALLEL_GROUP group_backend=default group_init_mode=lazy group_use_local_synchronization=False group_c10d_count=15 group_size=64 group_first_rank=0 group_last_rank=63 group_representative_rank=0 group_report_rank=42 group_timeout_seconds=600.0
[watcher 15:25:28] INFO: Recovery phase: role=survivor rank=24 node=3 step=18 phase=mpu_group_start group_desc=EXPERT_TENSOR_MODEL_PIPELINE_PARALLEL_GROUP group_backend=default group_init_mode=lazy group_use_local_synchronization=False group_c10d_count=15 group_size=64 group_first_rank=0 group_last_rank=63 group_representative_rank=0 group_report_rank=24 group_timeout_seconds=600.0
[watcher 15:25:28] INFO: Recovery phase: role=survivor rank=33 node=4 step=18 phase=mpu_group_start group_desc=EXPERT_TENSOR_MODEL_PIPELINE_PARALLEL_GROUP group_backend=default group_init_mode=lazy group_use_local_synchronization=False group_c10d_count=15 group_size=64 group_first_rank=0 group_last_rank=63 group_representative_rank=0 group_report_rank=33 group_timeout_seconds=600.0
[watcher 15:25:28] INFO: Recovery phase: role=survivor rank=54 node=6 step=18 phase=mpu_group_start group_desc=EXPERT_TENSOR_MODEL_PIPELINE_PARALLEL_GROUP group_backend=default group_init_mode=lazy group_use_local_synchronization=False group_c10d_count=15 group_size=64 group_first_rank=0 group_last_rank=63 group_representative_rank=0 group_report_rank=54 group_timeout_seconds=600.0
[watcher 15:25:28] INFO: Recovery phase: role=survivor rank=55 node=6 step=18 phase=mpu_group_start group_desc=EXPERT_TENSOR_MODEL_PIPELINE_PARALLEL_GROUP group_backend=default group_init_mode=lazy group_use_local_synchronization=False group_c10d_count=15 group_size=64 group_first_rank=0 group_last_rank=63 group_representative_rank=0 group_report_rank=55 group_timeout_seconds=600.0
[watcher 15:25:28] INFO: Recovery phase: role=survivor rank=30 node=3 step=18 phase=mpu_group_start group_desc=EXPERT_TENSOR_MODEL_PIPELINE_PARALLEL_GROUP group_backend=default group_init_mode=lazy group_use_local_synchronization=False group_c10d_count=15 group_size=64 group_first_rank=0 group_last_rank=63 group_representative_rank=0 group_report_rank=30 group_timeout_seconds=600.0
[watcher 15:25:28] INFO: Recovery phase: role=survivor rank=39 node=4 step=18 phase=mpu_group_start group_desc=EXPERT_TENSOR_MODEL_PIPELINE_PARALLEL_GROUP group_backend=default group_init_mode=lazy group_use_local_synchronization=False group_c10d_count=15 group_size=64 group_first_rank=0 group_last_rank=63 group_representative_rank=0 group_report_rank=39 group_timeout_seconds=600.0
[watcher 15:25:28] INFO: Recovery phase: role=survivor rank=40 node=5 step=18 phase=mpu_group_start group_desc=EXPERT_TENSOR_MODEL_PIPELINE_PARALLEL_GROUP group_backend=default group_init_mode=lazy group_use_local_synchronization=False group_c10d_count=15 group_size=64 group_first_rank=0 group_last_rank=63 group_representative_rank=0 group_report_rank=40 group_timeout_seconds=600.0
[watcher 15:25:28] INFO: Recovery phase: role=survivor rank=11 node=1 step=18 phase=mpu_group_start group_desc=EXPERT_TENSOR_MODEL_PIPELINE_PARALLEL_GROUP group_backend=default group_init_mode=lazy group_use_local_synchronization=False group_c10d_count=15 group_size=64 group_first_rank=0 group_last_rank=63 group_representative_rank=0 group_report_rank=11 group_timeout_seconds=600.0
[watcher 15:25:28] INFO: Recovery phase: role=survivor rank=18 node=2 step=18 phase=mpu_group_start group_desc=EXPERT_TENSOR_MODEL_PIPELINE_PARALLEL_GROUP group_backend=default group_init_mode=lazy group_use_local_synchronization=False group_c10d_count=15 group_size=64 group_first_rank=0 group_last_rank=63 group_representative_rank=0 group_report_rank=18 group_timeout_seconds=600.0
[watcher 15:25:28] INFO: Recovery phase: role=survivor rank=9 node=1 step=18 phase=mpu_group_start group_desc=EXPERT_TENSOR_MODEL_PIPELINE_PARALLEL_GROUP group_backend=default group_init_mode=lazy group_use_local_synchronization=False group_c10d_count=15 group_size=64 group_first_rank=0 group_last_rank=63 group_representative_rank=0 group_report_rank=9 group_timeout_seconds=600.0
[watcher 15:25:28] INFO: Recovery phase: role=survivor rank=4 node=0 step=18 phase=mpu_group_start group_desc=EXPERT_TENSOR_MODEL_PIPELINE_PARALLEL_GROUP group_backend=default group_init_mode=lazy group_use_local_synchronization=False group_c10d_count=15 group_size=64 group_first_rank=0 group_last_rank=63 group_representative_rank=0 group_report_rank=4 group_timeout_seconds=600.0
[watcher 15:25:28] INFO: Recovery phase: role=survivor rank=21 node=2 step=18 phase=mpu_group_start group_desc=EXPERT_TENSOR_MODEL_PIPELINE_PARALLEL_GROUP group_backend=default group_init_mode=lazy group_use_local_synchronization=False group_c10d_count=15 group_size=64 group_first_rank=0 group_last_rank=63 group_representative_rank=0 group_report_rank=21 group_timeout_seconds=600.0
[watcher 15:25:28] INFO: Recovery phase: role=survivor rank=14 node=1 step=18 phase=mpu_group_start group_desc=EXPERT_TENSOR_MODEL_PIPELINE_PARALLEL_GROUP group_backend=default group_init_mode=lazy group_use_local_synchronization=False group_c10d_count=15 group_size=64 group_first_rank=0 group_last_rank=63 group_representative_rank=0 group_report_rank=14 group_timeout_seconds=600.0
[watcher 15:25:28] INFO: Recovery phase: role=survivor rank=17 node=2 step=18 phase=mpu_group_start group_desc=EXPERT_TENSOR_MODEL_PIPELINE_PARALLEL_GROUP group_backend=default group_init_mode=lazy group_use_local_synchronization=False group_c10d_count=15 group_size=64 group_first_rank=0 group_last_rank=63 group_representative_rank=0 group_report_rank=17 group_timeout_seconds=600.0
[watcher 15:25:28] INFO: Recovery phase: role=survivor rank=50 node=6 step=18 phase=mpu_group_start group_desc=EXPERT_TENSOR_MODEL_PIPELINE_PARALLEL_GROUP group_backend=default group_init_mode=lazy group_use_local_synchronization=False group_c10d_count=15 group_size=64 group_first_rank=0 group_last_rank=63 group_representative_rank=0 group_report_rank=50 group_timeout_seconds=600.0
[watcher 15:25:28] INFO: Recovery phase: role=survivor rank=44 node=5 step=18 phase=mpu_group_start group_desc=EXPERT_TENSOR_MODEL_PIPELINE_PARALLEL_GROUP group_backend=default group_init_mode=lazy group_use_local_synchronization=False group_c10d_count=15 group_size=64 group_first_rank=0 group_last_rank=63 group_representative_rank=0 group_report_rank=44 group_timeout_seconds=600.0
[watcher 15:25:28] INFO: Recovery phase: role=survivor rank=58 node=7 step=18 phase=mpu_group_start group_desc=EXPERT_TENSOR_MODEL_PIPELINE_PARALLEL_GROUP group_backend=default group_init_mode=lazy group_use_local_synchronization=False group_c10d_count=15 group_size=64 group_first_rank=0 group_last_rank=63 group_representative_rank=0 group_report_rank=58 group_timeout_seconds=600.0
[watcher 15:25:28] INFO: Recovery phase: role=survivor rank=20 node=2 step=18 phase=mpu_group_start group_desc=EXPERT_TENSOR_MODEL_PIPELINE_PARALLEL_GROUP group_backend=default group_init_mode=lazy group_use_local_synchronization=False group_c10d_count=15 group_size=64 group_first_rank=0 group_last_rank=63 group_representative_rank=0 group_report_rank=20 group_timeout_seconds=600.0
[watcher 15:25:28] INFO: Recovery phase: role=survivor rank=41 node=5 step=18 phase=mpu_group_start group_desc=EXPERT_TENSOR_MODEL_PIPELINE_PARALLEL_GROUP group_backend=default group_init_mode=lazy group_use_local_synchronization=False group_c10d_count=15 group_size=64 group_first_rank=0 group_last_rank=63 group_representative_rank=0 group_report_rank=41 group_timeout_seconds=600.0
[watcher 15:25:28] INFO: Recovery phase: role=replacement rank=1 node=0 step=18 phase=mpu_group_start group_desc=EXPERT_TENSOR_MODEL_PIPELINE_PARALLEL_GROUP group_backend=default group_init_mode=lazy group_use_local_synchronization=False group_c10d_count=15 group_size=64 group_first_rank=0 group_last_rank=63 group_representative_rank=0 group_report_rank=1 group_timeout_seconds=600.0
[watcher 15:25:28] INFO: Recovery phase: role=survivor rank=59 node=7 step=18 phase=mpu_group_start group_desc=EXPERT_TENSOR_MODEL_PIPELINE_PARALLEL_GROUP group_backend=default group_init_mode=lazy group_use_local_synchronization=False group_c10d_count=15 group_size=64 group_first_rank=0 group_last_rank=63 group_representative_rank=0 group_report_rank=59 group_timeout_seconds=600.0
[watcher 15:25:28] INFO: Recovery phase: role=survivor rank=5 node=0 step=18 phase=mpu_group_start group_desc=EXPERT_TENSOR_MODEL_PIPELINE_PARALLEL_GROUP group_backend=default group_init_mode=lazy group_use_local_synchronization=False group_c10d_count=15 group_size=64 group_first_rank=0 group_last_rank=63 group_representative_rank=0 group_report_rank=5 group_timeout_seconds=600.0
[watcher 15:25:28] INFO: Recovery phase: role=survivor rank=8 node=1 step=18 phase=mpu_group_start group_desc=EXPERT_TENSOR_MODEL_PIPELINE_PARALLEL_GROUP group_backend=default group_init_mode=lazy group_use_local_synchronization=False group_c10d_count=15 group_size=64 group_first_rank=0 group_last_rank=63 group_representative_rank=0 group_report_rank=8 group_timeout_seconds=600.0
[watcher 15:25:28] INFO: Recovery phase: role=survivor rank=45 node=5 step=18 phase=mpu_group_start group_desc=EXPERT_TENSOR_MODEL_PIPELINE_PARALLEL_GROUP group_backend=default group_init_mode=lazy group_use_local_synchronization=False group_c10d_count=15 group_size=64 group_first_rank=0 group_last_rank=63 group_representative_rank=0 group_report_rank=45 group_timeout_seconds=600.0
[watcher 15:25:28] INFO: Recovery phase: role=survivor rank=25 node=3 step=18 phase=mpu_group_start group_desc=EXPERT_TENSOR_MODEL_PIPELINE_PARALLEL_GROUP group_backend=default group_init_mode=lazy group_use_local_synchronization=False group_c10d_count=15 group_size=64 group_first_rank=0 group_last_rank=63 group_representative_rank=0 group_report_rank=25 group_timeout_seconds=600.0
[watcher 15:25:28] INFO: Recovery phase: role=survivor rank=31 node=3 step=18 phase=mpu_group_start group_desc=EXPERT_TENSOR_MODEL_PIPELINE_PARALLEL_GROUP group_backend=default group_init_mode=lazy group_use_local_synchronization=False group_c10d_count=15 group_size=64 group_first_rank=0 group_last_rank=63 group_representative_rank=0 group_report_rank=31 group_timeout_seconds=600.0
[watcher 15:25:28] INFO: Recovery phase: role=survivor rank=63 node=7 step=18 phase=mpu_group_start group_desc=EXPERT_TENSOR_MODEL_PIPELINE_PARALLEL_GROUP group_backend=default group_init_mode=lazy group_use_local_synchronization=False group_c10d_count=15 group_size=64 group_first_rank=0 group_last_rank=63 group_representative_rank=0 group_report_rank=63 group_timeout_seconds=600.0
[watcher 15:25:28] INFO: Recovery phase: role=survivor rank=12 node=1 step=18 phase=mpu_group_start group_desc=EXPERT_TENSOR_MODEL_PIPELINE_PARALLEL_GROUP group_backend=default group_init_mode=lazy group_use_local_synchronization=False group_c10d_count=15 group_size=64 group_first_rank=0 group_last_rank=63 group_representative_rank=0 group_report_rank=12 group_timeout_seconds=600.0
[watcher 15:25:28] INFO: Recovery phase: role=survivor rank=53 node=6 step=18 phase=mpu_group_start group_desc=EXPERT_TENSOR_MODEL_PIPELINE_PARALLEL_GROUP group_backend=default group_init_mode=lazy group_use_local_synchronization=False group_c10d_count=15 group_size=64 group_first_rank=0 group_last_rank=63 group_representative_rank=0 group_report_rank=53 group_timeout_seconds=600.0
[watcher 15:25:28] INFO: Recovery phase: role=survivor rank=36 node=4 step=18 phase=mpu_group_start group_desc=EXPERT_TENSOR_MODEL_PIPELINE_PARALLEL_GROUP group_backend=default group_init_mode=lazy group_use_local_synchronization=False group_c10d_count=15 group_size=64 group_first_rank=0 group_last_rank=63 group_representative_rank=0 group_report_rank=36 group_timeout_seconds=600.0
[watcher 15:25:29] INFO: Recovery phase: role=survivor rank=62 node=7 step=18 phase=mpu_group_start group_desc=EXPERT_TENSOR_MODEL_PIPELINE_PARALLEL_GROUP group_backend=default group_init_mode=lazy group_use_local_synchronization=False group_c10d_count=15 group_size=64 group_first_rank=0 group_last_rank=63 group_representative_rank=0 group_report_rank=62 group_timeout_seconds=600.0
[watcher 15:25:29] INFO: Recovery phase: role=survivor rank=15 node=1 step=18 phase=mpu_group_start group_desc=EXPERT_TENSOR_MODEL_PIPELINE_PARALLEL_GROUP group_backend=default group_init_mode=lazy group_use_local_synchronization=False group_c10d_count=15 group_size=64 group_first_rank=0 group_last_rank=63 group_representative_rank=0 group_report_rank=15 group_timeout_seconds=600.0
[watcher 15:25:29] INFO: ordinal_barrier released: id=mpu_group:iter18:replacement1:000337:enter count=64 desc=EXPERT_TENSOR_MODEL_PIPELINE_PARALLEL_GROUP ordinal=337 stage=enter
[watcher 15:25:29] INFO: Recovery phase: role=survivor rank=24 node=3 step=18 phase=mpu_group_done group_desc=EXPERT_TENSOR_MODEL_PIPELINE_PARALLEL_GROUP group_backend=default group_init_mode=lazy group_use_local_synchronization=False group_c10d_count=16 group_size=64 group_first_rank=0 group_last_rank=63 group_representative_rank=0 group_report_rank=24 group_timeout_seconds=600.0
[watcher 15:25:29] INFO: Recovery phase: role=survivor rank=29 node=3 step=18 phase=mpu_group_done group_desc=EXPERT_TENSOR_MODEL_PIPELINE_PARALLEL_GROUP group_backend=default group_init_mode=lazy group_use_local_synchronization=False group_c10d_count=16 group_size=64 group_first_rank=0 group_last_rank=63 group_representative_rank=0 group_report_rank=29 group_timeout_seconds=600.0
[watcher 15:25:29] INFO: Recovery phase: role=survivor rank=6 node=0 step=18 phase=mpu_group_done group_desc=EXPERT_TENSOR_MODEL_PIPELINE_PARALLEL_GROUP group_backend=default group_init_mode=lazy group_use_local_synchronization=False group_c10d_count=16 group_size=64 group_first_rank=0 group_last_rank=63 group_representative_rank=0 group_report_rank=6 group_timeout_seconds=600.0
[watcher 15:25:29] INFO: Recovery phase: role=survivor rank=30 node=3 step=18 phase=mpu_group_done group_desc=EXPERT_TENSOR_MODEL_PIPELINE_PARALLEL_GROUP group_backend=default group_init_mode=lazy group_use_local_synchronization=False group_c10d_count=16 group_size=64 group_first_rank=0 group_last_rank=63 group_representative_rank=0 group_report_rank=30 group_timeout_seconds=600.0
[watcher 15:25:29] INFO: Recovery phase: role=survivor rank=17 node=2 step=18 phase=mpu_group_done group_desc=EXPERT_TENSOR_MODEL_PIPELINE_PARALLEL_GROUP group_backend=default group_init_mode=lazy group_use_local_synchronization=False group_c10d_count=16 group_size=64 group_first_rank=0 group_last_rank=63 group_representative_rank=0 group_report_rank=17 group_timeout_seconds=600.0
[watcher 15:25:29] INFO: Recovery phase: role=survivor rank=44 node=5 step=18 phase=mpu_group_done group_desc=EXPERT_TENSOR_MODEL_PIPELINE_PARALLEL_GROUP group_backend=default group_init_mode=lazy group_use_local_synchronization=False group_c10d_count=16 group_size=64 group_first_rank=0 group_last_rank=63 group_representative_rank=0 group_report_rank=44 group_timeout_seconds=600.0
[watcher 15:25:29] INFO: Recovery phase: role=survivor rank=26 node=3 step=18 phase=mpu_group_done group_desc=EXPERT_TENSOR_MODEL_PIPELINE_PARALLEL_GROUP group_backend=default group_init_mode=lazy group_use_local_synchronization=False group_c10d_count=16 group_size=64 group_first_rank=0 group_last_rank=63 group_representative_rank=0 group_report_rank=26 group_timeout_seconds=600.0
[watcher 15:25:29] INFO: Recovery phase: role=survivor rank=60 node=7 step=18 phase=mpu_group_done group_desc=EXPERT_TENSOR_MODEL_PIPELINE_PARALLEL_GROUP group_backend=default group_init_mode=lazy group_use_local_synchronization=False group_c10d_count=16 group_size=64 group_first_rank=0 group_last_rank=63 group_representative_rank=0 group_report_rank=60 group_timeout_seconds=600.0
[watcher 15:25:29] INFO: Recovery phase: role=survivor rank=16 node=2 step=18 phase=mpu_group_done group_desc=EXPERT_TENSOR_MODEL_PIPELINE_PARALLEL_GROUP group_backend=default group_init_mode=lazy group_use_local_synchronization=False group_c10d_count=16 group_size=64 group_first_rank=0 group_last_rank=63 group_representative_rank=0 group_report_rank=16 group_timeout_seconds=600.0
[watcher 15:25:29] INFO: Recovery phase: role=survivor rank=20 node=2 step=18 phase=mpu_group_done group_desc=EXPERT_TENSOR_MODEL_PIPELINE_PARALLEL_GROUP group_backend=default group_init_mode=lazy group_use_local_synchronization=False group_c10d_count=16 group_size=64 group_first_rank=0 group_last_rank=63 group_representative_rank=0 group_report_rank=20 group_timeout_seconds=600.0
[watcher 15:25:29] INFO: Recovery phase: role=survivor rank=7 node=0 step=18 phase=mpu_group_done group_desc=EXPERT_TENSOR_MODEL_PIPELINE_PARALLEL_GROUP group_backend=default group_init_mode=lazy group_use_local_synchronization=False group_c10d_count=16 group_size=64 group_first_rank=0 group_last_rank=63 group_representative_rank=0 group_report_rank=7 group_timeout_seconds=600.0
[watcher 15:25:29] INFO: Recovery phase: role=survivor rank=47 node=5 step=18 phase=mpu_group_done group_desc=EXPERT_TENSOR_MODEL_PIPELINE_PARALLEL_GROUP group_backend=default group_init_mode=lazy group_use_local_synchronization=False group_c10d_count=16 group_size=64 group_first_rank=0 group_last_rank=63 group_representative_rank=0 group_report_rank=47 group_timeout_seconds=600.0
[watcher 15:25:29] INFO: Recovery phase: role=survivor rank=61 node=7 step=18 phase=mpu_group_done group_desc=EXPERT_TENSOR_MODEL_PIPELINE_PARALLEL_GROUP group_backend=default group_init_mode=lazy group_use_local_synchronization=False group_c10d_count=16 group_size=64 group_first_rank=0 group_last_rank=63 group_representative_rank=0 group_report_rank=61 group_timeout_seconds=600.0
[watcher 15:25:29] INFO: Recovery phase: role=survivor rank=41 node=5 step=18 phase=mpu_group_done group_desc=EXPERT_TENSOR_MODEL_PIPELINE_PARALLEL_GROUP group_backend=default group_init_mode=lazy group_use_local_synchronization=False group_c10d_count=16 group_size=64 group_first_rank=0 group_last_rank=63 group_representative_rank=0 group_report_rank=41 group_timeout_seconds=600.0
[watcher 15:25:29] INFO: Recovery phase: role=survivor rank=59 node=7 step=18 phase=mpu_group_done group_desc=EXPERT_TENSOR_MODEL_PIPELINE_PARALLEL_GROUP group_backend=default group_init_mode=lazy group_use_local_synchronization=False group_c10d_count=16 group_size=64 group_first_rank=0 group_last_rank=63 group_representative_rank=0 group_report_rank=59 group_timeout_seconds=600.0
[watcher 15:25:29] INFO: Recovery phase: role=survivor rank=18 node=2 step=18 phase=mpu_group_done group_desc=EXPERT_TENSOR_MODEL_PIPELINE_PARALLEL_GROUP group_backend=default group_init_mode=lazy group_use_local_synchronization=False group_c10d_count=16 group_size=64 group_first_rank=0 group_last_rank=63 group_representative_rank=0 group_report_rank=18 group_timeout_seconds=600.0
[watcher 15:25:29] INFO: Recovery phase: role=survivor rank=45 node=5 step=18 phase=mpu_group_done group_desc=EXPERT_TENSOR_MODEL_PIPELINE_PARALLEL_GROUP group_backend=default group_init_mode=lazy group_use_local_synchronization=False group_c10d_count=16 group_size=64 group_first_rank=0 group_last_rank=63 group_representative_rank=0 group_report_rank=45 group_timeout_seconds=600.0
[watcher 15:25:29] INFO: Recovery phase: role=survivor rank=25 node=3 step=18 phase=mpu_group_done group_desc=EXPERT_TENSOR_MODEL_PIPELINE_PARALLEL_GROUP group_backend=default group_init_mode=lazy group_use_local_synchronization=False group_c10d_count=16 group_size=64 group_first_rank=0 group_last_rank=63 group_representative_rank=0 group_report_rank=25 group_timeout_seconds=600.0
[watcher 15:25:29] INFO: Recovery phase: role=survivor rank=62 node=7 step=18 phase=mpu_group_done group_desc=EXPERT_TENSOR_MODEL_PIPELINE_PARALLEL_GROUP group_backend=default group_init_mode=lazy group_use_local_synchronization=False group_c10d_count=16 group_size=64 group_first_rank=0 group_last_rank=63 group_representative_rank=0 group_report_rank=62 group_timeout_seconds=600.0
[watcher 15:25:29] INFO: Recovery phase: role=survivor rank=42 node=5 step=18 phase=mpu_group_done group_desc=EXPERT_TENSOR_MODEL_PIPELINE_PARALLEL_GROUP group_backend=default group_init_mode=lazy group_use_local_synchronization=False group_c10d_count=16 group_size=64 group_first_rank=0 group_last_rank=63 group_representative_rank=0 group_report_rank=42 group_timeout_seconds=600.0
[watcher 15:25:29] INFO: Recovery phase: role=survivor rank=43 node=5 step=18 phase=mpu_group_done group_desc=EXPERT_TENSOR_MODEL_PIPELINE_PARALLEL_GROUP group_backend=default group_init_mode=lazy group_use_local_synchronization=False group_c10d_count=16 group_size=64 group_first_rank=0 group_last_rank=63 group_representative_rank=0 group_report_rank=43 group_timeout_seconds=600.0
[watcher 15:25:29] INFO: Recovery phase: role=survivor rank=21 node=2 step=18 phase=mpu_group_done group_desc=EXPERT_TENSOR_MODEL_PIPELINE_PARALLEL_GROUP group_backend=default group_init_mode=lazy group_use_local_synchronization=False group_c10d_count=16 group_size=64 group_first_rank=0 group_last_rank=63 group_representative_rank=0 group_report_rank=21 group_timeout_seconds=600.0
[watcher 15:25:29] INFO: Recovery phase: role=survivor rank=2 node=0 step=18 phase=mpu_group_done group_desc=EXPERT_TENSOR_MODEL_PIPELINE_PARALLEL_GROUP group_backend=default group_init_mode=lazy group_use_local_synchronization=False group_c10d_count=16 group_size=64 group_first_rank=0 group_last_rank=63 group_representative_rank=0 group_report_rank=2 group_timeout_seconds=600.0
[watcher 15:25:29] INFO: Recovery phase: role=survivor rank=19 node=2 step=18 phase=mpu_group_done group_desc=EXPERT_TENSOR_MODEL_PIPELINE_PARALLEL_GROUP group_backend=default group_init_mode=lazy group_use_local_synchronization=False group_c10d_count=16 group_size=64 group_first_rank=0 group_last_rank=63 group_representative_rank=0 group_report_rank=19 group_timeout_seconds=600.0
[watcher 15:25:29] INFO: Recovery phase: role=survivor rank=4 node=0 step=18 phase=mpu_group_done group_desc=EXPERT_TENSOR_MODEL_PIPELINE_PARALLEL_GROUP group_backend=default group_init_mode=lazy group_use_local_synchronization=False group_c10d_count=16 group_size=64 group_first_rank=0 group_last_rank=63 group_representative_rank=0 group_report_rank=4 group_timeout_seconds=600.0
[watcher 15:25:29] INFO: Recovery phase: role=survivor rank=58 node=7 step=18 phase=mpu_group_done group_desc=EXPERT_TENSOR_MODEL_PIPELINE_PARALLEL_GROUP group_backend=default group_init_mode=lazy group_use_local_synchronization=False group_c10d_count=16 group_size=64 group_first_rank=0 group_last_rank=63 group_representative_rank=0 group_report_rank=58 group_timeout_seconds=600.0
[watcher 15:25:29] INFO: Recovery phase: role=replacement rank=1 node=0 step=18 phase=mpu_group_done group_desc=EXPERT_TENSOR_MODEL_PIPELINE_PARALLEL_GROUP group_backend=default group_init_mode=lazy group_use_local_synchronization=False group_c10d_count=16 group_size=64 group_first_rank=0 group_last_rank=63 group_representative_rank=0 group_report_rank=1 group_timeout_seconds=600.0
[watcher 15:25:29] INFO: Recovery phase: role=survivor rank=31 node=3 step=18 phase=mpu_group_done group_desc=EXPERT_TENSOR_MODEL_PIPELINE_PARALLEL_GROUP group_backend=default group_init_mode=lazy group_use_local_synchronization=False group_c10d_count=16 group_size=64 group_first_rank=0 group_last_rank=63 group_representative_rank=0 group_report_rank=31 group_timeout_seconds=600.0
[watcher 15:25:29] INFO: Recovery phase: role=survivor rank=57 node=7 step=18 phase=mpu_group_done group_desc=EXPERT_TENSOR_MODEL_PIPELINE_PARALLEL_GROUP group_backend=default group_init_mode=lazy group_use_local_synchronization=False group_c10d_count=16 group_size=64 group_first_rank=0 group_last_rank=63 group_representative_rank=0 group_report_rank=57 group_timeout_seconds=600.0
[watcher 15:25:29] INFO: Recovery phase: role=survivor rank=5 node=0 step=18 phase=mpu_group_done group_desc=EXPERT_TENSOR_MODEL_PIPELINE_PARALLEL_GROUP group_backend=default group_init_mode=lazy group_use_local_synchronization=False group_c10d_count=16 group_size=64 group_first_rank=0 group_last_rank=63 group_representative_rank=0 group_report_rank=5 group_timeout_seconds=600.0
[watcher 15:25:29] INFO: Recovery phase: role=survivor rank=63 node=7 step=18 phase=mpu_group_done group_desc=EXPERT_TENSOR_MODEL_PIPELINE_PARALLEL_GROUP group_backend=default group_init_mode=lazy group_use_local_synchronization=False group_c10d_count=16 group_size=64 group_first_rank=0 group_last_rank=63 group_representative_rank=0 group_report_rank=63 group_timeout_seconds=600.0
[watcher 15:25:29] INFO: Recovery phase: role=survivor rank=28 node=3 step=18 phase=mpu_group_done group_desc=EXPERT_TENSOR_MODEL_PIPELINE_PARALLEL_GROUP group_backend=default group_init_mode=lazy group_use_local_synchronization=False group_c10d_count=16 group_size=64 group_first_rank=0 group_last_rank=63 group_representative_rank=0 group_report_rank=28 group_timeout_seconds=600.0
[watcher 15:25:29] INFO: Recovery phase: role=survivor rank=56 node=7 step=18 phase=mpu_group_done group_desc=EXPERT_TENSOR_MODEL_PIPELINE_PARALLEL_GROUP group_backend=default group_init_mode=lazy group_use_local_synchronization=False group_c10d_count=16 group_size=64 group_first_rank=0 group_last_rank=63 group_representative_rank=0 group_report_rank=56 group_timeout_seconds=600.0
[watcher 15:25:29] INFO: Recovery phase: role=survivor rank=3 node=0 step=18 phase=mpu_group_done group_desc=EXPERT_TENSOR_MODEL_PIPELINE_PARALLEL_GROUP group_backend=default group_init_mode=lazy group_use_local_synchronization=False group_c10d_count=16 group_size=64 group_first_rank=0 group_last_rank=63 group_representative_rank=0 group_report_rank=3 group_timeout_seconds=600.0
[watcher 15:25:29] INFO: Recovery phase: role=survivor rank=27 node=3 step=18 phase=mpu_group_done group_desc=EXPERT_TENSOR_MODEL_PIPELINE_PARALLEL_GROUP group_backend=default group_init_mode=lazy group_use_local_synchronization=False group_c10d_count=16 group_size=64 group_first_rank=0 group_last_rank=63 group_representative_rank=0 group_report_rank=27 group_timeout_seconds=600.0
[watcher 15:25:29] INFO: Recovery phase: role=survivor rank=40 node=5 step=18 phase=mpu_group_done group_desc=EXPERT_TENSOR_MODEL_PIPELINE_PARALLEL_GROUP group_backend=default group_init_mode=lazy group_use_local_synchronization=False group_c10d_count=16 group_size=64 group_first_rank=0 group_last_rank=63 group_representative_rank=0 group_report_rank=40 group_timeout_seconds=600.0
[watcher 15:25:29] INFO: Recovery phase: role=survivor rank=23 node=2 step=18 phase=mpu_group_done group_desc=EXPERT_TENSOR_MODEL_PIPELINE_PARALLEL_GROUP group_backend=default group_init_mode=lazy group_use_local_synchronization=False group_c10d_count=16 group_size=64 group_first_rank=0 group_last_rank=63 group_representative_rank=0 group_report_rank=23 group_timeout_seconds=600.0
[watcher 15:25:29] INFO: Recovery phase: role=survivor rank=46 node=5 step=18 phase=mpu_group_done group_desc=EXPERT_TENSOR_MODEL_PIPELINE_PARALLEL_GROUP group_backend=default group_init_mode=lazy group_use_local_synchronization=False group_c10d_count=16 group_size=64 group_first_rank=0 group_last_rank=63 group_representative_rank=0 group_report_rank=46 group_timeout_seconds=600.0
[watcher 15:25:29] INFO: Recovery phase: role=survivor rank=22 node=2 step=18 phase=mpu_group_done group_desc=EXPERT_TENSOR_MODEL_PIPELINE_PARALLEL_GROUP group_backend=default group_init_mode=lazy group_use_local_synchronization=False group_c10d_count=16 group_size=64 group_first_rank=0 group_last_rank=63 group_representative_rank=0 group_report_rank=22 group_timeout_seconds=600.0
[watcher 15:25:29] INFO: Recovery phase: role=survivor rank=0 node=0 step=18 phase=mpu_group_done group_desc=EXPERT_TENSOR_MODEL_PIPELINE_PARALLEL_GROUP group_backend=default group_init_mode=lazy group_use_local_synchronization=False group_c10d_count=16 group_size=64 group_first_rank=0 group_last_rank=63 group_representative_rank=0 group_report_rank=0 group_timeout_seconds=600.0
[watcher 15:25:29] INFO: Recovery phase: role=survivor rank=13 node=1 step=18 phase=mpu_group_done group_desc=EXPERT_TENSOR_MODEL_PIPELINE_PARALLEL_GROUP group_backend=default group_init_mode=lazy group_use_local_synchronization=False group_c10d_count=16 group_size=64 group_first_rank=0 group_last_rank=63 group_representative_rank=0 group_report_rank=13 group_timeout_seconds=600.0
[watcher 15:25:29] INFO: Recovery phase: role=survivor rank=9 node=1 step=18 phase=mpu_group_done group_desc=EXPERT_TENSOR_MODEL_PIPELINE_PARALLEL_GROUP group_backend=default group_init_mode=lazy group_use_local_synchronization=False group_c10d_count=16 group_size=64 group_first_rank=0 group_last_rank=63 group_representative_rank=0 group_report_rank=9 group_timeout_seconds=600.0
[watcher 15:25:29] INFO: Recovery phase: role=survivor rank=14 node=1 step=18 phase=mpu_group_done group_desc=EXPERT_TENSOR_MODEL_PIPELINE_PARALLEL_GROUP group_backend=default group_init_mode=lazy group_use_local_synchronization=False group_c10d_count=16 group_size=64 group_first_rank=0 group_last_rank=63 group_representative_rank=0 group_report_rank=14 group_timeout_seconds=600.0
[watcher 15:25:29] INFO: Recovery phase: role=survivor rank=8 node=1 step=18 phase=mpu_group_done group_desc=EXPERT_TENSOR_MODEL_PIPELINE_PARALLEL_GROUP group_backend=default group_init_mode=lazy group_use_local_synchronization=False group_c10d_count=16 group_size=64 group_first_rank=0 group_last_rank=63 group_representative_rank=0 group_report_rank=8 group_timeout_seconds=600.0
[watcher 15:25:29] INFO: Recovery phase: role=survivor rank=11 node=1 step=18 phase=mpu_group_done group_desc=EXPERT_TENSOR_MODEL_PIPELINE_PARALLEL_GROUP group_backend=default group_init_mode=lazy group_use_local_synchronization=False group_c10d_count=16 group_size=64 group_first_rank=0 group_last_rank=63 group_representative_rank=0 group_report_rank=11 group_timeout_seconds=600.0
[watcher 15:25:29] INFO: Recovery phase: role=survivor rank=12 node=1 step=18 phase=mpu_group_done group_desc=EXPERT_TENSOR_MODEL_PIPELINE_PARALLEL_GROUP group_backend=default group_init_mode=lazy group_use_local_synchronization=False group_c10d_count=16 group_size=64 group_first_rank=0 group_last_rank=63 group_representative_rank=0 group_report_rank=12 group_timeout_seconds=600.0
[watcher 15:25:29] INFO: Recovery phase: role=survivor rank=15 node=1 step=18 phase=mpu_group_done group_desc=EXPERT_TENSOR_MODEL_PIPELINE_PARALLEL_GROUP group_backend=default group_init_mode=lazy group_use_local_synchronization=False group_c10d_count=16 group_size=64 group_first_rank=0 group_last_rank=63 group_representative_rank=0 group_report_rank=15 group_timeout_seconds=600.0
[watcher 15:25:29] INFO: Recovery phase: role=survivor rank=10 node=1 step=18 phase=mpu_group_done group_desc=EXPERT_TENSOR_MODEL_PIPELINE_PARALLEL_GROUP group_backend=default group_init_mode=lazy group_use_local_synchronization=False group_c10d_count=16 group_size=64 group_first_rank=0 group_last_rank=63 group_representative_rank=0 group_report_rank=10 group_timeout_seconds=600.0
[watcher 15:25:29] INFO: Recovery phase: role=survivor rank=54 node=6 step=18 phase=mpu_group_done group_desc=EXPERT_TENSOR_MODEL_PIPELINE_PARALLEL_GROUP group_backend=default group_init_mode=lazy group_use_local_synchronization=False group_c10d_count=16 group_size=64 group_first_rank=0 group_last_rank=63 group_representative_rank=0 group_report_rank=54 group_timeout_seconds=600.0
[watcher 15:25:29] INFO: Recovery phase: role=survivor rank=52 node=6 step=18 phase=mpu_group_done group_desc=EXPERT_TENSOR_MODEL_PIPELINE_PARALLEL_GROUP group_backend=default group_init_mode=lazy group_use_local_synchronization=False group_c10d_count=16 group_size=64 group_first_rank=0 group_last_rank=63 group_representative_rank=0 group_report_rank=52 group_timeout_seconds=600.0
[watcher 15:25:29] INFO: Recovery phase: role=survivor rank=55 node=6 step=18 phase=mpu_group_done group_desc=EXPERT_TENSOR_MODEL_PIPELINE_PARALLEL_GROUP group_backend=default group_init_mode=lazy group_use_local_synchronization=False group_c10d_count=16 group_size=64 group_first_rank=0 group_last_rank=63 group_representative_rank=0 group_report_rank=55 group_timeout_seconds=600.0
[watcher 15:25:29] INFO: Recovery phase: role=survivor rank=49 node=6 step=18 phase=mpu_group_done group_desc=EXPERT_TENSOR_MODEL_PIPELINE_PARALLEL_GROUP group_backend=default group_init_mode=lazy group_use_local_synchronization=False group_c10d_count=16 group_size=64 group_first_rank=0 group_last_rank=63 group_representative_rank=0 group_report_rank=49 group_timeout_seconds=600.0
[watcher 15:25:29] INFO: Recovery phase: role=survivor rank=53 node=6 step=18 phase=mpu_group_done group_desc=EXPERT_TENSOR_MODEL_PIPELINE_PARALLEL_GROUP group_backend=default group_init_mode=lazy group_use_local_synchronization=False group_c10d_count=16 group_size=64 group_first_rank=0 group_last_rank=63 group_representative_rank=0 group_report_rank=53 group_timeout_seconds=600.0
[watcher 15:25:29] INFO: Recovery phase: role=survivor rank=50 node=6 step=18 phase=mpu_group_done group_desc=EXPERT_TENSOR_MODEL_PIPELINE_PARALLEL_GROUP group_backend=default group_init_mode=lazy group_use_local_synchronization=False group_c10d_count=16 group_size=64 group_first_rank=0 group_last_rank=63 group_representative_rank=0 group_report_rank=50 group_timeout_seconds=600.0
[watcher 15:25:29] INFO: Recovery phase: role=survivor rank=48 node=6 step=18 phase=mpu_group_done group_desc=EXPERT_TENSOR_MODEL_PIPELINE_PARALLEL_GROUP group_backend=default group_init_mode=lazy group_use_local_synchronization=False group_c10d_count=16 group_size=64 group_first_rank=0 group_last_rank=63 group_representative_rank=0 group_report_rank=48 group_timeout_seconds=600.0
[watcher 15:25:29] INFO: Recovery phase: role=survivor rank=51 node=6 step=18 phase=mpu_group_done group_desc=EXPERT_TENSOR_MODEL_PIPELINE_PARALLEL_GROUP group_backend=default group_init_mode=lazy group_use_local_synchronization=False group_c10d_count=16 group_size=64 group_first_rank=0 group_last_rank=63 group_representative_rank=0 group_report_rank=51 group_timeout_seconds=600.0
[watcher 15:25:29] INFO: Recovery phase: role=survivor rank=32 node=4 step=18 phase=mpu_group_done group_desc=EXPERT_TENSOR_MODEL_PIPELINE_PARALLEL_GROUP group_backend=default group_init_mode=lazy group_use_local_synchronization=False group_c10d_count=16 group_size=64 group_first_rank=0 group_last_rank=63 group_representative_rank=0 group_report_rank=32 group_timeout_seconds=600.0
[watcher 15:25:29] INFO: Recovery phase: role=survivor rank=38 node=4 step=18 phase=mpu_group_done group_desc=EXPERT_TENSOR_MODEL_PIPELINE_PARALLEL_GROUP group_backend=default group_init_mode=lazy group_use_local_synchronization=False group_c10d_count=16 group_size=64 group_first_rank=0 group_last_rank=63 group_representative_rank=0 group_report_rank=38 group_timeout_seconds=600.0
[watcher 15:25:29] INFO: Recovery phase: role=survivor rank=35 node=4 step=18 phase=mpu_group_done group_desc=EXPERT_TENSOR_MODEL_PIPELINE_PARALLEL_GROUP group_backend=default group_init_mode=lazy group_use_local_synchronization=False group_c10d_count=16 group_size=64 group_first_rank=0 group_last_rank=63 group_representative_rank=0 group_report_rank=35 group_timeout_seconds=600.0
[watcher 15:25:29] INFO: Recovery phase: role=survivor rank=37 node=4 step=18 phase=mpu_group_done group_desc=EXPERT_TENSOR_MODEL_PIPELINE_PARALLEL_GROUP group_backend=default group_init_mode=lazy group_use_local_synchronization=False group_c10d_count=16 group_size=64 group_first_rank=0 group_last_rank=63 group_representative_rank=0 group_report_rank=37 group_timeout_seconds=600.0
[watcher 15:25:29] INFO: Recovery phase: role=survivor rank=39 node=4 step=18 phase=mpu_group_done group_desc=EXPERT_TENSOR_MODEL_PIPELINE_PARALLEL_GROUP group_backend=default group_init_mode=lazy group_use_local_synchronization=False group_c10d_count=16 group_size=64 group_first_rank=0 group_last_rank=63 group_representative_rank=0 group_report_rank=39 group_timeout_seconds=600.0
[watcher 15:25:29] INFO: Recovery phase: role=survivor rank=34 node=4 step=18 phase=mpu_group_done group_desc=EXPERT_TENSOR_MODEL_PIPELINE_PARALLEL_GROUP group_backend=default group_init_mode=lazy group_use_local_synchronization=False group_c10d_count=16 group_size=64 group_first_rank=0 group_last_rank=63 group_representative_rank=0 group_report_rank=34 group_timeout_seconds=600.0
[watcher 15:25:29] INFO: Recovery phase: role=survivor rank=36 node=4 step=18 phase=mpu_group_done group_desc=EXPERT_TENSOR_MODEL_PIPELINE_PARALLEL_GROUP group_backend=default group_init_mode=lazy group_use_local_synchronization=False group_c10d_count=16 group_size=64 group_first_rank=0 group_last_rank=63 group_representative_rank=0 group_report_rank=36 group_timeout_seconds=600.0
[watcher 15:25:29] INFO: Recovery phase: role=survivor rank=33 node=4 step=18 phase=mpu_group_done group_desc=EXPERT_TENSOR_MODEL_PIPELINE_PARALLEL_GROUP group_backend=default group_init_mode=lazy group_use_local_synchronization=False group_c10d_count=16 group_size=64 group_first_rank=0 group_last_rank=63 group_representative_rank=0 group_report_rank=33 group_timeout_seconds=600.0
[watcher 15:25:29] INFO: ordinal_barrier released: id=mpu_group:iter18:replacement1:000337:exit count=64 desc=EXPERT_TENSOR_MODEL_PIPELINE_PARALLEL_GROUP ordinal=337 stage=exit
[watcher 15:25:29] INFO: [spare-standby] WARNING:megatron.core.parallel_state:[elastic] Rank 1: mpu_group_start desc=EXPERT_DATA_PARALLEL_GROUP backend=None group_size=1 ranks=[1]
[watcher 15:25:29] INFO: Recovery phase: role=replacement rank=1 node=0 step=18 phase=mpu_group_start group_desc=EXPERT_DATA_PARALLEL_GROUP group_backend=default group_init_mode=lazy group_use_local_synchronization=False group_c10d_count=16 group_size=1 group_ranks=[1] group_representative_rank=1 group_report_rank=1 group_timeout_seconds=600.0
[watcher 15:25:29] INFO: ordinal_barrier released: id=mpu_group:iter18:replacement1:000339:enter count=64 desc=EXPERT_DATA_PARALLEL_GROUP ordinal=339 stage=enter
[watcher 15:25:29] INFO: [spare-standby] WARNING:megatron.core.parallel_state:[elastic] Rank 1: mpu_group_done desc=EXPERT_DATA_PARALLEL_GROUP backend=None group_size=1 ranks=[1]
[watcher 15:25:29] INFO: Recovery phase: role=replacement rank=1 node=0 step=18 phase=mpu_group_done group_desc=EXPERT_DATA_PARALLEL_GROUP group_backend=default group_init_mode=lazy group_use_local_synchronization=False group_c10d_count=17 group_size=1 group_ranks=[1] group_representative_rank=1 group_report_rank=1 group_timeout_seconds=600.0
[watcher 15:25:29] INFO: ordinal_barrier released: id=mpu_group:iter18:replacement1:000339:exit count=64 desc=EXPERT_DATA_PARALLEL_GROUP ordinal=339 stage=exit
[watcher 15:25:29] INFO: Recovery phase: role=survivor rank=17 node=2 step=18 phase=mpu_group_start group_desc=INTRA_DISTRIBUTED_OPTIMIZER_INSTANCE_GROUP group_backend=default group_init_mode=lazy group_use_local_synchronization=False group_c10d_count=17 group_size=64 group_first_rank=0 group_last_rank=63 group_representative_rank=0 group_report_rank=17 group_timeout_seconds=600.0
[watcher 15:25:29] INFO: Recovery phase: role=survivor rank=6 node=0 step=18 phase=mpu_group_start group_desc=INTRA_DISTRIBUTED_OPTIMIZER_INSTANCE_GROUP group_backend=default group_init_mode=lazy group_use_local_synchronization=False group_c10d_count=17 group_size=64 group_first_rank=0 group_last_rank=63 group_representative_rank=0 group_report_rank=6 group_timeout_seconds=600.0
[watcher 15:25:29] INFO: Recovery phase: role=survivor rank=2 node=0 step=18 phase=mpu_group_start group_desc=INTRA_DISTRIBUTED_OPTIMIZER_INSTANCE_GROUP group_backend=default group_init_mode=lazy group_use_local_synchronization=False group_c10d_count=17 group_size=64 group_first_rank=0 group_last_rank=63 group_representative_rank=0 group_report_rank=2 group_timeout_seconds=600.0
[watcher 15:25:29] INFO: Recovery phase: role=survivor rank=29 node=3 step=18 phase=mpu_group_start group_desc=INTRA_DISTRIBUTED_OPTIMIZER_INSTANCE_GROUP group_backend=default group_init_mode=lazy group_use_local_synchronization=False group_c10d_count=17 group_size=64 group_first_rank=0 group_last_rank=63 group_representative_rank=0 group_report_rank=29 group_timeout_seconds=600.0
[watcher 15:25:29] INFO: Recovery phase: role=survivor rank=63 node=7 step=18 phase=mpu_group_start group_desc=INTRA_DISTRIBUTED_OPTIMIZER_INSTANCE_GROUP group_backend=default group_init_mode=lazy group_use_local_synchronization=False group_c10d_count=17 group_size=64 group_first_rank=0 group_last_rank=63 group_representative_rank=0 group_report_rank=63 group_timeout_seconds=600.0
[watcher 15:25:29] INFO: Recovery phase: role=survivor rank=28 node=3 step=18 phase=mpu_group_start group_desc=INTRA_DISTRIBUTED_OPTIMIZER_INSTANCE_GROUP group_backend=default group_init_mode=lazy group_use_local_synchronization=False group_c10d_count=17 group_size=64 group_first_rank=0 group_last_rank=63 group_representative_rank=0 group_report_rank=28 group_timeout_seconds=600.0
[watcher 15:25:29] INFO: Recovery phase: role=survivor rank=60 node=7 step=18 phase=mpu_group_start group_desc=INTRA_DISTRIBUTED_OPTIMIZER_INSTANCE_GROUP group_backend=default group_init_mode=lazy group_use_local_synchronization=False group_c10d_count=17 group_size=64 group_first_rank=0 group_last_rank=63 group_representative_rank=0 group_report_rank=60 group_timeout_seconds=600.0
[watcher 15:25:29] INFO: Recovery phase: role=survivor rank=50 node=6 step=18 phase=mpu_group_start group_desc=INTRA_DISTRIBUTED_OPTIMIZER_INSTANCE_GROUP group_backend=default group_init_mode=lazy group_use_local_synchronization=False group_c10d_count=17 group_size=64 group_first_rank=0 group_last_rank=63 group_representative_rank=0 group_report_rank=50 group_timeout_seconds=600.0
[watcher 15:25:29] INFO: Recovery phase: role=survivor rank=27 node=3 step=18 phase=mpu_group_start group_desc=INTRA_DISTRIBUTED_OPTIMIZER_INSTANCE_GROUP group_backend=default group_init_mode=lazy group_use_local_synchronization=False group_c10d_count=17 group_size=64 group_first_rank=0 group_last_rank=63 group_representative_rank=0 group_report_rank=27 group_timeout_seconds=600.0
[watcher 15:25:29] INFO: Recovery phase: role=survivor rank=20 node=2 step=18 phase=mpu_group_start group_desc=INTRA_DISTRIBUTED_OPTIMIZER_INSTANCE_GROUP group_backend=default group_init_mode=lazy group_use_local_synchronization=False group_c10d_count=17 group_size=64 group_first_rank=0 group_last_rank=63 group_representative_rank=0 group_report_rank=20 group_timeout_seconds=600.0
[watcher 15:25:29] INFO: Recovery phase: role=survivor rank=32 node=4 step=18 phase=mpu_group_start group_desc=INTRA_DISTRIBUTED_OPTIMIZER_INSTANCE_GROUP group_backend=default group_init_mode=lazy group_use_local_synchronization=False group_c10d_count=17 group_size=64 group_first_rank=0 group_last_rank=63 group_representative_rank=0 group_report_rank=32 group_timeout_seconds=600.0
[watcher 15:25:29] INFO: Recovery phase: role=survivor rank=19 node=2 step=18 phase=mpu_group_start group_desc=INTRA_DISTRIBUTED_OPTIMIZER_INSTANCE_GROUP group_backend=default group_init_mode=lazy group_use_local_synchronization=False group_c10d_count=17 group_size=64 group_first_rank=0 group_last_rank=63 group_representative_rank=0 group_report_rank=19 group_timeout_seconds=600.0
[watcher 15:25:29] INFO: Recovery phase: role=survivor rank=49 node=6 step=18 phase=mpu_group_start group_desc=INTRA_DISTRIBUTED_OPTIMIZER_INSTANCE_GROUP group_backend=default group_init_mode=lazy group_use_local_synchronization=False group_c10d_count=17 group_size=64 group_first_rank=0 group_last_rank=63 group_representative_rank=0 group_report_rank=49 group_timeout_seconds=600.0
[watcher 15:25:29] INFO: Recovery phase: role=survivor rank=7 node=0 step=18 phase=mpu_group_start group_desc=INTRA_DISTRIBUTED_OPTIMIZER_INSTANCE_GROUP group_backend=default group_init_mode=lazy group_use_local_synchronization=False group_c10d_count=17 group_size=64 group_first_rank=0 group_last_rank=63 group_representative_rank=0 group_report_rank=7 group_timeout_seconds=600.0
[watcher 15:25:29] INFO: Recovery phase: role=survivor rank=14 node=1 step=18 phase=mpu_group_start group_desc=INTRA_DISTRIBUTED_OPTIMIZER_INSTANCE_GROUP group_backend=default group_init_mode=lazy group_use_local_synchronization=False group_c10d_count=17 group_size=64 group_first_rank=0 group_last_rank=63 group_representative_rank=0 group_report_rank=14 group_timeout_seconds=600.0
[watcher 15:25:29] INFO: Recovery phase: role=survivor rank=54 node=6 step=18 phase=mpu_group_start group_desc=INTRA_DISTRIBUTED_OPTIMIZER_INSTANCE_GROUP group_backend=default group_init_mode=lazy group_use_local_synchronization=False group_c10d_count=17 group_size=64 group_first_rank=0 group_last_rank=63 group_representative_rank=0 group_report_rank=54 group_timeout_seconds=600.0
[watcher 15:25:29] INFO: Recovery phase: role=survivor rank=12 node=1 step=18 phase=mpu_group_start group_desc=INTRA_DISTRIBUTED_OPTIMIZER_INSTANCE_GROUP group_backend=default group_init_mode=lazy group_use_local_synchronization=False group_c10d_count=17 group_size=64 group_first_rank=0 group_last_rank=63 group_representative_rank=0 group_report_rank=12 group_timeout_seconds=600.0
[watcher 15:25:29] INFO: Recovery phase: role=survivor rank=24 node=3 step=18 phase=mpu_group_start group_desc=INTRA_DISTRIBUTED_OPTIMIZER_INSTANCE_GROUP group_backend=default group_init_mode=lazy group_use_local_synchronization=False group_c10d_count=17 group_size=64 group_first_rank=0 group_last_rank=63 group_representative_rank=0 group_report_rank=24 group_timeout_seconds=600.0
[watcher 15:25:29] INFO: Recovery phase: role=survivor rank=59 node=7 step=18 phase=mpu_group_start group_desc=INTRA_DISTRIBUTED_OPTIMIZER_INSTANCE_GROUP group_backend=default group_init_mode=lazy group_use_local_synchronization=False group_c10d_count=17 group_size=64 group_first_rank=0 group_last_rank=63 group_representative_rank=0 group_report_rank=59 group_timeout_seconds=600.0
[watcher 15:25:29] INFO: Recovery phase: role=survivor rank=57 node=7 step=18 phase=mpu_group_start group_desc=INTRA_DISTRIBUTED_OPTIMIZER_INSTANCE_GROUP group_backend=default group_init_mode=lazy group_use_local_synchronization=False group_c10d_count=17 group_size=64 group_first_rank=0 group_last_rank=63 group_representative_rank=0 group_report_rank=57 group_timeout_seconds=600.0
[watcher 15:25:29] INFO: Recovery phase: role=survivor rank=58 node=7 step=18 phase=mpu_group_start group_desc=INTRA_DISTRIBUTED_OPTIMIZER_INSTANCE_GROUP group_backend=default group_init_mode=lazy group_use_local_synchronization=False group_c10d_count=17 group_size=64 group_first_rank=0 group_last_rank=63 group_representative_rank=0 group_report_rank=58 group_timeout_seconds=600.0
[watcher 15:25:29] INFO: Recovery phase: role=survivor rank=48 node=6 step=18 phase=mpu_group_start group_desc=INTRA_DISTRIBUTED_OPTIMIZER_INSTANCE_GROUP group_backend=default group_init_mode=lazy group_use_local_synchronization=False group_c10d_count=17 group_size=64 group_first_rank=0 group_last_rank=63 group_representative_rank=0 group_report_rank=48 group_timeout_seconds=600.0
[watcher 15:25:29] INFO: Recovery phase: role=survivor rank=55 node=6 step=18 phase=mpu_group_start group_desc=INTRA_DISTRIBUTED_OPTIMIZER_INSTANCE_GROUP group_backend=default group_init_mode=lazy group_use_local_synchronization=False group_c10d_count=17 group_size=64 group_first_rank=0 group_last_rank=63 group_representative_rank=0 group_report_rank=55 group_timeout_seconds=600.0
[watcher 15:25:29] INFO: Recovery phase: role=survivor rank=25 node=3 step=18 phase=mpu_group_start group_desc=INTRA_DISTRIBUTED_OPTIMIZER_INSTANCE_GROUP group_backend=default group_init_mode=lazy group_use_local_synchronization=False group_c10d_count=17 group_size=64 group_first_rank=0 group_last_rank=63 group_representative_rank=0 group_report_rank=25 group_timeout_seconds=600.0
[watcher 15:25:29] INFO: Recovery phase: role=survivor rank=15 node=1 step=18 phase=mpu_group_start group_desc=INTRA_DISTRIBUTED_OPTIMIZER_INSTANCE_GROUP group_backend=default group_init_mode=lazy group_use_local_synchronization=False group_c10d_count=17 group_size=64 group_first_rank=0 group_last_rank=63 group_representative_rank=0 group_report_rank=15 group_timeout_seconds=600.0
[watcher 15:25:29] INFO: Recovery phase: role=survivor rank=8 node=1 step=18 phase=mpu_group_start group_desc=INTRA_DISTRIBUTED_OPTIMIZER_INSTANCE_GROUP group_backend=default group_init_mode=lazy group_use_local_synchronization=False group_c10d_count=17 group_size=64 group_first_rank=0 group_last_rank=63 group_representative_rank=0 group_report_rank=8 group_timeout_seconds=600.0
[watcher 15:25:29] INFO: Recovery phase: role=survivor rank=21 node=2 step=18 phase=mpu_group_start group_desc=INTRA_DISTRIBUTED_OPTIMIZER_INSTANCE_GROUP group_backend=default group_init_mode=lazy group_use_local_synchronization=False group_c10d_count=17 group_size=64 group_first_rank=0 group_last_rank=63 group_representative_rank=0 group_report_rank=21 group_timeout_seconds=600.0
[watcher 15:25:29] INFO: Recovery phase: role=survivor rank=36 node=4 step=18 phase=mpu_group_start group_desc=INTRA_DISTRIBUTED_OPTIMIZER_INSTANCE_GROUP group_backend=default group_init_mode=lazy group_use_local_synchronization=False group_c10d_count=17 group_size=64 group_first_rank=0 group_last_rank=63 group_representative_rank=0 group_report_rank=36 group_timeout_seconds=600.0
[watcher 15:25:29] INFO: Recovery phase: role=survivor rank=13 node=1 step=18 phase=mpu_group_start group_desc=INTRA_DISTRIBUTED_OPTIMIZER_INSTANCE_GROUP group_backend=default group_init_mode=lazy group_use_local_synchronization=False group_c10d_count=17 group_size=64 group_first_rank=0 group_last_rank=63 group_representative_rank=0 group_report_rank=13 group_timeout_seconds=600.0
[watcher 15:25:29] INFO: Recovery phase: role=survivor rank=45 node=5 step=18 phase=mpu_group_start group_desc=INTRA_DISTRIBUTED_OPTIMIZER_INSTANCE_GROUP group_backend=default group_init_mode=lazy group_use_local_synchronization=False group_c10d_count=17 group_size=64 group_first_rank=0 group_last_rank=63 group_representative_rank=0 group_report_rank=45 group_timeout_seconds=600.0
[watcher 15:25:29] INFO: Recovery phase: role=survivor rank=52 node=6 step=18 phase=mpu_group_start group_desc=INTRA_DISTRIBUTED_OPTIMIZER_INSTANCE_GROUP group_backend=default group_init_mode=lazy group_use_local_synchronization=False group_c10d_count=17 group_size=64 group_first_rank=0 group_last_rank=63 group_representative_rank=0 group_report_rank=52 group_timeout_seconds=600.0
[watcher 15:25:29] INFO: Recovery phase: role=survivor rank=62 node=7 step=18 phase=mpu_group_start group_desc=INTRA_DISTRIBUTED_OPTIMIZER_INSTANCE_GROUP group_backend=default group_init_mode=lazy group_use_local_synchronization=False group_c10d_count=17 group_size=64 group_first_rank=0 group_last_rank=63 group_representative_rank=0 group_report_rank=62 group_timeout_seconds=600.0
[watcher 15:25:29] INFO: Recovery phase: role=survivor rank=16 node=2 step=18 phase=mpu_group_start group_desc=INTRA_DISTRIBUTED_OPTIMIZER_INSTANCE_GROUP group_backend=default group_init_mode=lazy group_use_local_synchronization=False group_c10d_count=17 group_size=64 group_first_rank=0 group_last_rank=63 group_representative_rank=0 group_report_rank=16 group_timeout_seconds=600.0
[watcher 15:25:29] INFO: Recovery phase: role=survivor rank=33 node=4 step=18 phase=mpu_group_start group_desc=INTRA_DISTRIBUTED_OPTIMIZER_INSTANCE_GROUP group_backend=default group_init_mode=lazy group_use_local_synchronization=False group_c10d_count=17 group_size=64 group_first_rank=0 group_last_rank=63 group_representative_rank=0 group_report_rank=33 group_timeout_seconds=600.0
[watcher 15:25:29] INFO: Recovery phase: role=replacement rank=1 node=0 step=18 phase=mpu_group_start group_desc=INTRA_DISTRIBUTED_OPTIMIZER_INSTANCE_GROUP group_backend=default group_init_mode=lazy group_use_local_synchronization=False group_c10d_count=17 group_size=64 group_first_rank=0 group_last_rank=63 group_representative_rank=0 group_report_rank=1 group_timeout_seconds=600.0
[watcher 15:25:29] INFO: Recovery phase: role=survivor rank=31 node=3 step=18 phase=mpu_group_start group_desc=INTRA_DISTRIBUTED_OPTIMIZER_INSTANCE_GROUP group_backend=default group_init_mode=lazy group_use_local_synchronization=False group_c10d_count=17 group_size=64 group_first_rank=0 group_last_rank=63 group_representative_rank=0 group_report_rank=31 group_timeout_seconds=600.0
[watcher 15:25:29] INFO: Recovery phase: role=survivor rank=47 node=5 step=18 phase=mpu_group_start group_desc=INTRA_DISTRIBUTED_OPTIMIZER_INSTANCE_GROUP group_backend=default group_init_mode=lazy group_use_local_synchronization=False group_c10d_count=17 group_size=64 group_first_rank=0 group_last_rank=63 group_representative_rank=0 group_report_rank=47 group_timeout_seconds=600.0
[watcher 15:25:29] INFO: Recovery phase: role=survivor rank=3 node=0 step=18 phase=mpu_group_start group_desc=INTRA_DISTRIBUTED_OPTIMIZER_INSTANCE_GROUP group_backend=default group_init_mode=lazy group_use_local_synchronization=False group_c10d_count=17 group_size=64 group_first_rank=0 group_last_rank=63 group_representative_rank=0 group_report_rank=3 group_timeout_seconds=600.0
[watcher 15:25:29] INFO: Recovery phase: role=survivor rank=10 node=1 step=18 phase=mpu_group_start group_desc=INTRA_DISTRIBUTED_OPTIMIZER_INSTANCE_GROUP group_backend=default group_init_mode=lazy group_use_local_synchronization=False group_c10d_count=17 group_size=64 group_first_rank=0 group_last_rank=63 group_representative_rank=0 group_report_rank=10 group_timeout_seconds=600.0
[watcher 15:25:29] INFO: Recovery phase: role=survivor rank=41 node=5 step=18 phase=mpu_group_start group_desc=INTRA_DISTRIBUTED_OPTIMIZER_INSTANCE_GROUP group_backend=default group_init_mode=lazy group_use_local_synchronization=False group_c10d_count=17 group_size=64 group_first_rank=0 group_last_rank=63 group_representative_rank=0 group_report_rank=41 group_timeout_seconds=600.0
[watcher 15:25:29] INFO: Recovery phase: role=survivor rank=22 node=2 step=18 phase=mpu_group_start group_desc=INTRA_DISTRIBUTED_OPTIMIZER_INSTANCE_GROUP group_backend=default group_init_mode=lazy group_use_local_synchronization=False group_c10d_count=17 group_size=64 group_first_rank=0 group_last_rank=63 group_representative_rank=0 group_report_rank=22 group_timeout_seconds=600.0
[watcher 15:25:29] INFO: Recovery phase: role=survivor rank=44 node=5 step=18 phase=mpu_group_start group_desc=INTRA_DISTRIBUTED_OPTIMIZER_INSTANCE_GROUP group_backend=default group_init_mode=lazy group_use_local_synchronization=False group_c10d_count=17 group_size=64 group_first_rank=0 group_last_rank=63 group_representative_rank=0 group_report_rank=44 group_timeout_seconds=600.0
[watcher 15:25:29] INFO: Recovery phase: role=survivor rank=30 node=3 step=18 phase=mpu_group_start group_desc=INTRA_DISTRIBUTED_OPTIMIZER_INSTANCE_GROUP group_backend=default group_init_mode=lazy group_use_local_synchronization=False group_c10d_count=17 group_size=64 group_first_rank=0 group_last_rank=63 group_representative_rank=0 group_report_rank=30 group_timeout_seconds=600.0
[watcher 15:25:29] INFO: Recovery phase: role=survivor rank=42 node=5 step=18 phase=mpu_group_start group_desc=INTRA_DISTRIBUTED_OPTIMIZER_INSTANCE_GROUP group_backend=default group_init_mode=lazy group_use_local_synchronization=False group_c10d_count=17 group_size=64 group_first_rank=0 group_last_rank=63 group_representative_rank=0 group_report_rank=42 group_timeout_seconds=600.0
[watcher 15:25:29] INFO: Recovery phase: role=survivor rank=35 node=4 step=18 phase=mpu_group_start group_desc=INTRA_DISTRIBUTED_OPTIMIZER_INSTANCE_GROUP group_backend=default group_init_mode=lazy group_use_local_synchronization=False group_c10d_count=17 group_size=64 group_first_rank=0 group_last_rank=63 group_representative_rank=0 group_report_rank=35 group_timeout_seconds=600.0
[watcher 15:25:29] INFO: Recovery phase: role=survivor rank=40 node=5 step=18 phase=mpu_group_start group_desc=INTRA_DISTRIBUTED_OPTIMIZER_INSTANCE_GROUP group_backend=default group_init_mode=lazy group_use_local_synchronization=False group_c10d_count=17 group_size=64 group_first_rank=0 group_last_rank=63 group_representative_rank=0 group_report_rank=40 group_timeout_seconds=600.0
[watcher 15:25:29] INFO: Recovery phase: role=survivor rank=4 node=0 step=18 phase=mpu_group_start group_desc=INTRA_DISTRIBUTED_OPTIMIZER_INSTANCE_GROUP group_backend=default group_init_mode=lazy group_use_local_synchronization=False group_c10d_count=17 group_size=64 group_first_rank=0 group_last_rank=63 group_representative_rank=0 group_report_rank=4 group_timeout_seconds=600.0
[watcher 15:25:29] INFO: Recovery phase: role=survivor rank=43 node=5 step=18 phase=mpu_group_start group_desc=INTRA_DISTRIBUTED_OPTIMIZER_INSTANCE_GROUP group_backend=default group_init_mode=lazy group_use_local_synchronization=False group_c10d_count=17 group_size=64 group_first_rank=0 group_last_rank=63 group_representative_rank=0 group_report_rank=43 group_timeout_seconds=600.0
[watcher 15:25:29] INFO: Recovery phase: role=survivor rank=23 node=2 step=18 phase=mpu_group_start group_desc=INTRA_DISTRIBUTED_OPTIMIZER_INSTANCE_GROUP group_backend=default group_init_mode=lazy group_use_local_synchronization=False group_c10d_count=17 group_size=64 group_first_rank=0 group_last_rank=63 group_representative_rank=0 group_report_rank=23 group_timeout_seconds=600.0
[watcher 15:25:29] INFO: Recovery phase: role=survivor rank=18 node=2 step=18 phase=mpu_group_start group_desc=INTRA_DISTRIBUTED_OPTIMIZER_INSTANCE_GROUP group_backend=default group_init_mode=lazy group_use_local_synchronization=False group_c10d_count=17 group_size=64 group_first_rank=0 group_last_rank=63 group_representative_rank=0 group_report_rank=18 group_timeout_seconds=600.0
[watcher 15:25:29] INFO: Recovery phase: role=survivor rank=11 node=1 step=18 phase=mpu_group_start group_desc=INTRA_DISTRIBUTED_OPTIMIZER_INSTANCE_GROUP group_backend=default group_init_mode=lazy group_use_local_synchronization=False group_c10d_count=17 group_size=64 group_first_rank=0 group_last_rank=63 group_representative_rank=0 group_report_rank=11 group_timeout_seconds=600.0
[watcher 15:25:29] INFO: Recovery phase: role=survivor rank=26 node=3 step=18 phase=mpu_group_start group_desc=INTRA_DISTRIBUTED_OPTIMIZER_INSTANCE_GROUP group_backend=default group_init_mode=lazy group_use_local_synchronization=False group_c10d_count=17 group_size=64 group_first_rank=0 group_last_rank=63 group_representative_rank=0 group_report_rank=26 group_timeout_seconds=600.0
[watcher 15:25:29] INFO: Recovery phase: role=survivor rank=53 node=6 step=18 phase=mpu_group_start group_desc=INTRA_DISTRIBUTED_OPTIMIZER_INSTANCE_GROUP group_backend=default group_init_mode=lazy group_use_local_synchronization=False group_c10d_count=17 group_size=64 group_first_rank=0 group_last_rank=63 group_representative_rank=0 group_report_rank=53 group_timeout_seconds=600.0
[watcher 15:25:29] INFO: Recovery phase: role=survivor rank=9 node=1 step=18 phase=mpu_group_start group_desc=INTRA_DISTRIBUTED_OPTIMIZER_INSTANCE_GROUP group_backend=default group_init_mode=lazy group_use_local_synchronization=False group_c10d_count=17 group_size=64 group_first_rank=0 group_last_rank=63 group_representative_rank=0 group_report_rank=9 group_timeout_seconds=600.0
[watcher 15:25:29] INFO: Recovery phase: role=survivor rank=5 node=0 step=18 phase=mpu_group_start group_desc=INTRA_DISTRIBUTED_OPTIMIZER_INSTANCE_GROUP group_backend=default group_init_mode=lazy group_use_local_synchronization=False group_c10d_count=17 group_size=64 group_first_rank=0 group_last_rank=63 group_representative_rank=0 group_report_rank=5 group_timeout_seconds=600.0
[watcher 15:25:30] INFO: Recovery phase: role=survivor rank=38 node=4 step=18 phase=mpu_group_start group_desc=INTRA_DISTRIBUTED_OPTIMIZER_INSTANCE_GROUP group_backend=default group_init_mode=lazy group_use_local_synchronization=False group_c10d_count=17 group_size=64 group_first_rank=0 group_last_rank=63 group_representative_rank=0 group_report_rank=38 group_timeout_seconds=600.0
[watcher 15:25:30] INFO: Recovery phase: role=survivor rank=56 node=7 step=18 phase=mpu_group_start group_desc=INTRA_DISTRIBUTED_OPTIMIZER_INSTANCE_GROUP group_backend=default group_init_mode=lazy group_use_local_synchronization=False group_c10d_count=17 group_size=64 group_first_rank=0 group_last_rank=63 group_representative_rank=0 group_report_rank=56 group_timeout_seconds=600.0
[watcher 15:25:30] INFO: Recovery phase: role=survivor rank=37 node=4 step=18 phase=mpu_group_start group_desc=INTRA_DISTRIBUTED_OPTIMIZER_INSTANCE_GROUP group_backend=default group_init_mode=lazy group_use_local_synchronization=False group_c10d_count=17 group_size=64 group_first_rank=0 group_last_rank=63 group_representative_rank=0 group_report_rank=37 group_timeout_seconds=600.0
[watcher 15:25:30] INFO: Recovery phase: role=survivor rank=39 node=4 step=18 phase=mpu_group_start group_desc=INTRA_DISTRIBUTED_OPTIMIZER_INSTANCE_GROUP group_backend=default group_init_mode=lazy group_use_local_synchronization=False group_c10d_count=17 group_size=64 group_first_rank=0 group_last_rank=63 group_representative_rank=0 group_report_rank=39 group_timeout_seconds=600.0
[watcher 15:25:30] INFO: Recovery phase: role=survivor rank=34 node=4 step=18 phase=mpu_group_start group_desc=INTRA_DISTRIBUTED_OPTIMIZER_INSTANCE_GROUP group_backend=default group_init_mode=lazy group_use_local_synchronization=False group_c10d_count=17 group_size=64 group_first_rank=0 group_last_rank=63 group_representative_rank=0 group_report_rank=34 group_timeout_seconds=600.0
[watcher 15:25:30] INFO: Recovery phase: role=survivor rank=46 node=5 step=18 phase=mpu_group_start group_desc=INTRA_DISTRIBUTED_OPTIMIZER_INSTANCE_GROUP group_backend=default group_init_mode=lazy group_use_local_synchronization=False group_c10d_count=17 group_size=64 group_first_rank=0 group_last_rank=63 group_representative_rank=0 group_report_rank=46 group_timeout_seconds=600.0
[watcher 15:25:30] INFO: Recovery phase: role=survivor rank=0 node=0 step=18 phase=mpu_group_start group_desc=INTRA_DISTRIBUTED_OPTIMIZER_INSTANCE_GROUP group_backend=default group_init_mode=lazy group_use_local_synchronization=False group_c10d_count=17 group_size=64 group_first_rank=0 group_last_rank=63 group_representative_rank=0 group_report_rank=0 group_timeout_seconds=600.0
[watcher 15:25:30] INFO: Recovery phase: role=survivor rank=51 node=6 step=18 phase=mpu_group_start group_desc=INTRA_DISTRIBUTED_OPTIMIZER_INSTANCE_GROUP group_backend=default group_init_mode=lazy group_use_local_synchronization=False group_c10d_count=17 group_size=64 group_first_rank=0 group_last_rank=63 group_representative_rank=0 group_report_rank=51 group_timeout_seconds=600.0
[watcher 15:25:30] INFO: Recovery phase: role=survivor rank=61 node=7 step=18 phase=mpu_group_start group_desc=INTRA_DISTRIBUTED_OPTIMIZER_INSTANCE_GROUP group_backend=default group_init_mode=lazy group_use_local_synchronization=False group_c10d_count=17 group_size=64 group_first_rank=0 group_last_rank=63 group_representative_rank=0 group_report_rank=61 group_timeout_seconds=600.0
[watcher 15:25:30] INFO: ordinal_barrier released: id=mpu_group:iter18:replacement1:000402:enter count=64 desc=INTRA_DISTRIBUTED_OPTIMIZER_INSTANCE_GROUP ordinal=402 stage=enter
[watcher 15:25:30] INFO: Recovery phase: role=survivor rank=34 node=4 step=18 phase=mpu_group_done group_desc=INTRA_DISTRIBUTED_OPTIMIZER_INSTANCE_GROUP group_backend=default group_init_mode=lazy group_use_local_synchronization=False group_c10d_count=18 group_size=64 group_first_rank=0 group_last_rank=63 group_representative_rank=0 group_report_rank=34 group_timeout_seconds=600.0
[watcher 15:25:30] INFO: Recovery phase: role=survivor rank=61 node=7 step=18 phase=mpu_group_done group_desc=INTRA_DISTRIBUTED_OPTIMIZER_INSTANCE_GROUP group_backend=default group_init_mode=lazy group_use_local_synchronization=False group_c10d_count=18 group_size=64 group_first_rank=0 group_last_rank=63 group_representative_rank=0 group_report_rank=61 group_timeout_seconds=600.0
[watcher 15:25:30] INFO: Recovery phase: role=survivor rank=48 node=6 step=18 phase=mpu_group_done group_desc=INTRA_DISTRIBUTED_OPTIMIZER_INSTANCE_GROUP group_backend=default group_init_mode=lazy group_use_local_synchronization=False group_c10d_count=18 group_size=64 group_first_rank=0 group_last_rank=63 group_representative_rank=0 group_report_rank=48 group_timeout_seconds=600.0
[watcher 15:25:30] INFO: Recovery phase: role=survivor rank=10 node=1 step=18 phase=mpu_group_done group_desc=INTRA_DISTRIBUTED_OPTIMIZER_INSTANCE_GROUP group_backend=default group_init_mode=lazy group_use_local_synchronization=False group_c10d_count=18 group_size=64 group_first_rank=0 group_last_rank=63 group_representative_rank=0 group_report_rank=10 group_timeout_seconds=600.0
[watcher 15:25:30] INFO: Recovery phase: role=survivor rank=13 node=1 step=18 phase=mpu_group_done group_desc=INTRA_DISTRIBUTED_OPTIMIZER_INSTANCE_GROUP group_backend=default group_init_mode=lazy group_use_local_synchronization=False group_c10d_count=18 group_size=64 group_first_rank=0 group_last_rank=63 group_representative_rank=0 group_report_rank=13 group_timeout_seconds=600.0
[watcher 15:25:30] INFO: Recovery phase: role=survivor rank=45 node=5 step=18 phase=mpu_group_done group_desc=INTRA_DISTRIBUTED_OPTIMIZER_INSTANCE_GROUP group_backend=default group_init_mode=lazy group_use_local_synchronization=False group_c10d_count=18 group_size=64 group_first_rank=0 group_last_rank=63 group_representative_rank=0 group_report_rank=45 group_timeout_seconds=600.0
[watcher 15:25:30] INFO: Recovery phase: role=survivor rank=52 node=6 step=18 phase=mpu_group_done group_desc=INTRA_DISTRIBUTED_OPTIMIZER_INSTANCE_GROUP group_backend=default group_init_mode=lazy group_use_local_synchronization=False group_c10d_count=18 group_size=64 group_first_rank=0 group_last_rank=63 group_representative_rank=0 group_report_rank=52 group_timeout_seconds=600.0
[watcher 15:25:30] INFO: Recovery phase: role=survivor rank=42 node=5 step=18 phase=mpu_group_done group_desc=INTRA_DISTRIBUTED_OPTIMIZER_INSTANCE_GROUP group_backend=default group_init_mode=lazy group_use_local_synchronization=False group_c10d_count=18 group_size=64 group_first_rank=0 group_last_rank=63 group_representative_rank=0 group_report_rank=42 group_timeout_seconds=600.0
[watcher 15:25:30] INFO: Recovery phase: role=survivor rank=8 node=1 step=18 phase=mpu_group_done group_desc=INTRA_DISTRIBUTED_OPTIMIZER_INSTANCE_GROUP group_backend=default group_init_mode=lazy group_use_local_synchronization=False group_c10d_count=18 group_size=64 group_first_rank=0 group_last_rank=63 group_representative_rank=0 group_report_rank=8 group_timeout_seconds=600.0
[watcher 15:25:30] INFO: Recovery phase: role=survivor rank=21 node=2 step=18 phase=mpu_group_done group_desc=INTRA_DISTRIBUTED_OPTIMIZER_INSTANCE_GROUP group_backend=default group_init_mode=lazy group_use_local_synchronization=False group_c10d_count=18 group_size=64 group_first_rank=0 group_last_rank=63 group_representative_rank=0 group_report_rank=21 group_timeout_seconds=600.0
[watcher 15:25:30] INFO: Recovery phase: role=survivor rank=49 node=6 step=18 phase=mpu_group_done group_desc=INTRA_DISTRIBUTED_OPTIMIZER_INSTANCE_GROUP group_backend=default group_init_mode=lazy group_use_local_synchronization=False group_c10d_count=18 group_size=64 group_first_rank=0 group_last_rank=63 group_representative_rank=0 group_report_rank=49 group_timeout_seconds=600.0
[watcher 15:25:30] INFO: Recovery phase: role=survivor rank=62 node=7 step=18 phase=mpu_group_done group_desc=INTRA_DISTRIBUTED_OPTIMIZER_INSTANCE_GROUP group_backend=default group_init_mode=lazy group_use_local_synchronization=False group_c10d_count=18 group_size=64 group_first_rank=0 group_last_rank=63 group_representative_rank=0 group_report_rank=62 group_timeout_seconds=600.0
[watcher 15:25:30] INFO: Recovery phase: role=survivor rank=35 node=4 step=18 phase=mpu_group_done group_desc=INTRA_DISTRIBUTED_OPTIMIZER_INSTANCE_GROUP group_backend=default group_init_mode=lazy group_use_local_synchronization=False group_c10d_count=18 group_size=64 group_first_rank=0 group_last_rank=63 group_representative_rank=0 group_report_rank=35 group_timeout_seconds=600.0
[watcher 15:25:30] INFO: Recovery phase: role=survivor rank=43 node=5 step=18 phase=mpu_group_done group_desc=INTRA_DISTRIBUTED_OPTIMIZER_INSTANCE_GROUP group_backend=default group_init_mode=lazy group_use_local_synchronization=False group_c10d_count=18 group_size=64 group_first_rank=0 group_last_rank=63 group_representative_rank=0 group_report_rank=43 group_timeout_seconds=600.0
[watcher 15:25:30] INFO: Recovery phase: role=survivor rank=59 node=7 step=18 phase=mpu_group_done group_desc=INTRA_DISTRIBUTED_OPTIMIZER_INSTANCE_GROUP group_backend=default group_init_mode=lazy group_use_local_synchronization=False group_c10d_count=18 group_size=64 group_first_rank=0 group_last_rank=63 group_representative_rank=0 group_report_rank=59 group_timeout_seconds=600.0
[watcher 15:25:30] INFO: Recovery phase: role=survivor rank=32 node=4 step=18 phase=mpu_group_done group_desc=INTRA_DISTRIBUTED_OPTIMIZER_INSTANCE_GROUP group_backend=default group_init_mode=lazy group_use_local_synchronization=False group_c10d_count=18 group_size=64 group_first_rank=0 group_last_rank=63 group_representative_rank=0 group_report_rank=32 group_timeout_seconds=600.0
[watcher 15:25:30] INFO: Recovery phase: role=survivor rank=38 node=4 step=18 phase=mpu_group_done group_desc=INTRA_DISTRIBUTED_OPTIMIZER_INSTANCE_GROUP group_backend=default group_init_mode=lazy group_use_local_synchronization=False group_c10d_count=18 group_size=64 group_first_rank=0 group_last_rank=63 group_representative_rank=0 group_report_rank=38 group_timeout_seconds=600.0
[watcher 15:25:30] INFO: Recovery phase: role=survivor rank=50 node=6 step=18 phase=mpu_group_done group_desc=INTRA_DISTRIBUTED_OPTIMIZER_INSTANCE_GROUP group_backend=default group_init_mode=lazy group_use_local_synchronization=False group_c10d_count=18 group_size=64 group_first_rank=0 group_last_rank=63 group_representative_rank=0 group_report_rank=50 group_timeout_seconds=600.0
[watcher 15:25:30] INFO: Recovery phase: role=survivor rank=18 node=2 step=18 phase=mpu_group_done group_desc=INTRA_DISTRIBUTED_OPTIMIZER_INSTANCE_GROUP group_backend=default group_init_mode=lazy group_use_local_synchronization=False group_c10d_count=18 group_size=64 group_first_rank=0 group_last_rank=63 group_representative_rank=0 group_report_rank=18 group_timeout_seconds=600.0
[watcher 15:25:30] INFO: Recovery phase: role=survivor rank=23 node=2 step=18 phase=mpu_group_done group_desc=INTRA_DISTRIBUTED_OPTIMIZER_INSTANCE_GROUP group_backend=default group_init_mode=lazy group_use_local_synchronization=False group_c10d_count=18 group_size=64 group_first_rank=0 group_last_rank=63 group_representative_rank=0 group_report_rank=23 group_timeout_seconds=600.0
[watcher 15:25:30] INFO: Recovery phase: role=replacement rank=1 node=0 step=18 phase=mpu_group_done group_desc=INTRA_DISTRIBUTED_OPTIMIZER_INSTANCE_GROUP group_backend=default group_init_mode=lazy group_use_local_synchronization=False group_c10d_count=18 group_size=64 group_first_rank=0 group_last_rank=63 group_representative_rank=0 group_report_rank=1 group_timeout_seconds=600.0
[watcher 15:25:30] INFO: Recovery phase: role=survivor rank=9 node=1 step=18 phase=mpu_group_done group_desc=INTRA_DISTRIBUTED_OPTIMIZER_INSTANCE_GROUP group_backend=default group_init_mode=lazy group_use_local_synchronization=False group_c10d_count=18 group_size=64 group_first_rank=0 group_last_rank=63 group_representative_rank=0 group_report_rank=9 group_timeout_seconds=600.0
[watcher 15:25:30] INFO: Recovery phase: role=survivor rank=16 node=2 step=18 phase=mpu_group_done group_desc=INTRA_DISTRIBUTED_OPTIMIZER_INSTANCE_GROUP group_backend=default group_init_mode=lazy group_use_local_synchronization=False group_c10d_count=18 group_size=64 group_first_rank=0 group_last_rank=63 group_representative_rank=0 group_report_rank=16 group_timeout_seconds=600.0
[watcher 15:25:30] INFO: Recovery phase: role=survivor rank=57 node=7 step=18 phase=mpu_group_done group_desc=INTRA_DISTRIBUTED_OPTIMIZER_INSTANCE_GROUP group_backend=default group_init_mode=lazy group_use_local_synchronization=False group_c10d_count=18 group_size=64 group_first_rank=0 group_last_rank=63 group_representative_rank=0 group_report_rank=57 group_timeout_seconds=600.0
[watcher 15:25:30] INFO: Recovery phase: role=survivor rank=58 node=7 step=18 phase=mpu_group_done group_desc=INTRA_DISTRIBUTED_OPTIMIZER_INSTANCE_GROUP group_backend=default group_init_mode=lazy group_use_local_synchronization=False group_c10d_count=18 group_size=64 group_first_rank=0 group_last_rank=63 group_representative_rank=0 group_report_rank=58 group_timeout_seconds=600.0
[watcher 15:25:30] INFO: Recovery phase: role=survivor rank=36 node=4 step=18 phase=mpu_group_done group_desc=INTRA_DISTRIBUTED_OPTIMIZER_INSTANCE_GROUP group_backend=default group_init_mode=lazy group_use_local_synchronization=False group_c10d_count=18 group_size=64 group_first_rank=0 group_last_rank=63 group_representative_rank=0 group_report_rank=36 group_timeout_seconds=600.0
[watcher 15:25:30] INFO: Recovery phase: role=survivor rank=15 node=1 step=18 phase=mpu_group_done group_desc=INTRA_DISTRIBUTED_OPTIMIZER_INSTANCE_GROUP group_backend=default group_init_mode=lazy group_use_local_synchronization=False group_c10d_count=18 group_size=64 group_first_rank=0 group_last_rank=63 group_representative_rank=0 group_report_rank=15 group_timeout_seconds=600.0
[watcher 15:25:30] INFO: Recovery phase: role=survivor rank=41 node=5 step=18 phase=mpu_group_done group_desc=INTRA_DISTRIBUTED_OPTIMIZER_INSTANCE_GROUP group_backend=default group_init_mode=lazy group_use_local_synchronization=False group_c10d_count=18 group_size=64 group_first_rank=0 group_last_rank=63 group_representative_rank=0 group_report_rank=41 group_timeout_seconds=600.0
[watcher 15:25:30] INFO: Recovery phase: role=survivor rank=22 node=2 step=18 phase=mpu_group_done group_desc=INTRA_DISTRIBUTED_OPTIMIZER_INSTANCE_GROUP group_backend=default group_init_mode=lazy group_use_local_synchronization=False group_c10d_count=18 group_size=64 group_first_rank=0 group_last_rank=63 group_representative_rank=0 group_report_rank=22 group_timeout_seconds=600.0
[watcher 15:25:30] INFO: Recovery phase: role=survivor rank=20 node=2 step=18 phase=mpu_group_done group_desc=INTRA_DISTRIBUTED_OPTIMIZER_INSTANCE_GROUP group_backend=default group_init_mode=lazy group_use_local_synchronization=False group_c10d_count=18 group_size=64 group_first_rank=0 group_last_rank=63 group_representative_rank=0 group_report_rank=20 group_timeout_seconds=600.0
[watcher 15:25:30] INFO: Recovery phase: role=survivor rank=12 node=1 step=18 phase=mpu_group_done group_desc=INTRA_DISTRIBUTED_OPTIMIZER_INSTANCE_GROUP group_backend=default group_init_mode=lazy group_use_local_synchronization=False group_c10d_count=18 group_size=64 group_first_rank=0 group_last_rank=63 group_representative_rank=0 group_report_rank=12 group_timeout_seconds=600.0
[watcher 15:25:30] INFO: Recovery phase: role=survivor rank=60 node=7 step=18 phase=mpu_group_done group_desc=INTRA_DISTRIBUTED_OPTIMIZER_INSTANCE_GROUP group_backend=default group_init_mode=lazy group_use_local_synchronization=False group_c10d_count=18 group_size=64 group_first_rank=0 group_last_rank=63 group_representative_rank=0 group_report_rank=60 group_timeout_seconds=600.0
[watcher 15:25:30] INFO: Recovery phase: role=survivor rank=54 node=6 step=18 phase=mpu_group_done group_desc=INTRA_DISTRIBUTED_OPTIMIZER_INSTANCE_GROUP group_backend=default group_init_mode=lazy group_use_local_synchronization=False group_c10d_count=18 group_size=64 group_first_rank=0 group_last_rank=63 group_representative_rank=0 group_report_rank=54 group_timeout_seconds=600.0
[watcher 15:25:30] INFO: Recovery phase: role=survivor rank=40 node=5 step=18 phase=mpu_group_done group_desc=INTRA_DISTRIBUTED_OPTIMIZER_INSTANCE_GROUP group_backend=default group_init_mode=lazy group_use_local_synchronization=False group_c10d_count=18 group_size=64 group_first_rank=0 group_last_rank=63 group_representative_rank=0 group_report_rank=40 group_timeout_seconds=600.0
[watcher 15:25:30] INFO: Recovery phase: role=survivor rank=19 node=2 step=18 phase=mpu_group_done group_desc=INTRA_DISTRIBUTED_OPTIMIZER_INSTANCE_GROUP group_backend=default group_init_mode=lazy group_use_local_synchronization=False group_c10d_count=18 group_size=64 group_first_rank=0 group_last_rank=63 group_representative_rank=0 group_report_rank=19 group_timeout_seconds=600.0
[watcher 15:25:30] INFO: Recovery phase: role=survivor rank=17 node=2 step=18 phase=mpu_group_done group_desc=INTRA_DISTRIBUTED_OPTIMIZER_INSTANCE_GROUP group_backend=default group_init_mode=lazy group_use_local_synchronization=False group_c10d_count=18 group_size=64 group_first_rank=0 group_last_rank=63 group_representative_rank=0 group_report_rank=17 group_timeout_seconds=600.0
[watcher 15:25:30] INFO: Recovery phase: role=survivor rank=55 node=6 step=18 phase=mpu_group_done group_desc=INTRA_DISTRIBUTED_OPTIMIZER_INSTANCE_GROUP group_backend=default group_init_mode=lazy group_use_local_synchronization=False group_c10d_count=18 group_size=64 group_first_rank=0 group_last_rank=63 group_representative_rank=0 group_report_rank=55 group_timeout_seconds=600.0
[watcher 15:25:30] INFO: Recovery phase: role=survivor rank=51 node=6 step=18 phase=mpu_group_done group_desc=INTRA_DISTRIBUTED_OPTIMIZER_INSTANCE_GROUP group_backend=default group_init_mode=lazy group_use_local_synchronization=False group_c10d_count=18 group_size=64 group_first_rank=0 group_last_rank=63 group_representative_rank=0 group_report_rank=51 group_timeout_seconds=600.0
[watcher 15:25:30] INFO: Recovery phase: role=survivor rank=44 node=5 step=18 phase=mpu_group_done group_desc=INTRA_DISTRIBUTED_OPTIMIZER_INSTANCE_GROUP group_backend=default group_init_mode=lazy group_use_local_synchronization=False group_c10d_count=18 group_size=64 group_first_rank=0 group_last_rank=63 group_representative_rank=0 group_report_rank=44 group_timeout_seconds=600.0
[watcher 15:25:30] INFO: Recovery phase: role=survivor rank=14 node=1 step=18 phase=mpu_group_done group_desc=INTRA_DISTRIBUTED_OPTIMIZER_INSTANCE_GROUP group_backend=default group_init_mode=lazy group_use_local_synchronization=False group_c10d_count=18 group_size=64 group_first_rank=0 group_last_rank=63 group_representative_rank=0 group_report_rank=14 group_timeout_seconds=600.0
[watcher 15:25:30] INFO: Recovery phase: role=survivor rank=53 node=6 step=18 phase=mpu_group_done group_desc=INTRA_DISTRIBUTED_OPTIMIZER_INSTANCE_GROUP group_backend=default group_init_mode=lazy group_use_local_synchronization=False group_c10d_count=18 group_size=64 group_first_rank=0 group_last_rank=63 group_representative_rank=0 group_report_rank=53 group_timeout_seconds=600.0
[watcher 15:25:30] INFO: Recovery phase: role=survivor rank=46 node=5 step=18 phase=mpu_group_done group_desc=INTRA_DISTRIBUTED_OPTIMIZER_INSTANCE_GROUP group_backend=default group_init_mode=lazy group_use_local_synchronization=False group_c10d_count=18 group_size=64 group_first_rank=0 group_last_rank=63 group_representative_rank=0 group_report_rank=46 group_timeout_seconds=600.0
[watcher 15:25:30] INFO: Recovery phase: role=survivor rank=37 node=4 step=18 phase=mpu_group_done group_desc=INTRA_DISTRIBUTED_OPTIMIZER_INSTANCE_GROUP group_backend=default group_init_mode=lazy group_use_local_synchronization=False group_c10d_count=18 group_size=64 group_first_rank=0 group_last_rank=63 group_representative_rank=0 group_report_rank=37 group_timeout_seconds=600.0
[watcher 15:25:30] INFO: Recovery phase: role=survivor rank=26 node=3 step=18 phase=mpu_group_done group_desc=INTRA_DISTRIBUTED_OPTIMIZER_INSTANCE_GROUP group_backend=default group_init_mode=lazy group_use_local_synchronization=False group_c10d_count=18 group_size=64 group_first_rank=0 group_last_rank=63 group_representative_rank=0 group_report_rank=26 group_timeout_seconds=600.0
[watcher 15:25:31] INFO: Recovery phase: role=survivor rank=4 node=0 step=18 phase=mpu_group_done group_desc=INTRA_DISTRIBUTED_OPTIMIZER_INSTANCE_GROUP group_backend=default group_init_mode=lazy group_use_local_synchronization=False group_c10d_count=18 group_size=64 group_first_rank=0 group_last_rank=63 group_representative_rank=0 group_report_rank=4 group_timeout_seconds=600.0
[watcher 15:25:31] INFO: Recovery phase: role=survivor rank=7 node=0 step=18 phase=mpu_group_done group_desc=INTRA_DISTRIBUTED_OPTIMIZER_INSTANCE_GROUP group_backend=default group_init_mode=lazy group_use_local_synchronization=False group_c10d_count=18 group_size=64 group_first_rank=0 group_last_rank=63 group_representative_rank=0 group_report_rank=7 group_timeout_seconds=600.0
[watcher 15:25:31] INFO: Recovery phase: role=survivor rank=2 node=0 step=18 phase=mpu_group_done group_desc=INTRA_DISTRIBUTED_OPTIMIZER_INSTANCE_GROUP group_backend=default group_init_mode=lazy group_use_local_synchronization=False group_c10d_count=18 group_size=64 group_first_rank=0 group_last_rank=63 group_representative_rank=0 group_report_rank=2 group_timeout_seconds=600.0
[watcher 15:25:31] INFO: Recovery phase: role=survivor rank=3 node=0 step=18 phase=mpu_group_done group_desc=INTRA_DISTRIBUTED_OPTIMIZER_INSTANCE_GROUP group_backend=default group_init_mode=lazy group_use_local_synchronization=False group_c10d_count=18 group_size=64 group_first_rank=0 group_last_rank=63 group_representative_rank=0 group_report_rank=3 group_timeout_seconds=600.0
[watcher 15:25:31] INFO: Recovery phase: role=survivor rank=6 node=0 step=18 phase=mpu_group_done group_desc=INTRA_DISTRIBUTED_OPTIMIZER_INSTANCE_GROUP group_backend=default group_init_mode=lazy group_use_local_synchronization=False group_c10d_count=18 group_size=64 group_first_rank=0 group_last_rank=63 group_representative_rank=0 group_report_rank=6 group_timeout_seconds=600.0
[watcher 15:25:31] INFO: Recovery phase: role=survivor rank=5 node=0 step=18 phase=mpu_group_done group_desc=INTRA_DISTRIBUTED_OPTIMIZER_INSTANCE_GROUP group_backend=default group_init_mode=lazy group_use_local_synchronization=False group_c10d_count=18 group_size=64 group_first_rank=0 group_last_rank=63 group_representative_rank=0 group_report_rank=5 group_timeout_seconds=600.0
[watcher 15:25:31] INFO: Recovery phase: role=survivor rank=0 node=0 step=18 phase=mpu_group_done group_desc=INTRA_DISTRIBUTED_OPTIMIZER_INSTANCE_GROUP group_backend=default group_init_mode=lazy group_use_local_synchronization=False group_c10d_count=18 group_size=64 group_first_rank=0 group_last_rank=63 group_representative_rank=0 group_report_rank=0 group_timeout_seconds=600.0
[watcher 15:25:31] INFO: Recovery phase: role=survivor rank=63 node=7 step=18 phase=mpu_group_done group_desc=INTRA_DISTRIBUTED_OPTIMIZER_INSTANCE_GROUP group_backend=default group_init_mode=lazy group_use_local_synchronization=False group_c10d_count=18 group_size=64 group_first_rank=0 group_last_rank=63 group_representative_rank=0 group_report_rank=63 group_timeout_seconds=600.0
[watcher 15:25:31] INFO: Recovery phase: role=survivor rank=56 node=7 step=18 phase=mpu_group_done group_desc=INTRA_DISTRIBUTED_OPTIMIZER_INSTANCE_GROUP group_backend=default group_init_mode=lazy group_use_local_synchronization=False group_c10d_count=18 group_size=64 group_first_rank=0 group_last_rank=63 group_representative_rank=0 group_report_rank=56 group_timeout_seconds=600.0
[watcher 15:25:31] INFO: Recovery phase: role=survivor rank=24 node=3 step=18 phase=mpu_group_done group_desc=INTRA_DISTRIBUTED_OPTIMIZER_INSTANCE_GROUP group_backend=default group_init_mode=lazy group_use_local_synchronization=False group_c10d_count=18 group_size=64 group_first_rank=0 group_last_rank=63 group_representative_rank=0 group_report_rank=24 group_timeout_seconds=600.0
[watcher 15:25:31] INFO: Recovery phase: role=survivor rank=27 node=3 step=18 phase=mpu_group_done group_desc=INTRA_DISTRIBUTED_OPTIMIZER_INSTANCE_GROUP group_backend=default group_init_mode=lazy group_use_local_synchronization=False group_c10d_count=18 group_size=64 group_first_rank=0 group_last_rank=63 group_representative_rank=0 group_report_rank=27 group_timeout_seconds=600.0
[watcher 15:25:31] INFO: Recovery phase: role=survivor rank=25 node=3 step=18 phase=mpu_group_done group_desc=INTRA_DISTRIBUTED_OPTIMIZER_INSTANCE_GROUP group_backend=default group_init_mode=lazy group_use_local_synchronization=False group_c10d_count=18 group_size=64 group_first_rank=0 group_last_rank=63 group_representative_rank=0 group_report_rank=25 group_timeout_seconds=600.0
[watcher 15:25:31] INFO: Recovery phase: role=survivor rank=31 node=3 step=18 phase=mpu_group_done group_desc=INTRA_DISTRIBUTED_OPTIMIZER_INSTANCE_GROUP group_backend=default group_init_mode=lazy group_use_local_synchronization=False group_c10d_count=18 group_size=64 group_first_rank=0 group_last_rank=63 group_representative_rank=0 group_report_rank=31 group_timeout_seconds=600.0
[watcher 15:25:31] INFO: Recovery phase: role=survivor rank=28 node=3 step=18 phase=mpu_group_done group_desc=INTRA_DISTRIBUTED_OPTIMIZER_INSTANCE_GROUP group_backend=default group_init_mode=lazy group_use_local_synchronization=False group_c10d_count=18 group_size=64 group_first_rank=0 group_last_rank=63 group_representative_rank=0 group_report_rank=28 group_timeout_seconds=600.0
[watcher 15:25:31] INFO: Recovery phase: role=survivor rank=29 node=3 step=18 phase=mpu_group_done group_desc=INTRA_DISTRIBUTED_OPTIMIZER_INSTANCE_GROUP group_backend=default group_init_mode=lazy group_use_local_synchronization=False group_c10d_count=18 group_size=64 group_first_rank=0 group_last_rank=63 group_representative_rank=0 group_report_rank=29 group_timeout_seconds=600.0
[watcher 15:25:31] INFO: Recovery phase: role=survivor rank=30 node=3 step=18 phase=mpu_group_done group_desc=INTRA_DISTRIBUTED_OPTIMIZER_INSTANCE_GROUP group_backend=default group_init_mode=lazy group_use_local_synchronization=False group_c10d_count=18 group_size=64 group_first_rank=0 group_last_rank=63 group_representative_rank=0 group_report_rank=30 group_timeout_seconds=600.0
[watcher 15:25:32] INFO: Recovery phase: role=survivor rank=33 node=4 step=18 phase=mpu_group_done group_desc=INTRA_DISTRIBUTED_OPTIMIZER_INSTANCE_GROUP group_backend=default group_init_mode=lazy group_use_local_synchronization=False group_c10d_count=18 group_size=64 group_first_rank=0 group_last_rank=63 group_representative_rank=0 group_report_rank=33 group_timeout_seconds=600.0
[watcher 15:25:32] INFO: Recovery phase: role=survivor rank=39 node=4 step=18 phase=mpu_group_done group_desc=INTRA_DISTRIBUTED_OPTIMIZER_INSTANCE_GROUP group_backend=default group_init_mode=lazy group_use_local_synchronization=False group_c10d_count=18 group_size=64 group_first_rank=0 group_last_rank=63 group_representative_rank=0 group_report_rank=39 group_timeout_seconds=600.0
[watcher 15:25:32] INFO: Recovery phase: role=survivor rank=47 node=5 step=18 phase=mpu_group_done group_desc=INTRA_DISTRIBUTED_OPTIMIZER_INSTANCE_GROUP group_backend=default group_init_mode=lazy group_use_local_synchronization=False group_c10d_count=18 group_size=64 group_first_rank=0 group_last_rank=63 group_representative_rank=0 group_report_rank=47 group_timeout_seconds=600.0
[watcher 15:25:32] INFO: Recovery phase: role=survivor rank=11 node=1 step=18 phase=mpu_group_done group_desc=INTRA_DISTRIBUTED_OPTIMIZER_INSTANCE_GROUP group_backend=default group_init_mode=lazy group_use_local_synchronization=False group_c10d_count=18 group_size=64 group_first_rank=0 group_last_rank=63 group_representative_rank=0 group_report_rank=11 group_timeout_seconds=600.0
[watcher 15:25:32] INFO: ordinal_barrier released: id=mpu_group:iter18:replacement1:000402:exit count=64 desc=INTRA_DISTRIBUTED_OPTIMIZER_INSTANCE_GROUP ordinal=402 stage=exit
[watcher 15:25:32] INFO: [spare-standby] WARNING:megatron.core.parallel_state:[elastic] selective Megatron subgroup rebuild complete: {'retained': 0, 'reused': 0, 'rebuilt': 17, 'skipped_nonmember': 385, 'enabled': True}
[watcher 15:25:32] INFO: Recovery phase: role=survivor rank=11 node=1 step=18 phase=mpu_init_done
[watcher 15:25:32] INFO: Recovery phase: role=survivor rank=56 node=7 step=18 phase=mpu_init_done
[watcher 15:25:32] INFO: Recovery phase: role=survivor rank=11 node=1 step=18 phase=rebind_start
[watcher 15:25:32] INFO: Recovery phase: role=survivor rank=56 node=7 step=18 phase=rebind_start
[watcher 15:25:32] INFO: Recovery phase: role=survivor rank=61 node=7 step=18 phase=mpu_init_done
[watcher 15:25:32] INFO: Recovery phase: role=survivor rank=10 node=1 step=18 phase=mpu_init_done
[watcher 15:25:32] INFO: Recovery phase: role=survivor rank=61 node=7 step=18 phase=rebind_start
[watcher 15:25:32] INFO: Recovery phase: role=survivor rank=55 node=6 step=18 phase=mpu_init_done
[watcher 15:25:32] INFO: Recovery phase: role=survivor rank=52 node=6 step=18 phase=mpu_init_done
[watcher 15:25:32] INFO: Recovery phase: role=survivor rank=9 node=1 step=18 phase=mpu_init_done
[watcher 15:25:32] INFO: Recovery phase: role=survivor rank=6 node=0 step=18 phase=mpu_init_done
[watcher 15:25:32] INFO: Recovery phase: role=survivor rank=10 node=1 step=18 phase=rebind_start
[watcher 15:25:32] INFO: Recovery phase: role=survivor rank=53 node=6 step=18 phase=mpu_init_done
[watcher 15:25:32] INFO: Recovery phase: role=survivor rank=55 node=6 step=18 phase=rebind_start
[watcher 15:25:32] INFO: Recovery phase: role=survivor rank=52 node=6 step=18 phase=rebind_start
[watcher 15:25:32] INFO: Recovery phase: role=survivor rank=16 node=2 step=18 phase=mpu_init_done
[watcher 15:25:32] INFO: Recovery phase: role=survivor rank=9 node=1 step=18 phase=rebind_start
[watcher 15:25:32] INFO: Recovery phase: role=survivor rank=21 node=2 step=18 phase=mpu_init_done
[watcher 15:25:32] INFO: Recovery phase: role=survivor rank=49 node=6 step=18 phase=mpu_init_done
[watcher 15:25:32] INFO: Recovery phase: role=survivor rank=18 node=2 step=18 phase=mpu_init_done
[watcher 15:25:32] INFO: Recovery phase: role=survivor rank=14 node=1 step=18 phase=mpu_init_done
[watcher 15:25:32] INFO: Recovery phase: role=survivor rank=6 node=0 step=18 phase=rebind_start
[watcher 15:25:32] INFO: Recovery phase: role=survivor rank=53 node=6 step=18 phase=rebind_start
[watcher 15:25:32] INFO: Recovery phase: role=survivor rank=50 node=6 step=18 phase=mpu_init_done
[watcher 15:25:32] INFO: Recovery phase: role=survivor rank=5 node=0 step=18 phase=mpu_init_done
[watcher 15:25:32] INFO: Recovery phase: role=survivor rank=63 node=7 step=18 phase=mpu_init_done
[watcher 15:25:32] INFO: Recovery phase: role=survivor rank=22 node=2 step=18 phase=mpu_init_done
[watcher 15:25:32] INFO: Recovery phase: role=survivor rank=49 node=6 step=18 phase=rebind_start
[watcher 15:25:32] INFO: Recovery phase: role=survivor rank=45 node=5 step=18 phase=mpu_init_done
[watcher 15:25:32] INFO: Recovery phase: role=survivor rank=18 node=2 step=18 phase=rebind_start
[watcher 15:25:32] INFO: Recovery phase: role=survivor rank=21 node=2 step=18 phase=rebind_start
[watcher 15:25:32] INFO: Recovery phase: role=survivor rank=16 node=2 step=18 phase=rebind_start
[watcher 15:25:32] INFO: Recovery phase: role=survivor rank=14 node=1 step=18 phase=rebind_start
[watcher 15:25:32] INFO: Recovery phase: role=survivor rank=43 node=5 step=18 phase=mpu_init_done
[watcher 15:25:32] INFO: Recovery phase: role=survivor rank=60 node=7 step=18 phase=mpu_init_done
[watcher 15:25:32] INFO: Recovery phase: role=survivor rank=50 node=6 step=18 phase=rebind_start
[watcher 15:25:32] INFO: Recovery phase: role=survivor rank=63 node=7 step=18 phase=rebind_start
[watcher 15:25:32] INFO: Recovery phase: role=survivor rank=5 node=0 step=18 phase=rebind_start
[watcher 15:25:32] INFO: Recovery phase: role=survivor rank=45 node=5 step=18 phase=rebind_start
[watcher 15:25:32] INFO: Recovery phase: role=survivor rank=47 node=5 step=18 phase=mpu_init_done
[watcher 15:25:32] INFO: Recovery phase: role=survivor rank=46 node=5 step=18 phase=mpu_init_done
[watcher 15:25:32] INFO: Recovery phase: role=survivor rank=60 node=7 step=18 phase=rebind_start
[watcher 15:25:32] INFO: Recovery phase: role=survivor rank=43 node=5 step=18 phase=rebind_start
[watcher 15:25:32] INFO: Recovery phase: role=survivor rank=24 node=3 step=18 phase=mpu_init_done
[watcher 15:25:32] INFO: Recovery phase: role=survivor rank=28 node=3 step=18 phase=mpu_init_done
[watcher 15:25:32] INFO: Recovery phase: role=survivor rank=47 node=5 step=18 phase=rebind_start
[watcher 15:25:32] INFO: Recovery phase: role=survivor rank=31 node=3 step=18 phase=mpu_init_done
[watcher 15:25:32] INFO: Recovery phase: role=survivor rank=27 node=3 step=18 phase=mpu_init_done
[watcher 15:25:32] INFO: Recovery phase: role=survivor rank=41 node=5 step=18 phase=mpu_init_done
[watcher 15:25:32] INFO: Recovery phase: role=survivor rank=22 node=2 step=18 phase=rebind_start
[watcher 15:25:32] INFO: Recovery phase: role=survivor rank=46 node=5 step=18 phase=rebind_start
[watcher 15:25:32] INFO: Recovery phase: role=survivor rank=39 node=4 step=18 phase=mpu_init_done
[watcher 15:25:32] INFO: Recovery phase: role=replacement rank=1 node=0 step=18 phase=mpu_init_done
[watcher 15:25:32] INFO: Recovery phase: role=survivor rank=33 node=4 step=18 phase=mpu_init_done
[watcher 15:25:32] INFO: Recovery phase: role=survivor rank=3 node=0 step=18 phase=mpu_init_done
[watcher 15:25:32] INFO: Recovery phase: role=survivor rank=35 node=4 step=18 phase=mpu_init_done
[watcher 15:25:32] INFO: Recovery phase: role=survivor rank=37 node=4 step=18 phase=mpu_init_done
[watcher 15:25:32] INFO: Recovery phase: role=survivor rank=23 node=2 step=18 phase=mpu_init_done
[watcher 15:25:32] INFO: Recovery phase: role=survivor rank=2 node=0 step=18 phase=mpu_init_done
[watcher 15:25:32] INFO: Recovery phase: role=survivor rank=20 node=2 step=18 phase=mpu_init_done
[watcher 15:25:32] INFO: Recovery phase: role=survivor rank=26 node=3 step=18 phase=mpu_init_done
[watcher 15:25:32] INFO: Recovery phase: role=replacement rank=1 node=0 step=18 phase=mpu_ready
[watcher 15:25:32] INFO: Recovery phase: role=survivor rank=24 node=3 step=18 phase=rebind_start
[watcher 15:25:32] INFO: Recovery phase: role=survivor rank=31 node=3 step=18 phase=rebind_start
[watcher 15:25:32] INFO: Recovery phase: role=survivor rank=28 node=3 step=18 phase=rebind_start
[watcher 15:25:32] INFO: Recovery phase: role=survivor rank=27 node=3 step=18 phase=rebind_start
[watcher 15:25:32] INFO: Recovery phase: role=survivor rank=39 node=4 step=18 phase=rebind_start
[watcher 15:25:32] INFO: Recovery phase: role=survivor rank=37 node=4 step=18 phase=rebind_start
[watcher 15:25:32] INFO: Recovery phase: role=survivor rank=33 node=4 step=18 phase=rebind_start
[watcher 15:25:32] INFO: Recovery phase: role=survivor rank=54 node=6 step=18 phase=mpu_init_done
[watcher 15:25:32] INFO: Recovery phase: role=survivor rank=3 node=0 step=18 phase=rebind_start
[watcher 15:25:32] INFO: Recovery phase: role=survivor rank=23 node=2 step=18 phase=rebind_start
[watcher 15:25:32] INFO: Recovery phase: role=survivor rank=2 node=0 step=18 phase=rebind_start
[watcher 15:25:32] INFO: Recovery phase: role=survivor rank=29 node=3 step=18 phase=mpu_init_done
[watcher 15:25:32] INFO: Recovery phase: role=survivor rank=35 node=4 step=18 phase=rebind_start
[watcher 15:25:32] INFO: Recovery phase: role=survivor rank=20 node=2 step=18 phase=rebind_start
[watcher 15:25:32] INFO: Recovery phase: role=survivor rank=26 node=3 step=18 phase=rebind_start
[watcher 15:25:32] INFO: Recovery phase: role=survivor rank=40 node=5 step=18 phase=mpu_init_done
[watcher 15:25:32] INFO: Recovery phase: role=survivor rank=41 node=5 step=18 phase=rebind_start
[watcher 15:25:32] INFO: Recovery phase: role=survivor rank=30 node=3 step=18 phase=mpu_init_done
[watcher 15:25:32] INFO: Recovery phase: role=survivor rank=58 node=7 step=18 phase=mpu_init_done
[watcher 15:25:32] INFO: Recovery phase: role=survivor rank=32 node=4 step=18 phase=mpu_init_done
[watcher 15:25:32] INFO: Recovery phase: role=survivor rank=25 node=3 step=18 phase=mpu_init_done
[watcher 15:25:32] INFO: Recovery phase: role=survivor rank=17 node=2 step=18 phase=mpu_init_done
[watcher 15:25:32] INFO: Recovery phase: role=survivor rank=54 node=6 step=18 phase=rebind_start
[watcher 15:25:32] INFO: Recovery phase: role=survivor rank=41 node=5 step=18 phase=mpu_ready
[watcher 15:25:32] INFO: Recovery phase: role=survivor rank=43 node=5 step=18 phase=mpu_ready
[watcher 15:25:32] INFO: Recovery phase: role=survivor rank=33 node=4 step=18 phase=mpu_ready
[watcher 15:25:32] INFO: Recovery phase: role=survivor rank=49 node=6 step=18 phase=mpu_ready
[watcher 15:25:32] INFO: Recovery phase: role=survivor rank=16 node=2 step=18 phase=mpu_ready
[watcher 15:25:32] INFO: Recovery phase: role=survivor rank=24 node=3 step=18 phase=mpu_ready
[watcher 15:25:32] INFO: Recovery phase: role=survivor rank=2 node=0 step=18 phase=mpu_ready
[watcher 15:25:32] INFO: Recovery phase: role=survivor rank=18 node=2 step=18 phase=mpu_ready
[watcher 15:25:32] INFO: Recovery phase: role=survivor rank=9 node=1 step=18 phase=mpu_ready
[watcher 15:25:32] INFO: Recovery phase: role=survivor rank=5 node=0 step=18 phase=mpu_ready
[watcher 15:25:32] INFO: Recovery phase: role=survivor rank=26 node=3 step=18 phase=mpu_ready
[watcher 15:25:32] INFO: Recovery phase: role=survivor rank=56 node=7 step=18 phase=mpu_ready
[watcher 15:25:32] INFO: Recovery phase: role=survivor rank=61 node=7 step=18 phase=mpu_ready
[watcher 15:25:32] INFO: Recovery phase: role=survivor rank=10 node=1 step=18 phase=mpu_ready
[watcher 15:25:32] INFO: Recovery phase: role=survivor rank=6 node=0 step=18 phase=mpu_ready
[watcher 15:25:32] INFO: Recovery phase: role=survivor rank=3 node=0 step=18 phase=mpu_ready
[watcher 15:25:32] INFO: Recovery phase: role=survivor rank=63 node=7 step=18 phase=mpu_ready
[watcher 15:25:32] INFO: Recovery phase: role=survivor rank=50 node=6 step=18 phase=mpu_ready
[watcher 15:25:32] INFO: Recovery phase: role=survivor rank=53 node=6 step=18 phase=mpu_ready
[watcher 15:25:32] INFO: Recovery phase: role=survivor rank=20 node=2 step=18 phase=mpu_ready
[watcher 15:25:32] INFO: Recovery phase: role=survivor rank=60 node=7 step=18 phase=mpu_ready
[watcher 15:25:32] INFO: Recovery phase: role=survivor rank=35 node=4 step=18 phase=mpu_ready
[watcher 15:25:32] INFO: Recovery phase: role=survivor rank=11 node=1 step=18 phase=mpu_ready
[watcher 15:25:32] INFO: Recovery phase: role=survivor rank=45 node=5 step=18 phase=mpu_ready
[watcher 15:25:32] INFO: Recovery phase: role=survivor rank=37 node=4 step=18 phase=mpu_ready
[watcher 15:25:32] INFO: Recovery phase: role=survivor rank=47 node=5 step=18 phase=mpu_ready
[watcher 15:25:32] INFO: Recovery phase: role=survivor rank=23 node=2 step=18 phase=mpu_ready
[watcher 15:25:32] INFO: Recovery phase: role=survivor rank=39 node=4 step=18 phase=mpu_ready
[watcher 15:25:32] INFO: Recovery phase: role=survivor rank=29 node=3 step=18 phase=mpu_ready
[watcher 15:25:32] INFO: Recovery phase: role=survivor rank=27 node=3 step=18 phase=mpu_ready
[watcher 15:25:32] INFO: Recovery phase: role=survivor rank=22 node=2 step=18 phase=mpu_ready
[watcher 15:25:32] INFO: Recovery phase: role=survivor rank=14 node=1 step=18 phase=mpu_ready
[watcher 15:25:32] INFO: Recovery phase: role=survivor rank=46 node=5 step=18 phase=mpu_ready
[watcher 15:25:32] INFO: Recovery phase: role=survivor rank=21 node=2 step=18 phase=mpu_ready
[watcher 15:25:32] INFO: Recovery phase: role=survivor rank=31 node=3 step=18 phase=mpu_ready
[watcher 15:25:32] INFO: Recovery phase: role=survivor rank=28 node=3 step=18 phase=mpu_ready
[watcher 15:25:32] INFO: Recovery phase: role=survivor rank=55 node=6 step=18 phase=mpu_ready
[watcher 15:25:32] INFO: Recovery phase: role=survivor rank=54 node=6 step=18 phase=mpu_ready
[watcher 15:25:32] INFO: Recovery phase: role=survivor rank=52 node=6 step=18 phase=mpu_ready
[watcher 15:25:32] INFO: Ignoring stale recovery phase: role=survivor rank=29 node=3 step=18 phase=rebind_start current=mpu_ready
[watcher 15:25:32] INFO: Recovery phase: role=survivor rank=29 node=3 step=18 phase=rebind_start
[watcher 15:25:32] INFO: Recovery phase: role=survivor rank=48 node=6 step=18 phase=mpu_init_done
[watcher 15:25:33] INFO: Recovery phase: role=survivor rank=25 node=3 step=18 phase=rebind_start
[watcher 15:25:33] INFO: Recovery phase: role=survivor rank=30 node=3 step=18 phase=rebind_start
[watcher 15:25:33] INFO: Recovery phase: role=survivor rank=36 node=4 step=18 phase=mpu_init_done
[watcher 15:25:33] INFO: Recovery phase: role=survivor rank=34 node=4 step=18 phase=mpu_init_done
[watcher 15:25:33] INFO: Recovery phase: role=survivor rank=32 node=4 step=18 phase=rebind_start
[watcher 15:25:33] INFO: Recovery phase: role=survivor rank=34 node=4 step=18 phase=rebind_start
[watcher 15:25:33] INFO: Recovery phase: role=survivor rank=36 node=4 step=18 phase=rebind_start
[watcher 15:25:33] INFO: Recovery phase: role=survivor rank=38 node=4 step=18 phase=mpu_init_done
[watcher 15:25:33] INFO: Recovery phase: role=survivor rank=38 node=4 step=18 phase=rebind_start
[watcher 15:25:33] INFO: Recovery phase: role=survivor rank=40 node=5 step=18 phase=rebind_start
[watcher 15:25:33] INFO: Recovery phase: role=survivor rank=42 node=5 step=18 phase=mpu_init_done
[watcher 15:25:33] INFO: Recovery phase: role=survivor rank=44 node=5 step=18 phase=mpu_init_done
[watcher 15:25:33] INFO: Recovery phase: role=survivor rank=44 node=5 step=18 phase=rebind_start
[watcher 15:25:33] INFO: Recovery phase: role=survivor rank=42 node=5 step=18 phase=rebind_start
[watcher 15:25:33] INFO: Recovery phase: role=survivor rank=12 node=1 step=18 phase=mpu_init_done
[watcher 15:25:33] INFO: Recovery phase: role=survivor rank=15 node=1 step=18 phase=mpu_init_done
[watcher 15:25:33] INFO: Recovery phase: role=survivor rank=15 node=1 step=18 phase=rebind_start
[watcher 15:25:33] INFO: Recovery phase: role=survivor rank=12 node=1 step=18 phase=rebind_start
[watcher 15:25:33] INFO: Recovery phase: role=survivor rank=13 node=1 step=18 phase=mpu_init_done
[watcher 15:25:33] INFO: Recovery phase: role=survivor rank=8 node=1 step=18 phase=rebind_start
[watcher 15:25:33] INFO: Ignoring stale recovery phase: role=survivor rank=8 node=1 step=18 phase=mpu_init_done current=rebind_start
[watcher 15:25:33] INFO: Recovery phase: role=survivor rank=8 node=1 step=18 phase=mpu_init_done
[watcher 15:25:33] INFO: Recovery phase: role=survivor rank=13 node=1 step=18 phase=rebind_start
[watcher 15:25:33] INFO: Recovery phase: role=survivor rank=4 node=0 step=18 phase=mpu_init_done
[watcher 15:25:33] INFO: Recovery phase: role=survivor rank=4 node=0 step=18 phase=rebind_start
[watcher 15:25:33] INFO: Recovery phase: role=survivor rank=7 node=0 step=18 phase=mpu_init_done
[watcher 15:25:33] INFO: Recovery phase: role=survivor rank=7 node=0 step=18 phase=rebind_start
[watcher 15:25:33] INFO: Recovery phase: role=survivor rank=0 node=0 step=18 phase=mpu_init_done
[watcher 15:25:33] INFO: Recovery phase: role=survivor rank=0 node=0 step=18 phase=rebind_start
[watcher 15:25:33] INFO: Recovery phase: role=survivor rank=51 node=6 step=18 phase=mpu_init_done
[watcher 15:25:33] INFO: Recovery phase: role=survivor rank=48 node=6 step=18 phase=rebind_start
[watcher 15:25:33] INFO: Recovery phase: role=survivor rank=51 node=6 step=18 phase=rebind_start
[watcher 15:25:33] INFO: Recovery phase: role=survivor rank=59 node=7 step=18 phase=mpu_init_done
[watcher 15:25:33] INFO: Recovery phase: role=survivor rank=62 node=7 step=18 phase=mpu_init_done
[watcher 15:25:33] INFO: Recovery phase: role=survivor rank=57 node=7 step=18 phase=mpu_init_done
[watcher 15:25:33] INFO: Recovery phase: role=survivor rank=58 node=7 step=18 phase=rebind_start
[watcher 15:25:33] INFO: Recovery phase: role=survivor rank=57 node=7 step=18 phase=rebind_start
[watcher 15:25:33] INFO: Recovery phase: role=survivor rank=62 node=7 step=18 phase=rebind_start
[watcher 15:25:33] INFO: Recovery phase: role=survivor rank=59 node=7 step=18 phase=rebind_start
[watcher 15:25:33] INFO: Recovery phase: role=survivor rank=17 node=2 step=18 phase=rebind_start
[watcher 15:25:33] INFO: Recovery phase: role=survivor rank=19 node=2 step=18 phase=mpu_init_done
[watcher 15:25:33] INFO: Recovery phase: role=survivor rank=19 node=2 step=18 phase=rebind_start
[watcher 15:25:33] INFO: Recovery phase: role=survivor rank=25 node=3 step=18 phase=mpu_ready
[watcher 15:25:33] INFO: Recovery phase: role=survivor rank=30 node=3 step=18 phase=mpu_ready
[watcher 15:25:33] INFO: Recovery phase: role=survivor rank=34 node=4 step=18 phase=mpu_ready
[watcher 15:25:33] INFO: Recovery phase: role=survivor rank=44 node=5 step=18 phase=mpu_ready
[watcher 15:25:33] INFO: Recovery phase: role=survivor rank=36 node=4 step=18 phase=mpu_ready
[watcher 15:25:33] INFO: Recovery phase: role=survivor rank=40 node=5 step=18 phase=mpu_ready
[watcher 15:25:33] INFO: Recovery phase: role=survivor rank=42 node=5 step=18 phase=mpu_ready
[watcher 15:25:33] INFO: Recovery phase: role=survivor rank=8 node=1 step=18 phase=mpu_ready
[watcher 15:25:33] INFO: Recovery phase: role=survivor rank=12 node=1 step=18 phase=mpu_ready
[watcher 15:25:33] INFO: Recovery phase: role=survivor rank=32 node=4 step=18 phase=mpu_ready
[watcher 15:25:33] INFO: Recovery phase: role=survivor rank=38 node=4 step=18 phase=mpu_ready
[watcher 15:25:33] INFO: Recovery phase: role=survivor rank=7 node=0 step=18 phase=mpu_ready
[watcher 15:25:33] INFO: Recovery phase: role=survivor rank=15 node=1 step=18 phase=mpu_ready
[watcher 15:25:33] INFO: Recovery phase: role=survivor rank=13 node=1 step=18 phase=mpu_ready
[watcher 15:25:33] INFO: Recovery phase: role=survivor rank=4 node=0 step=18 phase=mpu_ready
[watcher 15:25:33] INFO: Recovery phase: role=survivor rank=0 node=0 step=18 phase=mpu_ready
[watcher 15:25:33] INFO: Recovery phase: role=survivor rank=19 node=2 step=18 phase=mpu_ready
[watcher 15:25:33] INFO: Recovery phase: role=survivor rank=17 node=2 step=18 phase=mpu_ready
[watcher 15:25:33] INFO: Recovery phase: role=survivor rank=51 node=6 step=18 phase=mpu_ready
[watcher 15:25:33] INFO: Recovery phase: role=survivor rank=48 node=6 step=18 phase=mpu_ready
[watcher 15:25:33] INFO: Recovery phase: role=survivor rank=62 node=7 step=18 phase=mpu_ready
[watcher 15:25:33] INFO: Recovery phase: role=survivor rank=57 node=7 step=18 phase=mpu_ready
[watcher 15:25:33] INFO: Recovery phase: role=survivor rank=58 node=7 step=18 phase=mpu_ready
[watcher 15:25:33] INFO: Recovery phase: role=survivor rank=59 node=7 step=18 phase=mpu_ready
[watcher 15:25:33] INFO: [spare-standby] WARNING:megatron.training.initialize:[elastic] REBUILD MODE: skipping cold-start init barriers after model-parallel setup
[watcher 15:25:33] INFO: Recovery phase: role=replacement rank=1 node=0 step=18 phase=cold_start_deps_ready
[watcher 15:25:36] INFO: [spare-standby] INFO:megatron.training.elastic_client:[elastic] Replacement worker: watcher heartbeat disabled to avoid duplicate node_rank ownership
[watcher 15:25:36] INFO: [spare-standby] WARNING:megatron.training.elastic_client:[elastic] selecting expert-only sidecar restore: {'available': True, 'cached': True, 'iteration': 10, 'logical_rank': 1, 'bytes': 6341787648}
[watcher 15:25:36] INFO: [spare-standby] WARNING:megatron.training.training:[elastic] REBUILD MODE: expert_restore=packed_rank_sidecar; dense/non-expert state will be overwritten from a DP peer
[watcher 15:25:37] INFO: [spare-standby] WARNING:megatron.training.elastic_client:[elastic-zero2] rank=1 optimizer payload=1.89GiB estimated host buffers=7.54GiB
[watcher 15:25:37] INFO: [spare-standby] WARNING:megatron.training.elastic_client:[elastic-zero2] rank=1 replacement layout ready; transport deferred
[watcher 15:25:37] INFO: [spare-standby] ERROR:megatron.training.training:[elastic] packed expert sidecar restore failed; loading the authoritative full checkpoint
[watcher 15:25:37] INFO: [spare-standby] Traceback (most recent call last):
[watcher 15:25:37] INFO: [spare-standby]   File "/root/workdir/antllm/bsr2/Megatron-LM/megatron/training/training.py", line 873, in pretrain
[watcher 15:25:37] INFO: [spare-standby]     sidecar_summary = elastic_restore_expert_sidecar(model, optimizer)
[watcher 15:25:37] INFO: [spare-standby]   File "/opt/conda/lib/python3.10/site-packages/torch/utils/_contextlib.py", line 116, in decorate_context
[watcher 15:25:37] INFO: [spare-standby]     return func(*args, **kwargs)
[watcher 15:25:37] INFO: [spare-standby]   File "/root/workdir/antllm/bsr2/Megatron-LM/megatron/training/elastic_client.py", line 4095, in elastic_restore_expert_sidecar
[watcher 15:25:37] INFO: [spare-standby]     raise RuntimeError(
[watcher 15:25:37] INFO: [spare-standby] RuntimeError: [elastic] expert model sidecar coverage mismatch: local=192 remote=192 missing=['chunk0:module.module.decoder.layers.0.mlp.experts.local_experts.0.linear_fc1.weight', 'chunk0:module.module.decoder.layers.0.mlp.experts.local_experts.0.linear_fc2.weight', 'chunk0:module.module.decoder.layers.0.mlp.experts.local_experts.1.linear_fc1.weight', 'chunk0:module.module.decoder.layers.0.mlp.experts.local_experts.1.linear_fc2.weight', 'chunk0:module.module.decoder.layers.0.mlp.experts.local_experts.10.linear_fc1.weight', 'chunk0:module.module.decoder.layers.0.mlp.experts.local_experts.10.linear_fc2.weight', 'chunk0:module.module.decoder.layers.0.mlp.experts.local_experts.11.linear_fc1.weight', 'chunk0:module.module.decoder.layers.0.mlp.experts.local_experts.11.linear_fc2.weight'] extra=['chunk0:decoder.layers.0.mlp.experts.local_experts.0.linear_fc1.weight', 'chunk0:decoder.layers.0.mlp.experts.local_experts.0.linear_fc2.weight', 'chunk0:decoder.layers.0.mlp.experts.local_experts.1.linear_fc1.weight', 'chunk0:decoder.layers.0.mlp.experts.local_experts.1.linear_fc2.weight', 'chunk0:decoder.layers.0.mlp.experts.local_experts.10.linear_fc1.weight', 'chunk0:decoder.layers.0.mlp.experts.local_experts.10.linear_fc2.weight', 'chunk0:decoder.layers.0.mlp.experts.local_experts.11.linear_fc1.weight', 'chunk0:decoder.layers.0.mlp.experts.local_experts.11.linear_fc2.weight']
[watcher 15:25:37] INFO: [spare-standby] /root/workdir/antllm/bsr2/Megatron-LM/megatron/training/checkpointing.py:1167: UserWarning: Environment variable TORCH_FORCE_NO_WEIGHTS_ONLY_LOAD detected, since the`weights_only` argument was not explicitly passed to `torch.load`, forcing weights_only=False.
[watcher 15:25:37] INFO: [spare-standby]   state_dict = torch.load(checkpoint_name, map_location='cpu')
[watcher 15:25:40] INFO: Recovery phase: role=replacement rank=1 node=0 step=18 phase=checkpoint_loaded
[watcher 15:25:40] INFO: Recovery phase: role=replacement rank=1 node=0 step=18 phase=model_optimizer_ready
[watcher 15:25:40] INFO: Recovery phase: role=survivor rank=32 node=4 step=18 phase=param_sync_start
[watcher 15:25:40] INFO: Recovery phase: role=replacement rank=1 node=0 step=18 phase=state_contract_start recovery_mode=intentional_mixed_version checkpoint_step=10 expert_staleness_delta=8 pg_generation=1
[watcher 15:25:40] INFO: Recovery phase: role=survivor rank=8 node=1 step=18 phase=param_sync_start
[watcher 15:25:40] INFO: Recovery phase: role=survivor rank=18 node=2 step=18 phase=param_sync_start
[watcher 15:25:40] INFO: Recovery phase: role=survivor rank=47 node=5 step=18 phase=param_sync_start
[watcher 15:25:40] INFO: Recovery phase: role=survivor rank=39 node=4 step=18 phase=param_sync_start
[watcher 15:25:40] INFO: Recovery phase: role=survivor rank=17 node=2 step=18 phase=param_sync_start
[watcher 15:25:40] INFO: Recovery phase: role=survivor rank=46 node=5 step=18 phase=param_sync_start
[watcher 15:25:40] INFO: Recovery phase: role=survivor rank=37 node=4 step=18 phase=param_sync_start
[watcher 15:25:40] INFO: Recovery phase: role=survivor rank=33 node=4 step=18 phase=param_sync_start
[watcher 15:25:40] INFO: Recovery phase: role=survivor rank=44 node=5 step=18 phase=param_sync_start
[watcher 15:25:40] INFO: Recovery phase: role=survivor rank=14 node=1 step=18 phase=param_sync_start
[watcher 15:25:40] INFO: Recovery phase: role=survivor rank=62 node=7 step=18 phase=param_sync_start
[watcher 15:25:40] INFO: Recovery phase: role=survivor rank=26 node=3 step=18 phase=param_sync_start
[watcher 15:25:40] INFO: Recovery phase: role=survivor rank=51 node=6 step=18 phase=param_sync_start
[watcher 15:25:40] INFO: Recovery phase: role=survivor rank=41 node=5 step=18 phase=param_sync_start
[watcher 15:25:40] INFO: Recovery phase: role=survivor rank=15 node=1 step=18 phase=param_sync_start
[watcher 15:25:40] INFO: Recovery phase: role=survivor rank=60 node=7 step=18 phase=param_sync_start
[watcher 15:25:40] INFO: Recovery phase: role=survivor rank=59 node=7 step=18 phase=param_sync_start
[watcher 15:25:40] INFO: Recovery phase: role=survivor rank=32 node=4 step=18 phase=param_sync_done
[watcher 15:25:40] INFO: Recovery phase: role=survivor rank=53 node=6 step=18 phase=param_sync_start
[watcher 15:25:40] INFO: Recovery phase: role=survivor rank=8 node=1 step=18 phase=param_sync_done
[watcher 15:25:40] INFO: Recovery phase: role=survivor rank=18 node=2 step=18 phase=param_sync_done
[watcher 15:25:40] INFO: Recovery phase: role=survivor rank=38 node=4 step=18 phase=param_sync_start
[watcher 15:25:40] INFO: Recovery phase: role=survivor rank=31 node=3 step=18 phase=param_sync_start
[watcher 15:25:40] INFO: Recovery phase: role=survivor rank=2 node=0 step=18 phase=param_sync_start
[watcher 15:25:40] INFO: Recovery phase: role=survivor rank=34 node=4 step=18 phase=param_sync_start
[watcher 15:25:40] INFO: Recovery phase: role=survivor rank=0 node=0 step=18 phase=param_sync_start
[watcher 15:25:40] INFO: Recovery phase: role=survivor rank=39 node=4 step=18 phase=param_sync_done
[watcher 15:25:40] INFO: Recovery phase: role=survivor rank=47 node=5 step=18 phase=param_sync_done
[watcher 15:25:40] INFO: Recovery phase: role=survivor rank=36 node=4 step=18 phase=param_sync_start
[watcher 15:25:40] INFO: Recovery phase: role=survivor rank=46 node=5 step=18 phase=param_sync_done
[watcher 15:25:40] INFO: Recovery phase: role=survivor rank=58 node=7 step=18 phase=param_sync_start
[watcher 15:25:40] INFO: Recovery phase: role=survivor rank=19 node=2 step=18 phase=param_sync_start
[watcher 15:25:40] INFO: Recovery phase: role=survivor rank=17 node=2 step=18 phase=param_sync_done
[watcher 15:25:40] INFO: Recovery phase: role=survivor rank=61 node=7 step=18 phase=param_sync_start
[watcher 15:25:40] INFO: [spare-standby] /root/workdir/antllm/bsr2/Megatron-LM/megatron/training/elastic_client.py:4426: UserWarning: Environment variable TORCH_FORCE_NO_WEIGHTS_ONLY_LOAD detected, since the`weights_only` argument was not explicitly passed to `torch.load`, forcing weights_only=False.
[watcher 15:25:40] INFO: Recovery phase: role=survivor rank=29 node=3 step=18 phase=param_sync_start
[watcher 15:25:40] INFO: Recovery phase: role=survivor rank=37 node=4 step=18 phase=param_sync_done
[watcher 15:25:40] INFO: Recovery phase: role=survivor rank=56 node=7 step=18 phase=param_sync_start
[watcher 15:25:40] INFO: Recovery phase: role=survivor rank=44 node=5 step=18 phase=param_sync_done
[watcher 15:25:40] INFO: Recovery phase: role=survivor rank=43 node=5 step=18 phase=param_sync_start
[watcher 15:25:40] INFO: Recovery phase: role=survivor rank=22 node=2 step=18 phase=param_sync_start
[watcher 15:25:40] INFO: Recovery phase: role=survivor rank=33 node=4 step=18 phase=param_sync_done
[watcher 15:25:40] INFO: Recovery phase: role=survivor rank=41 node=5 step=18 phase=param_sync_done
[watcher 15:25:40] INFO: [spare-standby]   all_states = torch.load(optim_checkpoint_name, map_location="cpu")
[watcher 15:25:40] INFO: Recovery phase: role=survivor rank=20 node=2 step=18 phase=param_sync_start
[watcher 15:25:40] INFO: Recovery phase: role=survivor rank=21 node=2 step=18 phase=param_sync_start
[watcher 15:25:40] INFO: Recovery phase: role=survivor rank=63 node=7 step=18 phase=param_sync_start
[watcher 15:25:40] INFO: Recovery phase: role=survivor rank=50 node=6 step=18 phase=param_sync_start
[watcher 15:25:40] INFO: Recovery phase: role=survivor rank=52 node=6 step=18 phase=param_sync_start
[watcher 15:25:40] INFO: Recovery phase: role=survivor rank=10 node=1 step=18 phase=param_sync_start
[watcher 15:25:40] INFO: Recovery phase: role=survivor rank=13 node=1 step=18 phase=param_sync_start
[watcher 15:25:40] INFO: Recovery phase: role=survivor rank=54 node=6 step=18 phase=param_sync_start
[watcher 15:25:40] INFO: Recovery phase: role=survivor rank=14 node=1 step=18 phase=param_sync_done
[watcher 15:25:40] INFO: Recovery phase: role=survivor rank=26 node=3 step=18 phase=param_sync_done
[watcher 15:25:40] INFO: Recovery phase: role=survivor rank=27 node=3 step=18 phase=param_sync_start
[watcher 15:25:40] INFO: Recovery phase: role=survivor rank=15 node=1 step=18 phase=param_sync_done
[watcher 15:25:40] INFO: Recovery phase: role=survivor rank=62 node=7 step=18 phase=param_sync_done
[watcher 15:25:40] INFO: Recovery phase: role=survivor rank=51 node=6 step=18 phase=param_sync_done
[watcher 15:25:40] INFO: Recovery phase: role=survivor rank=60 node=7 step=18 phase=param_sync_done
[watcher 15:25:40] INFO: Recovery phase: role=survivor rank=49 node=6 step=18 phase=param_sync_start
[watcher 15:25:40] INFO: Recovery phase: role=survivor rank=53 node=6 step=18 phase=param_sync_done
[watcher 15:25:40] INFO: Recovery phase: role=survivor rank=59 node=7 step=18 phase=param_sync_done
[watcher 15:25:40] INFO: Recovery phase: role=survivor rank=38 node=4 step=18 phase=param_sync_done
[watcher 15:25:40] INFO: Recovery phase: role=survivor rank=34 node=4 step=18 phase=param_sync_done
[watcher 15:25:40] INFO: Recovery phase: role=survivor rank=31 node=3 step=18 phase=param_sync_done
[watcher 15:25:40] INFO: Recovery phase: role=survivor rank=7 node=0 step=18 phase=param_sync_start
[watcher 15:25:40] INFO: Recovery phase: role=survivor rank=4 node=0 step=18 phase=param_sync_start
[watcher 15:25:40] INFO: Recovery phase: role=survivor rank=36 node=4 step=18 phase=param_sync_done
[watcher 15:25:40] INFO: Recovery phase: role=survivor rank=3 node=0 step=18 phase=param_sync_start
[watcher 15:25:40] INFO: Recovery phase: role=survivor rank=40 node=5 step=18 phase=param_sync_start
[watcher 15:25:40] INFO: Recovery phase: role=survivor rank=58 node=7 step=18 phase=param_sync_done
[watcher 15:25:40] INFO: Recovery phase: role=survivor rank=6 node=0 step=18 phase=param_sync_start
[watcher 15:25:40] INFO: Recovery phase: role=survivor rank=61 node=7 step=18 phase=param_sync_done
[watcher 15:25:40] INFO: Recovery phase: role=survivor rank=43 node=5 step=18 phase=param_sync_done
[watcher 15:25:40] INFO: Recovery phase: role=survivor rank=22 node=2 step=18 phase=param_sync_done
[watcher 15:25:40] INFO: Recovery phase: role=survivor rank=29 node=3 step=18 phase=param_sync_done
[watcher 15:25:40] INFO: Recovery phase: role=survivor rank=56 node=7 step=18 phase=param_sync_done
[watcher 15:25:40] INFO: Recovery phase: role=survivor rank=5 node=0 step=18 phase=param_sync_start
[watcher 15:25:40] INFO: Recovery phase: role=survivor rank=57 node=7 step=18 phase=param_sync_start
[watcher 15:25:40] INFO: Recovery phase: role=survivor rank=28 node=3 step=18 phase=param_sync_start
[watcher 15:25:40] INFO: Recovery phase: role=survivor rank=21 node=2 step=18 phase=param_sync_done
[watcher 15:25:40] INFO: Recovery phase: role=survivor rank=19 node=2 step=18 phase=param_sync_done
[watcher 15:25:40] INFO: Recovery phase: role=survivor rank=20 node=2 step=18 phase=param_sync_done
[watcher 15:25:40] INFO: Peer sync endpoint: id=zero2-memory:1:owner=17:holder=18 src=17 dst=18 endpoint=33.215.193.18:36063
[watcher 15:25:40] INFO: Peer sync endpoint: id=zero2-memory:1:owner=15:holder=8 src=15 dst=8 endpoint=33.215.192.158:37361
[watcher 15:25:40] INFO: Recovery phase: role=survivor rank=9 node=1 step=18 phase=param_sync_start
[watcher 15:25:40] INFO: Peer sync endpoint: id=zero2-memory:1:owner=26:holder=27 src=26 dst=27 endpoint=33.181.97.15:39331
[watcher 15:25:40] INFO: Peer sync endpoint: id=zero2-memory:1:owner=52:holder=53 src=52 dst=53 endpoint=33.181.97.225:33705
[watcher 15:25:40] INFO: Peer sync endpoint: id=zero2-memory:1:owner=42:holder=43 src=42 dst=43 endpoint=33.181.98.164:41437
[watcher 15:25:40] INFO: Peer sync endpoint: id=zero2-memory:1:owner=59:holder=60 src=59 dst=60 endpoint=33.181.107.94:45813
[watcher 15:25:40] INFO: Peer sync endpoint: id=zero2-memory:1:owner=57:holder=58 src=57 dst=58 endpoint=33.181.107.94:43625
[watcher 15:25:40] INFO: Peer sync endpoint: id=zero2-memory:1:owner=61:holder=62 src=61 dst=62 endpoint=33.181.107.94:35423
[watcher 15:25:40] INFO: Peer sync endpoint: id=zero2-memory:1:owner=58:holder=59 src=58 dst=59 endpoint=33.181.107.94:45271
[watcher 15:25:40] INFO: Peer sync endpoint: id=zero2-memory:1:owner=62:holder=63 src=62 dst=63 endpoint=33.181.107.94:44749
[watcher 15:25:40] INFO: Recovery phase: role=survivor rank=27 node=3 step=18 phase=param_sync_done
[watcher 15:25:40] INFO: Recovery phase: role=survivor rank=9 node=1 step=18 phase=param_sync_done
[watcher 15:25:40] INFO: Recovery phase: role=survivor rank=10 node=1 step=18 phase=param_sync_done
[watcher 15:25:40] INFO: Recovery phase: role=survivor rank=13 node=1 step=18 phase=param_sync_done
[watcher 15:25:40] INFO: Peer sync endpoint: id=zero2-memory:1:owner=50:holder=51 src=50 dst=51 endpoint=33.181.97.225:34445
[watcher 15:25:40] INFO: Recovery phase: role=survivor rank=52 node=6 step=18 phase=param_sync_done
[watcher 15:25:40] INFO: Recovery phase: role=survivor rank=50 node=6 step=18 phase=param_sync_done
[watcher 15:25:40] INFO: Recovery phase: role=survivor rank=42 node=5 step=18 phase=param_sync_start
[watcher 15:25:40] INFO: Recovery phase: role=survivor rank=54 node=6 step=18 phase=param_sync_done
[watcher 15:25:40] INFO: Peer sync endpoint: id=zero2-memory:1:owner=60:holder=61 src=60 dst=61 endpoint=33.181.107.94:46979
[watcher 15:25:40] INFO: Recovery phase: role=survivor rank=63 node=7 step=18 phase=param_sync_done
[watcher 15:25:40] INFO: Peer sync endpoint: id=zero2-memory:1:owner=63:holder=56 src=63 dst=56 endpoint=33.181.107.94:44911
[watcher 15:25:40] INFO: Peer sync endpoint: id=zero2-memory:1:owner=28:holder=29 src=28 dst=29 endpoint=33.181.97.15:37011
[watcher 15:25:40] INFO: Peer sync endpoint: id=zero2-memory:1:owner=39:holder=32 src=39 dst=32 endpoint=33.181.100.105:32895
[watcher 15:25:41] INFO: Recovery phase: role=survivor rank=4 node=0 step=18 phase=param_sync_done
[watcher 15:25:41] INFO: Recovery phase: role=survivor rank=6 node=0 step=18 phase=param_sync_done
[watcher 15:25:41] INFO: Peer sync endpoint: id=20121:18:2:1:zero2-optimizer-memory src=2 dst=1 endpoint=33.181.99.112:33681
[watcher 15:25:41] INFO: Recovery phase: role=survivor rank=3 node=0 step=18 phase=param_sync_done
[watcher 15:25:41] INFO: Recovery phase: role=survivor rank=7 node=0 step=18 phase=param_sync_done
[watcher 15:25:41] INFO: Recovery phase: role=survivor rank=5 node=0 step=18 phase=param_sync_done
[watcher 15:25:41] INFO: Peer sync endpoint: id=20121:18:0:1:model-params src=0 dst=1 endpoint=33.181.99.112:37829
[watcher 15:25:41] INFO: Peer sync endpoint: id=zero2-memory:1:owner=53:holder=54 src=53 dst=54 endpoint=33.181.97.225:38815
[watcher 15:25:41] INFO: Recovery phase: role=survivor rank=48 node=6 step=18 phase=param_sync_start
[watcher 15:25:41] INFO: Recovery phase: role=survivor rank=55 node=6 step=18 phase=param_sync_start
[watcher 15:25:41] INFO: Peer sync endpoint: id=zero2-memory:1:owner=51:holder=52 src=51 dst=52 endpoint=33.181.97.225:35515
[watcher 15:25:41] INFO: Recovery phase: role=survivor rank=49 node=6 step=18 phase=param_sync_done
[watcher 15:25:41] INFO: Peer sync endpoint: id=zero2-memory:1:owner=49:holder=50 src=49 dst=50 endpoint=33.181.97.225:42095
[watcher 15:25:41] INFO: Recovery phase: role=survivor rank=55 node=6 step=18 phase=param_sync_done
[watcher 15:25:41] INFO: Recovery phase: role=survivor rank=48 node=6 step=18 phase=param_sync_done
[watcher 15:25:41] INFO: Peer sync endpoint: id=zero2-memory:1:owner=6:holder=7 src=6 dst=7 endpoint=33.181.99.112:42257
[watcher 15:25:41] INFO: Peer sync endpoint: id=zero2-memory:1:owner=3:holder=4 src=3 dst=4 endpoint=33.181.99.112:39757
[watcher 15:25:41] INFO: Peer sync endpoint: id=zero2-memory:1:owner=5:holder=6 src=5 dst=6 endpoint=33.181.99.112:35105
[watcher 15:25:41] INFO: Peer sync endpoint: id=zero2-memory:1:owner=4:holder=5 src=4 dst=5 endpoint=33.181.99.112:38391
[watcher 15:25:41] INFO: Peer sync endpoint: id=zero2-memory:1:owner=2:holder=3 src=2 dst=3 endpoint=33.181.99.112:41423
[watcher 15:25:41] INFO: Peer sync endpoint: id=zero2-memory:1:owner=54:holder=55 src=54 dst=55 endpoint=33.181.97.225:32387
[watcher 15:25:41] INFO: Peer sync endpoint: id=zero2-memory:1:owner=48:holder=49 src=48 dst=49 endpoint=33.181.97.225:43299
[watcher 15:25:41] INFO: Peer sync endpoint: id=zero2-memory:1:owner=55:holder=48 src=55 dst=48 endpoint=33.181.97.225:40653
[watcher 15:25:41] INFO: Recovery phase: role=survivor rank=57 node=7 step=18 phase=param_sync_done
[watcher 15:25:41] INFO: Peer sync endpoint: id=zero2-memory:1:owner=56:holder=57 src=56 dst=57 endpoint=33.181.107.94:40453
[watcher 15:25:41] INFO: Recovery phase: role=survivor rank=52 node=6 step=18 phase=zero2_memory_reconfigured
[watcher 15:25:41] INFO: Recovery phase: role=survivor rank=51 node=6 step=18 phase=zero2_memory_reconfigured
[watcher 15:25:41] INFO: Recovery phase: role=survivor rank=53 node=6 step=18 phase=zero2_memory_reconfigured
[watcher 15:25:41] INFO: Recovery phase: role=survivor rank=52 node=6 step=18 phase=rerun_state_reset
[watcher 15:25:41] INFO: Recovery phase: role=survivor rank=53 node=6 step=18 phase=rerun_state_reset
[watcher 15:25:41] INFO: Recovery phase: role=survivor rank=51 node=6 step=18 phase=rerun_state_reset
[watcher 15:25:41] INFO: Recovery phase: role=survivor rank=5 node=0 step=18 phase=zero2_memory_reconfigured
[watcher 15:25:41] INFO: Recovery phase: role=survivor rank=6 node=0 step=18 phase=zero2_memory_reconfigured
[watcher 15:25:41] INFO: Recovery phase: role=survivor rank=5 node=0 step=18 phase=rerun_state_reset
[watcher 15:25:41] INFO: Recovery phase: role=survivor rank=6 node=0 step=18 phase=rerun_state_reset
[watcher 15:25:41] INFO: Recovery phase: role=survivor rank=4 node=0 step=18 phase=zero2_memory_reconfigured
[watcher 15:25:41] INFO: Recovery phase: role=survivor rank=4 node=0 step=18 phase=rerun_state_reset
[watcher 15:25:41] INFO: Recovery phase: role=survivor rank=54 node=6 step=18 phase=zero2_memory_reconfigured
[watcher 15:25:41] INFO: Recovery phase: role=survivor rank=54 node=6 step=18 phase=rerun_state_reset
[watcher 15:25:41] INFO: Recovery phase: role=survivor rank=48 node=6 step=18 phase=zero2_memory_reconfigured
[watcher 15:25:41] INFO: Recovery phase: role=survivor rank=49 node=6 step=18 phase=zero2_memory_reconfigured
[watcher 15:25:41] INFO: Recovery phase: role=survivor rank=48 node=6 step=18 phase=rerun_state_reset
[watcher 15:25:41] INFO: Recovery phase: role=survivor rank=55 node=6 step=18 phase=zero2_memory_reconfigured
[watcher 15:25:41] INFO: Recovery phase: role=survivor rank=50 node=6 step=18 phase=zero2_memory_reconfigured
[watcher 15:25:41] INFO: Recovery phase: role=survivor rank=49 node=6 step=18 phase=rerun_state_reset
[watcher 15:25:41] INFO: Recovery phase: role=survivor rank=55 node=6 step=18 phase=rerun_state_reset
[watcher 15:25:41] INFO: Recovery phase: role=survivor rank=50 node=6 step=18 phase=rerun_state_reset
[watcher 15:25:41] INFO: Recovery phase: role=survivor rank=59 node=7 step=18 phase=zero2_memory_reconfigured
[watcher 15:25:41] INFO: Recovery phase: role=survivor rank=60 node=7 step=18 phase=zero2_memory_reconfigured
[watcher 15:25:41] INFO: Recovery phase: role=survivor rank=59 node=7 step=18 phase=rerun_state_reset
[watcher 15:25:41] INFO: Recovery phase: role=survivor rank=60 node=7 step=18 phase=rerun_state_reset
[watcher 15:25:41] INFO: Recovery phase: role=survivor rank=63 node=7 step=18 phase=zero2_memory_reconfigured
[watcher 15:25:41] INFO: Recovery phase: role=survivor rank=61 node=7 step=18 phase=zero2_memory_reconfigured
[watcher 15:25:41] INFO: Recovery phase: role=survivor rank=63 node=7 step=18 phase=rerun_state_reset
[watcher 15:25:41] INFO: Recovery phase: role=survivor rank=61 node=7 step=18 phase=rerun_state_reset
[watcher 15:25:41] INFO: Recovery phase: role=survivor rank=62 node=7 step=18 phase=zero2_memory_reconfigured
[watcher 15:25:41] INFO: Recovery phase: role=survivor rank=56 node=7 step=18 phase=zero2_memory_reconfigured
[watcher 15:25:41] INFO: Recovery phase: role=survivor rank=62 node=7 step=18 phase=rerun_state_reset
[watcher 15:25:41] INFO: Recovery phase: role=survivor rank=57 node=7 step=18 phase=zero2_memory_reconfigured
[watcher 15:25:41] INFO: Recovery phase: role=survivor rank=56 node=7 step=18 phase=rerun_state_reset
[watcher 15:25:41] INFO: Recovery phase: role=survivor rank=57 node=7 step=18 phase=rerun_state_reset
[watcher 15:25:41] INFO: Recovery phase: role=survivor rank=58 node=7 step=18 phase=zero2_memory_reconfigured
[watcher 15:25:41] INFO: Recovery phase: role=survivor rank=58 node=7 step=18 phase=rerun_state_reset
[watcher 15:25:41] INFO: Peer sync endpoint: id=zero2-memory:1:owner=18:holder=19 src=18 dst=19 endpoint=33.215.193.18:32171
[watcher 15:25:41] INFO: Recovery phase: role=survivor rank=23 node=2 step=18 phase=param_sync_start
[watcher 15:25:41] INFO: Recovery phase: role=survivor rank=16 node=2 step=18 phase=param_sync_start
[watcher 15:25:41] INFO: Peer sync endpoint: id=zero2-memory:1:owner=19:holder=20 src=19 dst=20 endpoint=33.215.193.18:39777
[watcher 15:25:41] INFO: Peer sync endpoint: id=zero2-memory:1:owner=16:holder=17 src=16 dst=17 endpoint=33.215.193.18:43161
[watcher 15:25:41] INFO: Recovery phase: role=survivor rank=16 node=2 step=18 phase=param_sync_done
[watcher 15:25:41] INFO: Recovery phase: role=survivor rank=23 node=2 step=18 phase=param_sync_done
[watcher 15:25:41] INFO: Peer sync endpoint: id=zero2-memory:1:owner=21:holder=22 src=21 dst=22 endpoint=33.215.193.18:34469
[watcher 15:25:41] INFO: Peer sync endpoint: id=zero2-memory:1:owner=20:holder=21 src=20 dst=21 endpoint=33.215.193.18:32579
[watcher 15:25:41] INFO: Peer sync endpoint: id=zero2-memory:1:owner=22:holder=23 src=22 dst=23 endpoint=33.215.193.18:38515
[watcher 15:25:41] INFO: Peer sync endpoint: id=zero2-memory:1:owner=23:holder=16 src=23 dst=16 endpoint=33.215.193.18:43405
[watcher 15:25:41] INFO: Recovery phase: role=survivor rank=24 node=3 step=18 phase=param_sync_start
[watcher 15:25:41] INFO: Recovery phase: role=survivor rank=28 node=3 step=18 phase=param_sync_done
[watcher 15:25:41] INFO: Peer sync endpoint: id=zero2-memory:1:owner=30:holder=31 src=30 dst=31 endpoint=33.181.97.15:32585
[watcher 15:25:41] INFO: Recovery phase: role=survivor rank=30 node=3 step=18 phase=param_sync_start
[watcher 15:25:41] INFO: Recovery phase: role=survivor rank=24 node=3 step=18 phase=param_sync_done
[watcher 15:25:41] INFO: Recovery phase: role=survivor rank=30 node=3 step=18 phase=param_sync_done
[watcher 15:25:41] INFO: Recovery phase: role=survivor rank=25 node=3 step=18 phase=param_sync_start
[watcher 15:25:41] INFO: Peer sync endpoint: id=zero2-memory:1:owner=25:holder=26 src=25 dst=26 endpoint=33.181.97.15:34349
[watcher 15:25:41] INFO: Recovery phase: role=survivor rank=25 node=3 step=18 phase=param_sync_done
[watcher 15:25:41] INFO: Peer sync endpoint: id=zero2-memory:1:owner=35:holder=36 src=35 dst=36 endpoint=33.181.100.105:38645
[watcher 15:25:41] INFO: Peer sync endpoint: id=zero2-memory:1:owner=38:holder=39 src=38 dst=39 endpoint=33.181.100.105:32705
[watcher 15:25:41] INFO: Peer sync endpoint: id=zero2-memory:1:owner=33:holder=34 src=33 dst=34 endpoint=33.181.100.105:40911
[watcher 15:25:41] INFO: Recovery phase: role=survivor rank=35 node=4 step=18 phase=param_sync_start
[watcher 15:25:41] INFO: Peer sync endpoint: id=zero2-memory:1:owner=37:holder=38 src=37 dst=38 endpoint=33.181.100.105:39207
[watcher 15:25:41] INFO: Peer sync endpoint: id=zero2-memory:1:owner=36:holder=37 src=36 dst=37 endpoint=33.181.100.105:37059
[watcher 15:25:41] INFO: Peer sync endpoint: id=zero2-memory:1:owner=32:holder=33 src=32 dst=33 endpoint=33.181.100.105:37981
[watcher 15:25:41] INFO: Recovery phase: role=survivor rank=35 node=4 step=18 phase=param_sync_done
[watcher 15:25:41] INFO: Peer sync endpoint: id=zero2-memory:1:owner=31:holder=24 src=31 dst=24 endpoint=33.181.97.15:41601
[watcher 15:25:41] INFO: Peer sync endpoint: id=zero2-memory:1:owner=27:holder=28 src=27 dst=28 endpoint=33.181.97.15:46011
[watcher 15:25:41] INFO: Peer sync endpoint: id=zero2-memory:1:owner=29:holder=30 src=29 dst=30 endpoint=33.181.97.15:39305
[watcher 15:25:41] INFO: Peer sync endpoint: id=zero2-memory:1:owner=24:holder=25 src=24 dst=25 endpoint=33.181.97.15:37659
[watcher 15:25:41] INFO: Peer sync endpoint: id=zero2-memory:1:owner=34:holder=35 src=34 dst=35 endpoint=33.181.100.105:42833
[watcher 15:25:41] INFO: Peer sync endpoint: id=zero2-memory:1:owner=40:holder=41 src=40 dst=41 endpoint=33.181.98.164:36393
[watcher 15:25:41] INFO: Peer sync endpoint: id=zero2-memory:1:owner=45:holder=46 src=45 dst=46 endpoint=33.181.98.164:38145
[watcher 15:25:41] INFO: Recovery phase: role=survivor rank=40 node=5 step=18 phase=param_sync_done
[watcher 15:25:41] INFO: Recovery phase: role=survivor rank=42 node=5 step=18 phase=param_sync_done
[watcher 15:25:41] INFO: Peer sync endpoint: id=zero2-memory:1:owner=46:holder=47 src=46 dst=47 endpoint=33.181.98.164:46325
[watcher 15:25:41] INFO: Recovery phase: role=survivor rank=45 node=5 step=18 phase=param_sync_start
[watcher 15:25:41] INFO: Peer sync endpoint: id=zero2-memory:1:owner=43:holder=44 src=43 dst=44 endpoint=33.181.98.164:40267
[watcher 15:25:41] INFO: Recovery phase: role=survivor rank=45 node=5 step=18 phase=param_sync_done
[watcher 15:25:41] INFO: Peer sync endpoint: id=zero2-memory:1:owner=41:holder=42 src=41 dst=42 endpoint=33.181.98.164:44237
[watcher 15:25:41] INFO: Peer sync endpoint: id=zero2-memory:1:owner=47:holder=40 src=47 dst=40 endpoint=33.181.98.164:47497
[watcher 15:25:41] INFO: Peer sync endpoint: id=zero2-memory:1:owner=44:holder=45 src=44 dst=45 endpoint=33.181.98.164:36845
[watcher 15:25:41] INFO: Recovery phase: role=survivor rank=19 node=2 step=18 phase=zero2_memory_reconfigured
[watcher 15:25:41] INFO: Recovery phase: role=survivor rank=18 node=2 step=18 phase=zero2_memory_reconfigured
[watcher 15:25:41] INFO: Recovery phase: role=survivor rank=19 node=2 step=18 phase=rerun_state_reset
[watcher 15:25:41] INFO: Peer sync endpoint: id=zero2-memory:1:owner=9:holder=10 src=9 dst=10 endpoint=33.215.192.158:36597
[watcher 15:25:41] INFO: Recovery phase: role=survivor rank=11 node=1 step=18 phase=param_sync_start
[watcher 15:25:41] INFO: Peer sync endpoint: id=zero2-memory:1:owner=14:holder=15 src=14 dst=15 endpoint=33.215.192.158:39743
[watcher 15:25:41] INFO: Peer sync endpoint: id=zero2-memory:1:owner=8:holder=9 src=8 dst=9 endpoint=33.215.192.158:34487
[watcher 15:25:41] INFO: Peer sync endpoint: id=zero2-memory:1:owner=13:holder=14 src=13 dst=14 endpoint=33.215.192.158:34279
[watcher 15:25:41] INFO: Recovery phase: role=survivor rank=12 node=1 step=18 phase=param_sync_start
[watcher 15:25:41] INFO: Peer sync endpoint: id=zero2-memory:1:owner=12:holder=13 src=12 dst=13 endpoint=33.215.192.158:39921
[watcher 15:25:41] INFO: Recovery phase: role=survivor rank=18 node=2 step=18 phase=rerun_state_reset
[watcher 15:25:41] INFO: Recovery phase: role=survivor rank=11 node=1 step=18 phase=param_sync_done
[watcher 15:25:41] INFO: Recovery phase: role=survivor rank=12 node=1 step=18 phase=param_sync_done
[watcher 15:25:41] INFO: Recovery phase: role=survivor rank=20 node=2 step=18 phase=zero2_memory_reconfigured
[watcher 15:25:41] INFO: Peer sync endpoint: id=zero2-memory:1:owner=11:holder=12 src=11 dst=12 endpoint=33.215.192.158:39653
[watcher 15:25:41] INFO: Peer sync endpoint: id=zero2-memory:1:owner=10:holder=11 src=10 dst=11 endpoint=33.215.192.158:38281
[watcher 15:25:41] INFO: Recovery phase: role=survivor rank=20 node=2 step=18 phase=rerun_state_reset
[watcher 15:25:41] INFO: Recovery phase: role=survivor rank=22 node=2 step=18 phase=zero2_memory_reconfigured
[watcher 15:25:41] INFO: Recovery phase: role=survivor rank=23 node=2 step=18 phase=zero2_memory_reconfigured
[watcher 15:25:41] INFO: Recovery phase: role=survivor rank=21 node=2 step=18 phase=zero2_memory_reconfigured
[watcher 15:25:41] INFO: Recovery phase: role=survivor rank=22 node=2 step=18 phase=rerun_state_reset
[watcher 15:25:41] INFO: Recovery phase: role=survivor rank=23 node=2 step=18 phase=rerun_state_reset
[watcher 15:25:41] INFO: Recovery phase: role=survivor rank=21 node=2 step=18 phase=rerun_state_reset
[watcher 15:25:41] INFO: Recovery phase: role=survivor rank=17 node=2 step=18 phase=zero2_memory_reconfigured
[watcher 15:25:41] INFO: Recovery phase: role=survivor rank=16 node=2 step=18 phase=zero2_memory_reconfigured
[watcher 15:25:41] INFO: Recovery phase: role=survivor rank=17 node=2 step=18 phase=rerun_state_reset
[watcher 15:25:41] INFO: Recovery phase: role=survivor rank=16 node=2 step=18 phase=rerun_state_reset
[watcher 15:25:41] INFO: Recovery phase: role=survivor rank=33 node=4 step=18 phase=zero2_memory_reconfigured
[watcher 15:25:41] INFO: Recovery phase: role=survivor rank=33 node=4 step=18 phase=rerun_state_reset
[watcher 15:25:41] INFO: Recovery phase: role=survivor rank=37 node=4 step=18 phase=zero2_memory_reconfigured
[watcher 15:25:41] INFO: Recovery phase: role=survivor rank=32 node=4 step=18 phase=zero2_memory_reconfigured
[watcher 15:25:41] INFO: Recovery phase: role=survivor rank=39 node=4 step=18 phase=zero2_memory_reconfigured
[watcher 15:25:41] INFO: Recovery phase: role=survivor rank=37 node=4 step=18 phase=rerun_state_reset
[watcher 15:25:41] INFO: Recovery phase: role=survivor rank=32 node=4 step=18 phase=rerun_state_reset
[watcher 15:25:41] INFO: Recovery phase: role=survivor rank=39 node=4 step=18 phase=rerun_state_reset
[watcher 15:25:41] INFO: Recovery phase: role=survivor rank=38 node=4 step=18 phase=zero2_memory_reconfigured
[watcher 15:25:41] INFO: Recovery phase: role=survivor rank=27 node=3 step=18 phase=zero2_memory_reconfigured
[watcher 15:25:41] INFO: Recovery phase: role=survivor rank=38 node=4 step=18 phase=rerun_state_reset
[watcher 15:25:41] INFO: Recovery phase: role=survivor rank=24 node=3 step=18 phase=zero2_memory_reconfigured
[watcher 15:25:41] INFO: Recovery phase: role=survivor rank=27 node=3 step=18 phase=rerun_state_reset
[watcher 15:25:41] INFO: Recovery phase: role=survivor rank=24 node=3 step=18 phase=rerun_state_reset
[watcher 15:25:41] INFO: Recovery phase: role=survivor rank=29 node=3 step=18 phase=zero2_memory_reconfigured
[watcher 15:25:41] INFO: Recovery phase: role=survivor rank=26 node=3 step=18 phase=zero2_memory_reconfigured
[watcher 15:25:41] INFO: Recovery phase: role=survivor rank=26 node=3 step=18 phase=rerun_state_reset
[watcher 15:25:41] INFO: Recovery phase: role=survivor rank=29 node=3 step=18 phase=rerun_state_reset
[watcher 15:25:41] INFO: Recovery phase: role=survivor rank=31 node=3 step=18 phase=zero2_memory_reconfigured
[watcher 15:25:41] INFO: Recovery phase: role=survivor rank=31 node=3 step=18 phase=rerun_state_reset
[watcher 15:25:41] INFO: Recovery phase: role=survivor rank=35 node=4 step=18 phase=zero2_memory_reconfigured
[watcher 15:25:41] INFO: Recovery phase: role=survivor rank=25 node=3 step=18 phase=zero2_memory_reconfigured
[watcher 15:25:41] INFO: Recovery phase: role=survivor rank=28 node=3 step=18 phase=zero2_memory_reconfigured
[watcher 15:25:41] INFO: Recovery phase: role=survivor rank=35 node=4 step=18 phase=rerun_state_reset
[watcher 15:25:41] INFO: Recovery phase: role=survivor rank=25 node=3 step=18 phase=rerun_state_reset
[watcher 15:25:41] INFO: Recovery phase: role=survivor rank=30 node=3 step=18 phase=zero2_memory_reconfigured
[watcher 15:25:41] INFO: Recovery phase: role=survivor rank=28 node=3 step=18 phase=rerun_state_reset
[watcher 15:25:41] INFO: Recovery phase: role=survivor rank=36 node=4 step=18 phase=zero2_memory_reconfigured
[watcher 15:25:41] INFO: Recovery phase: role=survivor rank=34 node=4 step=18 phase=zero2_memory_reconfigured
[watcher 15:25:41] INFO: Recovery phase: role=survivor rank=30 node=3 step=18 phase=rerun_state_reset
[watcher 15:25:41] INFO: Recovery phase: role=survivor rank=36 node=4 step=18 phase=rerun_state_reset
[watcher 15:25:41] INFO: Recovery phase: role=survivor rank=34 node=4 step=18 phase=rerun_state_reset
[watcher 15:25:41] INFO: Recovery phase: role=survivor rank=42 node=5 step=18 phase=zero2_memory_reconfigured
[watcher 15:25:41] INFO: Recovery phase: role=survivor rank=47 node=5 step=18 phase=zero2_memory_reconfigured
[watcher 15:25:41] INFO: Recovery phase: role=survivor rank=42 node=5 step=18 phase=rerun_state_reset
[watcher 15:25:41] INFO: Recovery phase: role=survivor rank=40 node=5 step=18 phase=zero2_memory_reconfigured
[watcher 15:25:41] INFO: Recovery phase: role=survivor rank=47 node=5 step=18 phase=rerun_state_reset
[watcher 15:25:41] INFO: Recovery phase: role=survivor rank=44 node=5 step=18 phase=zero2_memory_reconfigured
[watcher 15:25:41] INFO: Recovery phase: role=survivor rank=45 node=5 step=18 phase=zero2_memory_reconfigured
[watcher 15:25:41] INFO: Recovery phase: role=survivor rank=40 node=5 step=18 phase=rerun_state_reset
[watcher 15:25:41] INFO: Recovery phase: role=survivor rank=46 node=5 step=18 phase=zero2_memory_reconfigured
[watcher 15:25:41] INFO: Recovery phase: role=survivor rank=41 node=5 step=18 phase=zero2_memory_reconfigured
[watcher 15:25:41] INFO: Recovery phase: role=survivor rank=44 node=5 step=18 phase=rerun_state_reset
[watcher 15:25:41] INFO: Recovery phase: role=survivor rank=45 node=5 step=18 phase=rerun_state_reset
[watcher 15:25:41] INFO: Recovery phase: role=survivor rank=46 node=5 step=18 phase=rerun_state_reset
[watcher 15:25:41] INFO: Recovery phase: role=survivor rank=41 node=5 step=18 phase=rerun_state_reset
[watcher 15:25:41] INFO: Recovery phase: role=survivor rank=43 node=5 step=18 phase=zero2_memory_reconfigured
[watcher 15:25:41] INFO: Recovery phase: role=survivor rank=43 node=5 step=18 phase=rerun_state_reset
[watcher 15:25:41] INFO: Recovery phase: role=survivor rank=9 node=1 step=18 phase=zero2_memory_reconfigured
[watcher 15:25:41] INFO: Recovery phase: role=survivor rank=9 node=1 step=18 phase=rerun_state_reset
[watcher 15:25:41] INFO: Recovery phase: role=survivor rank=8 node=1 step=18 phase=zero2_memory_reconfigured
[watcher 15:25:41] INFO: Recovery phase: role=survivor rank=8 node=1 step=18 phase=rerun_state_reset
[watcher 15:25:41] INFO: Recovery phase: role=survivor rank=15 node=1 step=18 phase=zero2_memory_reconfigured
[watcher 15:25:41] INFO: Recovery phase: role=survivor rank=14 node=1 step=18 phase=zero2_memory_reconfigured
[watcher 15:25:41] INFO: Recovery phase: role=survivor rank=15 node=1 step=18 phase=rerun_state_reset
[watcher 15:25:41] INFO: Recovery phase: role=survivor rank=14 node=1 step=18 phase=rerun_state_reset
[watcher 15:25:41] INFO: Recovery phase: role=survivor rank=11 node=1 step=18 phase=zero2_memory_reconfigured
[watcher 15:25:41] INFO: Recovery phase: role=survivor rank=11 node=1 step=18 phase=rerun_state_reset
[watcher 15:25:41] INFO: Recovery phase: role=survivor rank=10 node=1 step=18 phase=zero2_memory_reconfigured
[watcher 15:25:41] INFO: Recovery phase: role=survivor rank=13 node=1 step=18 phase=zero2_memory_reconfigured
[watcher 15:25:41] INFO: Recovery phase: role=survivor rank=10 node=1 step=18 phase=rerun_state_reset
[watcher 15:25:41] INFO: Recovery phase: role=survivor rank=13 node=1 step=18 phase=rerun_state_reset
[watcher 15:25:41] INFO: Recovery phase: role=survivor rank=12 node=1 step=18 phase=zero2_memory_reconfigured
[watcher 15:25:41] INFO: Recovery phase: role=survivor rank=12 node=1 step=18 phase=rerun_state_reset
[watcher 15:25:49] INFO: [spare-standby] WARNING:megatron.training.elastic_client:[elastic] Replacement node: local expert optimizer load complete (file=/mnt/ais-c1/dataset/zds/730hotspare/test_replace_ckpt/iter_0000010/mp_rank_00_000_001/distrib_optim.pt, expert_params=192, tensors=576, skipped=0, unsupported=0)
[watcher 15:25:50] INFO: Recovery phase: role=replacement rank=1 node=0 step=18 phase=param_sync_start
[watcher 15:25:50] INFO: [spare-standby] INFO:megatron.training.elastic_client:[elastic] Rank 1: syncing dense params with peer transfer (pp_rank=0, dp_rank=1, group=[0, 1, 2, 3, 4, 5, 6, 7], src=0, replacement=1)
[watcher 15:25:50] INFO: [spare-standby] WARNING:megatron.training.elastic_client:[elastic] Rank 1: peer TCP sync connected id=20121:18:0:1:model-params endpoint=33.181.99.112:37829
[watcher 15:25:50] INFO: [spare-standby] WARNING:megatron.training.elastic_client:[elastic] Rank 1: peer sync manifest ready (protocol=megatron-peer-raw-v2 tensors=43 bytes=850971648 sha256=4d209d3f46f0eb49)
[watcher 15:25:50] INFO: [spare-standby] INFO:megatron.training.elastic_client:[elastic] Rank 1: syncing dense param 1 label=dense-param:chunk0:module.module.embedding.word_embeddings.weight shape=(151680, 2048) dtype=torch.bfloat16
[watcher 15:25:50] INFO: [spare-standby] INFO:megatron.training.elastic_client:[elastic] Rank 1: peer-raw-recv dense-param:chunk0:module.module.embedding.word_embeddings.weight from rank 0 (numel=310640640, dtype=torch.bfloat16, chunks=3, chunk_mb=256)
[watcher 15:25:50] INFO: [spare-standby] INFO:megatron.training.elastic_client:[elastic] Rank 1: syncing dense param 2 label=dense-param:chunk0:module.module.decoder.layers.0.self_attention.linear_proj.weight shape=(2048, 4096) dtype=torch.bfloat16
[watcher 15:25:50] INFO: [spare-standby] INFO:megatron.training.elastic_client:[elastic] Rank 1: peer-raw-recv dense-param:chunk0:module.module.decoder.layers.0.self_attention.linear_proj.weight from rank 0 (numel=8388608, dtype=torch.bfloat16, chunks=1, chunk_mb=256)
[watcher 15:25:50] INFO: [spare-standby] INFO:megatron.training.elastic_client:[elastic] Rank 1: syncing dense param 3 label=dense-param:chunk0:module.module.decoder.layers.0.self_attention.linear_qkv.layer_norm_weight shape=(2048,) dtype=torch.bfloat16
[watcher 15:25:50] INFO: [spare-standby] INFO:megatron.training.elastic_client:[elastic] Rank 1: peer-raw-recv dense-param:chunk0:module.module.decoder.layers.0.self_attention.linear_qkv.layer_norm_weight from rank 0 (numel=2048, dtype=torch.bfloat16, chunks=1, chunk_mb=256)
[watcher 15:25:50] INFO: [spare-standby] INFO:megatron.training.elastic_client:[elastic] Rank 1: peer-raw-recv dense-param:chunk0:module.module.decoder.layers.0.self_attention.linear_qkv.weight from rank 0 (numel=10485760, dtype=torch.bfloat16, chunks=1, chunk_mb=256)
[watcher 15:25:50] INFO: [spare-standby] INFO:megatron.training.elastic_client:[elastic] Rank 1: peer-raw-recv dense-param:chunk0:module.module.decoder.layers.0.self_attention.q_layernorm.weight from rank 0 (numel=128, dtype=torch.bfloat16, chunks=1, chunk_mb=256)
[watcher 15:25:50] INFO: [spare-standby] INFO:megatron.training.elastic_client:[elastic] Rank 1: peer-raw-recv dense-param:chunk0:module.module.decoder.layers.0.self_attention.k_layernorm.weight from rank 0 (numel=128, dtype=torch.bfloat16, chunks=1, chunk_mb=256)
[watcher 15:25:50] INFO: [spare-standby] INFO:megatron.training.elastic_client:[elastic] Rank 1: peer-raw-recv dense-param:chunk0:module.module.decoder.layers.0.pre_mlp_layernorm.weight from rank 0 (numel=2048, dtype=torch.bfloat16, chunks=1, chunk_mb=256)
[watcher 15:25:50] INFO: [spare-standby] INFO:megatron.training.elastic_client:[elastic] Rank 1: peer-raw-recv dense-param:chunk0:module.module.decoder.layers.0.mlp.router.weight from rank 0 (numel=262144, dtype=torch.bfloat16, chunks=1, chunk_mb=256)
[watcher 15:25:50] INFO: [spare-standby] INFO:megatron.training.elastic_client:[elastic] Rank 1: peer-raw-recv dense-param:chunk0:module.module.decoder.layers.1.self_attention.linear_proj.weight from rank 0 (numel=8388608, dtype=torch.bfloat16, chunks=1, chunk_mb=256)
[watcher 15:25:50] INFO: [spare-standby] INFO:megatron.training.elastic_client:[elastic] Rank 1: peer-raw-recv dense-param:chunk0:module.module.decoder.layers.1.self_attention.linear_qkv.layer_norm_weight from rank 0 (numel=2048, dtype=torch.bfloat16, chunks=1, chunk_mb=256)
[watcher 15:25:50] INFO: [spare-standby] INFO:megatron.training.elastic_client:[elastic] Rank 1: peer-raw-recv dense-param:chunk0:module.module.decoder.layers.1.self_attention.linear_qkv.weight from rank 0 (numel=10485760, dtype=torch.bfloat16, chunks=1, chunk_mb=256)
[watcher 15:25:50] INFO: [spare-standby] INFO:megatron.training.elastic_client:[elastic] Rank 1: peer-raw-recv dense-param:chunk0:module.module.decoder.layers.1.self_attention.q_layernorm.weight from rank 0 (numel=128, dtype=torch.bfloat16, chunks=1, chunk_mb=256)
[watcher 15:25:50] INFO: [spare-standby] INFO:megatron.training.elastic_client:[elastic] Rank 1: peer-raw-recv dense-param:chunk0:module.module.decoder.layers.1.self_attention.k_layernorm.weight from rank 0 (numel=128, dtype=torch.bfloat16, chunks=1, chunk_mb=256)
[watcher 15:25:50] INFO: [spare-standby] INFO:megatron.training.elastic_client:[elastic] Rank 1: peer-raw-recv dense-param:chunk0:module.module.decoder.layers.1.pre_mlp_layernorm.weight from rank 0 (numel=2048, dtype=torch.bfloat16, chunks=1, chunk_mb=256)
[watcher 15:25:50] INFO: [spare-standby] INFO:megatron.training.elastic_client:[elastic] Rank 1: peer-raw-recv dense-param:chunk0:module.module.decoder.layers.1.mlp.router.weight from rank 0 (numel=262144, dtype=torch.bfloat16, chunks=1, chunk_mb=256)
[watcher 15:25:50] INFO: [spare-standby] INFO:megatron.training.elastic_client:[elastic] Rank 1: peer-raw-recv dense-param:chunk0:module.module.decoder.layers.2.self_attention.linear_proj.weight from rank 0 (numel=8388608, dtype=torch.bfloat16, chunks=1, chunk_mb=256)
[watcher 15:25:50] INFO: [spare-standby] INFO:megatron.training.elastic_client:[elastic] Rank 1: peer-raw-recv dense-param:chunk0:module.module.decoder.layers.2.self_attention.linear_qkv.layer_norm_weight from rank 0 (numel=2048, dtype=torch.bfloat16, chunks=1, chunk_mb=256)
[watcher 15:25:50] INFO: [spare-standby] INFO:megatron.training.elastic_client:[elastic] Rank 1: peer-raw-recv dense-param:chunk0:module.module.decoder.layers.2.self_attention.linear_qkv.weight from rank 0 (numel=10485760, dtype=torch.bfloat16, chunks=1, chunk_mb=256)
[watcher 15:25:50] INFO: [spare-standby] INFO:megatron.training.elastic_client:[elastic] Rank 1: peer-raw-recv dense-param:chunk0:module.module.decoder.layers.2.self_attention.q_layernorm.weight from rank 0 (numel=128, dtype=torch.bfloat16, chunks=1, chunk_mb=256)
[watcher 15:25:50] INFO: [spare-standby] INFO:megatron.training.elastic_client:[elastic] Rank 1: peer-raw-recv dense-param:chunk0:module.module.decoder.layers.2.self_attention.k_layernorm.weight from rank 0 (numel=128, dtype=torch.bfloat16, chunks=1, chunk_mb=256)
[watcher 15:25:50] INFO: [spare-standby] INFO:megatron.training.elastic_client:[elastic] Rank 1: peer-raw-recv dense-param:chunk0:module.module.decoder.layers.2.pre_mlp_layernorm.weight from rank 0 (numel=2048, dtype=torch.bfloat16, chunks=1, chunk_mb=256)
[watcher 15:25:50] INFO: [spare-standby] INFO:megatron.training.elastic_client:[elastic] Rank 1: peer-raw-recv dense-param:chunk0:module.module.decoder.layers.2.mlp.router.weight from rank 0 (numel=262144, dtype=torch.bfloat16, chunks=1, chunk_mb=256)
[watcher 15:25:50] INFO: [spare-standby] INFO:megatron.training.elastic_client:[elastic] Rank 1: peer-raw-recv dense-param:chunk0:module.module.decoder.layers.3.self_attention.linear_proj.weight from rank 0 (numel=8388608, dtype=torch.bfloat16, chunks=1, chunk_mb=256)
[watcher 15:25:50] INFO: [spare-standby] INFO:megatron.training.elastic_client:[elastic] Rank 1: peer-raw-recv dense-param:chunk0:module.module.decoder.layers.3.self_attention.linear_qkv.layer_norm_weight from rank 0 (numel=2048, dtype=torch.bfloat16, chunks=1, chunk_mb=256)
[watcher 15:25:50] INFO: [spare-standby] INFO:megatron.training.elastic_client:[elastic] Rank 1: peer-raw-recv dense-param:chunk0:module.module.decoder.layers.3.self_attention.linear_qkv.weight from rank 0 (numel=10485760, dtype=torch.bfloat16, chunks=1, chunk_mb=256)
[watcher 15:25:50] INFO: [spare-standby] INFO:megatron.training.elastic_client:[elastic] Rank 1: peer-raw-recv dense-param:chunk0:module.module.decoder.layers.3.self_attention.q_layernorm.weight from rank 0 (numel=128, dtype=torch.bfloat16, chunks=1, chunk_mb=256)
[watcher 15:25:50] INFO: [spare-standby] INFO:megatron.training.elastic_client:[elastic] Rank 1: peer-raw-recv dense-param:chunk0:module.module.decoder.layers.3.self_attention.k_layernorm.weight from rank 0 (numel=128, dtype=torch.bfloat16, chunks=1, chunk_mb=256)
[watcher 15:25:50] INFO: [spare-standby] INFO:megatron.training.elastic_client:[elastic] Rank 1: peer-raw-recv dense-param:chunk0:module.module.decoder.layers.3.pre_mlp_layernorm.weight from rank 0 (numel=2048, dtype=torch.bfloat16, chunks=1, chunk_mb=256)
[watcher 15:25:50] INFO: [spare-standby] INFO:megatron.training.elastic_client:[elastic] Rank 1: peer-raw-recv dense-param:chunk0:module.module.decoder.layers.3.mlp.router.weight from rank 0 (numel=262144, dtype=torch.bfloat16, chunks=1, chunk_mb=256)
[watcher 15:25:50] INFO: [spare-standby] INFO:megatron.training.elastic_client:[elastic] Rank 1: peer-raw-recv dense-param:chunk0:module.module.decoder.layers.4.self_attention.linear_proj.weight from rank 0 (numel=8388608, dtype=torch.bfloat16, chunks=1, chunk_mb=256)
[watcher 15:25:50] INFO: [spare-standby] INFO:megatron.training.elastic_client:[elastic] Rank 1: peer-raw-recv dense-param:chunk0:module.module.decoder.layers.4.self_attention.linear_qkv.layer_norm_weight from rank 0 (numel=2048, dtype=torch.bfloat16, chunks=1, chunk_mb=256)
[watcher 15:25:50] INFO: [spare-standby] INFO:megatron.training.elastic_client:[elastic] Rank 1: peer-raw-recv dense-param:chunk0:module.module.decoder.layers.4.self_attention.linear_qkv.weight from rank 0 (numel=10485760, dtype=torch.bfloat16, chunks=1, chunk_mb=256)
[watcher 15:25:50] INFO: [spare-standby] INFO:megatron.training.elastic_client:[elastic] Rank 1: peer-raw-recv dense-param:chunk0:module.module.decoder.layers.4.self_attention.q_layernorm.weight from rank 0 (numel=128, dtype=torch.bfloat16, chunks=1, chunk_mb=256)
[watcher 15:25:50] INFO: [spare-standby] INFO:megatron.training.elastic_client:[elastic] Rank 1: peer-raw-recv dense-param:chunk0:module.module.decoder.layers.4.self_attention.k_layernorm.weight from rank 0 (numel=128, dtype=torch.bfloat16, chunks=1, chunk_mb=256)
[watcher 15:25:50] INFO: [spare-standby] INFO:megatron.training.elastic_client:[elastic] Rank 1: peer-raw-recv dense-param:chunk0:module.module.decoder.layers.4.pre_mlp_layernorm.weight from rank 0 (numel=2048, dtype=torch.bfloat16, chunks=1, chunk_mb=256)
[watcher 15:25:50] INFO: [spare-standby] INFO:megatron.training.elastic_client:[elastic] Rank 1: peer-raw-recv dense-param:chunk0:module.module.decoder.layers.4.mlp.router.weight from rank 0 (numel=262144, dtype=torch.bfloat16, chunks=1, chunk_mb=256)
[watcher 15:25:50] INFO: [spare-standby] INFO:megatron.training.elastic_client:[elastic] Rank 1: peer-raw-recv dense-param:chunk0:module.module.decoder.layers.5.self_attention.linear_proj.weight from rank 0 (numel=8388608, dtype=torch.bfloat16, chunks=1, chunk_mb=256)
[watcher 15:25:50] INFO: [spare-standby] INFO:megatron.training.elastic_client:[elastic] Rank 1: peer-raw-recv dense-param:chunk0:module.module.decoder.layers.5.self_attention.linear_qkv.layer_norm_weight from rank 0 (numel=2048, dtype=torch.bfloat16, chunks=1, chunk_mb=256)
[watcher 15:25:50] INFO: [spare-standby] INFO:megatron.training.elastic_client:[elastic] Rank 1: peer-raw-recv dense-param:chunk0:module.module.decoder.layers.5.self_attention.linear_qkv.weight from rank 0 (numel=10485760, dtype=torch.bfloat16, chunks=1, chunk_mb=256)
[watcher 15:25:50] INFO: Recovery phase: role=survivor rank=0 node=0 step=18 phase=param_sync_done
[watcher 15:25:50] INFO: [spare-standby] INFO:megatron.training.elastic_client:[elastic] Rank 1: peer-raw-recv dense-param:chunk0:module.module.decoder.layers.5.self_attention.q_layernorm.weight from rank 0 (numel=128, dtype=torch.bfloat16, chunks=1, chunk_mb=256)
[watcher 15:25:50] INFO: [spare-standby] INFO:megatron.training.elastic_client:[elastic] Rank 1: peer-raw-recv dense-param:chunk0:module.module.decoder.layers.5.self_attention.k_layernorm.weight from rank 0 (numel=128, dtype=torch.bfloat16, chunks=1, chunk_mb=256)
[watcher 15:25:50] INFO: [spare-standby] INFO:megatron.training.elastic_client:[elastic] Rank 1: peer-raw-recv dense-param:chunk0:module.module.decoder.layers.5.pre_mlp_layernorm.weight from rank 0 (numel=2048, dtype=torch.bfloat16, chunks=1, chunk_mb=256)
[watcher 15:25:50] INFO: [spare-standby] INFO:megatron.training.elastic_client:[elastic] Rank 1: peer-raw-recv dense-param:chunk0:module.module.decoder.layers.5.mlp.router.weight from rank 0 (numel=262144, dtype=torch.bfloat16, chunks=1, chunk_mb=256)
[watcher 15:25:50] INFO: [spare-standby] WARNING:megatron.training.elastic_client:[elastic] Rank 1: dense model param sync complete (synced=43, expert_from_ckpt=192)
[watcher 15:25:50] INFO: Peer sync endpoint: id=zero2-memory:1:owner=7:holder=0 src=7 dst=0 endpoint=33.181.99.112:36627
[watcher 15:25:50] INFO: [spare-standby] WARNING:megatron.training.elastic_client:[elastic] Rank 1: peer TCP sync connected id=20121:18:2:1:zero2-optimizer-memory endpoint=33.181.99.112:33681
[watcher 15:25:50] INFO: Recovery phase: role=survivor rank=7 node=0 step=18 phase=zero2_memory_reconfigured
[watcher 15:25:50] INFO: Recovery phase: role=survivor rank=7 node=0 step=18 phase=rerun_state_reset
[watcher 15:25:56] INFO: Recovery phase: role=survivor rank=2 node=0 step=18 phase=param_sync_done
[watcher 15:25:56] INFO: Peer sync endpoint: id=zero2-memory:1:owner=1:holder=2 src=1 dst=2 endpoint=33.181.99.112:32417
[watcher 15:25:56] INFO: [spare-standby] WARNING:megatron.training.elastic_client:[elastic-zero2] rank=1 optimizer memory restore complete: {'owner_rank': 1, 'holder_rank': 2, 'step': 18, 'manifest_hash': '8bfaf0ede0d972135e90b9ac452d389756a9154cce9c62fa3c40c9b61204e7e8', 'tensor_count': 60, 'scalar_count': 0, 'bytes': 638228736, 'restore_scope': 'non_expert', 'expected_params': 20, 'params_with_adam_state': 20, 'state_tensors': 40, 'unmapped_params': 0, 'source': 'phoenix_h2h_memory_replica'}
[watcher 15:25:56] INFO: [spare-standby] WARNING:megatron.training.elastic_client:[elastic] Rank 1: param sync complete in 6.935s (dense_params=43 expert_params=192 protocol=raw_v2)
[watcher 15:25:56] INFO: Recovery phase: role=replacement rank=1 node=0 step=18 phase=param_sync_done
[watcher 15:25:56] INFO: Recovery phase: role=survivor rank=3 node=0 step=18 phase=zero2_memory_reconfigured
[watcher 15:25:56] INFO: Recovery phase: role=survivor rank=3 node=0 step=18 phase=rerun_state_reset
[watcher 15:25:56] INFO: Peer sync endpoint: id=zero2-memory:1:owner=0:holder=1 src=0 dst=1 endpoint=33.181.97.169:38327
[watcher 15:25:56] INFO: [spare-standby] WARNING:megatron.training.zero2_memory_checkpoint:[elastic-zero2] rank=1 transport ready owner=0 holder=2 generation=1
[watcher 15:25:56] INFO: [spare-standby] WARNING:megatron.training.elastic_client:[elastic-zero2] rank=1 post-rebuild optimizer replication staged: {'step': 18, 'tensor_count': 636, 'bytes': 6074046720, 'manifest_hash': '8bfaf0ede0d972135e90b9ac452d389756a9154cce9c62fa3c40c9b61204e7e8'}
[watcher 15:25:56] INFO: Recovery phase: role=replacement rank=1 node=0 step=18 phase=zero2_memory_reconfigured
[watcher 15:25:56] INFO: [spare-standby] WARNING:megatron.training.elastic_client:[elastic] Aligned optimizer scheduler to resume_iteration=18 (num_steps=1152, previous=640)
[watcher 15:25:56] INFO: [spare-standby] WARNING:megatron.training.elastic_client:[elastic] Rank 1: reset rerun state after external recovery: {'mode': 'validate_results', 'previous_state': 0, 'previous_iteration': -1, 'state': 0, 'current_iteration': 18, 'first_iteration_complete': True}
[watcher 15:25:56] INFO: Recovery phase: role=replacement rank=1 node=0 step=18 phase=resume_state_applied aligned_iteration=18
[watcher 15:25:56] INFO: Recovery phase: role=replacement rank=1 node=0 step=18 phase=state_contract_ready aligned_iteration=18 two_phase_enabled=False expert_optimizer={'expected_params': 192, 'params_with_adam_state': 192, 'state_tensors': 384, 'unmapped_params': 0, 'source': 'checkpoint_distributed_local_only', 'loaded_params': 192, 'loaded_tensors': 576, 'skipped_params': 0} peer_sync={'dense_model_params': 43, 'checkpoint_expert_model_params': 192, 'non_expert_optimizer': {'owner_rank': 1, 'holder_rank': 2, 'step': 18, 'manifest_hash': '8bfaf0ede0d972135e90b9ac452d389756a9154cce9c62fa3c40c9b61204e7e8', 'tensor_count': 60, 'scalar_count': 0, 'bytes': 638228736, 'restore_scope': 'non_expert', 'expected_params': 20, 'params_with_adam_state': 20, 'state_tensors': 40, 'unmapped_params': 0, 'source': 'phoenix_h2h_memory_replica'}, 'source_rank': 0, 'replacement_rank': 1, 'seconds': 6.935494619421661, 'peer_protocol': 'raw_v2'}
[watcher 15:25:56] INFO: Recovery phase: role=replacement rank=1 node=0 step=18 phase=rerun_state_reset
[watcher 15:25:56] INFO: Recovery phase: role=survivor rank=2 node=0 step=18 phase=zero2_memory_reconfigured
[watcher 15:25:56] INFO: Recovery phase: role=survivor rank=2 node=0 step=18 phase=rerun_state_reset
[watcher 15:25:56] INFO: Recovery phase: role=survivor rank=0 node=0 step=18 phase=zero2_memory_reconfigured
[watcher 15:25:56] INFO: Recovery phase: role=survivor rank=0 node=0 step=18 phase=rerun_state_reset
[watcher 15:25:56] INFO: ordinal_barrier released: id=rerun_state_reset:1:18 count=64 desc=RERUN_STATE_MACHINE ordinal=None stage=post_rebuild_reset
[watcher 15:25:56] INFO: [spare-standby] INFO:megatron.training.elastic_client:[elastic] Rank 1: rebuild communicator warmup disabled; using Megatron's real training order
[watcher 15:25:56] INFO: [spare-standby] WARNING:megatron.training.elastic_client:[elastic] Rank 1: skipping rebuild-final NCCL barrier (phase-gated by watcher param_sync_done)
[watcher 15:25:56] INFO: [spare-standby] WARNING:megatron.training.elastic_client:[elastic] Rank 1: waiting for 64 ranks to reach train_ready via watcher
[watcher 15:25:56] INFO: Recovery phase: role=replacement rank=1 node=0 step=18 phase=train_ready
[watcher 15:25:56] INFO: Recovery phase: role=survivor rank=33 node=4 step=18 phase=train_ready
[watcher 15:25:56] INFO: Recovery phase: role=survivor rank=37 node=4 step=18 phase=train_ready
[watcher 15:25:56] INFO: Recovery phase: role=survivor rank=24 node=3 step=18 phase=train_ready
[watcher 15:25:56] INFO: Recovery phase: role=survivor rank=55 node=6 step=18 phase=train_ready
[watcher 15:25:56] INFO: Recovery phase: role=survivor rank=22 node=2 step=18 phase=train_ready
[watcher 15:25:56] INFO: Recovery phase: role=survivor rank=18 node=2 step=18 phase=train_ready
[watcher 15:25:56] INFO: Recovery phase: role=survivor rank=62 node=7 step=18 phase=train_ready
[watcher 15:25:56] INFO: Recovery phase: role=survivor rank=20 node=2 step=18 phase=train_ready
[watcher 15:25:56] INFO: Recovery phase: role=survivor rank=11 node=1 step=18 phase=train_ready
[watcher 15:25:56] INFO: Recovery phase: role=survivor rank=34 node=4 step=18 phase=train_ready
[watcher 15:25:56] INFO: Recovery phase: role=survivor rank=27 node=3 step=18 phase=train_ready
[watcher 15:25:56] INFO: Recovery phase: role=survivor rank=46 node=5 step=18 phase=train_ready
[watcher 15:25:56] INFO: Recovery phase: role=survivor rank=40 node=5 step=18 phase=train_ready
[watcher 15:25:56] INFO: Recovery phase: role=survivor rank=44 node=5 step=18 phase=train_ready
[watcher 15:25:56] INFO: Recovery phase: role=survivor rank=63 node=7 step=18 phase=train_ready
[watcher 15:25:56] INFO: Recovery phase: role=survivor rank=48 node=6 step=18 phase=train_ready
[watcher 15:25:56] INFO: Recovery phase: role=survivor rank=45 node=5 step=18 phase=train_ready
[watcher 15:25:56] INFO: Recovery phase: role=survivor rank=38 node=4 step=18 phase=train_ready
[watcher 15:25:56] INFO: Recovery phase: role=survivor rank=21 node=2 step=18 phase=train_ready
[watcher 15:25:56] INFO: Recovery phase: role=survivor rank=0 node=0 step=18 phase=train_ready
[watcher 15:25:56] INFO: Recovery phase: role=survivor rank=50 node=6 step=18 phase=train_ready
[watcher 15:25:56] INFO: Recovery phase: role=survivor rank=19 node=2 step=18 phase=train_ready
[watcher 15:25:57] INFO: Recovery phase: role=survivor rank=28 node=3 step=18 phase=train_ready
[watcher 15:25:57] INFO: Recovery phase: role=survivor rank=59 node=7 step=18 phase=train_ready
[watcher 15:25:57] INFO: Recovery phase: role=survivor rank=12 node=1 step=18 phase=train_ready
[watcher 15:25:57] INFO: Recovery phase: role=survivor rank=43 node=5 step=18 phase=train_ready
[watcher 15:25:57] INFO: Recovery phase: role=survivor rank=60 node=7 step=18 phase=train_ready
[watcher 15:25:57] INFO: Recovery phase: role=survivor rank=51 node=6 step=18 phase=train_ready
[watcher 15:25:57] INFO: Recovery phase: role=survivor rank=8 node=1 step=18 phase=train_ready
[watcher 15:25:57] INFO: Recovery phase: role=survivor rank=61 node=7 step=18 phase=train_ready
[watcher 15:25:57] INFO: Recovery phase: role=survivor rank=17 node=2 step=18 phase=train_ready
[watcher 15:25:57] INFO: Recovery phase: role=survivor rank=3 node=0 step=18 phase=train_ready
[watcher 15:25:57] INFO: Recovery phase: role=survivor rank=32 node=4 step=18 phase=train_ready
[watcher 15:25:57] INFO: Recovery phase: role=survivor rank=54 node=6 step=18 phase=train_ready
[watcher 15:25:57] INFO: Recovery phase: role=survivor rank=26 node=3 step=18 phase=train_ready
[watcher 15:25:57] INFO: Recovery phase: role=survivor rank=47 node=5 step=18 phase=train_ready
[watcher 15:25:57] INFO: Recovery phase: role=survivor rank=39 node=4 step=18 phase=train_ready
[watcher 15:25:57] INFO: Recovery phase: role=survivor rank=6 node=0 step=18 phase=train_ready
[watcher 15:25:57] INFO: Recovery phase: role=survivor rank=57 node=7 step=18 phase=train_ready
[watcher 15:25:57] INFO: Recovery phase: role=survivor rank=56 node=7 step=18 phase=train_ready
[watcher 15:25:57] INFO: Recovery phase: role=survivor rank=15 node=1 step=18 phase=train_ready
[watcher 15:25:57] INFO: Recovery phase: role=survivor rank=7 node=0 step=18 phase=train_ready
[watcher 15:25:57] INFO: Recovery phase: role=survivor rank=35 node=4 step=18 phase=train_ready
[watcher 15:25:57] INFO: Recovery phase: role=survivor rank=4 node=0 step=18 phase=train_ready
[watcher 15:25:57] INFO: Recovery phase: role=survivor rank=41 node=5 step=18 phase=train_ready
[watcher 15:25:57] INFO: Recovery phase: role=survivor rank=49 node=6 step=18 phase=train_ready
[watcher 15:25:57] INFO: Recovery phase: role=survivor rank=13 node=1 step=18 phase=train_ready
[watcher 15:25:57] INFO: Recovery phase: role=survivor rank=30 node=3 step=18 phase=train_ready
[watcher 15:25:57] INFO: Recovery phase: role=survivor rank=2 node=0 step=18 phase=train_ready
[watcher 15:25:57] INFO: Recovery phase: role=survivor rank=5 node=0 step=18 phase=train_ready
[watcher 15:25:57] INFO: Recovery phase: role=survivor rank=9 node=1 step=18 phase=train_ready
[watcher 15:25:57] INFO: Recovery phase: role=survivor rank=25 node=3 step=18 phase=train_ready
[watcher 15:25:57] INFO: Recovery phase: role=survivor rank=23 node=2 step=18 phase=train_ready
[watcher 15:25:57] INFO: Recovery phase: role=survivor rank=31 node=3 step=18 phase=train_ready
[watcher 15:25:57] INFO: Recovery phase: role=survivor rank=36 node=4 step=18 phase=train_ready
[watcher 15:25:57] INFO: Recovery phase: role=survivor rank=14 node=1 step=18 phase=train_ready
[watcher 15:25:57] INFO: Recovery phase: role=survivor rank=52 node=6 step=18 phase=train_ready
[watcher 15:25:57] INFO: Recovery phase: role=survivor rank=29 node=3 step=18 phase=train_ready
[watcher 15:25:57] INFO: Recovery phase: role=survivor rank=10 node=1 step=18 phase=train_ready
[watcher 15:25:57] INFO: Recovery phase: role=survivor rank=53 node=6 step=18 phase=train_ready
[watcher 15:25:58] INFO: Recovery phase: role=survivor rank=58 node=7 step=18 phase=train_ready
[watcher 15:25:58] INFO: Recovery phase: role=survivor rank=16 node=2 step=18 phase=train_ready
[watcher 15:25:58] INFO: Recovery phase: role=survivor rank=42 node=5 step=18 phase=train_ready
[watcher 15:25:58] INFO: [spare-standby] WARNING:megatron.training.elastic_client:[elastic] Rank 1: all ranks reached train_ready
[watcher 15:25:58] INFO: [spare-standby] WARNING:megatron.training.elastic_client:[elastic] Replacement node: param sync complete, joining training loop
[watcher 15:25:58] INFO: [spare-standby] WARNING:megatron.training.training:[elastic] REBUILD MODE: param sync complete, joining training loop
[watcher 15:25:58] INFO: Recovery phase: role=survivor rank=50 node=6 step=18 phase=post_rebuild_iteration_ready
[watcher 15:25:58] INFO: Recovery phase: role=survivor rank=24 node=3 step=18 phase=post_rebuild_iteration_ready
[watcher 15:25:58] INFO: Recovery phase: role=survivor rank=39 node=4 step=18 phase=post_rebuild_iteration_ready
[watcher 15:25:58] INFO: Recovery phase: role=survivor rank=43 node=5 step=18 phase=post_rebuild_iteration_ready
[watcher 15:25:58] INFO: Recovery phase: role=survivor rank=35 node=4 step=18 phase=post_rebuild_iteration_ready
[watcher 15:25:58] INFO: Recovery phase: role=survivor rank=34 node=4 step=18 phase=post_rebuild_iteration_ready
[watcher 15:25:58] INFO: Recovery phase: role=survivor rank=55 node=6 step=18 phase=post_rebuild_iteration_ready
[watcher 15:25:58] INFO: Recovery phase: role=survivor rank=22 node=2 step=18 phase=post_rebuild_iteration_ready
[watcher 15:25:58] INFO: Recovery phase: role=survivor rank=59 node=7 step=18 phase=post_rebuild_iteration_ready
[watcher 15:25:58] INFO: Recovery phase: role=survivor rank=29 node=3 step=18 phase=post_rebuild_iteration_ready
[watcher 15:25:58] INFO: Recovery phase: role=survivor rank=4 node=0 step=18 phase=post_rebuild_iteration_ready
[watcher 15:25:58] INFO: Recovery phase: role=survivor rank=31 node=3 step=18 phase=post_rebuild_iteration_ready
[watcher 15:25:58] INFO: Recovery phase: role=survivor rank=53 node=6 step=18 phase=post_rebuild_iteration_ready
[watcher 15:25:58] INFO: Recovery phase: role=survivor rank=17 node=2 step=18 phase=post_rebuild_iteration_ready
[watcher 15:25:58] INFO: Recovery phase: role=survivor rank=60 node=7 step=18 phase=post_rebuild_iteration_ready
[watcher 15:25:58] INFO: Recovery phase: role=survivor rank=27 node=3 step=18 phase=post_rebuild_iteration_ready
[watcher 15:25:58] INFO: Recovery phase: role=survivor rank=5 node=0 step=18 phase=post_rebuild_iteration_ready
[watcher 15:25:58] INFO: Recovery phase: role=survivor rank=14 node=1 step=18 phase=post_rebuild_iteration_ready
[watcher 15:25:58] INFO: Recovery phase: role=survivor rank=6 node=0 step=18 phase=post_rebuild_iteration_ready
[watcher 15:25:58] INFO: Recovery phase: role=survivor rank=58 node=7 step=18 phase=post_rebuild_iteration_ready
[watcher 15:25:58] INFO: Recovery phase: role=survivor rank=23 node=2 step=18 phase=post_rebuild_iteration_ready
[watcher 15:25:58] INFO: Recovery phase: role=survivor rank=15 node=1 step=18 phase=post_rebuild_iteration_ready
[watcher 15:25:58] INFO: Recovery phase: role=survivor rank=36 node=4 step=18 phase=post_rebuild_iteration_ready
[watcher 15:25:58] INFO: Recovery phase: role=survivor rank=21 node=2 step=18 phase=post_rebuild_iteration_ready
[watcher 15:25:58] INFO: Recovery phase: role=survivor rank=33 node=4 step=18 phase=post_rebuild_iteration_ready
[watcher 15:25:58] INFO: Recovery phase: role=survivor rank=37 node=4 step=18 phase=post_rebuild_iteration_ready
[watcher 15:25:58] INFO: Recovery phase: role=survivor rank=47 node=5 step=18 phase=post_rebuild_iteration_ready
[watcher 15:25:58] INFO: Recovery phase: role=survivor rank=46 node=5 step=18 phase=post_rebuild_iteration_ready
[watcher 15:25:58] INFO: Recovery phase: role=survivor rank=40 node=5 step=18 phase=post_rebuild_iteration_ready
[watcher 15:25:58] INFO: Recovery phase: role=survivor rank=54 node=6 step=18 phase=post_rebuild_iteration_ready
[watcher 15:25:58] INFO: Recovery phase: role=survivor rank=62 node=7 step=18 phase=post_rebuild_iteration_ready
[watcher 15:25:58] INFO: Recovery phase: role=survivor rank=7 node=0 step=18 phase=post_rebuild_iteration_ready
[watcher 15:25:58] INFO: Recovery phase: role=survivor rank=30 node=3 step=18 phase=post_rebuild_iteration_ready
[watcher 15:25:58] INFO: Recovery phase: role=survivor rank=12 node=1 step=18 phase=post_rebuild_iteration_ready
[watcher 15:25:58] INFO: Recovery phase: role=survivor rank=11 node=1 step=18 phase=post_rebuild_iteration_ready
[watcher 15:25:58] INFO: Recovery phase: role=survivor rank=10 node=1 step=18 phase=post_rebuild_iteration_ready
[watcher 15:25:58] INFO: Recovery phase: role=survivor rank=61 node=7 step=18 phase=post_rebuild_iteration_ready
[watcher 15:25:58] INFO: Recovery phase: role=survivor rank=32 node=4 step=18 phase=post_rebuild_iteration_ready
[watcher 15:25:58] INFO: Recovery phase: role=survivor rank=56 node=7 step=18 phase=post_rebuild_iteration_ready
[watcher 15:25:58] INFO: Recovery phase: role=survivor rank=0 node=0 step=18 phase=post_rebuild_iteration_ready
[watcher 15:25:58] INFO: Recovery phase: role=survivor rank=16 node=2 step=18 phase=post_rebuild_iteration_ready
[watcher 15:25:58] INFO: Recovery phase: role=survivor rank=20 node=2 step=18 phase=post_rebuild_iteration_ready
[watcher 15:25:58] INFO: Recovery phase: role=survivor rank=42 node=5 step=18 phase=post_rebuild_iteration_ready
[watcher 15:25:59] INFO: Recovery phase: role=survivor rank=19 node=2 step=18 phase=post_rebuild_iteration_ready
[watcher 15:25:59] INFO: Recovery phase: role=survivor rank=18 node=2 step=18 phase=post_rebuild_iteration_ready
[watcher 15:25:59] INFO: Recovery phase: role=survivor rank=28 node=3 step=18 phase=post_rebuild_iteration_ready
[watcher 15:25:59] INFO: Recovery phase: role=survivor rank=26 node=3 step=18 phase=post_rebuild_iteration_ready
[watcher 15:25:59] INFO: Recovery phase: role=survivor rank=25 node=3 step=18 phase=post_rebuild_iteration_ready
[watcher 15:25:59] INFO: Recovery phase: role=survivor rank=38 node=4 step=18 phase=post_rebuild_iteration_ready
[watcher 15:25:59] INFO: Recovery phase: role=survivor rank=45 node=5 step=18 phase=post_rebuild_iteration_ready
[watcher 15:25:59] INFO: Recovery phase: role=survivor rank=41 node=5 step=18 phase=post_rebuild_iteration_ready
[watcher 15:25:59] INFO: Recovery phase: role=survivor rank=44 node=5 step=18 phase=post_rebuild_iteration_ready
[watcher 15:25:59] INFO: Recovery phase: role=survivor rank=9 node=1 step=18 phase=post_rebuild_iteration_ready
[watcher 15:25:59] INFO: Recovery phase: role=survivor rank=8 node=1 step=18 phase=post_rebuild_iteration_ready
[watcher 15:25:59] INFO: Recovery phase: role=survivor rank=3 node=0 step=18 phase=post_rebuild_iteration_ready
[watcher 15:25:59] INFO: Recovery phase: role=survivor rank=2 node=0 step=18 phase=post_rebuild_iteration_ready
[watcher 15:25:59] INFO: Recovery phase: role=survivor rank=52 node=6 step=18 phase=post_rebuild_iteration_ready
[watcher 15:25:59] INFO: Recovery phase: role=survivor rank=49 node=6 step=18 phase=post_rebuild_iteration_ready
[watcher 15:25:59] INFO: Recovery phase: role=survivor rank=48 node=6 step=18 phase=post_rebuild_iteration_ready
[watcher 15:25:59] INFO: Recovery phase: role=survivor rank=51 node=6 step=18 phase=post_rebuild_iteration_ready
[watcher 15:25:59] INFO: Recovery phase: role=survivor rank=63 node=7 step=18 phase=post_rebuild_iteration_ready
[watcher 15:25:59] INFO: Recovery phase: role=survivor rank=57 node=7 step=18 phase=post_rebuild_iteration_ready
[watcher 15:25:59] INFO: Recovery phase: role=replacement rank=1 node=0 step=18 phase=data_ready
[watcher 15:25:59] INFO: Recovery phase: role=replacement rank=1 node=0 step=18 phase=train_loop_entered
[watcher 15:25:59] INFO: [spare-standby] WARNING:megatron.core.transformer.moe.moegambit_integration:[2026-07-28 15:25:59] MOEGAMBIT-MoE: initializing on rank 1 ...
[watcher 15:26:00] INFO: [spare-standby] WARNING:megatron.core.transformer.moe.moegambit_integration:MOEGAMBIT-MoE: num_experts=128, num_layers=48, ep_size=8, ep_group_ranks=[0, 1, 2, 3, 4, 5, 6, 7], dp_group_ranks=[0, 1, 2, 3, 4, 5, 6, 7], global_ep_groups=8
[watcher 15:26:00] INFO: Recovery phase: role=survivor rank=13 node=1 step=18 phase=post_rebuild_iteration_ready
[watcher 15:26:00] INFO: [spare-standby] INFO:megatron.core.transformer.moe.expert_directory:ActiveExpertDirectory: built 6144 entries (48 layers × 128 experts, ep_size=8, ranks=[0, 1, 2, 3, 4, 5, 6, 7])
[watcher 15:26:00] INFO: [spare-standby] INFO:megatron.core.transformer.moe.expert_directory:Global ActiveExpertDirectory set: ActiveExpertDirectory(layers=48, experts=128, ep_size=8, entries=6144)
[watcher 15:26:00] INFO: [spare-standby] WARNING:megatron.core.transformer.moe.moegambit_integration:MOEGAMBIT-MoE: expert directory initialized
[watcher 15:26:00] INFO: [spare-standby] INFO:megatron.core.transformer.moe.dispatch_topology_refresh:DispatchTopologyManager: initialised — 48 layers, 128 experts, ep_size=8, ranks=[0, 1, 2, 3, 4, 5, 6, 7]
[watcher 15:26:00] INFO: [spare-standby] WARNING:megatron.core.transformer.moe.moegambit_integration:MOEGAMBIT-MoE: dispatch topology manager initialized
[watcher 15:26:00] INFO: [spare-standby] WARNING:megatron.core.transformer.moe.moegambit_integration:MOEGAMBIT-MoE: recovery controller initialized and callbacks wired
[watcher 15:26:00] INFO: [spare-standby] WARNING:megatron.core.transformer.moe.moegambit_integration:MOEGAMBIT-MoE: reintegration barrier wired to recovery controller
[watcher 15:26:00] INFO: [spare-standby] WARNING:megatron.core.transformer.moe.moegambit_integration:MOEGAMBIT-MoE: rank-exposure-guarded policy config: {'delta_time_min_gap': 0, 'max_single_gap': 192, 'exposure_window_steps': 20000, 'max_rank_stale_exposure': 0.1, 'max_expert_staleness_density': 0.1}
[watcher 15:26:00] INFO: [spare-standby] WARNING:megatron.core.transformer.moe.gap_aware_recovery_policy:MOEGAMBIT-MoE RankExposureGuardedPolicy initialized: {'delta_time_min_gap': 0, 'max_single_gap': 192, 'exposure_window_steps': 20000, 'max_rank_stale_exposure': 0.1, 'max_expert_staleness_density': 0.1}
[watcher 15:26:00] INFO: [spare-standby] WARNING:megatron.core.transformer.moe.gap_aware_recovery_policy:MOEGAMBIT-MoE gap-aware recovery policy: using RankExposureGuardedPolicy (delta_time_min_gap=0, max_single_gap=192, exposure_window_steps=20000, max_rank_stale_exposure=0.1000)
[watcher 15:26:00] INFO: [spare-standby] WARNING:megatron.core.transformer.moe.gap_aware_recovery_policy:MOEGAMBIT-MoE gap-aware recovery policy initialized: enabled=True, policy=RankExposureGuardedPolicy
[watcher 15:26:00] INFO: [spare-standby] WARNING:megatron.core.transformer.moe.moegambit_integration:MOEGAMBIT-MoE: gap-aware recovery policy wired to recovery controller (type=rank_exposure_guarded_hybrid, threshold=100)
[watcher 15:26:00] INFO: [spare-standby] WARNING:megatron.core.transformer.moe.moegambit_integration:MOEGAMBIT-MoE: hard failure detector and iteration invalidator initialized
[watcher 15:26:00] INFO: [spare-standby] WARNING:megatron.core.transformer.moe.moegambit_integration:MOEGAMBIT-MoE: rollback/replay manager initialized
[watcher 15:26:00] INFO: [spare-standby] WARNING:megatron.core.transformer.moe.moegambit_integration:MOEGAMBIT-MoE: optimizer commit guard initialized
[watcher 15:26:00] INFO: [spare-standby] WARNING:megatron.core.transformer.moe.moegambit_integration:MOEGAMBIT-MoE: pipeline rollback coordinator initialized
[watcher 15:26:00] INFO: [spare-standby] INFO:megatron.core.transformer.moe.hot_spare_pool:MOEGAMBIT-MoE HotSparePool initialized: 8 spares, training_world=64, total_world=72, spare_ranks=[64, 65, 66, 67, 68, 69, 70, 71]
[watcher 15:26:00] INFO: [spare-standby] WARNING:megatron.core.transformer.moe.moegambit_integration:MOEGAMBIT-MoE: hot-spare pool initialized (daemon mode) — 8 spares (logical ranks [64, 65, 66, 67, 68, 69, 70, 71]), training_world=64
[watcher 15:26:00] INFO: [spare-standby] WARNING:megatron.core.transformer.moe.moegambit_integration:MOEGAMBIT-MoE: hot-spare auto-allocation wired to recovery controller
[watcher 15:26:00] INFO: [spare-standby] WARNING:megatron.core.transformer.moe.moegambit_integration:[2026-07-28 15:26:00] MOEGAMBIT-MoE: initialization complete on rank 1
[watcher 15:26:00] INFO: Recovery phase: role=replacement rank=1 node=0 step=18 phase=post_rebuild_iteration_ready
[watcher 15:26:00] INFO: Recovery phase: role=survivor rank=42 node=5 step=18 phase=rerun_state_contract_start
[watcher 15:26:00] INFO: Recovery phase: role=survivor rank=43 node=5 step=18 phase=rerun_state_contract_start
[watcher 15:26:00] INFO: Recovery phase: role=survivor rank=0 node=0 step=18 phase=rerun_state_contract_start
[watcher 15:26:00] INFO: Recovery phase: role=survivor rank=5 node=0 step=18 phase=rerun_state_contract_start
[watcher 15:26:00] INFO: Recovery phase: role=survivor rank=32 node=4 step=18 phase=rerun_state_contract_start
[watcher 15:26:00] INFO: Recovery phase: role=survivor rank=37 node=4 step=18 phase=rerun_state_contract_start
[watcher 15:26:00] INFO: Recovery phase: role=survivor rank=4 node=0 step=18 phase=rerun_state_contract_start
[watcher 15:26:00] INFO: Recovery phase: role=survivor rank=28 node=3 step=18 phase=rerun_state_contract_start
[watcher 15:26:00] INFO: Recovery phase: role=survivor rank=26 node=3 step=18 phase=rerun_state_contract_start
[watcher 15:26:00] INFO: Recovery phase: role=survivor rank=50 node=6 step=18 phase=rerun_state_contract_start
[watcher 15:26:00] INFO: Recovery phase: role=survivor rank=27 node=3 step=18 phase=rerun_state_contract_start
[watcher 15:26:00] INFO: Recovery phase: role=survivor rank=54 node=6 step=18 phase=rerun_state_contract_start
[watcher 15:26:00] INFO: Recovery phase: role=survivor rank=55 node=6 step=18 phase=rerun_state_contract_start
[watcher 15:26:00] INFO: Recovery phase: role=survivor rank=45 node=5 step=18 phase=rerun_state_contract_start
[watcher 15:26:00] INFO: Recovery phase: role=survivor rank=62 node=7 step=18 phase=rerun_state_contract_start
[watcher 15:26:00] INFO: Recovery phase: role=survivor rank=8 node=1 step=18 phase=rerun_state_contract_start
[watcher 15:26:00] INFO: Recovery phase: role=survivor rank=9 node=1 step=18 phase=rerun_state_contract_start
[watcher 15:26:00] INFO: Recovery phase: role=survivor rank=40 node=5 step=18 phase=rerun_state_contract_start
[watcher 15:26:00] INFO: Recovery phase: role=survivor rank=31 node=3 step=18 phase=rerun_state_contract_start
[watcher 15:26:00] INFO: Recovery phase: role=survivor rank=33 node=4 step=18 phase=rerun_state_contract_start
[watcher 15:26:00] INFO: Recovery phase: role=survivor rank=25 node=3 step=18 phase=rerun_state_contract_start
[watcher 15:26:00] INFO: Recovery phase: role=survivor rank=58 node=7 step=18 phase=rerun_state_contract_start
[watcher 15:26:00] INFO: Recovery phase: role=survivor rank=24 node=3 step=18 phase=rerun_state_contract_start
[watcher 15:26:00] INFO: Recovery phase: role=survivor rank=48 node=6 step=18 phase=rerun_state_contract_start
[watcher 15:26:00] INFO: Recovery phase: role=survivor rank=49 node=6 step=18 phase=rerun_state_contract_start
[watcher 15:26:00] INFO: Recovery phase: role=survivor rank=63 node=7 step=18 phase=rerun_state_contract_start
[watcher 15:26:00] INFO: Recovery phase: role=survivor rank=57 node=7 step=18 phase=rerun_state_contract_start
[watcher 15:26:00] INFO: Recovery phase: role=survivor rank=29 node=3 step=18 phase=rerun_state_contract_start
[watcher 15:26:00] INFO: Recovery phase: role=survivor rank=16 node=2 step=18 phase=rerun_state_contract_start
[watcher 15:26:00] INFO: Recovery phase: role=survivor rank=60 node=7 step=18 phase=rerun_state_contract_start
[watcher 15:26:00] INFO: Recovery phase: role=survivor rank=39 node=4 step=18 phase=rerun_state_contract_start
[watcher 15:26:00] INFO: Recovery phase: role=survivor rank=61 node=7 step=18 phase=rerun_state_contract_start
[watcher 15:26:00] INFO: Recovery phase: role=survivor rank=47 node=5 step=18 phase=rerun_state_contract_start
[watcher 15:26:00] INFO: Recovery phase: role=survivor rank=18 node=2 step=18 phase=rerun_state_contract_start
[watcher 15:26:00] INFO: Recovery phase: role=survivor rank=7 node=0 step=18 phase=rerun_state_contract_start
[watcher 15:26:00] INFO: Recovery phase: role=survivor rank=36 node=4 step=18 phase=rerun_state_contract_start
[watcher 15:26:00] INFO: Recovery phase: role=survivor rank=59 node=7 step=18 phase=rerun_state_contract_start
[watcher 15:26:00] INFO: Recovery phase: role=survivor rank=11 node=1 step=18 phase=rerun_state_contract_start
[watcher 15:26:00] INFO: Recovery phase: role=survivor rank=17 node=2 step=18 phase=rerun_state_contract_start
[watcher 15:26:00] INFO: Recovery phase: role=survivor rank=20 node=2 step=18 phase=rerun_state_contract_start
[watcher 15:26:00] INFO: Recovery phase: role=survivor rank=52 node=6 step=18 phase=rerun_state_contract_start
[watcher 15:26:00] INFO: Recovery phase: role=survivor rank=34 node=4 step=18 phase=rerun_state_contract_start
[watcher 15:26:00] INFO: Recovery phase: role=survivor rank=30 node=3 step=18 phase=rerun_state_contract_start
[watcher 15:26:00] INFO: Recovery phase: role=survivor rank=22 node=2 step=18 phase=rerun_state_contract_start
[watcher 15:26:00] INFO: Recovery phase: role=survivor rank=13 node=1 step=18 phase=rerun_state_contract_start
[watcher 15:26:00] INFO: Recovery phase: role=survivor rank=2 node=0 step=18 phase=rerun_state_contract_start
[watcher 15:26:00] INFO: Recovery phase: role=survivor rank=15 node=1 step=18 phase=rerun_state_contract_start
[watcher 15:26:01] INFO: Recovery phase: role=survivor rank=21 node=2 step=18 phase=rerun_state_contract_start
[watcher 15:26:01] INFO: Recovery phase: role=survivor rank=23 node=2 step=18 phase=rerun_state_contract_start
[watcher 15:26:01] INFO: Recovery phase: role=survivor rank=19 node=2 step=18 phase=rerun_state_contract_start
[watcher 15:26:01] INFO: Recovery phase: role=survivor rank=38 node=4 step=18 phase=rerun_state_contract_start
[watcher 15:26:01] INFO: Recovery phase: role=survivor rank=35 node=4 step=18 phase=rerun_state_contract_start
[watcher 15:26:01] INFO: Recovery phase: role=survivor rank=41 node=5 step=18 phase=rerun_state_contract_start
[watcher 15:26:01] INFO: Recovery phase: role=survivor rank=46 node=5 step=18 phase=rerun_state_contract_start
[watcher 15:26:01] INFO: Recovery phase: role=survivor rank=44 node=5 step=18 phase=rerun_state_contract_start
[watcher 15:26:01] INFO: Recovery phase: role=survivor rank=14 node=1 step=18 phase=rerun_state_contract_start
[watcher 15:26:01] INFO: Recovery phase: role=survivor rank=12 node=1 step=18 phase=rerun_state_contract_start
[watcher 15:26:01] INFO: Recovery phase: role=survivor rank=10 node=1 step=18 phase=rerun_state_contract_start
[watcher 15:26:01] INFO: Recovery phase: role=survivor rank=6 node=0 step=18 phase=rerun_state_contract_start
[watcher 15:26:01] INFO: Recovery phase: role=survivor rank=3 node=0 step=18 phase=rerun_state_contract_start
[watcher 15:26:01] INFO: Recovery phase: role=survivor rank=53 node=6 step=18 phase=rerun_state_contract_start
[watcher 15:26:01] INFO: Recovery phase: role=survivor rank=51 node=6 step=18 phase=rerun_state_contract_start
[watcher 15:26:01] INFO: Recovery phase: role=replacement rank=1 node=0 step=18 phase=rerun_state_contract_start
[watcher 15:26:01] INFO: Recovery phase: role=survivor rank=56 node=7 step=18 phase=rerun_state_contract_start
[watcher 15:26:01] INFO: ordinal_barrier released: id=rerun_state_pre_step:1:18:first count=64 desc=RERUN_STATE_MACHINE ordinal=None stage=pre_first_recovered_step
[watcher 15:26:01] INFO: [spare-standby] WARNING:megatron.training.elastic_client:[elastic] Rank 1: all ranks aligned before first post-rebuild train step (iteration=18 token=iter18:replacement1)
[watcher 15:26:01] INFO: Recovery phase: role=survivor rank=56 node=7 step=18 phase=rerun_state_contract_ready
[watcher 15:26:01] INFO: Recovery phase: role=survivor rank=9 node=1 step=18 phase=rerun_state_contract_ready
[watcher 15:26:01] INFO: Recovery phase: role=survivor rank=48 node=6 step=18 phase=rerun_state_contract_ready
[watcher 15:26:01] INFO: Recovery phase: role=survivor rank=21 node=2 step=18 phase=rerun_state_contract_ready
[watcher 15:26:01] INFO: Recovery phase: role=survivor rank=23 node=2 step=18 phase=rerun_state_contract_ready
[watcher 15:26:01] INFO: Recovery phase: role=survivor rank=33 node=4 step=18 phase=rerun_state_contract_ready
[watcher 15:26:01] INFO: Recovery phase: role=survivor rank=36 node=4 step=18 phase=rerun_state_contract_ready
[watcher 15:26:01] INFO: Recovery phase: role=survivor rank=22 node=2 step=18 phase=rerun_state_contract_ready
[watcher 15:26:01] INFO: Recovery phase: role=survivor rank=35 node=4 step=18 phase=rerun_state_contract_ready
[watcher 15:26:01] INFO: Recovery phase: role=survivor rank=38 node=4 step=18 phase=rerun_state_contract_ready
[watcher 15:26:01] INFO: Recovery phase: role=survivor rank=11 node=1 step=18 phase=rerun_state_contract_ready
[watcher 15:26:01] INFO: Recovery phase: role=survivor rank=41 node=5 step=18 phase=rerun_state_contract_ready
[watcher 15:26:01] INFO: Recovery phase: role=survivor rank=8 node=1 step=18 phase=rerun_state_contract_ready
[watcher 15:26:01] INFO: Recovery phase: role=survivor rank=44 node=5 step=18 phase=rerun_state_contract_ready
[watcher 15:26:01] INFO: Recovery phase: role=survivor rank=47 node=5 step=18 phase=rerun_state_contract_ready
[watcher 15:26:01] INFO: Recovery phase: role=survivor rank=4 node=0 step=18 phase=rerun_state_contract_ready
[watcher 15:26:01] INFO: Recovery phase: role=survivor rank=56 node=7 step=18 phase=forward_backward_start
[watcher 15:26:01] INFO: Recovery phase: role=survivor rank=37 node=4 step=18 phase=rerun_state_contract_ready
[watcher 15:26:01] INFO: Recovery phase: role=survivor rank=46 node=5 step=18 phase=rerun_state_contract_ready
[watcher 15:26:01] INFO: Recovery phase: role=survivor rank=48 node=6 step=18 phase=forward_backward_start
[watcher 15:26:01] INFO: Recovery phase: role=survivor rank=34 node=4 step=18 phase=rerun_state_contract_ready
[watcher 15:26:01] INFO: Recovery phase: role=survivor rank=60 node=7 step=18 phase=rerun_state_contract_ready
[watcher 15:26:01] INFO: Recovery phase: role=survivor rank=24 node=3 step=18 phase=rerun_state_contract_ready
[watcher 15:26:01] INFO: Recovery phase: role=survivor rank=14 node=1 step=18 phase=rerun_state_contract_ready
[watcher 15:26:01] INFO: Recovery phase: role=survivor rank=13 node=1 step=18 phase=rerun_state_contract_ready
[watcher 15:26:01] INFO: Recovery phase: role=survivor rank=40 node=5 step=18 phase=rerun_state_contract_ready
[watcher 15:26:01] INFO: Recovery phase: role=survivor rank=19 node=2 step=18 phase=rerun_state_contract_ready
[watcher 15:26:01] INFO: Recovery phase: role=replacement rank=1 node=0 step=18 phase=rerun_state_contract_ready
[watcher 15:26:01] INFO: Recovery phase: role=survivor rank=39 node=4 step=18 phase=rerun_state_contract_ready
[watcher 15:26:01] INFO: Recovery phase: role=survivor rank=51 node=6 step=18 phase=rerun_state_contract_ready
[watcher 15:26:01] INFO: Recovery phase: role=survivor rank=8 node=1 step=18 phase=forward_backward_start
[watcher 15:26:01] INFO: Recovery phase: role=survivor rank=45 node=5 step=18 phase=rerun_state_contract_ready
[watcher 15:26:01] INFO: Recovery phase: role=survivor rank=18 node=2 step=18 phase=rerun_state_contract_ready
[watcher 15:26:01] INFO: Recovery phase: role=survivor rank=20 node=2 step=18 phase=rerun_state_contract_ready
[watcher 15:26:01] INFO: Recovery phase: role=survivor rank=28 node=3 step=18 phase=rerun_state_contract_ready
[watcher 15:26:01] INFO: Recovery phase: role=survivor rank=50 node=6 step=18 phase=rerun_state_contract_ready
[watcher 15:26:01] INFO: Recovery phase: role=survivor rank=29 node=3 step=18 phase=rerun_state_contract_ready
[watcher 15:26:01] INFO: Recovery phase: role=survivor rank=30 node=3 step=18 phase=rerun_state_contract_ready
[watcher 15:26:01] INFO: Recovery phase: role=survivor rank=0 node=0 step=18 phase=rerun_state_contract_ready
[watcher 15:26:01] INFO: Recovery phase: role=survivor rank=24 node=3 step=18 phase=forward_backward_start
[watcher 15:26:01] INFO: Recovery phase: role=survivor rank=43 node=5 step=18 phase=rerun_state_contract_ready
[watcher 15:26:01] INFO: Recovery phase: role=survivor rank=6 node=0 step=18 phase=rerun_state_contract_ready
[watcher 15:26:01] INFO: Recovery phase: role=survivor rank=40 node=5 step=18 phase=forward_backward_start
[watcher 15:26:01] INFO: Recovery phase: role=survivor rank=15 node=1 step=18 phase=rerun_state_contract_ready
[watcher 15:26:01] INFO: Recovery phase: role=survivor rank=12 node=1 step=18 phase=rerun_state_contract_ready
[watcher 15:26:01] INFO: Recovery phase: role=survivor rank=32 node=4 step=18 phase=rerun_state_contract_ready
[watcher 15:26:01] INFO: Recovery phase: role=survivor rank=49 node=6 step=18 phase=rerun_state_contract_ready
[watcher 15:26:01] INFO: Recovery phase: role=survivor rank=57 node=7 step=18 phase=rerun_state_contract_ready
[watcher 15:26:01] INFO: Recovery phase: role=survivor rank=62 node=7 step=18 phase=rerun_state_contract_ready
[watcher 15:26:01] INFO: Recovery phase: role=survivor rank=63 node=7 step=18 phase=rerun_state_contract_ready
[watcher 15:26:01] INFO: Recovery phase: role=survivor rank=58 node=7 step=18 phase=rerun_state_contract_ready
[watcher 15:26:01] INFO: Recovery phase: role=survivor rank=16 node=2 step=18 phase=rerun_state_contract_ready
[watcher 15:26:01] INFO: Ignoring stale recovery phase: role=replacement rank=1 node=0 step=18 phase=iteration_prologue_start current=rerun_state_contract_ready
[watcher 15:26:01] INFO: Recovery phase: role=replacement rank=1 node=0 step=18 phase=iteration_prologue_start
[watcher 15:26:01] INFO: Recovery phase: role=survivor rank=61 node=7 step=18 phase=rerun_state_contract_ready
[watcher 15:26:01] INFO: Recovery phase: role=survivor rank=0 node=0 step=18 phase=forward_backward_start
[watcher 15:26:01] INFO: Recovery phase: role=survivor rank=27 node=3 step=18 phase=rerun_state_contract_ready
[watcher 15:26:01] INFO: Recovery phase: role=survivor rank=10 node=1 step=18 phase=rerun_state_contract_ready
[watcher 15:26:01] INFO: Recovery phase: role=survivor rank=3 node=0 step=18 phase=rerun_state_contract_ready
[watcher 15:26:01] INFO: Recovery phase: role=survivor rank=53 node=6 step=18 phase=rerun_state_contract_ready
[watcher 15:26:01] INFO: Recovery phase: role=survivor rank=32 node=4 step=18 phase=forward_backward_start
[watcher 15:26:01] INFO: Recovery phase: role=survivor rank=42 node=5 step=18 phase=rerun_state_contract_ready
[watcher 15:26:01] INFO: Recovery phase: role=survivor rank=25 node=3 step=18 phase=rerun_state_contract_ready
[watcher 15:26:01] INFO: Ignoring stale recovery phase: role=replacement rank=1 node=0 step=18 phase=iteration_prologue_done current=rerun_state_contract_ready
[watcher 15:26:01] INFO: Recovery phase: role=replacement rank=1 node=0 step=18 phase=iteration_prologue_done
[watcher 15:26:01] INFO: Recovery phase: role=survivor rank=55 node=6 step=18 phase=rerun_state_contract_ready
[watcher 15:26:01] INFO: Recovery phase: role=survivor rank=17 node=2 step=18 phase=rerun_state_contract_ready
[watcher 15:26:01] INFO: Ignoring stale recovery phase: role=replacement rank=1 node=0 step=18 phase=iteration_safe_point_start current=rerun_state_contract_ready
[watcher 15:26:01] INFO: Recovery phase: role=replacement rank=1 node=0 step=18 phase=iteration_safe_point_start
[watcher 15:26:01] INFO: Recovery phase: role=survivor rank=54 node=6 step=18 phase=rerun_state_contract_ready
[watcher 15:26:01] INFO: Recovery phase: role=survivor rank=52 node=6 step=18 phase=rerun_state_contract_ready
[watcher 15:26:01] INFO: Ignoring stale recovery phase: role=replacement rank=1 node=0 step=18 phase=iteration_safe_point_done current=rerun_state_contract_ready
[watcher 15:26:01] INFO: Recovery phase: role=replacement rank=1 node=0 step=18 phase=iteration_safe_point_done
[watcher 15:26:01] INFO: Recovery phase: role=survivor rank=16 node=2 step=18 phase=forward_backward_start
[watcher 15:26:01] INFO: Recovery phase: role=survivor rank=2 node=0 step=18 phase=rerun_state_contract_ready
[watcher 15:26:01] INFO: Ignoring stale recovery phase: role=replacement rank=1 node=0 step=18 phase=moegambit_before_iteration_start current=rerun_state_contract_ready
[watcher 15:26:01] INFO: Recovery phase: role=replacement rank=1 node=0 step=18 phase=moegambit_before_iteration_start
[watcher 15:26:01] INFO: Recovery phase: role=survivor rank=5 node=0 step=18 phase=rerun_state_contract_ready
[watcher 15:26:01] INFO: Ignoring stale recovery phase: role=replacement rank=1 node=0 step=18 phase=moegambit_before_iteration_done current=rerun_state_contract_ready
[watcher 15:26:01] INFO: Recovery phase: role=replacement rank=1 node=0 step=18 phase=moegambit_before_iteration_done
[watcher 15:26:01] INFO: Recovery phase: role=survivor rank=59 node=7 step=18 phase=rerun_state_contract_ready
[watcher 15:26:01] INFO: Recovery phase: role=survivor rank=7 node=0 step=18 phase=rerun_state_contract_ready
[watcher 15:26:01] INFO: Recovery phase: role=survivor rank=26 node=3 step=18 phase=rerun_state_contract_ready
[watcher 15:26:01] INFO: Recovery phase: role=replacement rank=1 node=0 step=18 phase=forward_backward_start
[watcher 15:26:01] INFO: Recovery phase: role=survivor rank=31 node=3 step=18 phase=rerun_state_contract_ready
[watcher 15:26:01] INFO: [spare-standby] NCCL version 2.21.5+cuda12.4
[watcher 15:26:01] INFO: Ignoring stale recovery phase: role=survivor rank=4 node=0 step=18 phase=moe_first_collective_prepared current=rerun_state_contract_ready
[watcher 15:26:01] INFO: Recovery phase: role=survivor rank=4 node=0 step=18 phase=moe_first_collective_prepared group_ranks=[0, 1, 2, 3, 4, 5, 6, 7]
[watcher 15:26:01] INFO: Ignoring stale recovery phase: role=survivor rank=0 node=0 step=18 phase=moe_first_collective_prepared current=forward_backward_start
[watcher 15:26:01] INFO: Recovery phase: role=survivor rank=0 node=0 step=18 phase=moe_first_collective_prepared group_ranks=[0, 1, 2, 3, 4, 5, 6, 7]
[watcher 15:26:01] INFO: Ignoring stale recovery phase: role=survivor rank=6 node=0 step=18 phase=moe_first_collective_prepared current=rerun_state_contract_ready
[watcher 15:26:01] INFO: Recovery phase: role=survivor rank=6 node=0 step=18 phase=moe_first_collective_prepared group_ranks=[0, 1, 2, 3, 4, 5, 6, 7]
[watcher 15:26:01] INFO: Ignoring stale recovery phase: role=survivor rank=3 node=0 step=18 phase=moe_first_collective_prepared current=rerun_state_contract_ready
[watcher 15:26:01] INFO: Recovery phase: role=survivor rank=3 node=0 step=18 phase=moe_first_collective_prepared group_ranks=[0, 1, 2, 3, 4, 5, 6, 7]
[watcher 15:26:01] INFO: Ignoring stale recovery phase: role=survivor rank=2 node=0 step=18 phase=moe_first_collective_prepared current=rerun_state_contract_ready
[watcher 15:26:01] INFO: Recovery phase: role=survivor rank=2 node=0 step=18 phase=moe_first_collective_prepared group_ranks=[0, 1, 2, 3, 4, 5, 6, 7]
[watcher 15:26:01] INFO: Ignoring stale recovery phase: role=survivor rank=7 node=0 step=18 phase=moe_first_collective_prepared current=rerun_state_contract_ready
[watcher 15:26:01] INFO: Recovery phase: role=survivor rank=7 node=0 step=18 phase=moe_first_collective_prepared group_ranks=[0, 1, 2, 3, 4, 5, 6, 7]
[watcher 15:26:01] INFO: Ignoring stale recovery phase: role=survivor rank=5 node=0 step=18 phase=moe_first_collective_prepared current=rerun_state_contract_ready
[watcher 15:26:01] INFO: Recovery phase: role=survivor rank=5 node=0 step=18 phase=moe_first_collective_prepared group_ranks=[0, 1, 2, 3, 4, 5, 6, 7]
[watcher 15:26:03] INFO: [spare-standby] INFO:megatron.training.zero2_memory_checkpoint:[elastic-zero2] rank=1 step=18 committed d2h_ms=121.8 h2h_ms=6122.0 bytes=6074046720
[watcher 15:26:05] INFO: Ignoring stale recovery phase: role=replacement rank=1 node=0 step=18 phase=moe_first_collective_prepared current=forward_backward_start
[watcher 15:26:05] INFO: Recovery phase: role=replacement rank=1 node=0 step=18 phase=moe_first_collective_prepared group_ranks=[0, 1, 2, 3, 4, 5, 6, 7]
[watcher 15:26:05] INFO: [spare-standby] WARNING:megatron.core.transformer.moe.token_dispatcher:[elastic] Rank 1: prepared first MoE tp_ep_metadata_gather tensors contract={'group_name': '14', 'group_desc': 'EXPERT_TENSOR_AND_MODEL_PARALLEL_GROUP', 'group_rank': 1, 'group_size': 8, 'store_type': 'PrefixStore', 'c10d_name': '14'}
[watcher 15:26:05] INFO: [spare-standby] WARNING:megatron.core.transformer.moe.token_dispatcher:[elastic] Rank 1: waiting before first MoE tp_ep_metadata_gather collective ranks=[0, 1, 2, 3, 4, 5, 6, 7]
[watcher 15:26:06] INFO: ordinal_barrier released: id=moe_first_collective:iter18:replacement1:tp_ep_metadata_gather:0-1-2-3-4-5-6-7 count=8 desc=MOE_tp_ep_metadata_gather ordinal=None stage=first_collective
[watcher 15:26:06] INFO: [spare-standby] WARNING:megatron.core.transformer.moe.token_dispatcher:[elastic] Rank 1: aligned before first MoE tp_ep_metadata_gather collective ranks=[0, 1, 2, 3, 4, 5, 6, 7]
[watcher 15:26:06] INFO: [spare-standby] WARNING:megatron.core.transformer.moe.token_dispatcher:[elastic] Rank 1: first MoE tp_ep_metadata_gather ProcessGroup store verified contract={'group_name': '14', 'group_desc': 'EXPERT_TENSOR_AND_MODEL_PARALLEL_GROUP', 'group_rank': 1, 'group_size': 8, 'store_type': 'PrefixStore', 'c10d_name': '14'}
[watcher 15:26:06] INFO: [spare-standby] WARNING:megatron.core.transformer.moe.token_dispatcher:[elastic] Rank 1: starting prepared first MoE tp_ep_metadata_gather collective contract={'group_name': '14', 'group_desc': 'EXPERT_TENSOR_AND_MODEL_PARALLEL_GROUP', 'group_rank': 1, 'group_size': 8, 'store_type': 'PrefixStore', 'c10d_name': '14'}
[watcher 15:26:06] INFO: [spare-standby] WARNING:megatron.core.transformer.moe.token_dispatcher:[elastic] Rank 1: launching first MoE tp_ep_metadata_gather collective with timeout 70.0s ranks=[0, 1, 2, 3, 4, 5, 6, 7]
[watcher 15:26:06] INFO: Recovery phase: role=replacement rank=1 node=0 step=18 phase=moe_first_collective_start group_ranks=[0, 1, 2, 3, 4, 5, 6, 7]
[watcher 15:26:06] INFO: Ignoring stale recovery phase: role=survivor rank=2 node=0 step=18 phase=moe_first_collective_store_ready current=rerun_state_contract_ready
[watcher 15:26:06] INFO: Recovery phase: role=survivor rank=2 node=0 step=18 phase=moe_first_collective_store_ready group_ranks=[0, 1, 2, 3, 4, 5, 6, 7]
[watcher 15:26:06] INFO: Ignoring stale recovery phase: role=replacement rank=1 node=0 step=18 phase=moe_first_collective_store_ready current=moe_first_collective_start
[watcher 15:26:06] INFO: Recovery phase: role=replacement rank=1 node=0 step=18 phase=moe_first_collective_store_ready group_ranks=[0, 1, 2, 3, 4, 5, 6, 7]
[watcher 15:26:06] INFO: Ignoring stale recovery phase: role=survivor rank=0 node=0 step=18 phase=moe_first_collective_store_ready current=forward_backward_start
[watcher 15:26:06] INFO: Recovery phase: role=survivor rank=0 node=0 step=18 phase=moe_first_collective_store_ready group_ranks=[0, 1, 2, 3, 4, 5, 6, 7]
[watcher 15:26:06] INFO: Ignoring stale recovery phase: role=survivor rank=7 node=0 step=18 phase=moe_first_collective_store_ready current=rerun_state_contract_ready
[watcher 15:26:06] INFO: Recovery phase: role=survivor rank=7 node=0 step=18 phase=moe_first_collective_store_ready group_ranks=[0, 1, 2, 3, 4, 5, 6, 7]
[watcher 15:26:06] INFO: Ignoring stale recovery phase: role=survivor rank=5 node=0 step=18 phase=moe_first_collective_store_ready current=rerun_state_contract_ready
[watcher 15:26:06] INFO: Recovery phase: role=survivor rank=5 node=0 step=18 phase=moe_first_collective_store_ready group_ranks=[0, 1, 2, 3, 4, 5, 6, 7]
[watcher 15:26:06] INFO: Ignoring stale recovery phase: role=survivor rank=3 node=0 step=18 phase=moe_first_collective_store_ready current=rerun_state_contract_ready
[watcher 15:26:06] INFO: Recovery phase: role=survivor rank=3 node=0 step=18 phase=moe_first_collective_store_ready group_ranks=[0, 1, 2, 3, 4, 5, 6, 7]
[watcher 15:26:06] INFO: Ignoring stale recovery phase: role=survivor rank=6 node=0 step=18 phase=moe_first_collective_store_ready current=rerun_state_contract_ready
[watcher 15:26:06] INFO: Recovery phase: role=survivor rank=6 node=0 step=18 phase=moe_first_collective_store_ready group_ranks=[0, 1, 2, 3, 4, 5, 6, 7]
[watcher 15:26:06] INFO: Ignoring stale recovery phase: role=survivor rank=4 node=0 step=18 phase=moe_first_collective_store_ready current=rerun_state_contract_ready
[watcher 15:26:06] INFO: Recovery phase: role=survivor rank=4 node=0 step=18 phase=moe_first_collective_store_ready group_ranks=[0, 1, 2, 3, 4, 5, 6, 7]
[watcher 15:26:06] INFO: Recovery phase: role=survivor rank=6 node=0 step=18 phase=moe_first_collective_start group_ranks=[0, 1, 2, 3, 4, 5, 6, 7]
[watcher 15:26:06] INFO: Recovery phase: role=survivor rank=7 node=0 step=18 phase=moe_first_collective_start group_ranks=[0, 1, 2, 3, 4, 5, 6, 7]
[watcher 15:26:06] INFO: Recovery phase: role=survivor rank=2 node=0 step=18 phase=moe_first_collective_start group_ranks=[0, 1, 2, 3, 4, 5, 6, 7]
[watcher 15:26:06] INFO: Recovery phase: role=survivor rank=0 node=0 step=18 phase=moe_first_collective_start group_ranks=[0, 1, 2, 3, 4, 5, 6, 7]
[watcher 15:26:06] INFO: Recovery phase: role=survivor rank=5 node=0 step=18 phase=moe_first_collective_start group_ranks=[0, 1, 2, 3, 4, 5, 6, 7]
[watcher 15:26:06] INFO: Recovery phase: role=survivor rank=3 node=0 step=18 phase=moe_first_collective_start group_ranks=[0, 1, 2, 3, 4, 5, 6, 7]
[watcher 15:26:06] INFO: Recovery phase: role=survivor rank=4 node=0 step=18 phase=moe_first_collective_start group_ranks=[0, 1, 2, 3, 4, 5, 6, 7]
[watcher 15:26:06] INFO: [spare-standby] WARNING:megatron.core.transformer.moe.token_dispatcher:[elastic] Rank 1: first MoE tp_ep_metadata_gather collective completed ranks=[0, 1, 2, 3, 4, 5, 6, 7]
[watcher 15:26:06] INFO: Recovery phase: role=replacement rank=1 node=0 step=18 phase=moe_first_collective_done group_ranks=[0, 1, 2, 3, 4, 5, 6, 7]
[watcher 15:26:06] INFO: Recovery phase: role=survivor rank=4 node=0 step=18 phase=moe_first_collective_done group_ranks=[0, 1, 2, 3, 4, 5, 6, 7]
[watcher 15:26:06] INFO: Recovery phase: role=survivor rank=6 node=0 step=18 phase=moe_first_collective_done group_ranks=[0, 1, 2, 3, 4, 5, 6, 7]
[watcher 15:26:06] INFO: Recovery phase: role=survivor rank=7 node=0 step=18 phase=moe_first_collective_done group_ranks=[0, 1, 2, 3, 4, 5, 6, 7]
[watcher 15:26:06] INFO: Recovery phase: role=survivor rank=3 node=0 step=18 phase=moe_first_collective_done group_ranks=[0, 1, 2, 3, 4, 5, 6, 7]
[watcher 15:26:06] INFO: Recovery phase: role=survivor rank=0 node=0 step=18 phase=moe_first_collective_done group_ranks=[0, 1, 2, 3, 4, 5, 6, 7]
[watcher 15:26:06] INFO: Recovery phase: role=survivor rank=2 node=0 step=18 phase=moe_first_collective_done group_ranks=[0, 1, 2, 3, 4, 5, 6, 7]
[watcher 15:26:06] INFO: Recovery phase: role=survivor rank=5 node=0 step=18 phase=moe_first_collective_done group_ranks=[0, 1, 2, 3, 4, 5, 6, 7]
[watcher 15:26:18] INFO: Recovery phase: role=survivor rank=56 node=7 step=18 phase=forward_backward_done
[watcher 15:26:20] INFO: Recovery phase: role=survivor rank=48 node=6 step=18 phase=forward_backward_done
[watcher 15:26:21] INFO: Recovery phase: role=survivor rank=40 node=5 step=18 phase=forward_backward_done
[watcher 15:26:22] INFO: Recovery phase: role=survivor rank=32 node=4 step=18 phase=forward_backward_done
[watcher 15:26:23] INFO: Recovery phase: role=survivor rank=24 node=3 step=18 phase=forward_backward_done
[watcher 15:26:25] INFO: Recovery phase: role=survivor rank=16 node=2 step=18 phase=forward_backward_done
[watcher 15:26:26] INFO: Recovery phase: role=survivor rank=8 node=1 step=18 phase=forward_backward_done
[watcher 15:26:33] INFO: Recovery phase: role=survivor rank=0 node=0 step=18 phase=forward_backward_done
[watcher 15:26:34] INFO: Recovery phase: role=replacement rank=1 node=0 step=18 phase=forward_backward_done
[watcher 15:26:34] INFO: Recovery phase: role=survivor rank=56 node=7 step=18 phase=optimizer_pg_contract_ready
[watcher 15:26:34] INFO: Recovery phase: role=survivor rank=0 node=0 step=18 phase=optimizer_pg_contract_ready
[watcher 15:26:34] INFO: Recovery phase: role=survivor rank=2 node=0 step=18 phase=optimizer_pg_contract_ready
[watcher 15:26:34] INFO: Recovery phase: role=survivor rank=24 node=3 step=18 phase=optimizer_pg_contract_ready
[watcher 15:26:34] INFO: Recovery phase: role=survivor rank=4 node=0 step=18 phase=optimizer_pg_contract_ready
[watcher 15:26:34] INFO: Recovery phase: role=survivor rank=40 node=5 step=18 phase=optimizer_pg_contract_ready
[watcher 15:26:34] INFO: Recovery phase: role=survivor rank=3 node=0 step=18 phase=optimizer_pg_contract_ready
[watcher 15:26:34] INFO: Recovery phase: role=survivor rank=57 node=7 step=18 phase=optimizer_pg_contract_ready
[watcher 15:26:34] INFO: Recovery phase: role=survivor rank=59 node=7 step=18 phase=optimizer_pg_contract_ready
[watcher 15:26:34] INFO: Recovery phase: role=survivor rank=48 node=6 step=18 phase=optimizer_pg_contract_ready
[watcher 15:26:34] INFO: Recovery phase: role=survivor rank=60 node=7 step=18 phase=optimizer_pg_contract_ready
[watcher 15:26:34] INFO: Recovery phase: role=survivor rank=5 node=0 step=18 phase=optimizer_pg_contract_ready
[watcher 15:26:34] INFO: Recovery phase: role=replacement rank=1 node=0 step=18 phase=optimizer_pg_contract_ready
[watcher 15:26:34] INFO: Recovery phase: role=survivor rank=7 node=0 step=18 phase=optimizer_pg_contract_ready
[watcher 15:26:34] INFO: Recovery phase: role=survivor rank=6 node=0 step=18 phase=optimizer_pg_contract_ready
[watcher 15:26:34] INFO: Recovery phase: role=survivor rank=32 node=4 step=18 phase=optimizer_pg_contract_ready
[watcher 15:26:34] INFO: Recovery phase: role=survivor rank=9 node=1 step=18 phase=optimizer_pg_contract_ready
[watcher 15:26:34] INFO: Recovery phase: role=survivor rank=8 node=1 step=18 phase=optimizer_pg_contract_ready
[watcher 15:26:34] INFO: Recovery phase: role=survivor rank=26 node=3 step=18 phase=optimizer_pg_contract_ready
[watcher 15:26:34] INFO: Recovery phase: role=survivor rank=58 node=7 step=18 phase=optimizer_pg_contract_ready
[watcher 15:26:34] INFO: Recovery phase: role=survivor rank=62 node=7 step=18 phase=optimizer_pg_contract_ready
[watcher 15:26:34] INFO: Recovery phase: role=survivor rank=27 node=3 step=18 phase=optimizer_pg_contract_ready
[watcher 15:26:34] INFO: Recovery phase: role=survivor rank=61 node=7 step=18 phase=optimizer_pg_contract_ready
[watcher 15:26:34] INFO: Recovery phase: role=survivor rank=25 node=3 step=18 phase=optimizer_pg_contract_ready
[watcher 15:26:34] INFO: Recovery phase: role=survivor rank=41 node=5 step=18 phase=optimizer_pg_contract_ready
[watcher 15:26:34] INFO: Recovery phase: role=survivor rank=42 node=5 step=18 phase=optimizer_pg_contract_ready
[watcher 15:26:34] INFO: Recovery phase: role=survivor rank=50 node=6 step=18 phase=optimizer_pg_contract_ready
[watcher 15:26:34] INFO: Recovery phase: role=survivor rank=43 node=5 step=18 phase=optimizer_pg_contract_ready
[watcher 15:26:34] INFO: Recovery phase: role=survivor rank=44 node=5 step=18 phase=optimizer_pg_contract_ready
[watcher 15:26:34] INFO: Recovery phase: role=survivor rank=33 node=4 step=18 phase=optimizer_pg_contract_ready
[watcher 15:26:34] INFO: Recovery phase: role=survivor rank=28 node=3 step=18 phase=optimizer_pg_contract_ready
[watcher 15:26:34] INFO: Recovery phase: role=survivor rank=63 node=7 step=18 phase=optimizer_pg_contract_ready
[watcher 15:26:34] INFO: Recovery phase: role=survivor rank=49 node=6 step=18 phase=optimizer_pg_contract_ready
[watcher 15:26:34] INFO: Recovery phase: role=survivor rank=51 node=6 step=18 phase=optimizer_pg_contract_ready
[watcher 15:26:34] INFO: Recovery phase: role=survivor rank=34 node=4 step=18 phase=optimizer_pg_contract_ready
[watcher 15:26:34] INFO: Recovery phase: role=survivor rank=30 node=3 step=18 phase=optimizer_pg_contract_ready
[watcher 15:26:34] INFO: Recovery phase: role=survivor rank=10 node=1 step=18 phase=optimizer_pg_contract_ready
[watcher 15:26:34] INFO: Recovery phase: role=survivor rank=52 node=6 step=18 phase=optimizer_pg_contract_ready
[watcher 15:26:34] INFO: Recovery phase: role=survivor rank=46 node=5 step=18 phase=optimizer_pg_contract_ready
[watcher 15:26:34] INFO: Recovery phase: role=survivor rank=12 node=1 step=18 phase=optimizer_pg_contract_ready
[watcher 15:26:34] INFO: Recovery phase: role=survivor rank=54 node=6 step=18 phase=optimizer_pg_contract_ready
[watcher 15:26:34] INFO: Recovery phase: role=survivor rank=35 node=4 step=18 phase=optimizer_pg_contract_ready
[watcher 15:26:34] INFO: Recovery phase: role=survivor rank=47 node=5 step=18 phase=optimizer_pg_contract_ready
[watcher 15:26:34] INFO: Recovery phase: role=survivor rank=31 node=3 step=18 phase=optimizer_pg_contract_ready
[watcher 15:26:34] INFO: Recovery phase: role=survivor rank=29 node=3 step=18 phase=optimizer_pg_contract_ready
[watcher 15:26:34] INFO: Recovery phase: role=survivor rank=45 node=5 step=18 phase=optimizer_pg_contract_ready
[watcher 15:26:34] INFO: Recovery phase: role=survivor rank=53 node=6 step=18 phase=optimizer_pg_contract_ready
[watcher 15:26:34] INFO: Recovery phase: role=survivor rank=37 node=4 step=18 phase=optimizer_pg_contract_ready
[watcher 15:26:34] INFO: Recovery phase: role=survivor rank=36 node=4 step=18 phase=optimizer_pg_contract_ready
[watcher 15:26:34] INFO: Recovery phase: role=survivor rank=13 node=1 step=18 phase=optimizer_pg_contract_ready
[watcher 15:26:34] INFO: Recovery phase: role=survivor rank=15 node=1 step=18 phase=optimizer_pg_contract_ready
[watcher 15:26:34] INFO: Recovery phase: role=survivor rank=20 node=2 step=18 phase=optimizer_pg_contract_ready
[watcher 15:26:34] INFO: Recovery phase: role=survivor rank=11 node=1 step=18 phase=optimizer_pg_contract_ready
[watcher 15:26:34] INFO: Recovery phase: role=survivor rank=19 node=2 step=18 phase=optimizer_pg_contract_ready
[watcher 15:26:34] INFO: Recovery phase: role=survivor rank=21 node=2 step=18 phase=optimizer_pg_contract_ready
[watcher 15:26:34] INFO: Recovery phase: role=survivor rank=55 node=6 step=18 phase=optimizer_pg_contract_ready
[watcher 15:26:35] INFO: Recovery phase: role=survivor rank=23 node=2 step=18 phase=optimizer_pg_contract_ready
[watcher 15:26:35] INFO: Recovery phase: role=survivor rank=17 node=2 step=18 phase=optimizer_pg_contract_ready
[watcher 15:26:35] INFO: Recovery phase: role=survivor rank=22 node=2 step=18 phase=optimizer_pg_contract_ready
[watcher 15:26:35] INFO: Recovery phase: role=survivor rank=18 node=2 step=18 phase=optimizer_pg_contract_ready
[watcher 15:26:35] INFO: Recovery phase: role=survivor rank=16 node=2 step=18 phase=optimizer_pg_contract_ready
[watcher 15:26:35] INFO: Recovery phase: role=survivor rank=38 node=4 step=18 phase=optimizer_pg_contract_ready
[watcher 15:26:35] INFO: Recovery phase: role=survivor rank=39 node=4 step=18 phase=optimizer_pg_contract_ready
[watcher 15:26:35] INFO: Recovery phase: role=survivor rank=14 node=1 step=18 phase=optimizer_pg_contract_ready
[watcher 15:26:35] INFO: [spare-standby] WARNING:megatron.training.elastic_client:[elastic] Rank 1: optimizer ProcessGroup contract verified: [{'index': 0, 'kind': 'dense', 'kind_source': 'param_groups', 'expected_group': 'intra_dist_opt', 'use_distributed_optimizer': True, 'group_name': '17', 'group_desc': 'INTRA_DISTRIBUTED_OPTIMIZER_INSTANCE_GROUP', 'ranks': [0, 1, 2, 3, 4, 5, 6, 7, 8, 9, 10, 11, 12, 13, 14, 15, 16, 17, 18, 19, 20, 21, 22, 23, 24, 25, 26, 27, 28, 29, 30, 31, 32, 33, 34, 35, 36, 37, 38, 39, 40, 41, 42, 43, 44, 45, 46, 47, 48, 49, 50, 51, 52, 53, 54, 55, 56, 57, 58, 59, 60, 61, 62, 63]}, {'index': 1, 'kind': 'expert', 'kind_source': 'param_groups', 'expected_group': 'intra_dist_opt', 'use_distributed_optimizer': True, 'group_name': '17', 'group_desc': 'INTRA_DISTRIBUTED_OPTIMIZER_INSTANCE_GROUP', 'ranks': [0, 1, 2, 3, 4, 5, 6, 7, 8, 9, 10, 11, 12, 13, 14, 15, 16, 17, 18, 19, 20, 21, 22, 23, 24, 25, 26, 27, 28, 29, 30, 31, 32, 33, 34, 35, 36, 37, 38, 39, 40, 41, 42, 43, 44, 45, 46, 47, 48, 49, 50, 51, 52, 53, 54, 55, 56, 57, 58, 59, 60, 61, 62, 63]}]
[watcher 15:26:35] INFO: Recovery phase: role=survivor rank=8 node=1 step=18 phase=optimizer_step_start
[watcher 15:26:35] INFO: Recovery phase: role=replacement rank=1 node=0 step=18 phase=optimizer_step_start
[watcher 15:26:35] INFO: Recovery phase: role=survivor rank=0 node=0 step=18 phase=optimizer_step_start
[watcher 15:26:35] INFO: Recovery phase: role=survivor rank=24 node=3 step=18 phase=optimizer_step_start
[watcher 15:26:35] INFO: Recovery phase: role=survivor rank=32 node=4 step=18 phase=optimizer_step_start
[watcher 15:26:35] INFO: Recovery phase: role=survivor rank=48 node=6 step=18 phase=optimizer_step_start
[watcher 15:26:35] INFO: Recovery phase: role=survivor rank=40 node=5 step=18 phase=optimizer_step_start
[watcher 15:26:35] INFO: Recovery phase: role=survivor rank=56 node=7 step=18 phase=optimizer_step_start
[watcher 15:26:35] INFO: Recovery phase: role=survivor rank=16 node=2 step=18 phase=optimizer_step_start
[watcher 15:26:36] INFO: Recovery phase: role=survivor rank=56 node=7 step=18 phase=optimizer_step_done
[watcher 15:26:36] INFO: Recovery phase: role=survivor rank=8 node=1 step=18 phase=optimizer_step_done
[watcher 15:26:36] INFO: Recovery phase: role=survivor rank=24 node=3 step=18 phase=optimizer_step_done
[watcher 15:26:36] INFO: Recovery phase: role=survivor rank=40 node=5 step=18 phase=optimizer_step_done
[watcher 15:26:36] INFO: Recovery phase: role=survivor rank=32 node=4 step=18 phase=optimizer_step_done
[watcher 15:26:36] INFO: Recovery phase: role=survivor rank=48 node=6 step=18 phase=optimizer_step_done
[watcher 15:26:36] INFO: Recovery phase: role=survivor rank=16 node=2 step=18 phase=optimizer_step_done
[watcher 15:26:36] INFO: Recovery phase: role=survivor rank=0 node=0 step=18 phase=optimizer_step_done
[watcher 15:26:36] INFO: Recovery phase: role=replacement rank=1 node=0 step=18 phase=optimizer_step_done
[watcher 15:26:37] INFO: Recovery phase: role=survivor rank=8 node=1 step=18 phase=train_step_finalize_done
[watcher 15:26:37] INFO: Recovery phase: role=survivor rank=48 node=6 step=18 phase=train_step_finalize_done
[watcher 15:26:37] INFO: Recovery phase: role=survivor rank=24 node=3 step=18 phase=train_step_finalize_done
[watcher 15:26:37] INFO: Recovery phase: role=survivor rank=32 node=4 step=18 phase=train_step_finalize_done
[watcher 15:26:37] INFO: Recovery phase: role=survivor rank=56 node=7 step=18 phase=train_step_finalize_done
[watcher 15:26:37] INFO: Recovery phase: role=survivor rank=40 node=5 step=18 phase=train_step_finalize_done
[watcher 15:26:37] INFO: Recovery phase: role=survivor rank=0 node=0 step=18 phase=train_step_finalize_done
[watcher 15:26:37] INFO: Recovery phase: role=survivor rank=16 node=2 step=18 phase=train_step_finalize_done
[watcher 15:26:37] INFO: Recovery phase: role=survivor rank=48 node=6 step=18 phase=training_log_start
[watcher 15:26:37] INFO: Recovery phase: role=survivor rank=8 node=1 step=18 phase=training_log_start
[watcher 15:26:37] INFO: Recovery phase: role=survivor rank=24 node=3 step=18 phase=training_log_start
[watcher 15:26:37] INFO: Recovery phase: role=survivor rank=40 node=5 step=18 phase=training_log_start
[watcher 15:26:37] INFO: Recovery phase: role=survivor rank=32 node=4 step=18 phase=training_log_start
[watcher 15:26:37] INFO: Recovery phase: role=survivor rank=16 node=2 step=18 phase=training_log_start
[watcher 15:26:37] INFO: Recovery phase: role=survivor rank=0 node=0 step=18 phase=training_log_start
[watcher 15:26:40] INFO: Recovery phase: role=survivor rank=56 node=7 step=18 phase=training_log_start
[watcher 15:26:42] INFO: [spare-standby] INFO:megatron.training.elastic_client:[elastic-zero2] rank=1 staged optimizer snapshot {'step': 19, 'tensor_count': 636, 'bytes': 6074046720, 'manifest_hash': '8bfaf0ede0d972135e90b9ac452d389756a9154cce9c62fa3c40c9b61204e7e8'}
[watcher 15:26:42] INFO: Recovery phase: role=replacement rank=1 node=0 step=18 phase=train_step_finalize_done
[watcher 15:26:42] INFO: Recovery phase: role=replacement rank=1 node=0 step=18 phase=training_log_start
[watcher 15:26:42] INFO: Recovery phase: role=survivor rank=56 node=7 step=18 phase=training_log_done
[watcher 15:26:42] INFO: Recovery phase: role=survivor rank=57 node=7 step=18 phase=post_rebuild_commit_ready
[watcher 15:26:42] INFO: Recovery phase: role=survivor rank=54 node=6 step=18 phase=post_rebuild_commit_ready
[watcher 15:26:42] INFO: Recovery phase: role=survivor rank=53 node=6 step=18 phase=post_rebuild_commit_ready
[watcher 15:26:42] INFO: Recovery phase: role=survivor rank=49 node=6 step=18 phase=post_rebuild_commit_ready
[watcher 15:26:42] INFO: Recovery phase: role=survivor rank=55 node=6 step=18 phase=post_rebuild_commit_ready
[watcher 15:26:42] INFO: Recovery phase: role=survivor rank=50 node=6 step=18 phase=post_rebuild_commit_ready
[watcher 15:26:42] INFO: Recovery phase: role=survivor rank=59 node=7 step=18 phase=post_rebuild_commit_ready
[watcher 15:26:42] INFO: Recovery phase: role=survivor rank=33 node=4 step=18 phase=post_rebuild_commit_ready
[watcher 15:26:42] INFO: Recovery phase: role=survivor rank=62 node=7 step=18 phase=post_rebuild_commit_ready
[watcher 15:26:42] INFO: Recovery phase: role=survivor rank=60 node=7 step=18 phase=post_rebuild_commit_ready
[watcher 15:26:42] INFO: Recovery phase: role=survivor rank=47 node=5 step=18 phase=post_rebuild_commit_ready
[watcher 15:26:42] INFO: Recovery phase: role=survivor rank=63 node=7 step=18 phase=post_rebuild_commit_ready
[watcher 15:26:42] INFO: Recovery phase: role=survivor rank=43 node=5 step=18 phase=post_rebuild_commit_ready
[watcher 15:26:42] INFO: Recovery phase: role=survivor rank=42 node=5 step=18 phase=post_rebuild_commit_ready
[watcher 15:26:42] INFO: Recovery phase: role=survivor rank=44 node=5 step=18 phase=post_rebuild_commit_ready
[watcher 15:26:42] INFO: Recovery phase: role=survivor rank=51 node=6 step=18 phase=post_rebuild_commit_ready
[watcher 15:26:42] INFO: Recovery phase: role=survivor rank=46 node=5 step=18 phase=post_rebuild_commit_ready
[watcher 15:26:42] INFO: Recovery phase: role=survivor rank=41 node=5 step=18 phase=post_rebuild_commit_ready
[watcher 15:26:42] INFO: Recovery phase: role=survivor rank=45 node=5 step=18 phase=post_rebuild_commit_ready
[watcher 15:26:42] INFO: Recovery phase: role=survivor rank=40 node=5 step=18 phase=training_log_done
[watcher 15:26:42] INFO: Recovery phase: role=survivor rank=48 node=6 step=18 phase=training_log_done
[watcher 15:26:42] INFO: Recovery phase: role=survivor rank=61 node=7 step=18 phase=post_rebuild_commit_ready
[watcher 15:26:42] INFO: Recovery phase: role=survivor rank=52 node=6 step=18 phase=post_rebuild_commit_ready
[watcher 15:26:42] INFO: Recovery phase: role=survivor rank=38 node=4 step=18 phase=post_rebuild_commit_ready
[watcher 15:26:42] INFO: Recovery phase: role=survivor rank=34 node=4 step=18 phase=post_rebuild_commit_ready
[watcher 15:26:42] INFO: Recovery phase: role=survivor rank=37 node=4 step=18 phase=post_rebuild_commit_ready
[watcher 15:26:42] INFO: Recovery phase: role=survivor rank=7 node=0 step=18 phase=post_rebuild_commit_ready
[watcher 15:26:42] INFO: Recovery phase: role=survivor rank=29 node=3 step=18 phase=post_rebuild_commit_ready
[watcher 15:26:42] INFO: Recovery phase: role=survivor rank=9 node=1 step=18 phase=post_rebuild_commit_ready
[watcher 15:26:42] INFO: Recovery phase: role=survivor rank=28 node=3 step=18 phase=post_rebuild_commit_ready
[watcher 15:26:42] INFO: Recovery phase: role=survivor rank=36 node=4 step=18 phase=post_rebuild_commit_ready
[watcher 15:26:42] INFO: Recovery phase: role=survivor rank=56 node=7 step=18 phase=post_step_callbacks_start
[watcher 15:26:42] INFO: Recovery phase: role=survivor rank=26 node=3 step=18 phase=post_rebuild_commit_ready
[watcher 15:26:42] INFO: Recovery phase: role=survivor rank=4 node=0 step=18 phase=post_rebuild_commit_ready
[watcher 15:26:42] INFO: Recovery phase: role=survivor rank=27 node=3 step=18 phase=post_rebuild_commit_ready
[watcher 15:26:42] INFO: Recovery phase: role=survivor rank=8 node=1 step=18 phase=training_log_done
[watcher 15:26:42] INFO: Recovery phase: role=survivor rank=6 node=0 step=18 phase=post_rebuild_commit_ready
[watcher 15:26:42] INFO: Recovery phase: role=survivor rank=24 node=3 step=18 phase=training_log_done
[watcher 15:26:42] INFO: Recovery phase: role=survivor rank=32 node=4 step=18 phase=training_log_done
[watcher 15:26:42] INFO: Recovery phase: role=survivor rank=14 node=1 step=18 phase=post_rebuild_commit_ready
[watcher 15:26:42] INFO: Recovery phase: role=survivor rank=12 node=1 step=18 phase=post_rebuild_commit_ready
[watcher 15:26:42] INFO: Recovery phase: role=survivor rank=13 node=1 step=18 phase=post_rebuild_commit_ready
[watcher 15:26:42] INFO: Recovery phase: role=survivor rank=16 node=2 step=18 phase=training_log_done
[watcher 15:26:42] INFO: Recovery phase: role=survivor rank=5 node=0 step=18 phase=post_rebuild_commit_ready
[watcher 15:26:42] INFO: Recovery phase: role=survivor rank=25 node=3 step=18 phase=post_rebuild_commit_ready
[watcher 15:26:42] INFO: Recovery phase: role=survivor rank=10 node=1 step=18 phase=post_rebuild_commit_ready
[watcher 15:26:42] INFO: Recovery phase: role=survivor rank=17 node=2 step=18 phase=post_rebuild_commit_ready
[watcher 15:26:42] INFO: Recovery phase: role=survivor rank=39 node=4 step=18 phase=post_rebuild_commit_ready
[watcher 15:26:42] INFO: Recovery phase: role=survivor rank=3 node=0 step=18 phase=post_rebuild_commit_ready
[watcher 15:26:42] INFO: Recovery phase: role=survivor rank=58 node=7 step=18 phase=post_rebuild_commit_ready
[watcher 15:26:42] INFO: Recovery phase: role=survivor rank=31 node=3 step=18 phase=post_rebuild_commit_ready
[watcher 15:26:42] INFO: Recovery phase: role=survivor rank=21 node=2 step=18 phase=post_rebuild_commit_ready
[watcher 15:26:42] INFO: Recovery phase: role=survivor rank=35 node=4 step=18 phase=post_rebuild_commit_ready
[watcher 15:26:42] INFO: Recovery phase: role=survivor rank=22 node=2 step=18 phase=post_rebuild_commit_ready
[watcher 15:26:42] INFO: Recovery phase: role=survivor rank=18 node=2 step=18 phase=post_rebuild_commit_ready
[watcher 15:26:42] INFO: Recovery phase: role=survivor rank=20 node=2 step=18 phase=post_rebuild_commit_ready
[watcher 15:26:42] INFO: Recovery phase: role=survivor rank=30 node=3 step=18 phase=post_rebuild_commit_ready
[watcher 15:26:42] INFO: Recovery phase: role=survivor rank=19 node=2 step=18 phase=post_rebuild_commit_ready
[watcher 15:26:42] INFO: Recovery phase: role=survivor rank=23 node=2 step=18 phase=post_rebuild_commit_ready
[watcher 15:26:42] INFO: Recovery phase: role=survivor rank=15 node=1 step=18 phase=post_rebuild_commit_ready
[watcher 15:26:42] INFO: Recovery phase: role=survivor rank=0 node=0 step=18 phase=training_log_done
[watcher 15:26:42] INFO: Recovery phase: role=survivor rank=48 node=6 step=18 phase=post_step_callbacks_start
[watcher 15:26:42] INFO: Recovery phase: role=replacement rank=1 node=0 step=18 phase=training_log_done
[watcher 15:26:42] INFO: Recovery phase: role=replacement rank=1 node=0 step=18 phase=post_step_callbacks_start
[watcher 15:26:43] INFO: Recovery phase: role=survivor rank=40 node=5 step=18 phase=post_step_callbacks_start
[watcher 15:26:43] INFO: Recovery phase: role=survivor rank=40 node=5 step=18 phase=post_step_callbacks_done
[watcher 15:26:43] INFO: Recovery phase: role=survivor rank=56 node=7 step=18 phase=post_step_callbacks_done
[watcher 15:26:43] INFO: Recovery phase: role=survivor rank=24 node=3 step=18 phase=post_step_callbacks_start
[watcher 15:26:43] INFO: Recovery phase: role=survivor rank=32 node=4 step=18 phase=post_step_callbacks_start
[watcher 15:26:43] INFO: Recovery phase: role=survivor rank=16 node=2 step=18 phase=post_step_callbacks_start
[watcher 15:26:43] INFO: Recovery phase: role=survivor rank=8 node=1 step=18 phase=post_step_callbacks_start
[watcher 15:26:43] INFO: Recovery phase: role=survivor rank=16 node=2 step=18 phase=post_step_callbacks_done
[watcher 15:26:43] INFO: Recovery phase: role=survivor rank=16 node=2 step=18 phase=checkpoint_exit_start
[watcher 15:26:43] INFO: Recovery phase: role=survivor rank=16 node=2 step=18 phase=checkpoint_exit_done
[watcher 15:26:43] INFO: Recovery phase: role=survivor rank=16 node=2 step=18 phase=post_rebuild_commit_ready
[watcher 15:26:43] INFO: Recovery phase: role=survivor rank=24 node=3 step=18 phase=post_step_callbacks_done
[watcher 15:26:43] INFO: Recovery phase: role=survivor rank=24 node=3 step=18 phase=checkpoint_exit_start
[watcher 15:26:43] INFO: Recovery phase: role=survivor rank=24 node=3 step=18 phase=checkpoint_exit_done
[watcher 15:26:44] INFO: Recovery phase: role=survivor rank=24 node=3 step=18 phase=post_rebuild_commit_ready
[watcher 15:26:44] INFO: Recovery phase: role=survivor rank=32 node=4 step=18 phase=post_step_callbacks_done
[watcher 15:26:44] INFO: Recovery phase: role=survivor rank=32 node=4 step=18 phase=checkpoint_exit_start
[watcher 15:26:44] INFO: Recovery phase: role=survivor rank=32 node=4 step=18 phase=checkpoint_exit_done
[watcher 15:26:44] INFO: Recovery phase: role=survivor rank=32 node=4 step=18 phase=post_rebuild_commit_ready
[watcher 15:26:44] INFO: Recovery phase: role=survivor rank=40 node=5 step=18 phase=checkpoint_exit_start
[watcher 15:26:44] INFO: Recovery phase: role=survivor rank=40 node=5 step=18 phase=checkpoint_exit_done
[watcher 15:26:44] INFO: Recovery phase: role=survivor rank=40 node=5 step=18 phase=post_rebuild_commit_ready
[watcher 15:26:44] INFO: Recovery phase: role=survivor rank=8 node=1 step=18 phase=post_step_callbacks_done
[watcher 15:26:44] INFO: Recovery phase: role=survivor rank=11 node=1 step=18 phase=post_rebuild_commit_ready
[watcher 15:26:44] INFO: Recovery phase: role=survivor rank=8 node=1 step=18 phase=checkpoint_exit_start
[watcher 15:26:44] INFO: Recovery phase: role=survivor rank=8 node=1 step=18 phase=checkpoint_exit_done
[watcher 15:26:44] INFO: Recovery phase: role=survivor rank=8 node=1 step=18 phase=post_rebuild_commit_ready
[watcher 15:26:44] INFO: Recovery phase: role=survivor rank=0 node=0 step=18 phase=post_step_callbacks_start
[watcher 15:26:44] INFO: Recovery phase: role=survivor rank=2 node=0 step=18 phase=post_rebuild_commit_ready
[watcher 15:26:44] INFO: Recovery phase: role=survivor rank=0 node=0 step=18 phase=post_step_callbacks_done
[watcher 15:26:44] INFO: Recovery phase: role=survivor rank=0 node=0 step=18 phase=checkpoint_exit_start
[watcher 15:26:44] INFO: Recovery phase: role=survivor rank=0 node=0 step=18 phase=checkpoint_exit_done
[watcher 15:26:44] INFO: Recovery phase: role=survivor rank=0 node=0 step=18 phase=post_rebuild_commit_ready
[watcher 15:26:44] INFO: Recovery phase: role=survivor rank=48 node=6 step=18 phase=checkpoint_exit_start
[watcher 15:26:44] INFO: Ignoring stale recovery phase: role=survivor rank=48 node=6 step=18 phase=post_step_callbacks_done current=checkpoint_exit_start
[watcher 15:26:44] INFO: Recovery phase: role=survivor rank=48 node=6 step=18 phase=post_step_callbacks_done
[watcher 15:26:44] INFO: Recovery phase: role=survivor rank=48 node=6 step=18 phase=checkpoint_exit_done
[watcher 15:26:44] INFO: Recovery phase: role=survivor rank=48 node=6 step=18 phase=post_rebuild_commit_ready
[watcher 15:26:44] INFO: Recovery phase: role=replacement rank=1 node=0 step=18 phase=post_step_callbacks_done
[watcher 15:26:44] INFO: Recovery phase: role=replacement rank=1 node=0 step=18 phase=post_rebuild_commit_ready
[watcher 15:26:44] INFO: Ignoring stale recovery phase: role=replacement rank=1 node=0 step=18 phase=checkpoint_exit_start current=post_rebuild_commit_ready
[watcher 15:26:44] INFO: Recovery phase: role=replacement rank=1 node=0 step=18 phase=checkpoint_exit_start
[watcher 15:26:44] INFO: Ignoring stale recovery phase: role=replacement rank=1 node=0 step=18 phase=checkpoint_exit_done current=post_rebuild_commit_ready
[watcher 15:26:44] INFO: Recovery phase: role=replacement rank=1 node=0 step=18 phase=checkpoint_exit_done
[watcher 15:26:44] INFO: Recovery phase: role=survivor rank=56 node=7 step=18 phase=checkpoint_exit_start
[watcher 15:26:44] INFO: All training ranks acknowledged the completed post-rebuild iteration; recovery contract committed
[watcher 15:26:44] INFO: Recovery phase: role=survivor rank=56 node=7 step=18 phase=post_rebuild_commit_ready
[watcher 15:26:44] INFO: Ignoring stale recovery phase: role=survivor rank=56 node=7 step=18 phase=checkpoint_exit_done current=post_rebuild_commit_ready
[watcher 15:26:44] INFO: Recovery phase: role=survivor rank=56 node=7 step=18 phase=checkpoint_exit_done
[watcher 15:26:44] INFO: [spare-standby] WARNING:megatron.training.elastic_client:[elastic] Rank 1: recovery epoch committed after iteration 18
[watcher 15:26:44] INFO: Committed hybrid staleness debt: epoch=1 step=18 gap=8 affected_experts=16 debt=128
[watcher 15:26:47] INFO: [spare-standby] INFO:megatron.training.zero2_memory_checkpoint:[elastic-zero2] rank=1 step=19 committed d2h_ms=122.8 h2h_ms=4421.5 bytes=6074046720
[watcher 15:27:09] INFO: [spare-standby] INFO:megatron.training.elastic_client:[elastic-zero2] rank=1 staged optimizer snapshot {'step': 20, 'tensor_count': 636, 'bytes': 6074046720, 'manifest_hash': '8bfaf0ede0d972135e90b9ac452d389756a9154cce9c62fa3c40c9b61204e7e8'}
[watcher 15:27:09] INFO: [spare-standby] WARNING:megatron.core.optimizer.optimizer:Distributed optimizer Gloo data-parallel group is unavailable; falling back to NCCL for chained parameter-state checkpoint save.
[watcher 15:27:20] INFO: [spare-standby] INFO:megatron.training.zero2_memory_checkpoint:[elastic-zero2] rank=1 step=20 committed d2h_ms=123.0 h2h_ms=10684.5 bytes=6074046720
[watcher 15:27:20] INFO: [spare-standby] WARNING:megatron.core.optimizer.optimizer:Distributed optimizer Gloo data-parallel group is unavailable; falling back to NCCL for chained parameter-state checkpoint save.
[watcher 15:27:44] INFO: [spare-standby] INFO:megatron.core.transformer.moe.moegambit_integration:MOEGAMBIT-MoE: checkpoint metadata injected (iteration=20, phase=HEALTHY_TRAINING)
[watcher 15:28:31] INFO: [spare-standby] WARNING:megatron.training.elastic_client:[elastic] expert recovery sidecar saved: {'iteration': 20, 'logical_rank': 1, 'payload': '/mnt/ais-c1/dataset/zds/730hotspare/test_replace_ckpt/iter_0000020/elastic_expert_recovery/rank_000001.pt', 'bytes': 6342091570, 'model_params': 192, 'optimizer_params': 192, 'seconds': 42.938486777246}
[watcher 15:30:29] INFO: [spare-standby] INFO:megatron.training.elastic_client:[elastic-zero2] rank=1 staged optimizer snapshot {'step': 21, 'tensor_count': 636, 'bytes': 6074046720, 'manifest_hash': '8bfaf0ede0d972135e90b9ac452d389756a9154cce9c62fa3c40c9b61204e7e8'}
[watcher 15:30:34] INFO: [spare-standby] INFO:megatron.training.zero2_memory_checkpoint:[elastic-zero2] rank=1 step=21 committed d2h_ms=122.6 h2h_ms=4438.4 bytes=6074046720
[watcher 15:30:55] INFO: [spare-standby] INFO:megatron.training.elastic_client:[elastic-zero2] rank=1 staged optimizer snapshot {'step': 22, 'tensor_count': 636, 'bytes': 6074046720, 'manifest_hash': '8bfaf0ede0d972135e90b9ac452d389756a9154cce9c62fa3c40c9b61204e7e8'}
[watcher 15:31:00] INFO: [spare-standby] INFO:megatron.training.zero2_memory_checkpoint:[elastic-zero2] rank=1 step=22 committed d2h_ms=122.9 h2h_ms=4495.9 bytes=6074046720
[watcher 15:31:20] INFO: [spare-standby] INFO:megatron.training.elastic_client:[elastic-zero2] rank=1 staged optimizer snapshot {'step': 23, 'tensor_count': 636, 'bytes': 6074046720, 'manifest_hash': '8bfaf0ede0d972135e90b9ac452d389756a9154cce9c62fa3c40c9b61204e7e8'}
[watcher 15:31:25] INFO: [spare-standby] INFO:megatron.training.zero2_memory_checkpoint:[elastic-zero2] rank=1 step=23 committed d2h_ms=122.4 h2h_ms=4371.8 bytes=6074046720
[watcher 15:31:47] INFO: [spare-standby] INFO:megatron.training.elastic_client:[elastic-zero2] rank=1 staged optimizer snapshot {'step': 24, 'tensor_count': 636, 'bytes': 6074046720, 'manifest_hash': '8bfaf0ede0d972135e90b9ac452d389756a9154cce9c62fa3c40c9b61204e7e8'}
[watcher 15:31:52] INFO: [spare-standby] INFO:megatron.training.zero2_memory_checkpoint:[elastic-zero2] rank=1 step=24 committed d2h_ms=123.0 h2h_ms=4496.3 bytes=6074046720
[watcher 15:32:13] INFO: [spare-standby] INFO:megatron.training.elastic_client:[elastic-zero2] rank=1 staged optimizer snapshot {'step': 25, 'tensor_count': 636, 'bytes': 6074046720, 'manifest_hash': '8bfaf0ede0d972135e90b9ac452d389756a9154cce9c62fa3c40c9b61204e7e8'}
[watcher 15:32:18] INFO: [spare-standby] INFO:megatron.training.zero2_memory_checkpoint:[elastic-zero2] rank=1 step=25 committed d2h_ms=122.4 h2h_ms=4510.5 bytes=6074046720
[watcher 15:32:38] INFO: [spare-standby] INFO:megatron.training.elastic_client:[elastic-zero2] rank=1 staged optimizer snapshot {'step': 26, 'tensor_count': 636, 'bytes': 6074046720, 'manifest_hash': '8bfaf0ede0d972135e90b9ac452d389756a9154cce9c62fa3c40c9b61204e7e8'}
[watcher 15:32:43] INFO: [spare-standby] INFO:megatron.training.zero2_memory_checkpoint:[elastic-zero2] rank=1 step=26 committed d2h_ms=122.9 h2h_ms=4463.7 bytes=6074046720
[watcher 15:33:04] INFO: [spare-standby] INFO:megatron.training.elastic_client:[elastic-zero2] rank=1 staged optimizer snapshot {'step': 27, 'tensor_count': 636, 'bytes': 6074046720, 'manifest_hash': '8bfaf0ede0d972135e90b9ac452d389756a9154cce9c62fa3c40c9b61204e7e8'}
[watcher 15:33:08] INFO: [spare-standby] INFO:megatron.training.zero2_memory_checkpoint:[elastic-zero2] rank=1 step=27 committed d2h_ms=122.5 h2h_ms=4626.4 bytes=6074046720
[watcher 15:33:29] INFO: [spare-standby] INFO:megatron.training.elastic_client:[elastic-zero2] rank=1 staged optimizer snapshot {'step': 28, 'tensor_count': 636, 'bytes': 6074046720, 'manifest_hash': '8bfaf0ede0d972135e90b9ac452d389756a9154cce9c62fa3c40c9b61204e7e8'}
[watcher 15:33:34] INFO: [spare-standby] INFO:megatron.training.zero2_memory_checkpoint:[elastic-zero2] rank=1 step=28 committed d2h_ms=122.9 h2h_ms=4656.8 bytes=6074046720
[watcher 15:33:54] INFO: [spare-standby] INFO:megatron.training.elastic_client:[elastic-zero2] rank=1 staged optimizer snapshot {'step': 29, 'tensor_count': 636, 'bytes': 6074046720, 'manifest_hash': '8bfaf0ede0d972135e90b9ac452d389756a9154cce9c62fa3c40c9b61204e7e8'}
[watcher 15:33:59] INFO: [spare-standby] INFO:megatron.training.zero2_memory_checkpoint:[elastic-zero2] rank=1 step=29 committed d2h_ms=122.5 h2h_ms=4872.9 bytes=6074046720
[watcher 15:34:18] INFO: [spare-standby] INFO:megatron.training.elastic_client:[elastic-zero2] rank=1 staged optimizer snapshot {'step': 30, 'tensor_count': 636, 'bytes': 6074046720, 'manifest_hash': '8bfaf0ede0d972135e90b9ac452d389756a9154cce9c62fa3c40c9b61204e7e8'}
[watcher 15:34:18] INFO: [spare-standby] WARNING:megatron.core.optimizer.optimizer:Distributed optimizer Gloo data-parallel group is unavailable; falling back to NCCL for chained parameter-state checkpoint save.
[watcher 15:34:29] INFO: [spare-standby] WARNING:megatron.core.optimizer.optimizer:Distributed optimizer Gloo data-parallel group is unavailable; falling back to NCCL for chained parameter-state checkpoint save.
[watcher 15:34:31] INFO: [spare-standby] INFO:megatron.training.zero2_memory_checkpoint:[elastic-zero2] rank=1 step=30 committed d2h_ms=123.0 h2h_ms=12991.8 bytes=6074046720
[watcher 15:34:56] INFO: [spare-standby] INFO:megatron.core.transformer.moe.moegambit_integration:MOEGAMBIT-MoE: checkpoint metadata injected (iteration=30, phase=HEALTHY_TRAINING)
[watcher 15:35:45] INFO: [spare-standby] WARNING:megatron.training.elastic_client:[elastic] expert recovery sidecar saved: {'iteration': 30, 'logical_rank': 1, 'payload': '/mnt/ais-c1/dataset/zds/730hotspare/test_replace_ckpt/iter_0000030/elastic_expert_recovery/rank_000001.pt', 'bytes': 6342091570, 'model_params': 192, 'optimizer_params': 192, 'seconds': 45.198673569597304}
[watcher 15:37:33] INFO: [spare-standby] INFO:megatron.training.elastic_client:[elastic-zero2] rank=1 staged optimizer snapshot {'step': 31, 'tensor_count': 636, 'bytes': 6074046720, 'manifest_hash': '8bfaf0ede0d972135e90b9ac452d389756a9154cce9c62fa3c40c9b61204e7e8'}
[watcher 15:37:38] INFO: [spare-standby] INFO:megatron.training.zero2_memory_checkpoint:[elastic-zero2] rank=1 step=31 committed d2h_ms=122.5 h2h_ms=4788.0 bytes=6074046720
[watcher 15:37:56] INFO: [spare-standby] INFO:megatron.training.elastic_client:[elastic-zero2] rank=1 staged optimizer snapshot {'step': 32, 'tensor_count': 636, 'bytes': 6074046720, 'manifest_hash': '8bfaf0ede0d972135e90b9ac452d389756a9154cce9c62fa3c40c9b61204e7e8'}
[watcher 15:38:01] INFO: [spare-standby] INFO:megatron.training.zero2_memory_checkpoint:[elastic-zero2] rank=1 step=32 committed d2h_ms=123.0 h2h_ms=4530.8 bytes=6074046720
[watcher 15:38:20] INFO: [spare-standby] INFO:megatron.training.elastic_client:[elastic-zero2] rank=1 staged optimizer snapshot {'step': 33, 'tensor_count': 636, 'bytes': 6074046720, 'manifest_hash': '8bfaf0ede0d972135e90b9ac452d389756a9154cce9c62fa3c40c9b61204e7e8'}
[watcher 15:38:25] INFO: [spare-standby] INFO:megatron.training.zero2_memory_checkpoint:[elastic-zero2] rank=1 step=33 committed d2h_ms=122.4 h2h_ms=4520.5 bytes=6074046720
[watcher 15:38:45] INFO: [spare-standby] INFO:megatron.training.elastic_client:[elastic-zero2] rank=1 staged optimizer snapshot {'step': 34, 'tensor_count': 636, 'bytes': 6074046720, 'manifest_hash': '8bfaf0ede0d972135e90b9ac452d389756a9154cce9c62fa3c40c9b61204e7e8'}
[watcher 15:38:49] INFO: [spare-standby] INFO:megatron.training.zero2_memory_checkpoint:[elastic-zero2] rank=1 step=34 committed d2h_ms=122.9 h2h_ms=4368.4 bytes=6074046720
[watcher 15:39:10] INFO: [spare-standby] INFO:megatron.training.elastic_client:[elastic-zero2] rank=1 staged optimizer snapshot {'step': 35, 'tensor_count': 636, 'bytes': 6074046720, 'manifest_hash': '8bfaf0ede0d972135e90b9ac452d389756a9154cce9c62fa3c40c9b61204e7e8'}
[watcher 15:39:14] INFO: [spare-standby] INFO:megatron.training.zero2_memory_checkpoint:[elastic-zero2] rank=1 step=35 committed d2h_ms=122.5 h2h_ms=4511.0 bytes=6074046720
[watcher 15:39:34] INFO: [spare-standby] INFO:megatron.training.elastic_client:[elastic-zero2] rank=1 staged optimizer snapshot {'step': 36, 'tensor_count': 636, 'bytes': 6074046720, 'manifest_hash': '8bfaf0ede0d972135e90b9ac452d389756a9154cce9c62fa3c40c9b61204e7e8'}
[watcher 15:39:39] INFO: [spare-standby] INFO:megatron.training.zero2_memory_checkpoint:[elastic-zero2] rank=1 step=36 committed d2h_ms=122.9 h2h_ms=4449.9 bytes=6074046720
[watcher 15:39:59] INFO: [spare-standby] INFO:megatron.training.elastic_client:[elastic-zero2] rank=1 staged optimizer snapshot {'step': 37, 'tensor_count': 636, 'bytes': 6074046720, 'manifest_hash': '8bfaf0ede0d972135e90b9ac452d389756a9154cce9c62fa3c40c9b61204e7e8'}
[watcher 15:40:03] INFO: [spare-standby] INFO:megatron.training.zero2_memory_checkpoint:[elastic-zero2] rank=1 step=37 committed d2h_ms=122.4 h2h_ms=4401.7 bytes=6074046720
[watcher 15:40:23] INFO: [spare-standby] INFO:megatron.training.elastic_client:[elastic-zero2] rank=1 staged optimizer snapshot {'step': 38, 'tensor_count': 636, 'bytes': 6074046720, 'manifest_hash': '8bfaf0ede0d972135e90b9ac452d389756a9154cce9c62fa3c40c9b61204e7e8'}
[watcher 15:40:28] INFO: [spare-standby] INFO:megatron.training.zero2_memory_checkpoint:[elastic-zero2] rank=1 step=38 committed d2h_ms=122.9 h2h_ms=4438.7 bytes=6074046720
[watcher 15:40:47] INFO: [spare-standby] INFO:megatron.training.elastic_client:[elastic-zero2] rank=1 staged optimizer snapshot {'step': 39, 'tensor_count': 636, 'bytes': 6074046720, 'manifest_hash': '8bfaf0ede0d972135e90b9ac452d389756a9154cce9c62fa3c40c9b61204e7e8'}
[watcher 15:40:52] INFO: [spare-standby] INFO:megatron.training.zero2_memory_checkpoint:[elastic-zero2] rank=1 step=39 committed d2h_ms=122.4 h2h_ms=4461.2 bytes=6074046720
[watcher 15:41:11] INFO: [spare-standby] INFO:megatron.training.elastic_client:[elastic-zero2] rank=1 staged optimizer snapshot {'step': 40, 'tensor_count': 636, 'bytes': 6074046720, 'manifest_hash': '8bfaf0ede0d972135e90b9ac452d389756a9154cce9c62fa3c40c9b61204e7e8'}
[watcher 15:41:11] INFO: [spare-standby] WARNING:megatron.core.optimizer.optimizer:Distributed optimizer Gloo data-parallel group is unavailable; falling back to NCCL for chained parameter-state checkpoint save.
[watcher 15:41:21] INFO: [spare-standby] WARNING:megatron.core.optimizer.optimizer:Distributed optimizer Gloo data-parallel group is unavailable; falling back to NCCL for chained parameter-state checkpoint save.
[watcher 15:41:28] INFO: [spare-standby] INFO:megatron.training.zero2_memory_checkpoint:[elastic-zero2] rank=1 step=40 committed d2h_ms=122.9 h2h_ms=17325.9 bytes=6074046720
[watcher 15:41:44] INFO: [spare-standby] INFO:megatron.core.transformer.moe.moegambit_integration:MOEGAMBIT-MoE: checkpoint metadata injected (iteration=40, phase=HEALTHY_TRAINING)
[watcher 15:42:33] INFO: [spare-standby] WARNING:megatron.training.elastic_client:[elastic] expert recovery sidecar saved: {'iteration': 40, 'logical_rank': 1, 'payload': '/mnt/ais-c1/dataset/zds/730hotspare/test_replace_ckpt/iter_0000040/elastic_expert_recovery/rank_000001.pt', 'bytes': 6342091570, 'model_params': 192, 'optimizer_params': 192, 'seconds': 44.880821033380926}
[watcher 15:44:29] INFO: [spare-standby] INFO:megatron.training.elastic_client:[elastic-zero2] rank=1 staged optimizer snapshot {'step': 41, 'tensor_count': 636, 'bytes': 6074046720, 'manifest_hash': '8bfaf0ede0d972135e90b9ac452d389756a9154cce9c62fa3c40c9b61204e7e8'}
[watcher 15:44:34] INFO: [spare-standby] INFO:megatron.training.zero2_memory_checkpoint:[elastic-zero2] rank=1 step=41 committed d2h_ms=122.5 h2h_ms=4652.9 bytes=6074046720
[watcher 15:44:53] INFO: [spare-standby] INFO:megatron.training.elastic_client:[elastic-zero2] rank=1 staged optimizer snapshot {'step': 42, 'tensor_count': 636, 'bytes': 6074046720, 'manifest_hash': '8bfaf0ede0d972135e90b9ac452d389756a9154cce9c62fa3c40c9b61204e7e8'}
[watcher 15:44:58] INFO: [spare-standby] INFO:megatron.training.zero2_memory_checkpoint:[elastic-zero2] rank=1 step=42 committed d2h_ms=122.9 h2h_ms=4451.9 bytes=6074046720
[watcher 15:45:17] INFO: [spare-standby] INFO:megatron.training.elastic_client:[elastic-zero2] rank=1 staged optimizer snapshot {'step': 43, 'tensor_count': 636, 'bytes': 6074046720, 'manifest_hash': '8bfaf0ede0d972135e90b9ac452d389756a9154cce9c62fa3c40c9b61204e7e8'}
[watcher 15:45:22] INFO: [spare-standby] INFO:megatron.training.zero2_memory_checkpoint:[elastic-zero2] rank=1 step=43 committed d2h_ms=122.5 h2h_ms=4344.9 bytes=6074046720
[watcher 15:45:42] INFO: [spare-standby] INFO:megatron.training.elastic_client:[elastic-zero2] rank=1 staged optimizer snapshot {'step': 44, 'tensor_count': 636, 'bytes': 6074046720, 'manifest_hash': '8bfaf0ede0d972135e90b9ac452d389756a9154cce9c62fa3c40c9b61204e7e8'}
[watcher 15:45:46] INFO: [spare-standby] INFO:megatron.training.zero2_memory_checkpoint:[elastic-zero2] rank=1 step=44 committed d2h_ms=122.9 h2h_ms=4428.5 bytes=6074046720
[watcher 15:46:07] INFO: [spare-standby] INFO:megatron.training.elastic_client:[elastic-zero2] rank=1 staged optimizer snapshot {'step': 45, 'tensor_count': 636, 'bytes': 6074046720, 'manifest_hash': '8bfaf0ede0d972135e90b9ac452d389756a9154cce9c62fa3c40c9b61204e7e8'}
[watcher 15:46:12] INFO: [spare-standby] INFO:megatron.training.zero2_memory_checkpoint:[elastic-zero2] rank=1 step=45 committed d2h_ms=122.4 h2h_ms=4706.2 bytes=6074046720
[watcher 15:46:31] INFO: [spare-standby] INFO:megatron.training.elastic_client:[elastic-zero2] rank=1 staged optimizer snapshot {'step': 46, 'tensor_count': 636, 'bytes': 6074046720, 'manifest_hash': '8bfaf0ede0d972135e90b9ac452d389756a9154cce9c62fa3c40c9b61204e7e8'}
[watcher 15:46:35] INFO: [spare-standby] INFO:megatron.training.zero2_memory_checkpoint:[elastic-zero2] rank=1 step=46 committed d2h_ms=122.9 h2h_ms=4469.5 bytes=6074046720
[watcher 15:46:55] INFO: [spare-standby] INFO:megatron.training.elastic_client:[elastic-zero2] rank=1 staged optimizer snapshot {'step': 47, 'tensor_count': 636, 'bytes': 6074046720, 'manifest_hash': '8bfaf0ede0d972135e90b9ac452d389756a9154cce9c62fa3c40c9b61204e7e8'}
[watcher 15:46:59] INFO: [spare-standby] INFO:megatron.training.zero2_memory_checkpoint:[elastic-zero2] rank=1 step=47 committed d2h_ms=122.4 h2h_ms=4405.6 bytes=6074046720
[watcher 15:47:19] INFO: [spare-standby] INFO:megatron.training.elastic_client:[elastic-zero2] rank=1 staged optimizer snapshot {'step': 48, 'tensor_count': 636, 'bytes': 6074046720, 'manifest_hash': '8bfaf0ede0d972135e90b9ac452d389756a9154cce9c62fa3c40c9b61204e7e8'}
[watcher 15:47:23] INFO: [spare-standby] INFO:megatron.training.zero2_memory_checkpoint:[elastic-zero2] rank=1 step=48 committed d2h_ms=123.0 h2h_ms=4502.5 bytes=6074046720
[watcher 15:47:42] INFO: [spare-standby] INFO:megatron.training.elastic_client:[elastic-zero2] rank=1 staged optimizer snapshot {'step': 49, 'tensor_count': 636, 'bytes': 6074046720, 'manifest_hash': '8bfaf0ede0d972135e90b9ac452d389756a9154cce9c62fa3c40c9b61204e7e8'}
[watcher 15:47:46] INFO: [spare-standby] INFO:megatron.training.zero2_memory_checkpoint:[elastic-zero2] rank=1 step=49 committed d2h_ms=122.4 h2h_ms=4461.3 bytes=6074046720
[watcher 15:48:06] INFO: [spare-standby] INFO:megatron.training.elastic_client:[elastic-zero2] rank=1 staged optimizer snapshot {'step': 50, 'tensor_count': 636, 'bytes': 6074046720, 'manifest_hash': '8bfaf0ede0d972135e90b9ac452d389756a9154cce9c62fa3c40c9b61204e7e8'}
[watcher 15:48:06] INFO: [spare-standby] WARNING:megatron.core.optimizer.optimizer:Distributed optimizer Gloo data-parallel group is unavailable; falling back to NCCL for chained parameter-state checkpoint save.
[watcher 15:48:17] INFO: [spare-standby] INFO:megatron.training.zero2_memory_checkpoint:[elastic-zero2] rank=1 step=50 committed d2h_ms=122.9 h2h_ms=10772.9 bytes=6074046720
[watcher 15:48:17] INFO: [spare-standby] WARNING:megatron.core.optimizer.optimizer:Distributed optimizer Gloo data-parallel group is unavailable; falling back to NCCL for chained parameter-state checkpoint save.
[watcher 15:48:43] INFO: [spare-standby] INFO:megatron.core.transformer.moe.moegambit_integration:MOEGAMBIT-MoE: checkpoint metadata injected (iteration=50, phase=HEALTHY_TRAINING)
[watcher 15:49:24] INFO: [spare-standby] WARNING:megatron.training.elastic_client:[elastic] expert recovery sidecar saved: {'iteration': 50, 'logical_rank': 1, 'payload': '/mnt/ais-c1/dataset/zds/730hotspare/test_replace_ckpt/iter_0000050/elastic_expert_recovery/rank_000001.pt', 'bytes': 6342091570, 'model_params': 192, 'optimizer_params': 192, 'seconds': 36.69616369251162}
[watcher 15:51:24] INFO: [spare-standby] INFO:megatron.training.elastic_client:[elastic-zero2] rank=1 staged optimizer snapshot {'step': 51, 'tensor_count': 636, 'bytes': 6074046720, 'manifest_hash': '8bfaf0ede0d972135e90b9ac452d389756a9154cce9c62fa3c40c9b61204e7e8'}
[watcher 15:51:28] INFO: [spare-standby] INFO:megatron.training.zero2_memory_checkpoint:[elastic-zero2] rank=1 step=51 committed d2h_ms=122.4 h2h_ms=4464.9 bytes=6074046720
[watcher 15:51:48] INFO: [spare-standby] INFO:megatron.training.elastic_client:[elastic-zero2] rank=1 staged optimizer snapshot {'step': 52, 'tensor_count': 636, 'bytes': 6074046720, 'manifest_hash': '8bfaf0ede0d972135e90b9ac452d389756a9154cce9c62fa3c40c9b61204e7e8'}
[watcher 15:51:52] INFO: [spare-standby] INFO:megatron.training.zero2_memory_checkpoint:[elastic-zero2] rank=1 step=52 committed d2h_ms=122.9 h2h_ms=4737.7 bytes=6074046720
[watcher 15:52:12] INFO: [spare-standby] INFO:megatron.training.elastic_client:[elastic-zero2] rank=1 staged optimizer snapshot {'step': 53, 'tensor_count': 636, 'bytes': 6074046720, 'manifest_hash': '8bfaf0ede0d972135e90b9ac452d389756a9154cce9c62fa3c40c9b61204e7e8'}
[watcher 15:52:17] INFO: [spare-standby] INFO:megatron.training.zero2_memory_checkpoint:[elastic-zero2] rank=1 step=53 committed d2h_ms=122.4 h2h_ms=4556.8 bytes=6074046720
[watcher 15:52:36] INFO: [spare-standby] INFO:megatron.training.elastic_client:[elastic-zero2] rank=1 staged optimizer snapshot {'step': 54, 'tensor_count': 636, 'bytes': 6074046720, 'manifest_hash': '8bfaf0ede0d972135e90b9ac452d389756a9154cce9c62fa3c40c9b61204e7e8'}
[watcher 15:52:41] INFO: [spare-standby] INFO:megatron.training.zero2_memory_checkpoint:[elastic-zero2] rank=1 step=54 committed d2h_ms=122.9 h2h_ms=4521.3 bytes=6074046720
[watcher 15:53:00] INFO: [spare-standby] INFO:megatron.training.elastic_client:[elastic-zero2] rank=1 staged optimizer snapshot {'step': 55, 'tensor_count': 636, 'bytes': 6074046720, 'manifest_hash': '8bfaf0ede0d972135e90b9ac452d389756a9154cce9c62fa3c40c9b61204e7e8'}
[watcher 15:53:05] INFO: [spare-standby] INFO:megatron.training.zero2_memory_checkpoint:[elastic-zero2] rank=1 step=55 committed d2h_ms=122.5 h2h_ms=4431.6 bytes=6074046720
[watcher 15:53:24] INFO: [spare-standby] INFO:megatron.training.elastic_client:[elastic-zero2] rank=1 staged optimizer snapshot {'step': 56, 'tensor_count': 636, 'bytes': 6074046720, 'manifest_hash': '8bfaf0ede0d972135e90b9ac452d389756a9154cce9c62fa3c40c9b61204e7e8'}
[watcher 15:53:28] INFO: [spare-standby] INFO:megatron.training.zero2_memory_checkpoint:[elastic-zero2] rank=1 step=56 committed d2h_ms=122.9 h2h_ms=4320.0 bytes=6074046720
[watcher 15:53:48] INFO: [spare-standby] INFO:megatron.training.elastic_client:[elastic-zero2] rank=1 staged optimizer snapshot {'step': 57, 'tensor_count': 636, 'bytes': 6074046720, 'manifest_hash': '8bfaf0ede0d972135e90b9ac452d389756a9154cce9c62fa3c40c9b61204e7e8'}
[watcher 15:53:53] INFO: [spare-standby] INFO:megatron.training.zero2_memory_checkpoint:[elastic-zero2] rank=1 step=57 committed d2h_ms=122.4 h2h_ms=4408.6 bytes=6074046720
[watcher 15:54:12] INFO: [spare-standby] INFO:megatron.training.elastic_client:[elastic-zero2] rank=1 staged optimizer snapshot {'step': 58, 'tensor_count': 636, 'bytes': 6074046720, 'manifest_hash': '8bfaf0ede0d972135e90b9ac452d389756a9154cce9c62fa3c40c9b61204e7e8'}
[watcher 15:54:17] INFO: [spare-standby] INFO:megatron.training.zero2_memory_checkpoint:[elastic-zero2] rank=1 step=58 committed d2h_ms=123.0 h2h_ms=4359.4 bytes=6074046720
[watcher 15:54:36] INFO: [spare-standby] INFO:megatron.training.elastic_client:[elastic-zero2] rank=1 staged optimizer snapshot {'step': 59, 'tensor_count': 636, 'bytes': 6074046720, 'manifest_hash': '8bfaf0ede0d972135e90b9ac452d389756a9154cce9c62fa3c40c9b61204e7e8'}
[watcher 15:54:41] INFO: [spare-standby] INFO:megatron.training.zero2_memory_checkpoint:[elastic-zero2] rank=1 step=59 committed d2h_ms=122.5 h2h_ms=4495.7 bytes=6074046720
[watcher 15:55:00] INFO: [spare-standby] INFO:megatron.training.elastic_client:[elastic-zero2] rank=1 staged optimizer snapshot {'step': 60, 'tensor_count': 636, 'bytes': 6074046720, 'manifest_hash': '8bfaf0ede0d972135e90b9ac452d389756a9154cce9c62fa3c40c9b61204e7e8'}
[watcher 15:55:00] INFO: [spare-standby] WARNING:megatron.core.optimizer.optimizer:Distributed optimizer Gloo data-parallel group is unavailable; falling back to NCCL for chained parameter-state checkpoint save.
[watcher 15:55:11] INFO: [spare-standby] WARNING:megatron.core.optimizer.optimizer:Distributed optimizer Gloo data-parallel group is unavailable; falling back to NCCL for chained parameter-state checkpoint save.
[watcher 15:55:17] INFO: [spare-standby] INFO:megatron.training.zero2_memory_checkpoint:[elastic-zero2] rank=1 step=60 committed d2h_ms=123.4 h2h_ms=16596.8 bytes=6074046720
[watcher 15:55:40] INFO: [spare-standby] INFO:megatron.core.transformer.moe.moegambit_integration:MOEGAMBIT-MoE: checkpoint metadata injected (iteration=60, phase=HEALTHY_TRAINING)
[watcher 15:56:32] INFO: [spare-standby] WARNING:megatron.training.elastic_client:[elastic] expert recovery sidecar saved: {'iteration': 60, 'logical_rank': 1, 'payload': '/mnt/ais-c1/dataset/zds/730hotspare/test_replace_ckpt/iter_0000060/elastic_expert_recovery/rank_000001.pt', 'bytes': 6342091570, 'model_params': 192, 'optimizer_params': 192, 'seconds': 46.83631238434464}
[watcher 15:58:21] INFO: [spare-standby] INFO:megatron.training.elastic_client:[elastic-zero2] rank=1 staged optimizer snapshot {'step': 61, 'tensor_count': 636, 'bytes': 6074046720, 'manifest_hash': '8bfaf0ede0d972135e90b9ac452d389756a9154cce9c62fa3c40c9b61204e7e8'}
[watcher 15:58:26] INFO: [spare-standby] INFO:megatron.training.zero2_memory_checkpoint:[elastic-zero2] rank=1 step=61 committed d2h_ms=122.5 h2h_ms=4454.1 bytes=6074046720
[watcher 15:58:45] INFO: [spare-standby] INFO:megatron.training.elastic_client:[elastic-zero2] rank=1 staged optimizer snapshot {'step': 62, 'tensor_count': 636, 'bytes': 6074046720, 'manifest_hash': '8bfaf0ede0d972135e90b9ac452d389756a9154cce9c62fa3c40c9b61204e7e8'}
[watcher 15:58:50] INFO: [spare-standby] INFO:megatron.training.zero2_memory_checkpoint:[elastic-zero2] rank=1 step=62 committed d2h_ms=122.9 h2h_ms=4520.5 bytes=6074046720
[watcher 15:59:09] INFO: [spare-standby] INFO:megatron.training.elastic_client:[elastic-zero2] rank=1 staged optimizer snapshot {'step': 63, 'tensor_count': 636, 'bytes': 6074046720, 'manifest_hash': '8bfaf0ede0d972135e90b9ac452d389756a9154cce9c62fa3c40c9b61204e7e8'}
[watcher 15:59:13] INFO: [spare-standby] INFO:megatron.training.zero2_memory_checkpoint:[elastic-zero2] rank=1 step=63 committed d2h_ms=122.4 h2h_ms=4361.1 bytes=6074046720
