nohup: ignoring input
[deepspeed-real-launch] recovery timeout  300s is shorter than cold-start timeout  600s; using 600s
[deepspeed-real-launch] preflight torch=2.6.0+cu126 transformers=5.0.0 deepspeed=0.19.3+0c36f6d grouped_mm=False
[deepspeed-real-launch] case=hot_swap_pp8_ep8 node=7 PP=8 EP=8 ZeRO=1 hot_swap=1 zero2=0 hybrid_restore=1 spare=8 coordinator=33.215.193.88:20215 recovery_timeout=600s
[deepspeed-real-launch] full_rank_logs=/mnt/ais-c1/dataset/zds/731hotspare/deepspeed_real/hotspare123-ds-001/hot_swap_pp8_ep8/state/rank_logs/epoch_{recovery_epoch}/node_{physical_node}
2026-07-27 18:57:33,612 WARNING __main__: starting worker physical_node=7 logical_node=7 epoch=0 local_world_size=8 master=33.181.99.136:20115 rank_logs=/mnt/ais-c1/dataset/zds/731hotspare/deepspeed_real/hotspare123-ds-001/hot_swap_pp8_ep8/state/rank_logs/epoch_0/node_7
[worker-rank56] [deepspeed-real][2026-07-27 18:57:55][rank=56] initializing case=hot_swap_pp8_ep8 world=64 PP=8 EP=8 ZeRO=1 recovery_epoch=0 grouped_mm=False
[worker-rank56] [deepspeed-real][2026-07-27 18:57:55][rank=56] MODEL_BUILD_START
[worker-rank56] [deepspeed-real][2026-07-27 18:59:36][rank=56] MODEL_BUILD_DONE
[worker-rank56] [deepspeed-real][2026-07-27 18:59:36][rank=56] memory label=model-built-before-autoep allocated_gib=7.54 reserved_gib=7.56
[worker-rank56] [deepspeed-real][2026-07-27 18:59:36][rank=56] DEEPSPEED_ENGINE_INIT_START
[worker-rank56] [2026-07-27 18:59:36,611] [WARNING] [auto_ep_config.py:257:validate_autoep_config] Custom preset fields ['moe_layer_pattern'] are set alongside preset_model='qwen3_moe'. Custom fields will override preset defaults during detection.
[worker-rank56] [2026-07-27 18:59:36,640] [INFO] [auto_ep.py:553:replace_moe_layers] AutoEP: replaced '1.mlp' with AutoEPMoELayer (ep_size=8, ep_rank=7, local_experts=16)
[worker-rank56] [2026-07-27 18:59:36,643] [INFO] [auto_ep.py:553:replace_moe_layers] AutoEP: replaced '2.mlp' with AutoEPMoELayer (ep_size=8, ep_rank=7, local_experts=16)
[worker-rank56] [2026-07-27 18:59:36,645] [INFO] [auto_ep.py:553:replace_moe_layers] AutoEP: replaced '3.mlp' with AutoEPMoELayer (ep_size=8, ep_rank=7, local_experts=16)
[worker-rank56] [2026-07-27 18:59:36,648] [INFO] [auto_ep.py:553:replace_moe_layers] AutoEP: replaced '4.mlp' with AutoEPMoELayer (ep_size=8, ep_rank=7, local_experts=16)
[worker-rank56] [2026-07-27 18:59:36,650] [INFO] [auto_ep.py:553:replace_moe_layers] AutoEP: replaced '5.mlp' with AutoEPMoELayer (ep_size=8, ep_rank=7, local_experts=16)
[worker-rank56] [2026-07-27 18:59:36,655] [INFO] [auto_ep.py:553:replace_moe_layers] AutoEP: replaced '6.mlp' with AutoEPMoELayer (ep_size=8, ep_rank=7, local_experts=16)
[worker-rank56] [2026-07-27 18:59:36,655] [INFO] [engine.py:623:_configure_expert_parallel] AutoEP: replaced 6 MoE layer(s) with ep_size=8
[worker-rank56] gpulingjun033181100083:1315:1315 [0] NCCL INFO cudaDriverVersion 12080
[worker-rank56] gpulingjun033181100083:1315:1315 [0] NCCL INFO Bootstrap : Using bond0:200.4.232.10<0>
[worker-rank56] gpulingjun033181100083:1315:1315 [0] NCCL INFO NET/Plugin: No plugin found ('')
[worker-rank56] gpulingjun033181100083:1315:1315 [0] NCCL INFO NET/Plugin: No plugin found (libnccl-net-''.so)
[worker-rank56] gpulingjun033181100083:1315:1315 [0] NCCL INFO NET/Plugin: Plugin load returned 2 : libnccl-net-''.so: cannot open shared object file: No such file or directory : when loading ''
[worker-rank56] gpulingjun033181100083:1315:1315 [0] NCCL INFO NET/Plugin: Using internal network plugin.
[worker-rank56] gpulingjun033181100083:1315:5384 [0] NCCL INFO NET/IB : Using [0]mlx5_bond_0:1/RoCE [1]mlx5_bond_1:1/RoCE [2]mlx5_bond_2:1/RoCE [3]mlx5_bond_3:1/RoCE [RO]; OOB bond0:200.4.232.10<0>
[worker-rank56] gpulingjun033181100083:1315:5384 [0] NCCL INFO Using non-device net plugin version 0
[worker-rank56] gpulingjun033181100083:1315:5384 [0] NCCL INFO Using network IB
[worker-rank56] gpulingjun033181100083:1315:5384 [0] NCCL INFO DMA-BUF is available on GPU device 0
[worker-rank56] gpulingjun033181100083:1315:5384 [0] NCCL INFO ncclCommInitRank comm 0xcbb3a80 rank 7 nranks 8 cudaDev 0 nvmlDev 0 busId 8000 commId 0x63938e1c4bfd87a6 - Init START
[worker-rank56] gpulingjun033181100083:1315:5384 [0] NCCL INFO MNNVL busId 0x8000 fabric UUID 0.0 cliqueId 0x0 state 3 healthMask 0x0
[worker-rank56] gpulingjun033181100083:1315:5384 [0] NCCL INFO Loading topology file /var/run/nvidia-topologyd/virtualTopology.xml
[worker-rank56] gpulingjun033181100083:1315:5384 [0] NCCL INFO Loading unnamed topology
[worker-rank56] gpulingjun033181100083:1315:5384 [0] NCCL INFO === System : maxBw 25.0 totalBw 370.8 ===
[worker-rank56] gpulingjun033181100083:1315:5384 [0] NCCL INFO CPU/0-0 (1/1/2)
[worker-rank56] gpulingjun033181100083:1315:5384 [0] NCCL INFO + PCI[48.0] - PCI/0-6000 (1000c0301000100b)
[worker-rank56] gpulingjun033181100083:1315:5384 [0] NCCL INFO               + PCI[48.0] - PCI/0-6000 (1000c0301000100b)
[worker-rank56] gpulingjun033181100083:1315:5384 [0] NCCL INFO                             + PCI[48.0] - GPU/0-8000 (7)
[worker-rank56] gpulingjun033181100083:1315:5384 [0] NCCL INFO                                           + NVL[370.8] - NVS/0
[worker-rank56] gpulingjun033181100083:1315:5384 [0] NCCL INFO               + PCI[48.0] - PCI/0-7c000 (1000c0301000100b)
[worker-rank56] gpulingjun033181100083:1315:5384 [0] NCCL INFO                             + PCI[48.0] - NIC/0-7f000
[worker-rank56] gpulingjun033181100083:1315:5384 [0] NCCL INFO                                           + NET[25.0] - NET/0 (d05f0f0003f32538/1/25.000000)
[worker-rank56] gpulingjun033181100083:1315:5384 [0] NCCL INFO + PCI[48.0] - PCI/0-a0000 (1000c0301000100b)
[worker-rank56] gpulingjun033181100083:1315:5384 [0] NCCL INFO               + PCI[48.0] - PCI/0-c4000 (1000c0301000100b)
[worker-rank56] gpulingjun033181100083:1315:5384 [0] NCCL INFO                             + PCI[48.0] - NIC/0-c7000
[worker-rank56] gpulingjun033181100083:1315:5384 [0] NCCL INFO                                           + NET[25.0] - NET/1 (5ed6150003f32538/1/25.000000)
[worker-rank56] gpulingjun033181100083:1315:5384 [0] NCCL INFO + SYS[10.0] - CPU/1
[worker-rank56] gpulingjun033181100083:1315:5384 [0] NCCL INFO CPU/0-1 (1/1/2)
[worker-rank56] gpulingjun033181100083:1315:5384 [0] NCCL INFO + PCI[48.0] - PCI/0-106000 (1000c0301000100b)
[worker-rank56] gpulingjun033181100083:1315:5384 [0] NCCL INFO               + PCI[48.0] - PCI/0-106000 (1000c0301000100b)
[worker-rank56] gpulingjun033181100083:1315:5384 [0] NCCL INFO                             + PCI[48.0] - NIC/0-108000
[worker-rank56] gpulingjun033181100083:1315:5384 [0] NCCL INFO                                           + NET[25.0] - NET/2 (ea0150003f32538/1/25.000000)
[worker-rank56] gpulingjun033181100083:1315:5384 [0] NCCL INFO + PCI[48.0] - PCI/0-1a0000 (1000c0301000100b)
[worker-rank56] gpulingjun033181100083:1315:5384 [0] NCCL INFO               + PCI[48.0] - PCI/0-1a0000 (1000c0301000100b)
[worker-rank56] gpulingjun033181100083:1315:5384 [0] NCCL INFO                             + PCI[48.0] - NIC/0-1a2000
[worker-rank56] gpulingjun033181100083:1315:5384 [0] NCCL INFO                                           + NET[25.0] - NET/3 (f2b80f0003f32538/1/25.000000)
[worker-rank56] gpulingjun033181100083:1315:5384 [0] NCCL INFO + SYS[10.0] - CPU/0
[worker-rank56] gpulingjun033181100083:1315:5384 [0] NCCL INFO ==========================================
[worker-rank56] gpulingjun033181100083:1315:5384 [0] NCCL INFO GPU/8000 :GPU/0-8000 (0/5000.0/LOC) NVS/0-0 (1/370.8/NVL) CPU/0-0 (3/48.0/PHB) CPU/0-1 (4/10.0/SYS) NET/0-0 (5/25.0/PXB) NET/0-1 (7/25.0/PHB) NET/0-2 (8/10.0/SYS) NET/0-3 (8/10.0/SYS) 
[worker-rank56] gpulingjun033181100083:1315:5384 [0] NCCL INFO NET/0 :GPU/0-8000 (5/25.0/PXB) CPU/0-0 (4/25.0/PHB) CPU/0-1 (5/10.0/SYS) NET/0-0 (0/5000.0/LOC) NET/0-1 (8/25.0/PHB) NET/0-2 (9/10.0/SYS) NET/0-3 (9/10.0/SYS) 
[worker-rank56] gpulingjun033181100083:1315:5384 [0] NCCL INFO NET/1 :GPU/0-8000 (7/25.0/PHB) CPU/0-0 (4/25.0/PHB) CPU/0-1 (5/10.0/SYS) NET/0-0 (8/25.0/PHB) NET/0-1 (0/5000.0/LOC) NET/0-2 (9/10.0/SYS) NET/0-3 (9/10.0/SYS) 
[worker-rank56] gpulingjun033181100083:1315:5384 [0] NCCL INFO NET/2 :GPU/0-8000 (8/10.0/SYS) CPU/0-0 (5/10.0/SYS) CPU/0-1 (4/25.0/PHB) NET/0-0 (9/10.0/SYS) NET/0-1 (9/10.0/SYS) NET/0-2 (0/5000.0/LOC) NET/0-3 (8/25.0/PHB) 
[worker-rank56] gpulingjun033181100083:1315:5384 [0] NCCL INFO NET/3 :GPU/0-8000 (8/10.0/SYS) CPU/0-0 (5/10.0/SYS) CPU/0-1 (4/25.0/PHB) NET/0-0 (9/10.0/SYS) NET/0-1 (9/10.0/SYS) NET/0-2 (8/25.0/PHB) NET/0-3 (0/5000.0/LOC) 
[worker-rank56] gpulingjun033181100083:1315:5384 [0] NCCL INFO Setting affinity for GPU 0 to ffff,ffffffff,00000000,0000ffff,ffffffff
[worker-rank56] gpulingjun033181100083:1315:5384 [0] NCCL INFO Pattern 4, crossNic 0, nChannels 1, bw 24.000000/24.000000, type LOC/PXB, sameChannels 1
[worker-rank56] gpulingjun033181100083:1315:5384 [0] NCCL INFO  0 : NET/0 GPU/7 NET/0
[worker-rank56] gpulingjun033181100083:1315:5384 [0] NCCL INFO Pattern 3, crossNic 0, nChannels 1, bw 48.000000/24.000000, type LOC/PXB, sameChannels 1
[worker-rank56] gpulingjun033181100083:1315:5384 [0] NCCL INFO  0 : NET/0 GPU/7 NET/0
[worker-rank56] gpulingjun033181100083:1315:5384 [0] NCCL INFO comm 0xcbb3a80 rank 7 nRanks 8 nNodes 8 localRanks 1 localRank 0 MNNVL 0
[worker-rank56] gpulingjun033181100083:1315:5384 [0] NCCL INFO Tree 0 : 6 -> 7 -> -1/-1/-1
[worker-rank56] gpulingjun033181100083:1315:5384 [0] NCCL INFO Tree 1 : -1 -> 7 -> 3/-1/-1
[worker-rank56] gpulingjun033181100083:1315:5384 [0] NCCL INFO Ring 00 : 6 -> 7 -> 0
[worker-rank56] gpulingjun033181100083:1315:5384 [0] NCCL INFO Ring 01 : 6 -> 7 -> 0
[worker-rank56] gpulingjun033181100083:1315:5384 [0] NCCL INFO Trees [0] -1/-1/-1->7->6 [1] 3/-1/-1->7->-1
[worker-rank56] gpulingjun033181100083:1315:5384 [0] NCCL INFO P2P Chunksize set to 131072
[worker-rank56] gpulingjun033181100083:1315:5384 [0] NCCL INFO Channel 00/0 : 6[0] -> 7[0] [receive] via NET/IB/0/GDRDMA
[worker-rank56] gpulingjun033181100083:1315:5384 [0] NCCL INFO Channel 01/0 : 6[0] -> 7[0] [receive] via NET/IB/0/GDRDMA
[worker-rank56] gpulingjun033181100083:1315:5384 [0] NCCL INFO Channel 00/0 : 7[0] -> 0[0] [send] via NET/IB/0/GDRDMA
[worker-rank56] gpulingjun033181100083:1315:5384 [0] NCCL INFO Channel 01/0 : 7[0] -> 0[0] [send] via NET/IB/0/GDRDMA
[worker-rank56] gpulingjun033181100083:1315:5384 [0] NCCL INFO Connected all rings
[worker-rank56] gpulingjun033181100083:1315:5384 [0] NCCL INFO Channel 01/0 : 3[0] -> 7[0] [receive] via NET/IB/0/GDRDMA
[worker-rank56] gpulingjun033181100083:1315:5384 [0] NCCL INFO Channel 01/0 : 7[0] -> 3[0] [send] via NET/IB/0/GDRDMA
[worker-rank56] gpulingjun033181100083:1315:5384 [0] NCCL INFO Channel 00/0 : 7[0] -> 6[0] [send] via NET/IB/0/GDRDMA
[worker-rank56] gpulingjun033181100083:1315:5384 [0] NCCL INFO Connected all trees
[worker-rank56] gpulingjun033181100083:1315:5384 [0] NCCL INFO threadThresholds 8/8/64 | 64/8/64 | 512 | 512
[worker-rank56] gpulingjun033181100083:1315:5384 [0] NCCL INFO 2 coll channels, 2 collnet channels, 0 nvls channels, 2 p2p channels, 1 p2p channels per peer
[worker-rank56] gpulingjun033181100083:1315:5384 [0] NCCL INFO TUNER/Plugin: Most recent plugin load returned 11 : libnccl-net-''.so: cannot open shared object file: No such file or directory. All attempts to load 'libnccl-tuner.so ''' also failed.
[worker-rank56] gpulingjun033181100083:1315:5384 [0] NCCL INFO TUNER/Plugin: Using internal tuner plugin.
[worker-rank56] gpulingjun033181100083:1315:5384 [0] NCCL INFO ncclCommInitRank comm 0xcbb3a80 rank 7 nranks 8 cudaDev 0 nvmlDev 0 busId 8000 commId 0x63938e1c4bfd87a6 - Init COMPLETE
[worker-rank56] NCCL version 2.21.5+cuda12.4
[worker-rank56] gpulingjun033181100083:1315:5393 [0] NCCL INFO Using non-device net plugin version 0
[worker-rank56] gpulingjun033181100083:1315:5393 [0] NCCL INFO Using network IB
[worker-rank56] gpulingjun033181100083:1315:5393 [0] NCCL INFO DMA-BUF is available on GPU device 0
[worker-rank56] gpulingjun033181100083:1315:5393 [0] NCCL INFO ncclCommInitRank comm 0xb97e620 rank 0 nranks 1 cudaDev 0 nvmlDev 0 busId 8000 commId 0x8fcea0ec6afad377 - Init START
[worker-rank56] gpulingjun033181100083:1315:5393 [0] NCCL INFO MNNVL busId 0x8000 fabric UUID 0.0 cliqueId 0x0 state 3 healthMask 0x0
[worker-rank56] gpulingjun033181100083:1315:5393 [0] NCCL INFO Loading topology file /var/run/nvidia-topologyd/virtualTopology.xml
[worker-rank56] gpulingjun033181100083:1315:5393 [0] NCCL INFO Loading unnamed topology
[worker-rank56] gpulingjun033181100083:1315:5393 [0] NCCL INFO === System : maxBw 5000.0 totalBw 5000.0 ===
[worker-rank56] gpulingjun033181100083:1315:5393 [0] NCCL INFO CPU/0-0 (1/1/2)
[worker-rank56] gpulingjun033181100083:1315:5393 [0] NCCL INFO + PCI[48.0] - PCI/0-6000 (1000c0301000100b)
[worker-rank56] gpulingjun033181100083:1315:5393 [0] NCCL INFO               + PCI[48.0] - PCI/0-6000 (1000c0301000100b)
[worker-rank56] gpulingjun033181100083:1315:5393 [0] NCCL INFO                             + PCI[48.0] - GPU/0-8000 (0)
[worker-rank56] gpulingjun033181100083:1315:5393 [0] NCCL INFO                                           + NVL[370.8] - NVS/0
[worker-rank56] gpulingjun033181100083:1315:5393 [0] NCCL INFO               + PCI[48.0] - PCI/0-7c000 (1000c0301000100b)
[worker-rank56] gpulingjun033181100083:1315:5393 [0] NCCL INFO                             + PCI[48.0] - NIC/0-7f000
[worker-rank56] gpulingjun033181100083:1315:5393 [0] NCCL INFO + PCI[48.0] - PCI/0-a0000 (1000c0301000100b)
[worker-rank56] gpulingjun033181100083:1315:5393 [0] NCCL INFO               + PCI[48.0] - PCI/0-c4000 (1000c0301000100b)
[worker-rank56] gpulingjun033181100083:1315:5393 [0] NCCL INFO                             + PCI[48.0] - NIC/0-c7000
[worker-rank56] gpulingjun033181100083:1315:5393 [0] NCCL INFO + SYS[10.0] - CPU/1
[worker-rank56] gpulingjun033181100083:1315:5393 [0] NCCL INFO CPU/0-1 (1/1/2)
[worker-rank56] gpulingjun033181100083:1315:5393 [0] NCCL INFO + PCI[48.0] - PCI/0-106000 (1000c0301000100b)
[worker-rank56] gpulingjun033181100083:1315:5393 [0] NCCL INFO               + PCI[48.0] - PCI/0-106000 (1000c0301000100b)
[worker-rank56] gpulingjun033181100083:1315:5393 [0] NCCL INFO                             + PCI[48.0] - NIC/0-108000
[worker-rank56] gpulingjun033181100083:1315:5393 [0] NCCL INFO + PCI[48.0] - PCI/0-1a0000 (1000c0301000100b)
[worker-rank56] gpulingjun033181100083:1315:5393 [0] NCCL INFO               + PCI[48.0] - PCI/0-1a0000 (1000c0301000100b)
[worker-rank56] gpulingjun033181100083:1315:5393 [0] NCCL INFO                             + PCI[48.0] - NIC/0-1a2000
[worker-rank56] gpulingjun033181100083:1315:5393 [0] NCCL INFO + SYS[10.0] - CPU/0
[worker-rank56] gpulingjun033181100083:1315:5393 [0] NCCL INFO ==========================================
[worker-rank56] gpulingjun033181100083:1315:5393 [0] NCCL INFO GPU/8000 :GPU/0-8000 (0/5000.0/LOC) NVS/0-0 (1/370.8/NVL) CPU/0-0 (3/48.0/PHB) CPU/0-1 (4/10.0/SYS) 
[worker-rank56] gpulingjun033181100083:1315:5393 [0] NCCL INFO Setting affinity for GPU 0 to ffff,ffffffff,00000000,0000ffff,ffffffff
[worker-rank56] gpulingjun033181100083:1315:5393 [0] NCCL INFO Pattern 4, crossNic 0, nChannels 16, bw 60.000000/60.000000, type LOC/PIX, sameChannels 1
[worker-rank56] gpulingjun033181100083:1315:5393 [0] NCCL INFO  0 : GPU/0
[worker-rank56] gpulingjun033181100083:1315:5393 [0] NCCL INFO  1 : GPU/0
[worker-rank56] gpulingjun033181100083:1315:5393 [0] NCCL INFO  2 : GPU/0
[worker-rank56] gpulingjun033181100083:1315:5393 [0] NCCL INFO  3 : GPU/0
[worker-rank56] gpulingjun033181100083:1315:5393 [0] NCCL INFO  4 : GPU/0
[worker-rank56] gpulingjun033181100083:1315:5393 [0] NCCL INFO  5 : GPU/0
[worker-rank56] gpulingjun033181100083:1315:5393 [0] NCCL INFO  6 : GPU/0
[worker-rank56] gpulingjun033181100083:1315:5393 [0] NCCL INFO  7 : GPU/0
[worker-rank56] gpulingjun033181100083:1315:5393 [0] NCCL INFO  8 : GPU/0
[worker-rank56] gpulingjun033181100083:1315:5393 [0] NCCL INFO  9 : GPU/0
[worker-rank56] gpulingjun033181100083:1315:5393 [0] NCCL INFO 10 : GPU/0
[worker-rank56] gpulingjun033181100083:1315:5393 [0] NCCL INFO 11 : GPU/0
[worker-rank56] gpulingjun033181100083:1315:5393 [0] NCCL INFO 12 : GPU/0
[worker-rank56] gpulingjun033181100083:1315:5393 [0] NCCL INFO 13 : GPU/0
[worker-rank56] gpulingjun033181100083:1315:5393 [0] NCCL INFO 14 : GPU/0
[worker-rank56] gpulingjun033181100083:1315:5393 [0] NCCL INFO 15 : GPU/0
[worker-rank56] gpulingjun033181100083:1315:5393 [0] NCCL INFO Pattern 3, crossNic 0, nChannels 16, bw 60.000000/60.000000, type LOC/PIX, sameChannels 1
[worker-rank56] gpulingjun033181100083:1315:5393 [0] NCCL INFO  0 : GPU/0
[worker-rank56] gpulingjun033181100083:1315:5393 [0] NCCL INFO  1 : GPU/0
[worker-rank56] gpulingjun033181100083:1315:5393 [0] NCCL INFO  2 : GPU/0
[worker-rank56] gpulingjun033181100083:1315:5393 [0] NCCL INFO  3 : GPU/0
[worker-rank56] gpulingjun033181100083:1315:5393 [0] NCCL INFO  4 : GPU/0
[worker-rank56] gpulingjun033181100083:1315:5393 [0] NCCL INFO  5 : GPU/0
[worker-rank56] gpulingjun033181100083:1315:5393 [0] NCCL INFO  6 : GPU/0
[worker-rank56] gpulingjun033181100083:1315:5393 [0] NCCL INFO  7 : GPU/0
[worker-rank56] gpulingjun033181100083:1315:5393 [0] NCCL INFO  8 : GPU/0
[worker-rank56] gpulingjun033181100083:1315:5393 [0] NCCL INFO  9 : GPU/0
[worker-rank56] gpulingjun033181100083:1315:5393 [0] NCCL INFO 10 : GPU/0
[worker-rank56] gpulingjun033181100083:1315:5393 [0] NCCL INFO 11 : GPU/0
[worker-rank56] gpulingjun033181100083:1315:5393 [0] NCCL INFO 12 : GPU/0
[worker-rank56] gpulingjun033181100083:1315:5393 [0] NCCL INFO 13 : GPU/0
[worker-rank56] gpulingjun033181100083:1315:5393 [0] NCCL INFO 14 : GPU/0
[worker-rank56] gpulingjun033181100083:1315:5393 [0] NCCL INFO 15 : GPU/0
[worker-rank56] gpulingjun033181100083:1315:5393 [0] NCCL INFO comm 0xb97e620 rank 0 nRanks 1 nNodes 1 localRanks 1 localRank 0 MNNVL 0
[worker-rank56] gpulingjun033181100083:1315:5393 [0] NCCL INFO Tree 0 : -1 -> 0 -> -1/-1/-1
[worker-rank56] gpulingjun033181100083:1315:5393 [0] NCCL INFO Tree 16 : -1 -> 0 -> -1/-1/-1
[worker-rank56] gpulingjun033181100083:1315:5393 [0] NCCL INFO Tree 1 : -1 -> 0 -> -1/-1/-1
[worker-rank56] gpulingjun033181100083:1315:5393 [0] NCCL INFO Tree 17 : -1 -> 0 -> -1/-1/-1
[worker-rank56] gpulingjun033181100083:1315:5393 [0] NCCL INFO Tree 2 : -1 -> 0 -> -1/-1/-1
[worker-rank56] gpulingjun033181100083:1315:5393 [0] NCCL INFO Tree 18 : -1 -> 0 -> -1/-1/-1
[worker-rank56] gpulingjun033181100083:1315:5393 [0] NCCL INFO Tree 3 : -1 -> 0 -> -1/-1/-1
[worker-rank56] gpulingjun033181100083:1315:5393 [0] NCCL INFO Tree 19 : -1 -> 0 -> -1/-1/-1
[worker-rank56] gpulingjun033181100083:1315:5393 [0] NCCL INFO Tree 4 : -1 -> 0 -> -1/-1/-1
[worker-rank56] gpulingjun033181100083:1315:5393 [0] NCCL INFO Tree 20 : -1 -> 0 -> -1/-1/-1
[worker-rank56] gpulingjun033181100083:1315:5393 [0] NCCL INFO Tree 5 : -1 -> 0 -> -1/-1/-1
[worker-rank56] gpulingjun033181100083:1315:5393 [0] NCCL INFO Tree 21 : -1 -> 0 -> -1/-1/-1
[worker-rank56] gpulingjun033181100083:1315:5393 [0] NCCL INFO Tree 6 : -1 -> 0 -> -1/-1/-1
[worker-rank56] gpulingjun033181100083:1315:5393 [0] NCCL INFO Tree 22 : -1 -> 0 -> -1/-1/-1
[worker-rank56] gpulingjun033181100083:1315:5393 [0] NCCL INFO Tree 7 : -1 -> 0 -> -1/-1/-1
[worker-rank56] gpulingjun033181100083:1315:5393 [0] NCCL INFO Tree 23 : -1 -> 0 -> -1/-1/-1
[worker-rank56] gpulingjun033181100083:1315:5393 [0] NCCL INFO Tree 8 : -1 -> 0 -> -1/-1/-1
[worker-rank56] gpulingjun033181100083:1315:5393 [0] NCCL INFO Tree 24 : -1 -> 0 -> -1/-1/-1
[worker-rank56] gpulingjun033181100083:1315:5393 [0] NCCL INFO Tree 9 : -1 -> 0 -> -1/-1/-1
[worker-rank56] gpulingjun033181100083:1315:5393 [0] NCCL INFO Tree 25 : -1 -> 0 -> -1/-1/-1
[worker-rank56] gpulingjun033181100083:1315:5393 [0] NCCL INFO Tree 10 : -1 -> 0 -> -1/-1/-1
[worker-rank56] gpulingjun033181100083:1315:5393 [0] NCCL INFO Tree 26 : -1 -> 0 -> -1/-1/-1
[worker-rank56] gpulingjun033181100083:1315:5393 [0] NCCL INFO Tree 11 : -1 -> 0 -> -1/-1/-1
[worker-rank56] gpulingjun033181100083:1315:5393 [0] NCCL INFO Tree 27 : -1 -> 0 -> -1/-1/-1
[worker-rank56] gpulingjun033181100083:1315:5393 [0] NCCL INFO Tree 12 : -1 -> 0 -> -1/-1/-1
[worker-rank56] gpulingjun033181100083:1315:5393 [0] NCCL INFO Tree 28 : -1 -> 0 -> -1/-1/-1
[worker-rank56] gpulingjun033181100083:1315:5393 [0] NCCL INFO Tree 13 : -1 -> 0 -> -1/-1/-1
[worker-rank56] gpulingjun033181100083:1315:5393 [0] NCCL INFO Tree 29 : -1 -> 0 -> -1/-1/-1
[worker-rank56] gpulingjun033181100083:1315:5393 [0] NCCL INFO Tree 14 : -1 -> 0 -> -1/-1/-1
[worker-rank56] gpulingjun033181100083:1315:5393 [0] NCCL INFO Tree 30 : -1 -> 0 -> -1/-1/-1
[worker-rank56] gpulingjun033181100083:1315:5393 [0] NCCL INFO Tree 15 : -1 -> 0 -> -1/-1/-1
[worker-rank56] gpulingjun033181100083:1315:5393 [0] NCCL INFO Tree 31 : -1 -> 0 -> -1/-1/-1
[worker-rank56] gpulingjun033181100083:1315:5393 [0] NCCL INFO Channel 00/32 :    0
[worker-rank56] gpulingjun033181100083:1315:5393 [0] NCCL INFO Channel 01/32 :    0
[worker-rank56] gpulingjun033181100083:1315:5393 [0] NCCL INFO Channel 02/32 :    0
[worker-rank56] gpulingjun033181100083:1315:5393 [0] NCCL INFO Channel 03/32 :    0
[worker-rank56] gpulingjun033181100083:1315:5393 [0] NCCL INFO Channel 04/32 :    0
[worker-rank56] gpulingjun033181100083:1315:5393 [0] NCCL INFO Channel 05/32 :    0
[worker-rank56] gpulingjun033181100083:1315:5393 [0] NCCL INFO Channel 06/32 :    0
[worker-rank56] gpulingjun033181100083:1315:5393 [0] NCCL INFO Channel 07/32 :    0
[worker-rank56] gpulingjun033181100083:1315:5393 [0] NCCL INFO Channel 08/32 :    0
[worker-rank56] gpulingjun033181100083:1315:5393 [0] NCCL INFO Channel 09/32 :    0
[worker-rank56] gpulingjun033181100083:1315:5393 [0] NCCL INFO Channel 10/32 :    0
[worker-rank56] gpulingjun033181100083:1315:5393 [0] NCCL INFO Channel 11/32 :    0
[worker-rank56] gpulingjun033181100083:1315:5393 [0] NCCL INFO Channel 12/32 :    0
[worker-rank56] gpulingjun033181100083:1315:5393 [0] NCCL INFO Channel 13/32 :    0
[worker-rank56] gpulingjun033181100083:1315:5393 [0] NCCL INFO Channel 14/32 :    0
[worker-rank56] gpulingjun033181100083:1315:5393 [0] NCCL INFO Channel 15/32 :    0
[worker-rank56] gpulingjun033181100083:1315:5393 [0] NCCL INFO Channel 16/32 :    0
[worker-rank56] gpulingjun033181100083:1315:5393 [0] NCCL INFO Channel 17/32 :    0
[worker-rank56] gpulingjun033181100083:1315:5393 [0] NCCL INFO Channel 18/32 :    0
[worker-rank56] gpulingjun033181100083:1315:5393 [0] NCCL INFO Channel 19/32 :    0
[worker-rank56] gpulingjun033181100083:1315:5393 [0] NCCL INFO Channel 20/32 :    0
[worker-rank56] gpulingjun033181100083:1315:5393 [0] NCCL INFO Channel 21/32 :    0
[worker-rank56] gpulingjun033181100083:1315:5393 [0] NCCL INFO Channel 22/32 :    0
[worker-rank56] gpulingjun033181100083:1315:5393 [0] NCCL INFO Channel 23/32 :    0
[worker-rank56] gpulingjun033181100083:1315:5393 [0] NCCL INFO Channel 24/32 :    0
[worker-rank56] gpulingjun033181100083:1315:5393 [0] NCCL INFO Channel 25/32 :    0
[worker-rank56] gpulingjun033181100083:1315:5393 [0] NCCL INFO Channel 26/32 :    0
[worker-rank56] gpulingjun033181100083:1315:5393 [0] NCCL INFO Channel 27/32 :    0
[worker-rank56] gpulingjun033181100083:1315:5393 [0] NCCL INFO Channel 28/32 :    0
[worker-rank56] gpulingjun033181100083:1315:5393 [0] NCCL INFO Channel 29/32 :    0
[worker-rank56] gpulingjun033181100083:1315:5393 [0] NCCL INFO Channel 30/32 :    0
[worker-rank56] gpulingjun033181100083:1315:5393 [0] NCCL INFO Channel 31/32 :    0
[worker-rank56] gpulingjun033181100083:1315:5393 [0] NCCL INFO Ring 00 : 0 -> 0 -> 0
[worker-rank56] gpulingjun033181100083:1315:5393 [0] NCCL INFO Ring 01 : 0 -> 0 -> 0
[worker-rank56] gpulingjun033181100083:1315:5393 [0] NCCL INFO Ring 02 : 0 -> 0 -> 0
[worker-rank56] gpulingjun033181100083:1315:5393 [0] NCCL INFO Ring 03 : 0 -> 0 -> 0
[worker-rank56] gpulingjun033181100083:1315:5393 [0] NCCL INFO Ring 04 : 0 -> 0 -> 0
[worker-rank56] gpulingjun033181100083:1315:5393 [0] NCCL INFO Ring 05 : 0 -> 0 -> 0
[worker-rank56] gpulingjun033181100083:1315:5393 [0] NCCL INFO Ring 06 : 0 -> 0 -> 0
[worker-rank56] gpulingjun033181100083:1315:5393 [0] NCCL INFO Ring 07 : 0 -> 0 -> 0
[worker-rank56] gpulingjun033181100083:1315:5393 [0] NCCL INFO Ring 08 : 0 -> 0 -> 0
[worker-rank56] gpulingjun033181100083:1315:5393 [0] NCCL INFO Ring 09 : 0 -> 0 -> 0
[worker-rank56] gpulingjun033181100083:1315:5393 [0] NCCL INFO Ring 10 : 0 -> 0 -> 0
[worker-rank56] gpulingjun033181100083:1315:5393 [0] NCCL INFO Ring 11 : 0 -> 0 -> 0
[worker-rank56] gpulingjun033181100083:1315:5393 [0] NCCL INFO Ring 12 : 0 -> 0 -> 0
[worker-rank56] gpulingjun033181100083:1315:5393 [0] NCCL INFO Ring 13 : 0 -> 0 -> 0
[worker-rank56] gpulingjun033181100083:1315:5393 [0] NCCL INFO Ring 14 : 0 -> 0 -> 0
[worker-rank56] gpulingjun033181100083:1315:5393 [0] NCCL INFO Ring 15 : 0 -> 0 -> 0
[worker-rank56] gpulingjun033181100083:1315:5393 [0] NCCL INFO Ring 16 : 0 -> 0 -> 0
[worker-rank56] gpulingjun033181100083:1315:5393 [0] NCCL INFO Ring 17 : 0 -> 0 -> 0
[worker-rank56] gpulingjun033181100083:1315:5393 [0] NCCL INFO Ring 18 : 0 -> 0 -> 0
[worker-rank56] gpulingjun033181100083:1315:5393 [0] NCCL INFO Ring 19 : 0 -> 0 -> 0
[worker-rank56] gpulingjun033181100083:1315:5393 [0] NCCL INFO Ring 20 : 0 -> 0 -> 0
[worker-rank56] gpulingjun033181100083:1315:5393 [0] NCCL INFO Ring 21 : 0 -> 0 -> 0
[worker-rank56] gpulingjun033181100083:1315:5393 [0] NCCL INFO Ring 22 : 0 -> 0 -> 0
[worker-rank56] gpulingjun033181100083:1315:5393 [0] NCCL INFO Ring 23 : 0 -> 0 -> 0
[worker-rank56] gpulingjun033181100083:1315:5393 [0] NCCL INFO Ring 24 : 0 -> 0 -> 0
[worker-rank56] gpulingjun033181100083:1315:5393 [0] NCCL INFO Ring 25 : 0 -> 0 -> 0
[worker-rank56] gpulingjun033181100083:1315:5393 [0] NCCL INFO Ring 26 : 0 -> 0 -> 0
[worker-rank56] gpulingjun033181100083:1315:5393 [0] NCCL INFO Ring 27 : 0 -> 0 -> 0
[worker-rank56] gpulingjun033181100083:1315:5393 [0] NCCL INFO Ring 28 : 0 -> 0 -> 0
[worker-rank56] gpulingjun033181100083:1315:5393 [0] NCCL INFO Ring 29 : 0 -> 0 -> 0
[worker-rank56] gpulingjun033181100083:1315:5393 [0] NCCL INFO Ring 30 : 0 -> 0 -> 0
[worker-rank56] gpulingjun033181100083:1315:5393 [0] NCCL INFO Ring 31 : 0 -> 0 -> 0
[worker-rank56] gpulingjun033181100083:1315:5393 [0] NCCL INFO Trees [0] -1/-1/-1->0->-1 [1] -1/-1/-1->0->-1 [2] -1/-1/-1->0->-1 [3] -1/-1/-1->0->-1 [4] -1/-1/-1->0->-1 [5] -1/-1/-1->0->-1 [6] -1/-1/-1->0->-1 [7] -1/-1/-1->0->-1 [8] -1/-1/-1->0->-1 [9] -1/-1/-1->0->-1 [10] -1/-1/-1->0->-1 [11] -1/-1/-1->0->-1 [12] -1/-1/-1->0->-1 [13] -1/-1/-1->0->-1 [14] -1/-1/-1->0->-1 [15] -1/-1/-1->0->-1 [16] -1/-1/-1->0->-1 [17] -1/-1/-1->0->-1 [18] -1/-1/-1->0->-1 [19] -1/-1/-1->0->-1 [20] -1/-1/-1->0->-1 [21] -1/-1/-1->0->-1 [22] -1/-1/-1->0->-1 [23] -1/-1/-1->0->-1 [24] -1/-1/-1->0->-1 [25] -1/-1/-1->0->-1 [26] -1/-1/-1->0->-1 [27] -1/-1/-1->0->-1 [28] -1/-1/-1->0->-1 [29] -1/-1/-1->0->-1 [30] -1/-1/-1->0->-1 [31] -1/-1/-1->0->-1
[worker-rank56] gpulingjun033181100083:1315:5393 [0] NCCL INFO P2P Chunksize set to 131072
[worker-rank56] gpulingjun033181100083:1315:5393 [0] NCCL INFO Connected all rings
[worker-rank56] gpulingjun033181100083:1315:5393 [0] NCCL INFO Connected all trees
[worker-rank56] gpulingjun033181100083:1315:5393 [0] NCCL INFO 32 coll channels, 32 collnet channels, 0 nvls channels, 32 p2p channels, 32 p2p channels per peer
[worker-rank56] gpulingjun033181100083:1315:5393 [0] NCCL INFO ncclCommInitRank comm 0xb97e620 rank 0 nranks 1 cudaDev 0 nvmlDev 0 busId 8000 commId 0x8fcea0ec6afad377 - Init COMPLETE
[worker-rank56] [2026-07-27 18:59:37,454] [INFO] [stage_1_and_2.py:437:__init__] Flattening param group 0 on cuda (sufficient memory)
[worker-rank56] [2026-07-27 18:59:37,463] [INFO] [stage_1_and_2.py:437:__init__] Flattening param group 1 on cuda (sufficient memory)
[worker-rank56] [2026-07-27 18:59:37,469] [INFO] [stage_1_and_2.py:437:__init__] Flattening param group 2 on cuda (sufficient memory)
[worker-rank56] [2026-07-27 18:59:37,477] [INFO] [stage_1_and_2.py:437:__init__] Flattening param group 3 on cuda (sufficient memory)
[worker-rank56] [2026-07-27 18:59:37,489] [WARNING] [lr_schedules.py:873:get_lr] Attempting to get learning rate from scheduler before it has started
[worker-rank56] [2026-07-27 18:59:37,489] [INFO] [engine.py:145:__init__] is_pipe_partitioned= False is_grad_partitioned= False
[worker-rank56] gpulingjun033181100083:1315:5398 [0] NCCL INFO Using non-device net plugin version 0
[worker-rank56] gpulingjun033181100083:1315:5398 [0] NCCL INFO Using network IB
[worker-rank56] gpulingjun033181100083:1315:5398 [0] NCCL INFO DMA-BUF is available on GPU device 0
[worker-rank56] gpulingjun033181100083:1315:5398 [0] NCCL INFO ncclCommInitRank comm 0xf2db100 rank 0 nranks 8 cudaDev 0 nvmlDev 0 busId 8000 commId 0x73883a17e50f51fc - Init START
[worker-rank56] gpulingjun033181100083:1315:5398 [0] NCCL INFO MNNVL busId 0x8000 fabric UUID 0.0 cliqueId 0x0 state 3 healthMask 0x0
[worker-rank56] gpulingjun033181100083:1315:5398 [0] NCCL INFO Loading topology file /var/run/nvidia-topologyd/virtualTopology.xml
[worker-rank56] gpulingjun033181100083:1315:5398 [0] NCCL INFO Loading unnamed topology
[worker-rank56] gpulingjun033181100083:1315:5398 [0] NCCL INFO === System : maxBw 370.8 totalBw 370.8 ===
[worker-rank56] gpulingjun033181100083:1315:5398 [0] NCCL INFO CPU/0-0 (1/1/2)
[worker-rank56] gpulingjun033181100083:1315:5398 [0] NCCL INFO + PCI[48.0] - PCI/0-6000 (1000c0301000100b)
[worker-rank56] gpulingjun033181100083:1315:5398 [0] NCCL INFO               + PCI[48.0] - PCI/0-6000 (1000c0301000100b)
[worker-rank56] gpulingjun033181100083:1315:5398 [0] NCCL INFO                             + PCI[48.0] - GPU/0-8000 (0)
[worker-rank56] gpulingjun033181100083:1315:5398 [0] NCCL INFO                                           + NVL[370.8] - NVS/0
[worker-rank56] gpulingjun033181100083:1315:5398 [0] NCCL INFO               + PCI[48.0] - PCI/0-7c000 (1000c0301000100b)
[worker-rank56] gpulingjun033181100083:1315:5398 [0] NCCL INFO                             + PCI[48.0] - GPU/0-7e000 (1)
[worker-rank56] gpulingjun033181100083:1315:5398 [0] NCCL INFO                                           + NVL[370.8] - NVS/0
[worker-rank56] gpulingjun033181100083:1315:5398 [0] NCCL INFO                             + PCI[48.0] - NIC/0-7f000
[worker-rank56] gpulingjun033181100083:1315:5398 [0] NCCL INFO + PCI[48.0] - PCI/0-a0000 (1000c0301000100b)
[worker-rank56] gpulingjun033181100083:1315:5398 [0] NCCL INFO               + PCI[48.0] - PCI/0-a0000 (1000c0301000100b)
[worker-rank56] gpulingjun033181100083:1315:5398 [0] NCCL INFO                             + PCI[48.0] - GPU/0-a2000 (2)
[worker-rank56] gpulingjun033181100083:1315:5398 [0] NCCL INFO                                           + NVL[370.8] - NVS/0
[worker-rank56] gpulingjun033181100083:1315:5398 [0] NCCL INFO               + PCI[48.0] - PCI/0-c4000 (1000c0301000100b)
[worker-rank56] gpulingjun033181100083:1315:5398 [0] NCCL INFO                             + PCI[48.0] - GPU/0-c6000 (3)
[worker-rank56] gpulingjun033181100083:1315:5398 [0] NCCL INFO                                           + NVL[370.8] - NVS/0
[worker-rank56] gpulingjun033181100083:1315:5398 [0] NCCL INFO                             + PCI[48.0] - NIC/0-c7000
[worker-rank56] gpulingjun033181100083:1315:5398 [0] NCCL INFO + SYS[10.0] - CPU/1
[worker-rank56] gpulingjun033181100083:1315:5398 [0] NCCL INFO CPU/0-1 (1/1/2)
[worker-rank56] gpulingjun033181100083:1315:5398 [0] NCCL INFO + PCI[48.0] - PCI/0-106000 (1000c0301000100b)
[worker-rank56] gpulingjun033181100083:1315:5398 [0] NCCL INFO               + PCI[48.0] - PCI/0-106000 (1000c0301000100b)
[worker-rank56] gpulingjun033181100083:1315:5398 [0] NCCL INFO                             + PCI[48.0] - NIC/0-108000
[worker-rank56] gpulingjun033181100083:1315:5398 [0] NCCL INFO                             + PCI[48.0] - GPU/0-109000 (4)
[worker-rank56] gpulingjun033181100083:1315:5398 [0] NCCL INFO                                           + NVL[370.8] - NVS/0
[worker-rank56] gpulingjun033181100083:1315:5398 [0] NCCL INFO               + PCI[48.0] - PCI/0-17c000 (1000c0301000100b)
[worker-rank56] gpulingjun033181100083:1315:5398 [0] NCCL INFO                             + PCI[48.0] - GPU/0-17f000 (5)
[worker-rank56] gpulingjun033181100083:1315:5398 [0] NCCL INFO                                           + NVL[370.8] - NVS/0
[worker-rank56] gpulingjun033181100083:1315:5398 [0] NCCL INFO + PCI[48.0] - PCI/0-1a0000 (1000c0301000100b)
[worker-rank56] gpulingjun033181100083:1315:5398 [0] NCCL INFO               + PCI[48.0] - PCI/0-1a0000 (1000c0301000100b)
[worker-rank56] gpulingjun033181100083:1315:5398 [0] NCCL INFO                             + PCI[48.0] - NIC/0-1a2000
[worker-rank56] gpulingjun033181100083:1315:5398 [0] NCCL INFO                             + PCI[48.0] - GPU/0-1a3000 (6)
[worker-rank56] gpulingjun033181100083:1315:5398 [0] NCCL INFO                                           + NVL[370.8] - NVS/0
[worker-rank56] gpulingjun033181100083:1315:5398 [0] NCCL INFO               + PCI[48.0] - PCI/0-1c4000 (1000c0301000100b)
[worker-rank56] gpulingjun033181100083:1315:5398 [0] NCCL INFO                             + PCI[48.0] - GPU/0-1c7000 (7)
[worker-rank56] gpulingjun033181100083:1315:5398 [0] NCCL INFO                                           + NVL[370.8] - NVS/0
[worker-rank56] gpulingjun033181100083:1315:5398 [0] NCCL INFO + SYS[10.0] - CPU/0
[worker-rank56] gpulingjun033181100083:1315:5398 [0] NCCL INFO ==========================================
[worker-rank56] gpulingjun033181100083:1315:5398 [0] NCCL INFO GPU/8000 :GPU/0-8000 (0/5000.0/LOC) GPU/0-7e000 (2/370.8/NVL) GPU/0-a2000 (2/370.8/NVL) GPU/0-c6000 (2/370.8/NVL) GPU/0-109000 (2/370.8/NVL) GPU/0-17f000 (2/370.8/NVL) GPU/0-1a3000 (2/370.8/NVL) GPU/0-1c7000 (2/370.8/NVL) NVS/0-0 (1/370.8/NVL) CPU/0-0 (3/48.0/PHB) CPU/0-1 (4/10.0/SYS) 
[worker-rank56] gpulingjun033181100083:1315:5398 [0] NCCL INFO GPU/7E000 :GPU/0-8000 (2/370.8/NVL) GPU/0-7e000 (0/5000.0/LOC) GPU/0-a2000 (2/370.8/NVL) GPU/0-c6000 (2/370.8/NVL) GPU/0-109000 (2/370.8/NVL) GPU/0-17f000 (2/370.8/NVL) GPU/0-1a3000 (2/370.8/NVL) GPU/0-1c7000 (2/370.8/NVL) NVS/0-0 (1/370.8/NVL) CPU/0-0 (3/48.0/PHB) CPU/0-1 (4/10.0/SYS) 
[worker-rank56] gpulingjun033181100083:1315:5398 [0] NCCL INFO GPU/A2000 :GPU/0-8000 (2/370.8/NVL) GPU/0-7e000 (2/370.8/NVL) GPU/0-a2000 (0/5000.0/LOC) GPU/0-c6000 (2/370.8/NVL) GPU/0-109000 (2/370.8/NVL) GPU/0-17f000 (2/370.8/NVL) GPU/0-1a3000 (2/370.8/NVL) GPU/0-1c7000 (2/370.8/NVL) NVS/0-0 (1/370.8/NVL) CPU/0-0 (3/48.0/PHB) CPU/0-1 (4/10.0/SYS) 
[worker-rank56] gpulingjun033181100083:1315:5398 [0] NCCL INFO GPU/C6000 :GPU/0-8000 (2/370.8/NVL) GPU/0-7e000 (2/370.8/NVL) GPU/0-a2000 (2/370.8/NVL) GPU/0-c6000 (0/5000.0/LOC) GPU/0-109000 (2/370.8/NVL) GPU/0-17f000 (2/370.8/NVL) GPU/0-1a3000 (2/370.8/NVL) GPU/0-1c7000 (2/370.8/NVL) NVS/0-0 (1/370.8/NVL) CPU/0-0 (3/48.0/PHB) CPU/0-1 (4/10.0/SYS) 
[worker-rank56] gpulingjun033181100083:1315:5398 [0] NCCL INFO GPU/109000 :GPU/0-8000 (2/370.8/NVL) GPU/0-7e000 (2/370.8/NVL) GPU/0-a2000 (2/370.8/NVL) GPU/0-c6000 (2/370.8/NVL) GPU/0-109000 (0/5000.0/LOC) GPU/0-17f000 (2/370.8/NVL) GPU/0-1a3000 (2/370.8/NVL) GPU/0-1c7000 (2/370.8/NVL) NVS/0-0 (1/370.8/NVL) CPU/0-0 (4/10.0/SYS) CPU/0-1 (3/48.0/PHB) 
[worker-rank56] gpulingjun033181100083:1315:5398 [0] NCCL INFO GPU/17F000 :GPU/0-8000 (2/370.8/NVL) GPU/0-7e000 (2/370.8/NVL) GPU/0-a2000 (2/370.8/NVL) GPU/0-c6000 (2/370.8/NVL) GPU/0-109000 (2/370.8/NVL) GPU/0-17f000 (0/5000.0/LOC) GPU/0-1a3000 (2/370.8/NVL) GPU/0-1c7000 (2/370.8/NVL) NVS/0-0 (1/370.8/NVL) CPU/0-0 (4/10.0/SYS) CPU/0-1 (3/48.0/PHB) 
[worker-rank56] gpulingjun033181100083:1315:5398 [0] NCCL INFO GPU/1A3000 :GPU/0-8000 (2/370.8/NVL) GPU/0-7e000 (2/370.8/NVL) GPU/0-a2000 (2/370.8/NVL) GPU/0-c6000 (2/370.8/NVL) GPU/0-109000 (2/370.8/NVL) GPU/0-17f000 (2/370.8/NVL) GPU/0-1a3000 (0/5000.0/LOC) GPU/0-1c7000 (2/370.8/NVL) NVS/0-0 (1/370.8/NVL) CPU/0-0 (4/10.0/SYS) CPU/0-1 (3/48.0/PHB) 
[worker-rank56] gpulingjun033181100083:1315:5398 [0] NCCL INFO GPU/1C7000 :GPU/0-8000 (2/370.8/NVL) GPU/0-7e000 (2/370.8/NVL) GPU/0-a2000 (2/370.8/NVL) GPU/0-c6000 (2/370.8/NVL) GPU/0-109000 (2/370.8/NVL) GPU/0-17f000 (2/370.8/NVL) GPU/0-1a3000 (2/370.8/NVL) GPU/0-1c7000 (0/5000.0/LOC) NVS/0-0 (1/370.8/NVL) CPU/0-0 (4/10.0/SYS) CPU/0-1 (3/48.0/PHB) 
[worker-rank56] gpulingjun033181100083:1315:5398 [0] NCCL INFO Setting affinity for GPU 0 to ffff,ffffffff,00000000,0000ffff,ffffffff
[worker-rank56] gpulingjun033181100083:1315:5398 [0] NCCL INFO Pattern 4, crossNic 0, nChannels 12, bw 30.000000/30.000000, type NVL/PIX, sameChannels 1
[worker-rank56] gpulingjun033181100083:1315:5398 [0] NCCL INFO  0 : GPU/0 GPU/1 GPU/2 GPU/3 GPU/4 GPU/5 GPU/6 GPU/7
[worker-rank56] gpulingjun033181100083:1315:5398 [0] NCCL INFO  1 : GPU/0 GPU/1 GPU/2 GPU/3 GPU/4 GPU/5 GPU/6 GPU/7
[worker-rank56] gpulingjun033181100083:1315:5398 [0] NCCL INFO  2 : GPU/0 GPU/1 GPU/2 GPU/3 GPU/4 GPU/5 GPU/6 GPU/7
[worker-rank56] gpulingjun033181100083:1315:5398 [0] NCCL INFO  3 : GPU/0 GPU/1 GPU/2 GPU/3 GPU/4 GPU/5 GPU/6 GPU/7
[worker-rank56] gpulingjun033181100083:1315:5398 [0] NCCL INFO  4 : GPU/0 GPU/1 GPU/2 GPU/3 GPU/4 GPU/5 GPU/6 GPU/7
[worker-rank56] gpulingjun033181100083:1315:5398 [0] NCCL INFO  5 : GPU/0 GPU/1 GPU/2 GPU/3 GPU/4 GPU/5 GPU/6 GPU/7
[worker-rank56] gpulingjun033181100083:1315:5398 [0] NCCL INFO  6 : GPU/0 GPU/1 GPU/2 GPU/3 GPU/4 GPU/5 GPU/6 GPU/7
[worker-rank56] gpulingjun033181100083:1315:5398 [0] NCCL INFO  7 : GPU/0 GPU/1 GPU/2 GPU/3 GPU/4 GPU/5 GPU/6 GPU/7
[worker-rank56] gpulingjun033181100083:1315:5398 [0] NCCL INFO  8 : GPU/0 GPU/1 GPU/2 GPU/3 GPU/4 GPU/5 GPU/6 GPU/7
[worker-rank56] gpulingjun033181100083:1315:5398 [0] NCCL INFO  9 : GPU/0 GPU/1 GPU/2 GPU/3 GPU/4 GPU/5 GPU/6 GPU/7
[worker-rank56] gpulingjun033181100083:1315:5398 [0] NCCL INFO 10 : GPU/0 GPU/1 GPU/2 GPU/3 GPU/4 GPU/5 GPU/6 GPU/7
[worker-rank56] gpulingjun033181100083:1315:5398 [0] NCCL INFO 11 : GPU/0 GPU/1 GPU/2 GPU/3 GPU/4 GPU/5 GPU/6 GPU/7
[worker-rank56] gpulingjun033181100083:1315:5398 [0] NCCL INFO Pattern 1, crossNic 0, nChannels 12, bw 30.000000/30.000000, type NVL/PIX, sameChannels 1
[worker-rank56] gpulingjun033181100083:1315:5398 [0] NCCL INFO  0 : GPU/0 GPU/1 GPU/2 GPU/3 GPU/4 GPU/5 GPU/6 GPU/7
[worker-rank56] gpulingjun033181100083:1315:5398 [0] NCCL INFO  1 : GPU/0 GPU/1 GPU/2 GPU/3 GPU/4 GPU/5 GPU/6 GPU/7
[worker-rank56] gpulingjun033181100083:1315:5398 [0] NCCL INFO  2 : GPU/0 GPU/1 GPU/2 GPU/3 GPU/4 GPU/5 GPU/6 GPU/7
[worker-rank56] gpulingjun033181100083:1315:5398 [0] NCCL INFO  3 : GPU/0 GPU/1 GPU/2 GPU/3 GPU/4 GPU/5 GPU/6 GPU/7
[worker-rank56] gpulingjun033181100083:1315:5398 [0] NCCL INFO  4 : GPU/0 GPU/1 GPU/2 GPU/3 GPU/4 GPU/5 GPU/6 GPU/7
[worker-rank56] gpulingjun033181100083:1315:5398 [0] NCCL INFO  5 : GPU/0 GPU/1 GPU/2 GPU/3 GPU/4 GPU/5 GPU/6 GPU/7
[worker-rank56] gpulingjun033181100083:1315:5398 [0] NCCL INFO  6 : GPU/0 GPU/1 GPU/2 GPU/3 GPU/4 GPU/5 GPU/6 GPU/7
[worker-rank56] gpulingjun033181100083:1315:5398 [0] NCCL INFO  7 : GPU/0 GPU/1 GPU/2 GPU/3 GPU/4 GPU/5 GPU/6 GPU/7
[worker-rank56] gpulingjun033181100083:1315:5398 [0] NCCL INFO  8 : GPU/0 GPU/1 GPU/2 GPU/3 GPU/4 GPU/5 GPU/6 GPU/7
[worker-rank56] gpulingjun033181100083:1315:5398 [0] NCCL INFO  9 : GPU/0 GPU/1 GPU/2 GPU/3 GPU/4 GPU/5 GPU/6 GPU/7
[worker-rank56] gpulingjun033181100083:1315:5398 [0] NCCL INFO 10 : GPU/0 GPU/1 GPU/2 GPU/3 GPU/4 GPU/5 GPU/6 GPU/7
[worker-rank56] gpulingjun033181100083:1315:5398 [0] NCCL INFO 11 : GPU/0 GPU/1 GPU/2 GPU/3 GPU/4 GPU/5 GPU/6 GPU/7
[worker-rank56] gpulingjun033181100083:1315:5398 [0] NCCL INFO comm 0xf2db100 rank 0 nRanks 8 nNodes 1 localRanks 8 localRank 0 MNNVL 0
[worker-rank56] gpulingjun033181100083:1315:5398 [0] NCCL INFO Tree 0 : -1 -> 0 -> 1/-1/-1
[worker-rank56] gpulingjun033181100083:1315:5398 [0] NCCL INFO Tree 12 : -1 -> 0 -> 1/-1/-1
[worker-rank56] gpulingjun033181100083:1315:5398 [0] NCCL INFO Tree 1 : -1 -> 0 -> 1/-1/-1
[worker-rank56] gpulingjun033181100083:1315:5398 [0] NCCL INFO Tree 13 : -1 -> 0 -> 1/-1/-1
[worker-rank56] gpulingjun033181100083:1315:5398 [0] NCCL INFO Tree 2 : -1 -> 0 -> 1/-1/-1
[worker-rank56] gpulingjun033181100083:1315:5398 [0] NCCL INFO Tree 14 : -1 -> 0 -> 1/-1/-1
[worker-rank56] gpulingjun033181100083:1315:5398 [0] NCCL INFO Tree 3 : -1 -> 0 -> 1/-1/-1
[worker-rank56] gpulingjun033181100083:1315:5398 [0] NCCL INFO Tree 15 : -1 -> 0 -> 1/-1/-1
[worker-rank56] gpulingjun033181100083:1315:5398 [0] NCCL INFO Tree 4 : -1 -> 0 -> 1/-1/-1
[worker-rank56] gpulingjun033181100083:1315:5398 [0] NCCL INFO Tree 16 : -1 -> 0 -> 1/-1/-1
[worker-rank56] gpulingjun033181100083:1315:5398 [0] NCCL INFO Tree 5 : -1 -> 0 -> 1/-1/-1
[worker-rank56] gpulingjun033181100083:1315:5398 [0] NCCL INFO Tree 17 : -1 -> 0 -> 1/-1/-1
[worker-rank56] gpulingjun033181100083:1315:5398 [0] NCCL INFO Tree 6 : -1 -> 0 -> 1/-1/-1
[worker-rank56] gpulingjun033181100083:1315:5398 [0] NCCL INFO Tree 18 : -1 -> 0 -> 1/-1/-1
[worker-rank56] gpulingjun033181100083:1315:5398 [0] NCCL INFO Tree 7 : -1 -> 0 -> 1/-1/-1
[worker-rank56] gpulingjun033181100083:1315:5398 [0] NCCL INFO Tree 19 : -1 -> 0 -> 1/-1/-1
[worker-rank56] gpulingjun033181100083:1315:5398 [0] NCCL INFO Tree 8 : -1 -> 0 -> 1/-1/-1
[worker-rank56] gpulingjun033181100083:1315:5398 [0] NCCL INFO Tree 20 : -1 -> 0 -> 1/-1/-1
[worker-rank56] gpulingjun033181100083:1315:5398 [0] NCCL INFO Tree 9 : -1 -> 0 -> 1/-1/-1
[worker-rank56] gpulingjun033181100083:1315:5398 [0] NCCL INFO Tree 21 : -1 -> 0 -> 1/-1/-1
[worker-rank56] gpulingjun033181100083:1315:5398 [0] NCCL INFO Tree 10 : -1 -> 0 -> 1/-1/-1
[worker-rank56] gpulingjun033181100083:1315:5398 [0] NCCL INFO Tree 22 : -1 -> 0 -> 1/-1/-1
[worker-rank56] gpulingjun033181100083:1315:5398 [0] NCCL INFO Tree 11 : -1 -> 0 -> 1/-1/-1
[worker-rank56] gpulingjun033181100083:1315:5398 [0] NCCL INFO Tree 23 : -1 -> 0 -> 1/-1/-1
[worker-rank56] gpulingjun033181100083:1315:5398 [0] NCCL INFO Channel 00/24 :    0   1   2   3   4   5   6   7
[worker-rank56] gpulingjun033181100083:1315:5398 [0] NCCL INFO Channel 01/24 :    0   1   2   3   4   5   6   7
[worker-rank56] gpulingjun033181100083:1315:5398 [0] NCCL INFO Channel 02/24 :    0   1   2   3   4   5   6   7
[worker-rank56] gpulingjun033181100083:1315:5398 [0] NCCL INFO Channel 03/24 :    0   1   2   3   4   5   6   7
[worker-rank56] gpulingjun033181100083:1315:5398 [0] NCCL INFO Channel 04/24 :    0   1   2   3   4   5   6   7
[worker-rank56] gpulingjun033181100083:1315:5398 [0] NCCL INFO Channel 05/24 :    0   1   2   3   4   5   6   7
[worker-rank56] gpulingjun033181100083:1315:5398 [0] NCCL INFO Channel 06/24 :    0   1   2   3   4   5   6   7
[worker-rank56] gpulingjun033181100083:1315:5398 [0] NCCL INFO Channel 07/24 :    0   1   2   3   4   5   6   7
[worker-rank56] gpulingjun033181100083:1315:5398 [0] NCCL INFO Channel 08/24 :    0   1   2   3   4   5   6   7
[worker-rank56] gpulingjun033181100083:1315:5398 [0] NCCL INFO Channel 09/24 :    0   1   2   3   4   5   6   7
[worker-rank56] gpulingjun033181100083:1315:5398 [0] NCCL INFO Channel 10/24 :    0   1   2   3   4   5   6   7
[worker-rank56] gpulingjun033181100083:1315:5398 [0] NCCL INFO Channel 11/24 :    0   1   2   3   4   5   6   7
[worker-rank56] gpulingjun033181100083:1315:5398 [0] NCCL INFO Channel 12/24 :    0   1   2   3   4   5   6   7
[worker-rank56] gpulingjun033181100083:1315:5398 [0] NCCL INFO Channel 13/24 :    0   1   2   3   4   5   6   7
[worker-rank56] gpulingjun033181100083:1315:5398 [0] NCCL INFO Channel 14/24 :    0   1   2   3   4   5   6   7
[worker-rank56] gpulingjun033181100083:1315:5398 [0] NCCL INFO Channel 15/24 :    0   1   2   3   4   5   6   7
[worker-rank56] gpulingjun033181100083:1315:5398 [0] NCCL INFO Channel 16/24 :    0   1   2   3   4   5   6   7
[worker-rank56] gpulingjun033181100083:1315:5398 [0] NCCL INFO Channel 17/24 :    0   1   2   3   4   5   6   7
[worker-rank56] gpulingjun033181100083:1315:5398 [0] NCCL INFO Channel 18/24 :    0   1   2   3   4   5   6   7
[worker-rank56] gpulingjun033181100083:1315:5398 [0] NCCL INFO Channel 19/24 :    0   1   2   3   4   5   6   7
[worker-rank56] gpulingjun033181100083:1315:5398 [0] NCCL INFO Channel 20/24 :    0   1   2   3   4   5   6   7
[worker-rank56] gpulingjun033181100083:1315:5398 [0] NCCL INFO Channel 21/24 :    0   1   2   3   4   5   6   7
[worker-rank56] gpulingjun033181100083:1315:5398 [0] NCCL INFO Channel 22/24 :    0   1   2   3   4   5   6   7
[worker-rank56] gpulingjun033181100083:1315:5398 [0] NCCL INFO Channel 23/24 :    0   1   2   3   4   5   6   7
[worker-rank56] gpulingjun033181100083:1315:5398 [0] NCCL INFO Ring 00 : 7 -> 0 -> 1
[worker-rank56] gpulingjun033181100083:1315:5398 [0] NCCL INFO Ring 01 : 7 -> 0 -> 1
[worker-rank56] gpulingjun033181100083:1315:5398 [0] NCCL INFO Ring 02 : 7 -> 0 -> 1
[worker-rank56] gpulingjun033181100083:1315:5398 [0] NCCL INFO Ring 03 : 7 -> 0 -> 1
[worker-rank56] gpulingjun033181100083:1315:5398 [0] NCCL INFO Ring 04 : 7 -> 0 -> 1
[worker-rank56] gpulingjun033181100083:1315:5398 [0] NCCL INFO Ring 05 : 7 -> 0 -> 1
[worker-rank56] gpulingjun033181100083:1315:5398 [0] NCCL INFO Ring 06 : 7 -> 0 -> 1
[worker-rank56] gpulingjun033181100083:1315:5398 [0] NCCL INFO Ring 07 : 7 -> 0 -> 1
[worker-rank56] gpulingjun033181100083:1315:5398 [0] NCCL INFO Ring 08 : 7 -> 0 -> 1
[worker-rank56] gpulingjun033181100083:1315:5398 [0] NCCL INFO Ring 09 : 7 -> 0 -> 1
[worker-rank56] gpulingjun033181100083:1315:5398 [0] NCCL INFO Ring 10 : 7 -> 0 -> 1
[worker-rank56] gpulingjun033181100083:1315:5398 [0] NCCL INFO Ring 11 : 7 -> 0 -> 1
[worker-rank56] gpulingjun033181100083:1315:5398 [0] NCCL INFO Ring 12 : 7 -> 0 -> 1
[worker-rank56] gpulingjun033181100083:1315:5398 [0] NCCL INFO Ring 13 : 7 -> 0 -> 1
[worker-rank56] gpulingjun033181100083:1315:5398 [0] NCCL INFO Ring 14 : 7 -> 0 -> 1
[worker-rank56] gpulingjun033181100083:1315:5398 [0] NCCL INFO Ring 15 : 7 -> 0 -> 1
[worker-rank56] gpulingjun033181100083:1315:5398 [0] NCCL INFO Ring 16 : 7 -> 0 -> 1
[worker-rank56] gpulingjun033181100083:1315:5398 [0] NCCL INFO Ring 17 : 7 -> 0 -> 1
[worker-rank56] gpulingjun033181100083:1315:5398 [0] NCCL INFO Ring 18 : 7 -> 0 -> 1
[worker-rank56] gpulingjun033181100083:1315:5398 [0] NCCL INFO Ring 19 : 7 -> 0 -> 1
[worker-rank56] gpulingjun033181100083:1315:5398 [0] NCCL INFO Ring 20 : 7 -> 0 -> 1
[worker-rank56] gpulingjun033181100083:1315:5398 [0] NCCL INFO Ring 21 : 7 -> 0 -> 1
[worker-rank56] gpulingjun033181100083:1315:5398 [0] NCCL INFO Ring 22 : 7 -> 0 -> 1
[worker-rank56] gpulingjun033181100083:1315:5398 [0] NCCL INFO Ring 23 : 7 -> 0 -> 1
[worker-rank56] gpulingjun033181100083:1315:5398 [0] NCCL INFO Trees [0] 1/-1/-1->0->-1 [1] 1/-1/-1->0->-1 [2] 1/-1/-1->0->-1 [3] 1/-1/-1->0->-1 [4] 1/-1/-1->0->-1 [5] 1/-1/-1->0->-1 [6] 1/-1/-1->0->-1 [7] 1/-1/-1->0->-1 [8] 1/-1/-1->0->-1 [9] 1/-1/-1->0->-1 [10] 1/-1/-1->0->-1 [11] 1/-1/-1->0->-1 [12] 1/-1/-1->0->-1 [13] 1/-1/-1->0->-1 [14] 1/-1/-1->0->-1 [15] 1/-1/-1->0->-1 [16] 1/-1/-1->0->-1 [17] 1/-1/-1->0->-1 [18] 1/-1/-1->0->-1 [19] 1/-1/-1->0->-1 [20] 1/-1/-1->0->-1 [21] 1/-1/-1->0->-1 [22] 1/-1/-1->0->-1 [23] 1/-1/-1->0->-1
[worker-rank56] gpulingjun033181100083:1315:5398 [0] NCCL INFO P2P Chunksize set to 524288
[worker-rank56] gpulingjun033181100083:1315:5398 [0] NCCL INFO Channel 00/0 : 0[0] -> 1[1] via P2P/CUMEM
[worker-rank56] gpulingjun033181100083:1315:5398 [0] NCCL INFO Channel 01/0 : 0[0] -> 1[1] via P2P/CUMEM
[worker-rank56] gpulingjun033181100083:1315:5398 [0] NCCL INFO Channel 02/0 : 0[0] -> 1[1] via P2P/CUMEM
[worker-rank56] gpulingjun033181100083:1315:5398 [0] NCCL INFO Channel 03/0 : 0[0] -> 1[1] via P2P/CUMEM
[worker-rank56] gpulingjun033181100083:1315:5398 [0] NCCL INFO Channel 04/0 : 0[0] -> 1[1] via P2P/CUMEM
[worker-rank56] gpulingjun033181100083:1315:5398 [0] NCCL INFO Channel 05/0 : 0[0] -> 1[1] via P2P/CUMEM
[worker-rank56] gpulingjun033181100083:1315:5398 [0] NCCL INFO Channel 06/0 : 0[0] -> 1[1] via P2P/CUMEM
[worker-rank56] gpulingjun033181100083:1315:5398 [0] NCCL INFO Channel 07/0 : 0[0] -> 1[1] via P2P/CUMEM
[worker-rank56] gpulingjun033181100083:1315:5398 [0] NCCL INFO Channel 08/0 : 0[0] -> 1[1] via P2P/CUMEM
[worker-rank56] gpulingjun033181100083:1315:5398 [0] NCCL INFO Channel 09/0 : 0[0] -> 1[1] via P2P/CUMEM
[worker-rank56] gpulingjun033181100083:1315:5398 [0] NCCL INFO Channel 10/0 : 0[0] -> 1[1] via P2P/CUMEM
[worker-rank56] gpulingjun033181100083:1315:5398 [0] NCCL INFO Channel 11/0 : 0[0] -> 1[1] via P2P/CUMEM
[worker-rank56] gpulingjun033181100083:1315:5398 [0] NCCL INFO Channel 12/0 : 0[0] -> 1[1] via P2P/CUMEM
[worker-rank56] gpulingjun033181100083:1315:5398 [0] NCCL INFO Channel 13/0 : 0[0] -> 1[1] via P2P/CUMEM
[worker-rank56] gpulingjun033181100083:1315:5398 [0] NCCL INFO Channel 14/0 : 0[0] -> 1[1] via P2P/CUMEM
[worker-rank56] gpulingjun033181100083:1315:5398 [0] NCCL INFO Channel 15/0 : 0[0] -> 1[1] via P2P/CUMEM
[worker-rank56] gpulingjun033181100083:1315:5398 [0] NCCL INFO Channel 16/0 : 0[0] -> 1[1] via P2P/CUMEM
[worker-rank56] gpulingjun033181100083:1315:5398 [0] NCCL INFO Channel 17/0 : 0[0] -> 1[1] via P2P/CUMEM
[worker-rank56] gpulingjun033181100083:1315:5398 [0] NCCL INFO Channel 18/0 : 0[0] -> 1[1] via P2P/CUMEM
[worker-rank56] gpulingjun033181100083:1315:5398 [0] NCCL INFO Channel 19/0 : 0[0] -> 1[1] via P2P/CUMEM
[worker-rank56] gpulingjun033181100083:1315:5398 [0] NCCL INFO Channel 20/0 : 0[0] -> 1[1] via P2P/CUMEM
[worker-rank56] gpulingjun033181100083:1315:5398 [0] NCCL INFO Channel 21/0 : 0[0] -> 1[1] via P2P/CUMEM
[worker-rank56] gpulingjun033181100083:1315:5398 [0] NCCL INFO Channel 22/0 : 0[0] -> 1[1] via P2P/CUMEM
[worker-rank56] gpulingjun033181100083:1315:5398 [0] NCCL INFO Channel 23/0 : 0[0] -> 1[1] via P2P/CUMEM
[worker-rank56] gpulingjun033181100083:1315:5398 [0] NCCL INFO Connected all rings
[worker-rank56] gpulingjun033181100083:1315:5398 [0] NCCL INFO Connected all trees
[worker-rank56] gpulingjun033181100083:1315:5398 [0] NCCL INFO   Algorithm   |                            Tree                  |                            Ring                  |                   CollNetDirect                  |
[worker-rank56] gpulingjun033181100083:1315:5398 [0] NCCL INFO   Protocol    |             LL |          LL128 |         Simple |             LL |          LL128 |         Simple |             LL |          LL128 |         Simple |
[worker-rank56] gpulingjun033181100083:1315:5398 [0] NCCL INFO  Max NThreads |            512 |            640 |            512 |            512 |            640 |            512 |              0 |              0 |            640 |
[worker-rank56] gpulingjun033181100083:1315:5398 [0] NCCL INFO     Broadcast |     0.0/   0.0 |     0.0/   0.0 |     0.0/   0.0 |     7.2/ 141.0 |    15.9/ 331.2 |    11.8/ 360.0 |     0.0/   0.0 |     0.0/   0.0 |     0.0/   0.0 |
[worker-rank56] gpulingjun033181100083:1315:5398 [0] NCCL INFO        Reduce |     0.0/   0.0 |     0.0/   0.0 |     0.0/   0.0 |     7.2/ 141.0 |    15.9/ 331.2 |    11.8/ 360.0 |     0.0/   0.0 |     0.0/   0.0 |     0.0/   0.0 |
[worker-rank56] gpulingjun033181100083:1315:5398 [0] NCCL INFO     AllGather |     0.0/   0.0 |     0.0/   0.0 |     0.0/   0.0 |    10.8/ 161.1 |    27.3/ 378.5 |    32.2/ 411.4 |     5.6/   0.0 |     5.6/   0.0 |    44.0/   0.0 |
[worker-rank56] gpulingjun033181100083:1315:5398 [0] NCCL INFO ReduceScatter |     0.0/   0.0 |     0.0/   0.0 |     0.0/   0.0 |    10.8/ 161.1 |    27.3/ 378.5 |    32.2/ 411.4 |     5.6/   0.0 |     5.6/   0.0 |    44.0/   0.0 |
[worker-rank56] gpulingjun033181100083:1315:5398 [0] NCCL INFO     AllReduce |    15.2/  43.6 |    31.5/ 128.8 |   392.0/ 165.6 |    15.0/  80.6 |    40.6/ 189.3 |    56.0/ 205.7 |     5.6/   0.0 |     5.6/   0.0 |    44.0/   0.0 |
[worker-rank56] gpulingjun033181100083:1315:5398 [0] NCCL INFO   Algorithm   |                    CollNetChain                  |                            NVLS                  |                        NVLSTree                  |
[worker-rank56] gpulingjun033181100083:1315:5398 [0] NCCL INFO   Protocol    |             LL |          LL128 |         Simple |             LL |          LL128 |         Simple |             LL |          LL128 |         Simple |
[worker-rank56] gpulingjun033181100083:1315:5398 [0] NCCL INFO  Max NThreads |              0 |              0 |            640 |              0 |              0 |            640 |              0 |              0 |            640 |
[worker-rank56] gpulingjun033181100083:1315:5398 [0] NCCL INFO     Broadcast |     0.0/   0.0 |     0.0/   0.0 |     0.0/   0.0 |     0.0/   0.0 |     0.0/   0.0 |     0.0/   0.0 |     0.0/   0.0 |     0.0/   0.0 |     0.0/   0.0 |
[worker-rank56] gpulingjun033181100083:1315:5398 [0] NCCL INFO        Reduce |     0.0/   0.0 |     0.0/   0.0 |     0.0/   0.0 |     0.0/   0.0 |     0.0/   0.0 |     0.0/   0.0 |     0.0/   0.0 |     0.0/   0.0 |     0.0/   0.0 |
[worker-rank56] gpulingjun033181100083:1315:5398 [0] NCCL INFO     AllGather |     0.0/   0.0 |     0.0/   0.0 |     0.0/   0.0 |     0.0/   0.0 |     0.0/   0.0 |     0.0/   0.0 |     0.0/   0.0 |     0.0/   0.0 |     0.0/   0.0 |
[worker-rank56] gpulingjun033181100083:1315:5398 [0] NCCL INFO ReduceScatter |     0.0/   0.0 |     0.0/   0.0 |     0.0/   0.0 |     0.0/   0.0 |     0.0/   0.0 |     0.0/   0.0 |     0.0/   0.0 |     0.0/   0.0 |     0.0/   0.0 |
[worker-rank56] gpulingjun033181100083:1315:5398 [0] NCCL INFO     AllReduce |     0.0/   0.0 |     0.0/   0.0 |    69.2/   0.0 |     0.0/   0.0 |     0.0/   0.0 |     0.0/   0.0 |     0.0/   0.0 |     0.0/   0.0 |     0.0/   0.0 |
[worker-rank56] gpulingjun033181100083:1315:5398 [0] NCCL INFO threadThresholds 8/8/64 | 64/8/64 | 512 | 512
[worker-rank56] gpulingjun033181100083:1315:5398 [0] NCCL INFO 24 coll channels, 24 collnet channels, 0 nvls channels, 32 p2p channels, 32 p2p channels per peer
[worker-rank56] gpulingjun033181100083:1315:5398 [0] NCCL INFO ncclCommInitRank comm 0xf2db100 rank 0 nranks 8 cudaDev 0 nvmlDev 0 busId 8000 commId 0x73883a17e50f51fc - Init COMPLETE
[worker-rank56] gpulingjun033181100083:1315:1315 [0] NCCL INFO 16 Bytes -> Algo 1 proto 0 time 15.000198
[worker-rank56] gpulingjun033181100083:1315:5437 [0] NCCL INFO Using non-device net plugin version 0
[worker-rank56] gpulingjun033181100083:1315:5437 [0] NCCL INFO Using network IB
[worker-rank56] gpulingjun033181100083:1315:5437 [0] NCCL INFO DMA-BUF is available on GPU device 0
[worker-rank56] gpulingjun033181100083:1315:5437 [0] NCCL INFO ncclCommInitRank comm 0xf2f01b0 rank 0 nranks 2 cudaDev 0 nvmlDev 0 busId 8000 commId 0xb56d5875563b578b - Init START
[worker-rank56] gpulingjun033181100083:1315:5437 [0] NCCL INFO MNNVL busId 0x8000 fabric UUID 0.0 cliqueId 0x0 state 3 healthMask 0x0
[worker-rank56] gpulingjun033181100083:1315:5437 [0] NCCL INFO Loading topology file /var/run/nvidia-topologyd/virtualTopology.xml
[worker-rank56] gpulingjun033181100083:1315:5437 [0] NCCL INFO Loading unnamed topology
[worker-rank56] gpulingjun033181100083:1315:5437 [0] NCCL INFO === System : maxBw 370.8 totalBw 370.8 ===
[worker-rank56] gpulingjun033181100083:1315:5437 [0] NCCL INFO CPU/0-0 (1/1/2)
[worker-rank56] gpulingjun033181100083:1315:5437 [0] NCCL INFO + PCI[48.0] - PCI/0-6000 (1000c0301000100b)
[worker-rank56] gpulingjun033181100083:1315:5437 [0] NCCL INFO               + PCI[48.0] - PCI/0-6000 (1000c0301000100b)
[worker-rank56] gpulingjun033181100083:1315:5437 [0] NCCL INFO                             + PCI[48.0] - GPU/0-8000 (0)
[worker-rank56] gpulingjun033181100083:1315:5437 [0] NCCL INFO                                           + NVL[370.8] - NVS/0
[worker-rank56] gpulingjun033181100083:1315:5437 [0] NCCL INFO               + PCI[48.0] - PCI/0-7c000 (1000c0301000100b)
[worker-rank56] gpulingjun033181100083:1315:5437 [0] NCCL INFO                             + PCI[48.0] - GPU/0-7e000 (1)
[worker-rank56] gpulingjun033181100083:1315:5437 [0] NCCL INFO                                           + NVL[370.8] - NVS/0
[worker-rank56] gpulingjun033181100083:1315:5437 [0] NCCL INFO                             + PCI[48.0] - NIC/0-7f000
[worker-rank56] gpulingjun033181100083:1315:5437 [0] NCCL INFO + PCI[48.0] - PCI/0-a0000 (1000c0301000100b)
[worker-rank56] gpulingjun033181100083:1315:5437 [0] NCCL INFO               + PCI[48.0] - PCI/0-c4000 (1000c0301000100b)
[worker-rank56] gpulingjun033181100083:1315:5437 [0] NCCL INFO                             + PCI[48.0] - NIC/0-c7000
[worker-rank56] gpulingjun033181100083:1315:5437 [0] NCCL INFO + SYS[10.0] - CPU/1
[worker-rank56] gpulingjun033181100083:1315:5437 [0] NCCL INFO CPU/0-1 (1/1/2)
[worker-rank56] gpulingjun033181100083:1315:5437 [0] NCCL INFO + PCI[48.0] - PCI/0-106000 (1000c0301000100b)
[worker-rank56] gpulingjun033181100083:1315:5437 [0] NCCL INFO               + PCI[48.0] - PCI/0-106000 (1000c0301000100b)
[worker-rank56] gpulingjun033181100083:1315:5437 [0] NCCL INFO                             + PCI[48.0] - NIC/0-108000
[worker-rank56] gpulingjun033181100083:1315:5437 [0] NCCL INFO + PCI[48.0] - PCI/0-1a0000 (1000c0301000100b)
[worker-rank56] gpulingjun033181100083:1315:5437 [0] NCCL INFO               + PCI[48.0] - PCI/0-1a0000 (1000c0301000100b)
[worker-rank56] gpulingjun033181100083:1315:5437 [0] NCCL INFO                             + PCI[48.0] - NIC/0-1a2000
[worker-rank56] gpulingjun033181100083:1315:5437 [0] NCCL INFO + SYS[10.0] - CPU/0
[worker-rank56] gpulingjun033181100083:1315:5437 [0] NCCL INFO ==========================================
[worker-rank56] gpulingjun033181100083:1315:5437 [0] NCCL INFO GPU/8000 :GPU/0-8000 (0/5000.0/LOC) GPU/0-7e000 (2/370.8/NVL) NVS/0-0 (1/370.8/NVL) CPU/0-0 (3/48.0/PHB) CPU/0-1 (4/10.0/SYS) 
[worker-rank56] gpulingjun033181100083:1315:5437 [0] NCCL INFO GPU/7E000 :GPU/0-8000 (2/370.8/NVL) GPU/0-7e000 (0/5000.0/LOC) NVS/0-0 (1/370.8/NVL) CPU/0-0 (3/48.0/PHB) CPU/0-1 (4/10.0/SYS) 
[worker-rank56] gpulingjun033181100083:1315:5437 [0] NCCL INFO Setting affinity for GPU 0 to ffff,ffffffff,00000000,0000ffff,ffffffff
[worker-rank56] gpulingjun033181100083:1315:5437 [0] NCCL INFO Pattern 4, crossNic 0, nChannels 12, bw 30.000000/30.000000, type NVL/PIX, sameChannels 1
[worker-rank56] gpulingjun033181100083:1315:5437 [0] NCCL INFO  0 : GPU/0 GPU/1
[worker-rank56] gpulingjun033181100083:1315:5437 [0] NCCL INFO  1 : GPU/0 GPU/1
[worker-rank56] gpulingjun033181100083:1315:5437 [0] NCCL INFO  2 : GPU/0 GPU/1
[worker-rank56] gpulingjun033181100083:1315:5437 [0] NCCL INFO  3 : GPU/0 GPU/1
[worker-rank56] gpulingjun033181100083:1315:5437 [0] NCCL INFO  4 : GPU/0 GPU/1
[worker-rank56] gpulingjun033181100083:1315:5437 [0] NCCL INFO  5 : GPU/0 GPU/1
[worker-rank56] gpulingjun033181100083:1315:5437 [0] NCCL INFO  6 : GPU/0 GPU/1
[worker-rank56] gpulingjun033181100083:1315:5437 [0] NCCL INFO  7 : GPU/0 GPU/1
[worker-rank56] gpulingjun033181100083:1315:5437 [0] NCCL INFO  8 : GPU/0 GPU/1
[worker-rank56] gpulingjun033181100083:1315:5437 [0] NCCL INFO  9 : GPU/0 GPU/1
[worker-rank56] gpulingjun033181100083:1315:5437 [0] NCCL INFO 10 : GPU/0 GPU/1
[worker-rank56] gpulingjun033181100083:1315:5437 [0] NCCL INFO 11 : GPU/0 GPU/1
[worker-rank56] gpulingjun033181100083:1315:5437 [0] NCCL INFO Pattern 1, crossNic 0, nChannels 12, bw 60.000000/60.000000, type NVL/PIX, sameChannels 0
[worker-rank56] gpulingjun033181100083:1315:5437 [0] NCCL INFO  0 : GPU/0 GPU/1
[worker-rank56] gpulingjun033181100083:1315:5437 [0] NCCL INFO  1 : GPU/0 GPU/1
[worker-rank56] gpulingjun033181100083:1315:5437 [0] NCCL INFO  2 : GPU/0 GPU/1
[worker-rank56] gpulingjun033181100083:1315:5437 [0] NCCL INFO  3 : GPU/0 GPU/1
[worker-rank56] gpulingjun033181100083:1315:5437 [0] NCCL INFO  4 : GPU/0 GPU/1
[worker-rank56] gpulingjun033181100083:1315:5437 [0] NCCL INFO  5 : GPU/0 GPU/1
[worker-rank56] gpulingjun033181100083:1315:5437 [0] NCCL INFO  6 : GPU/1 GPU/0
[worker-rank56] gpulingjun033181100083:1315:5437 [0] NCCL INFO  7 : GPU/1 GPU/0
[worker-rank56] gpulingjun033181100083:1315:5437 [0] NCCL INFO  8 : GPU/1 GPU/0
[worker-rank56] gpulingjun033181100083:1315:5437 [0] NCCL INFO  9 : GPU/1 GPU/0
[worker-rank56] gpulingjun033181100083:1315:5437 [0] NCCL INFO 10 : GPU/1 GPU/0
[worker-rank56] gpulingjun033181100083:1315:5437 [0] NCCL INFO 11 : GPU/1 GPU/0
[worker-rank56] gpulingjun033181100083:1315:5437 [0] NCCL INFO comm 0xf2f01b0 rank 0 nRanks 2 nNodes 1 localRanks 2 localRank 0 MNNVL 0
[worker-rank56] gpulingjun033181100083:1315:5437 [0] NCCL INFO Tree 0 : -1 -> 0 -> 1/-1/-1
[worker-rank56] gpulingjun033181100083:1315:5437 [0] NCCL INFO Tree 12 : -1 -> 0 -> 1/-1/-1
[worker-rank56] gpulingjun033181100083:1315:5437 [0] NCCL INFO Tree 1 : -1 -> 0 -> 1/-1/-1
[worker-rank56] gpulingjun033181100083:1315:5437 [0] NCCL INFO Tree 13 : -1 -> 0 -> 1/-1/-1
[worker-rank56] gpulingjun033181100083:1315:5437 [0] NCCL INFO Tree 2 : -1 -> 0 -> 1/-1/-1
[worker-rank56] gpulingjun033181100083:1315:5437 [0] NCCL INFO Tree 14 : -1 -> 0 -> 1/-1/-1
[worker-rank56] gpulingjun033181100083:1315:5437 [0] NCCL INFO Tree 3 : -1 -> 0 -> 1/-1/-1
[worker-rank56] gpulingjun033181100083:1315:5437 [0] NCCL INFO Tree 15 : -1 -> 0 -> 1/-1/-1
[worker-rank56] gpulingjun033181100083:1315:5437 [0] NCCL INFO Tree 4 : -1 -> 0 -> 1/-1/-1
[worker-rank56] gpulingjun033181100083:1315:5437 [0] NCCL INFO Tree 16 : -1 -> 0 -> 1/-1/-1
[worker-rank56] gpulingjun033181100083:1315:5437 [0] NCCL INFO Tree 5 : -1 -> 0 -> 1/-1/-1
[worker-rank56] gpulingjun033181100083:1315:5437 [0] NCCL INFO Tree 17 : -1 -> 0 -> 1/-1/-1
[worker-rank56] gpulingjun033181100083:1315:5437 [0] NCCL INFO Tree 6 : 1 -> 0 -> -1/-1/-1
[worker-rank56] gpulingjun033181100083:1315:5437 [0] NCCL INFO Tree 18 : 1 -> 0 -> -1/-1/-1
[worker-rank56] gpulingjun033181100083:1315:5437 [0] NCCL INFO Tree 7 : 1 -> 0 -> -1/-1/-1
[worker-rank56] gpulingjun033181100083:1315:5437 [0] NCCL INFO Tree 19 : 1 -> 0 -> -1/-1/-1
[worker-rank56] gpulingjun033181100083:1315:5437 [0] NCCL INFO Tree 8 : 1 -> 0 -> -1/-1/-1
[worker-rank56] gpulingjun033181100083:1315:5437 [0] NCCL INFO Tree 20 : 1 -> 0 -> -1/-1/-1
[worker-rank56] gpulingjun033181100083:1315:5437 [0] NCCL INFO Tree 9 : 1 -> 0 -> -1/-1/-1
[worker-rank56] gpulingjun033181100083:1315:5437 [0] NCCL INFO Tree 21 : 1 -> 0 -> -1/-1/-1
[worker-rank56] gpulingjun033181100083:1315:5437 [0] NCCL INFO Tree 10 : 1 -> 0 -> -1/-1/-1
[worker-rank56] gpulingjun033181100083:1315:5437 [0] NCCL INFO Tree 22 : 1 -> 0 -> -1/-1/-1
[worker-rank56] gpulingjun033181100083:1315:5437 [0] NCCL INFO Tree 11 : 1 -> 0 -> -1/-1/-1
[worker-rank56] gpulingjun033181100083:1315:5437 [0] NCCL INFO Tree 23 : 1 -> 0 -> -1/-1/-1
[worker-rank56] gpulingjun033181100083:1315:5437 [0] NCCL INFO Channel 00/24 :    0   1
[worker-rank56] gpulingjun033181100083:1315:5437 [0] NCCL INFO Channel 01/24 :    0   1
[worker-rank56] gpulingjun033181100083:1315:5437 [0] NCCL INFO Channel 02/24 :    0   1
[worker-rank56] gpulingjun033181100083:1315:5437 [0] NCCL INFO Channel 03/24 :    0   1
[worker-rank56] gpulingjun033181100083:1315:5437 [0] NCCL INFO Channel 04/24 :    0   1
[worker-rank56] gpulingjun033181100083:1315:5437 [0] NCCL INFO Channel 05/24 :    0   1
[worker-rank56] gpulingjun033181100083:1315:5437 [0] NCCL INFO Channel 06/24 :    0   1
[worker-rank56] gpulingjun033181100083:1315:5437 [0] NCCL INFO Channel 07/24 :    0   1
[worker-rank56] gpulingjun033181100083:1315:5437 [0] NCCL INFO Channel 08/24 :    0   1
[worker-rank56] gpulingjun033181100083:1315:5437 [0] NCCL INFO Channel 09/24 :    0   1
[worker-rank56] gpulingjun033181100083:1315:5437 [0] NCCL INFO Channel 10/24 :    0   1
[worker-rank56] gpulingjun033181100083:1315:5437 [0] NCCL INFO Channel 11/24 :    0   1
[worker-rank56] gpulingjun033181100083:1315:5437 [0] NCCL INFO Channel 12/24 :    0   1
[worker-rank56] gpulingjun033181100083:1315:5437 [0] NCCL INFO Channel 13/24 :    0   1
[worker-rank56] gpulingjun033181100083:1315:5437 [0] NCCL INFO Channel 14/24 :    0   1
[worker-rank56] gpulingjun033181100083:1315:5437 [0] NCCL INFO Channel 15/24 :    0   1
[worker-rank56] gpulingjun033181100083:1315:5437 [0] NCCL INFO Channel 16/24 :    0   1
[worker-rank56] gpulingjun033181100083:1315:5437 [0] NCCL INFO Channel 17/24 :    0   1
[worker-rank56] gpulingjun033181100083:1315:5437 [0] NCCL INFO Channel 18/24 :    0   1
[worker-rank56] gpulingjun033181100083:1315:5437 [0] NCCL INFO Channel 19/24 :    0   1
[worker-rank56] gpulingjun033181100083:1315:5437 [0] NCCL INFO Channel 20/24 :    0   1
[worker-rank56] gpulingjun033181100083:1315:5437 [0] NCCL INFO Channel 21/24 :    0   1
[worker-rank56] gpulingjun033181100083:1315:5437 [0] NCCL INFO Channel 22/24 :    0   1
[worker-rank56] gpulingjun033181100083:1315:5437 [0] NCCL INFO Channel 23/24 :    0   1
[worker-rank56] gpulingjun033181100083:1315:5437 [0] NCCL INFO Ring 00 : 1 -> 0 -> 1
[worker-rank56] gpulingjun033181100083:1315:5437 [0] NCCL INFO Ring 01 : 1 -> 0 -> 1
[worker-rank56] gpulingjun033181100083:1315:5437 [0] NCCL INFO Ring 02 : 1 -> 0 -> 1
[worker-rank56] gpulingjun033181100083:1315:5437 [0] NCCL INFO Ring 03 : 1 -> 0 -> 1
[worker-rank56] gpulingjun033181100083:1315:5437 [0] NCCL INFO Ring 04 : 1 -> 0 -> 1
[worker-rank56] gpulingjun033181100083:1315:5437 [0] NCCL INFO Ring 05 : 1 -> 0 -> 1
[worker-rank56] gpulingjun033181100083:1315:5437 [0] NCCL INFO Ring 06 : 1 -> 0 -> 1
[worker-rank56] gpulingjun033181100083:1315:5437 [0] NCCL INFO Ring 07 : 1 -> 0 -> 1
[worker-rank56] gpulingjun033181100083:1315:5437 [0] NCCL INFO Ring 08 : 1 -> 0 -> 1
[worker-rank56] gpulingjun033181100083:1315:5437 [0] NCCL INFO Ring 09 : 1 -> 0 -> 1
[worker-rank56] gpulingjun033181100083:1315:5437 [0] NCCL INFO Ring 10 : 1 -> 0 -> 1
[worker-rank56] gpulingjun033181100083:1315:5437 [0] NCCL INFO Ring 11 : 1 -> 0 -> 1
[worker-rank56] gpulingjun033181100083:1315:5437 [0] NCCL INFO Ring 12 : 1 -> 0 -> 1
[worker-rank56] gpulingjun033181100083:1315:5437 [0] NCCL INFO Ring 13 : 1 -> 0 -> 1
[worker-rank56] gpulingjun033181100083:1315:5437 [0] NCCL INFO Ring 14 : 1 -> 0 -> 1
[worker-rank56] gpulingjun033181100083:1315:5437 [0] NCCL INFO Ring 15 : 1 -> 0 -> 1
[worker-rank56] gpulingjun033181100083:1315:5437 [0] NCCL INFO Ring 16 : 1 -> 0 -> 1
[worker-rank56] gpulingjun033181100083:1315:5437 [0] NCCL INFO Ring 17 : 1 -> 0 -> 1
[worker-rank56] gpulingjun033181100083:1315:5437 [0] NCCL INFO Ring 18 : 1 -> 0 -> 1
[worker-rank56] gpulingjun033181100083:1315:5437 [0] NCCL INFO Ring 19 : 1 -> 0 -> 1
[worker-rank56] gpulingjun033181100083:1315:5437 [0] NCCL INFO Ring 20 : 1 -> 0 -> 1
[worker-rank56] gpulingjun033181100083:1315:5437 [0] NCCL INFO Ring 21 : 1 -> 0 -> 1
[worker-rank56] gpulingjun033181100083:1315:5437 [0] NCCL INFO Ring 22 : 1 -> 0 -> 1
[worker-rank56] gpulingjun033181100083:1315:5437 [0] NCCL INFO Ring 23 : 1 -> 0 -> 1
[worker-rank56] gpulingjun033181100083:1315:5437 [0] NCCL INFO Trees [0] 1/-1/-1->0->-1 [1] 1/-1/-1->0->-1 [2] 1/-1/-1->0->-1 [3] 1/-1/-1->0->-1 [4] 1/-1/-1->0->-1 [5] 1/-1/-1->0->-1 [6] -1/-1/-1->0->1 [7] -1/-1/-1->0->1 [8] -1/-1/-1->0->1 [9] -1/-1/-1->0->1 [10] -1/-1/-1->0->1 [11] -1/-1/-1->0->1 [12] 1/-1/-1->0->-1 [13] 1/-1/-1->0->-1 [14] 1/-1/-1->0->-1 [15] 1/-1/-1->0->-1 [16] 1/-1/-1->0->-1 [17] 1/-1/-1->0->-1 [18] -1/-1/-1->0->1 [19] -1/-1/-1->0->1 [20] -1/-1/-1->0->1 [21] -1/-1/-1->0->1 [22] -1/-1/-1->0->1 [23] -1/-1/-1->0->1
[worker-rank56] gpulingjun033181100083:1315:5437 [0] NCCL INFO P2P Chunksize set to 524288
[worker-rank56] gpulingjun033181100083:1315:5437 [0] NCCL INFO Channel 00/0 : 0[0] -> 1[1] via P2P/CUMEM
[worker-rank56] gpulingjun033181100083:1315:5437 [0] NCCL INFO Channel 01/0 : 0[0] -> 1[1] via P2P/CUMEM
[worker-rank56] gpulingjun033181100083:1315:5437 [0] NCCL INFO Channel 02/0 : 0[0] -> 1[1] via P2P/CUMEM
[worker-rank56] gpulingjun033181100083:1315:5437 [0] NCCL INFO Channel 03/0 : 0[0] -> 1[1] via P2P/CUMEM
[worker-rank56] gpulingjun033181100083:1315:5437 [0] NCCL INFO Channel 04/0 : 0[0] -> 1[1] via P2P/CUMEM
[worker-rank56] gpulingjun033181100083:1315:5437 [0] NCCL INFO Channel 05/0 : 0[0] -> 1[1] via P2P/CUMEM
[worker-rank56] gpulingjun033181100083:1315:5437 [0] NCCL INFO Channel 06/0 : 0[0] -> 1[1] via P2P/CUMEM
[worker-rank56] gpulingjun033181100083:1315:5437 [0] NCCL INFO Channel 07/0 : 0[0] -> 1[1] via P2P/CUMEM
[worker-rank56] gpulingjun033181100083:1315:5437 [0] NCCL INFO Channel 08/0 : 0[0] -> 1[1] via P2P/CUMEM
[worker-rank56] gpulingjun033181100083:1315:5437 [0] NCCL INFO Channel 09/0 : 0[0] -> 1[1] via P2P/CUMEM
[worker-rank56] gpulingjun033181100083:1315:5437 [0] NCCL INFO Channel 10/0 : 0[0] -> 1[1] via P2P/CUMEM
[worker-rank56] gpulingjun033181100083:1315:5437 [0] NCCL INFO Channel 11/0 : 0[0] -> 1[1] via P2P/CUMEM
[worker-rank56] gpulingjun033181100083:1315:5437 [0] NCCL INFO Channel 12/0 : 0[0] -> 1[1] via P2P/CUMEM
[worker-rank56] gpulingjun033181100083:1315:5437 [0] NCCL INFO Channel 13/0 : 0[0] -> 1[1] via P2P/CUMEM
[worker-rank56] gpulingjun033181100083:1315:5437 [0] NCCL INFO Channel 14/0 : 0[0] -> 1[1] via P2P/CUMEM
[worker-rank56] gpulingjun033181100083:1315:5437 [0] NCCL INFO Channel 15/0 : 0[0] -> 1[1] via P2P/CUMEM
[worker-rank56] gpulingjun033181100083:1315:5437 [0] NCCL INFO Channel 16/0 : 0[0] -> 1[1] via P2P/CUMEM
[worker-rank56] gpulingjun033181100083:1315:5437 [0] NCCL INFO Channel 17/0 : 0[0] -> 1[1] via P2P/CUMEM
[worker-rank56] gpulingjun033181100083:1315:5437 [0] NCCL INFO Channel 18/0 : 0[0] -> 1[1] via P2P/CUMEM
[worker-rank56] gpulingjun033181100083:1315:5437 [0] NCCL INFO Channel 19/0 : 0[0] -> 1[1] via P2P/CUMEM
[worker-rank56] gpulingjun033181100083:1315:5437 [0] NCCL INFO Channel 20/0 : 0[0] -> 1[1] via P2P/CUMEM
[worker-rank56] gpulingjun033181100083:1315:5437 [0] NCCL INFO Channel 21/0 : 0[0] -> 1[1] via P2P/CUMEM
[worker-rank56] gpulingjun033181100083:1315:5437 [0] NCCL INFO Channel 22/0 : 0[0] -> 1[1] via P2P/CUMEM
[worker-rank56] gpulingjun033181100083:1315:5437 [0] NCCL INFO Channel 23/0 : 0[0] -> 1[1] via P2P/CUMEM
[worker-rank56] gpulingjun033181100083:1315:5437 [0] NCCL INFO Connected all rings
[worker-rank56] gpulingjun033181100083:1315:5437 [0] NCCL INFO Connected all trees
[worker-rank56] gpulingjun033181100083:1315:5437 [0] NCCL INFO   Algorithm   |                            Tree                  |                            Ring                  |                   CollNetDirect                  |
[worker-rank56] gpulingjun033181100083:1315:5437 [0] NCCL INFO   Protocol    |             LL |          LL128 |         Simple |             LL |          LL128 |         Simple |             LL |          LL128 |         Simple |
[worker-rank56] gpulingjun033181100083:1315:5437 [0] NCCL INFO  Max NThreads |            512 |            640 |            512 |            512 |            640 |            512 |              0 |              0 |            640 |
[worker-rank56] gpulingjun033181100083:1315:5437 [0] NCCL INFO     Broadcast |     0.0/   0.0 |     0.0/   0.0 |     0.0/   0.0 |     7.2/ 141.0 |    15.9/ 331.2 |    11.8/ 360.0 |     0.0/   0.0 |     0.0/   0.0 |     0.0/   0.0 |
[worker-rank56] gpulingjun033181100083:1315:5437 [0] NCCL INFO        Reduce |     0.0/   0.0 |     0.0/   0.0 |     0.0/   0.0 |     7.2/ 141.0 |    15.9/ 331.2 |    11.8/ 360.0 |     0.0/   0.0 |     0.0/   0.0 |     0.0/   0.0 |
[worker-rank56] gpulingjun033181100083:1315:5437 [0] NCCL INFO     AllGather |     0.0/   0.0 |     0.0/   0.0 |     0.0/   0.0 |     7.2/ 282.0 |    15.9/ 662.4 |    11.8/ 720.0 |     0.8/   0.0 |     0.8/   0.0 |    39.2/   0.0 |
[worker-rank56] gpulingjun033181100083:1315:5437 [0] NCCL INFO ReduceScatter |     0.0/   0.0 |     0.0/   0.0 |     0.0/   0.0 |     7.2/ 282.0 |    15.9/ 662.4 |    11.8/ 720.0 |     0.8/   0.0 |     0.8/   0.0 |    39.2/   0.0 |
[worker-rank56] gpulingjun033181100083:1315:5437 [0] NCCL INFO     AllReduce |     8.0/  61.1 |    16.5/ 180.6 |    56.0/ 232.2 |     7.8/ 141.0 |    17.8/ 331.2 |    15.2/ 360.0 |     0.8/   0.0 |     0.8/   0.0 |    39.2/   0.0 |
[worker-rank56] gpulingjun033181100083:1315:5437 [0] NCCL INFO   Algorithm   |                    CollNetChain                  |                            NVLS                  |                        NVLSTree                  |
[worker-rank56] gpulingjun033181100083:1315:5437 [0] NCCL INFO   Protocol    |             LL |          LL128 |         Simple |             LL |          LL128 |         Simple |             LL |          LL128 |         Simple |
[worker-rank56] gpulingjun033181100083:1315:5437 [0] NCCL INFO  Max NThreads |              0 |              0 |            640 |              0 |              0 |            640 |              0 |              0 |            640 |
[worker-rank56] gpulingjun033181100083:1315:5437 [0] NCCL INFO     Broadcast |     0.0/   0.0 |     0.0/   0.0 |     0.0/   0.0 |     0.0/   0.0 |     0.0/   0.0 |     0.0/   0.0 |     0.0/   0.0 |     0.0/   0.0 |     0.0/   0.0 |
[worker-rank56] gpulingjun033181100083:1315:5437 [0] NCCL INFO        Reduce |     0.0/   0.0 |     0.0/   0.0 |     0.0/   0.0 |     0.0/   0.0 |     0.0/   0.0 |     0.0/   0.0 |     0.0/   0.0 |     0.0/   0.0 |     0.0/   0.0 |
[worker-rank56] gpulingjun033181100083:1315:5437 [0] NCCL INFO     AllGather |     0.0/   0.0 |     0.0/   0.0 |     0.0/   0.0 |     0.0/   0.0 |     0.0/   0.0 |     0.0/   0.0 |     0.0/   0.0 |     0.0/   0.0 |     0.0/   0.0 |
[worker-rank56] gpulingjun033181100083:1315:5437 [0] NCCL INFO ReduceScatter |     0.0/   0.0 |     0.0/   0.0 |     0.0/   0.0 |     0.0/   0.0 |     0.0/   0.0 |     0.0/   0.0 |     0.0/   0.0 |     0.0/   0.0 |     0.0/   0.0 |
[worker-rank56] gpulingjun033181100083:1315:5437 [0] NCCL INFO     AllReduce |     0.0/   0.0 |     0.0/   0.0 |    35.6/   0.0 |     0.0/   0.0 |     0.0/   0.0 |     0.0/   0.0 |     0.0/   0.0 |     0.0/   0.0 |     0.0/   0.0 |
[worker-rank56] gpulingjun033181100083:1315:5437 [0] NCCL INFO threadThresholds 8/8/64 | 16/8/64 | 512 | 512
[worker-rank56] gpulingjun033181100083:1315:5437 [0] NCCL INFO 24 coll channels, 24 collnet channels, 0 nvls channels, 32 p2p channels, 32 p2p channels per peer
[worker-rank56] gpulingjun033181100083:1315:5437 [0] NCCL INFO ncclCommInitRank comm 0xf2f01b0 rank 0 nranks 2 cudaDev 0 nvmlDev 0 busId 8000 commId 0xb56d5875563b578b - Init COMPLETE
[worker-rank56] gpulingjun033181100083:1315:5468 [0] NCCL INFO Channel 00/1 : 0[0] -> 1[1] via P2P/CUMEM
[worker-rank56] gpulingjun033181100083:1315:5468 [0] NCCL INFO Channel 01/1 : 0[0] -> 1[1] via P2P/CUMEM
[worker-rank56] gpulingjun033181100083:1315:5468 [0] NCCL INFO Channel 02/1 : 0[0] -> 1[1] via P2P/CUMEM
[worker-rank56] gpulingjun033181100083:1315:5468 [0] NCCL INFO Channel 03/1 : 0[0] -> 1[1] via P2P/CUMEM
[worker-rank56] gpulingjun033181100083:1315:5468 [0] NCCL INFO Channel 04/1 : 0[0] -> 1[1] via P2P/CUMEM
[worker-rank56] gpulingjun033181100083:1315:5468 [0] NCCL INFO Channel 05/1 : 0[0] -> 1[1] via P2P/CUMEM
[worker-rank56] gpulingjun033181100083:1315:5468 [0] NCCL INFO Channel 06/1 : 0[0] -> 1[1] via P2P/CUMEM
[worker-rank56] gpulingjun033181100083:1315:5468 [0] NCCL INFO Channel 07/1 : 0[0] -> 1[1] via P2P/CUMEM
[worker-rank56] gpulingjun033181100083:1315:5468 [0] NCCL INFO Channel 08/1 : 0[0] -> 1[1] via P2P/CUMEM
[worker-rank56] gpulingjun033181100083:1315:5468 [0] NCCL INFO Channel 09/1 : 0[0] -> 1[1] via P2P/CUMEM
[worker-rank56] gpulingjun033181100083:1315:5468 [0] NCCL INFO Channel 10/1 : 0[0] -> 1[1] via P2P/CUMEM
[worker-rank56] gpulingjun033181100083:1315:5468 [0] NCCL INFO Channel 11/1 : 0[0] -> 1[1] via P2P/CUMEM
[worker-rank56] gpulingjun033181100083:1315:5468 [0] NCCL INFO Channel 12/1 : 0[0] -> 1[1] via P2P/CUMEM
[worker-rank56] gpulingjun033181100083:1315:5468 [0] NCCL INFO Channel 13/1 : 0[0] -> 1[1] via P2P/CUMEM
[worker-rank56] gpulingjun033181100083:1315:5468 [0] NCCL INFO Channel 14/1 : 0[0] -> 1[1] via P2P/CUMEM
[worker-rank56] gpulingjun033181100083:1315:5468 [0] NCCL INFO Channel 15/1 : 0[0] -> 1[1] via P2P/CUMEM
[worker-rank56] gpulingjun033181100083:1315:5468 [0] NCCL INFO Channel 16/1 : 0[0] -> 1[1] via P2P/CUMEM
[worker-rank56] gpulingjun033181100083:1315:5468 [0] NCCL INFO Channel 17/1 : 0[0] -> 1[1] via P2P/CUMEM
[worker-rank56] gpulingjun033181100083:1315:5468 [0] NCCL INFO Channel 18/1 : 0[0] -> 1[1] via P2P/CUMEM
[worker-rank56] gpulingjun033181100083:1315:5468 [0] NCCL INFO Channel 19/1 : 0[0] -> 1[1] via P2P/CUMEM
[worker-rank56] gpulingjun033181100083:1315:5468 [0] NCCL INFO Channel 20/1 : 0[0] -> 1[1] via P2P/CUMEM
[worker-rank56] gpulingjun033181100083:1315:5468 [0] NCCL INFO Channel 21/1 : 0[0] -> 1[1] via P2P/CUMEM
[worker-rank56] gpulingjun033181100083:1315:5468 [0] NCCL INFO Channel 22/1 : 0[0] -> 1[1] via P2P/CUMEM
[worker-rank56] gpulingjun033181100083:1315:5468 [0] NCCL INFO Channel 23/1 : 0[0] -> 1[1] via P2P/CUMEM
[worker-rank56] gpulingjun033181100083:1315:5468 [0] NCCL INFO Channel 24/1 : 0[0] -> 1[1] via P2P/CUMEM
[worker-rank56] gpulingjun033181100083:1315:5468 [0] NCCL INFO Channel 25/1 : 0[0] -> 1[1] via P2P/CUMEM
[worker-rank56] gpulingjun033181100083:1315:5468 [0] NCCL INFO Channel 26/1 : 0[0] -> 1[1] via P2P/CUMEM
[worker-rank56] gpulingjun033181100083:1315:5468 [0] NCCL INFO Channel 27/1 : 0[0] -> 1[1] via P2P/CUMEM
[worker-rank56] gpulingjun033181100083:1315:5468 [0] NCCL INFO Channel 28/1 : 0[0] -> 1[1] via P2P/CUMEM
[worker-rank56] gpulingjun033181100083:1315:5468 [0] NCCL INFO Channel 29/1 : 0[0] -> 1[1] via P2P/CUMEM
[worker-rank56] gpulingjun033181100083:1315:5468 [0] NCCL INFO Channel 30/1 : 0[0] -> 1[1] via P2P/CUMEM
[worker-rank56] gpulingjun033181100083:1315:5468 [0] NCCL INFO Channel 31/1 : 0[0] -> 1[1] via P2P/CUMEM
[worker-rank56] [deepspeed-real][2026-07-27 18:59:39][rank=56] DEEPSPEED_ENGINE_INIT_DONE
[worker-rank56] [deepspeed-real][2026-07-27 18:59:39][rank=56] memory label=engine-ready-after-autoep allocated_gib=10.28 reserved_gib=12.53
[worker-rank56] fused_indices_to_multihot has reached end of life. Please migrate to a non-experimental function.
[worker-rank56] [deepspeed-real][2026-07-27 19:01:28][rank=56] TRAIN_READY global_step=0 local_autoep_layers=6 data_rank=7/8
[worker-rank56] gpulingjun033181100083:1315:5585 [0] NCCL INFO Using non-device net plugin version 0
[worker-rank56] gpulingjun033181100083:1315:5585 [0] NCCL INFO Using network IB
[worker-rank56] gpulingjun033181100083:1315:5585 [0] NCCL INFO DMA-BUF is available on GPU device 0
[worker-rank56] gpulingjun033181100083:1315:5585 [0] NCCL INFO ncclCommInitRank comm 0x10381e30 rank 56 nranks 64 cudaDev 0 nvmlDev 0 busId 8000 commId 0x5f6aa628baee194b - Init START
[worker-rank56] gpulingjun033181100083:1315:5585 [0] NCCL INFO MNNVL busId 0x8000 fabric UUID 0.0 cliqueId 0x0 state 3 healthMask 0x0
[worker-rank56] gpulingjun033181100083:1315:5585 [0] NCCL INFO Loading topology file /var/run/nvidia-topologyd/virtualTopology.xml
[worker-rank56] gpulingjun033181100083:1315:5585 [0] NCCL INFO Loading unnamed topology
[worker-rank56] gpulingjun033181100083:1315:5585 [0] NCCL INFO === System : maxBw 25.0 totalBw 370.8 ===
[worker-rank56] gpulingjun033181100083:1315:5585 [0] NCCL INFO CPU/0-0 (1/1/2)
[worker-rank56] gpulingjun033181100083:1315:5585 [0] NCCL INFO + PCI[48.0] - PCI/0-6000 (1000c0301000100b)
[worker-rank56] gpulingjun033181100083:1315:5585 [0] NCCL INFO               + PCI[48.0] - PCI/0-6000 (1000c0301000100b)
[worker-rank56] gpulingjun033181100083:1315:5585 [0] NCCL INFO                             + PCI[48.0] - GPU/0-8000 (56)
[worker-rank56] gpulingjun033181100083:1315:5585 [0] NCCL INFO                                           + NVL[370.8] - NVS/0
[worker-rank56] gpulingjun033181100083:1315:5585 [0] NCCL INFO               + PCI[48.0] - PCI/0-7c000 (1000c0301000100b)
[worker-rank56] gpulingjun033181100083:1315:5585 [0] NCCL INFO                             + PCI[48.0] - GPU/0-7e000 (57)
[worker-rank56] gpulingjun033181100083:1315:5585 [0] NCCL INFO                                           + NVL[370.8] - NVS/0
[worker-rank56] gpulingjun033181100083:1315:5585 [0] NCCL INFO                             + PCI[48.0] - NIC/0-7f000
[worker-rank56] gpulingjun033181100083:1315:5585 [0] NCCL INFO                                           + NET[25.0] - NET/0 (d05f0f0003f32538/1/25.000000)
[worker-rank56] gpulingjun033181100083:1315:5585 [0] NCCL INFO + PCI[48.0] - PCI/0-a0000 (1000c0301000100b)
[worker-rank56] gpulingjun033181100083:1315:5585 [0] NCCL INFO               + PCI[48.0] - PCI/0-a0000 (1000c0301000100b)
[worker-rank56] gpulingjun033181100083:1315:5585 [0] NCCL INFO                             + PCI[48.0] - GPU/0-a2000 (58)
[worker-rank56] gpulingjun033181100083:1315:5585 [0] NCCL INFO                                           + NVL[370.8] - NVS/0
[worker-rank56] gpulingjun033181100083:1315:5585 [0] NCCL INFO               + PCI[48.0] - PCI/0-c4000 (1000c0301000100b)
[worker-rank56] gpulingjun033181100083:1315:5585 [0] NCCL INFO                             + PCI[48.0] - GPU/0-c6000 (59)
[worker-rank56] gpulingjun033181100083:1315:5585 [0] NCCL INFO                                           + NVL[370.8] - NVS/0
[worker-rank56] gpulingjun033181100083:1315:5585 [0] NCCL INFO                             + PCI[48.0] - NIC/0-c7000
[worker-rank56] gpulingjun033181100083:1315:5585 [0] NCCL INFO                                           + NET[25.0] - NET/1 (5ed6150003f32538/1/25.000000)
[worker-rank56] gpulingjun033181100083:1315:5585 [0] NCCL INFO + SYS[10.0] - CPU/1
[worker-rank56] gpulingjun033181100083:1315:5585 [0] NCCL INFO CPU/0-1 (1/1/2)
[worker-rank56] gpulingjun033181100083:1315:5585 [0] NCCL INFO + PCI[48.0] - PCI/0-106000 (1000c0301000100b)
[worker-rank56] gpulingjun033181100083:1315:5585 [0] NCCL INFO               + PCI[48.0] - PCI/0-106000 (1000c0301000100b)
[worker-rank56] gpulingjun033181100083:1315:5585 [0] NCCL INFO                             + PCI[48.0] - NIC/0-108000
[worker-rank56] gpulingjun033181100083:1315:5585 [0] NCCL INFO                                           + NET[25.0] - NET/2 (ea0150003f32538/1/25.000000)
[worker-rank56] gpulingjun033181100083:1315:5585 [0] NCCL INFO                             + PCI[48.0] - GPU/0-109000 (60)
[worker-rank56] gpulingjun033181100083:1315:5585 [0] NCCL INFO                                           + NVL[370.8] - NVS/0
[worker-rank56] gpulingjun033181100083:1315:5585 [0] NCCL INFO               + PCI[48.0] - PCI/0-17c000 (1000c0301000100b)
[worker-rank56] gpulingjun033181100083:1315:5585 [0] NCCL INFO                             + PCI[48.0] - GPU/0-17f000 (61)
[worker-rank56] gpulingjun033181100083:1315:5585 [0] NCCL INFO                                           + NVL[370.8] - NVS/0
[worker-rank56] gpulingjun033181100083:1315:5585 [0] NCCL INFO + PCI[48.0] - PCI/0-1a0000 (1000c0301000100b)
[worker-rank56] gpulingjun033181100083:1315:5585 [0] NCCL INFO               + PCI[48.0] - PCI/0-1a0000 (1000c0301000100b)
[worker-rank56] gpulingjun033181100083:1315:5585 [0] NCCL INFO                             + PCI[48.0] - NIC/0-1a2000
[worker-rank56] gpulingjun033181100083:1315:5585 [0] NCCL INFO                                           + NET[25.0] - NET/3 (f2b80f0003f32538/1/25.000000)
[worker-rank56] gpulingjun033181100083:1315:5585 [0] NCCL INFO                             + PCI[48.0] - GPU/0-1a3000 (62)
[worker-rank56] gpulingjun033181100083:1315:5585 [0] NCCL INFO                                           + NVL[370.8] - NVS/0
[worker-rank56] gpulingjun033181100083:1315:5585 [0] NCCL INFO               + PCI[48.0] - PCI/0-1c4000 (1000c0301000100b)
[worker-rank56] gpulingjun033181100083:1315:5585 [0] NCCL INFO                             + PCI[48.0] - GPU/0-1c7000 (63)
[worker-rank56] gpulingjun033181100083:1315:5585 [0] NCCL INFO                                           + NVL[370.8] - NVS/0
[worker-rank56] gpulingjun033181100083:1315:5585 [0] NCCL INFO + SYS[10.0] - CPU/0
[worker-rank56] gpulingjun033181100083:1315:5585 [0] NCCL INFO ==========================================
[worker-rank56] gpulingjun033181100083:1315:5585 [0] NCCL INFO GPU/8000 :GPU/0-8000 (0/5000.0/LOC) GPU/0-7e000 (2/370.8/NVL) GPU/0-a2000 (2/370.8/NVL) GPU/0-c6000 (2/370.8/NVL) GPU/0-109000 (2/370.8/NVL) GPU/0-17f000 (2/370.8/NVL) GPU/0-1a3000 (2/370.8/NVL) GPU/0-1c7000 (2/370.8/NVL) NVS/0-0 (1/370.8/NVL) CPU/0-0 (3/48.0/PHB) CPU/0-1 (4/10.0/SYS) NET/0-0 (5/25.0/PXB) NET/0-1 (5/25.0/PXN) NET/0-2 (5/25.0/PXN) NET/0-3 (5/25.0/PXN) 
[worker-rank56] gpulingjun033181100083:1315:5585 [0] NCCL INFO GPU/7E000 :GPU/0-8000 (2/370.8/NVL) GPU/0-7e000 (0/5000.0/LOC) GPU/0-a2000 (2/370.8/NVL) GPU/0-c6000 (2/370.8/NVL) GPU/0-109000 (2/370.8/NVL) GPU/0-17f000 (2/370.8/NVL) GPU/0-1a3000 (2/370.8/NVL) GPU/0-1c7000 (2/370.8/NVL) NVS/0-0 (1/370.8/NVL) CPU/0-0 (3/48.0/PHB) CPU/0-1 (4/10.0/SYS) NET/0-0 (3/25.0/PIX) NET/0-1 (5/25.0/PXN) NET/0-2 (5/25.0/PXN) NET/0-3 (5/25.0/PXN) 
[worker-rank56] gpulingjun033181100083:1315:5585 [0] NCCL INFO GPU/A2000 :GPU/0-8000 (2/370.8/NVL) GPU/0-7e000 (2/370.8/NVL) GPU/0-a2000 (0/5000.0/LOC) GPU/0-c6000 (2/370.8/NVL) GPU/0-109000 (2/370.8/NVL) GPU/0-17f000 (2/370.8/NVL) GPU/0-1a3000 (2/370.8/NVL) GPU/0-1c7000 (2/370.8/NVL) NVS/0-0 (1/370.8/NVL) CPU/0-0 (3/48.0/PHB) CPU/0-1 (4/10.0/SYS) NET/0-0 (5/25.0/PXN) NET/0-1 (5/25.0/PXB) NET/0-2 (5/25.0/PXN) NET/0-3 (5/25.0/PXN) 
[worker-rank56] gpulingjun033181100083:1315:5585 [0] NCCL INFO GPU/C6000 :GPU/0-8000 (2/370.8/NVL) GPU/0-7e000 (2/370.8/NVL) GPU/0-a2000 (2/370.8/NVL) GPU/0-c6000 (0/5000.0/LOC) GPU/0-109000 (2/370.8/NVL) GPU/0-17f000 (2/370.8/NVL) GPU/0-1a3000 (2/370.8/NVL) GPU/0-1c7000 (2/370.8/NVL) NVS/0-0 (1/370.8/NVL) CPU/0-0 (3/48.0/PHB) CPU/0-1 (4/10.0/SYS) NET/0-0 (5/25.0/PXN) NET/0-1 (3/25.0/PIX) NET/0-2 (5/25.0/PXN) NET/0-3 (5/25.0/PXN) 
[worker-rank56] gpulingjun033181100083:1315:5585 [0] NCCL INFO GPU/109000 :GPU/0-8000 (2/370.8/NVL) GPU/0-7e000 (2/370.8/NVL) GPU/0-a2000 (2/370.8/NVL) GPU/0-c6000 (2/370.8/NVL) GPU/0-109000 (0/5000.0/LOC) GPU/0-17f000 (2/370.8/NVL) GPU/0-1a3000 (2/370.8/NVL) GPU/0-1c7000 (2/370.8/NVL) NVS/0-0 (1/370.8/NVL) CPU/0-0 (4/10.0/SYS) CPU/0-1 (3/48.0/PHB) NET/0-0 (5/25.0/PXN) NET/0-1 (5/25.0/PXN) NET/0-2 (3/25.0/PIX) NET/0-3 (5/25.0/PXN) 
[worker-rank56] gpulingjun033181100083:1315:5585 [0] NCCL INFO GPU/17F000 :GPU/0-8000 (2/370.8/NVL) GPU/0-7e000 (2/370.8/NVL) GPU/0-a2000 (2/370.8/NVL) GPU/0-c6000 (2/370.8/NVL) GPU/0-109000 (2/370.8/NVL) GPU/0-17f000 (0/5000.0/LOC) GPU/0-1a3000 (2/370.8/NVL) GPU/0-1c7000 (2/370.8/NVL) NVS/0-0 (1/370.8/NVL) CPU/0-0 (4/10.0/SYS) CPU/0-1 (3/48.0/PHB) NET/0-0 (5/25.0/PXN) NET/0-1 (5/25.0/PXN) NET/0-2 (5/25.0/PXB) NET/0-3 (5/25.0/PXN) 
[worker-rank56] gpulingjun033181100083:1315:5585 [0] NCCL INFO GPU/1A3000 :GPU/0-8000 (2/370.8/NVL) GPU/0-7e000 (2/370.8/NVL) GPU/0-a2000 (2/370.8/NVL) GPU/0-c6000 (2/370.8/NVL) GPU/0-109000 (2/370.8/NVL) GPU/0-17f000 (2/370.8/NVL) GPU/0-1a3000 (0/5000.0/LOC) GPU/0-1c7000 (2/370.8/NVL) NVS/0-0 (1/370.8/NVL) CPU/0-0 (4/10.0/SYS) CPU/0-1 (3/48.0/PHB) NET/0-0 (5/25.0/PXN) NET/0-1 (5/25.0/PXN) NET/0-2 (5/25.0/PXN) NET/0-3 (3/25.0/PIX) 
[worker-rank56] gpulingjun033181100083:1315:5585 [0] NCCL INFO GPU/1C7000 :GPU/0-8000 (2/370.8/NVL) GPU/0-7e000 (2/370.8/NVL) GPU/0-a2000 (2/370.8/NVL) GPU/0-c6000 (2/370.8/NVL) GPU/0-109000 (2/370.8/NVL) GPU/0-17f000 (2/370.8/NVL) GPU/0-1a3000 (2/370.8/NVL) GPU/0-1c7000 (0/5000.0/LOC) NVS/0-0 (1/370.8/NVL) CPU/0-0 (4/10.0/SYS) CPU/0-1 (3/48.0/PHB) NET/0-0 (5/25.0/PXN) NET/0-1 (5/25.0/PXN) NET/0-2 (5/25.0/PXN) NET/0-3 (5/25.0/PXB) 
[worker-rank56] gpulingjun033181100083:1315:5585 [0] NCCL INFO NET/0 :GPU/0-8000 (5/25.0/PXB) GPU/0-7e000 (3/25.0/PIX) GPU/0-a2000 (7/25.0/PHB) GPU/0-c6000 (7/25.0/PHB) GPU/0-109000 (8/10.0/SYS) GPU/0-17f000 (8/10.0/SYS) GPU/0-1a3000 (8/10.0/SYS) GPU/0-1c7000 (8/10.0/SYS) CPU/0-0 (4/25.0/PHB) CPU/0-1 (5/10.0/SYS) NET/0-0 (0/5000.0/LOC) NET/0-1 (8/25.0/PHB) NET/0-2 (9/10.0/SYS) NET/0-3 (9/10.0/SYS) 
[worker-rank56] gpulingjun033181100083:1315:5585 [0] NCCL INFO NET/1 :GPU/0-8000 (7/25.0/PHB) GPU/0-7e000 (7/25.0/PHB) GPU/0-a2000 (5/25.0/PXB) GPU/0-c6000 (3/25.0/PIX) GPU/0-109000 (8/10.0/SYS) GPU/0-17f000 (8/10.0/SYS) GPU/0-1a3000 (8/10.0/SYS) GPU/0-1c7000 (8/10.0/SYS) CPU/0-0 (4/25.0/PHB) CPU/0-1 (5/10.0/SYS) NET/0-0 (8/25.0/PHB) NET/0-1 (0/5000.0/LOC) NET/0-2 (9/10.0/SYS) NET/0-3 (9/10.0/SYS) 
[worker-rank56] gpulingjun033181100083:1315:5585 [0] NCCL INFO NET/2 :GPU/0-8000 (8/10.0/SYS) GPU/0-7e000 (8/10.0/SYS) GPU/0-a2000 (8/10.0/SYS) GPU/0-c6000 (8/10.0/SYS) GPU/0-109000 (3/25.0/PIX) GPU/0-17f000 (5/25.0/PXB) GPU/0-1a3000 (7/25.0/PHB) GPU/0-1c7000 (7/25.0/PHB) CPU/0-0 (5/10.0/SYS) CPU/0-1 (4/25.0/PHB) NET/0-0 (9/10.0/SYS) NET/0-1 (9/10.0/SYS) NET/0-2 (0/5000.0/LOC) NET/0-3 (8/25.0/PHB) 
[worker-rank56] gpulingjun033181100083:1315:5585 [0] NCCL INFO NET/3 :GPU/0-8000 (8/10.0/SYS) GPU/0-7e000 (8/10.0/SYS) GPU/0-a2000 (8/10.0/SYS) GPU/0-c6000 (8/10.0/SYS) GPU/0-109000 (7/25.0/PHB) GPU/0-17f000 (7/25.0/PHB) GPU/0-1a3000 (3/25.0/PIX) GPU/0-1c7000 (5/25.0/PXB) CPU/0-0 (5/10.0/SYS) CPU/0-1 (4/25.0/PHB) NET/0-0 (9/10.0/SYS) NET/0-1 (9/10.0/SYS) NET/0-2 (8/25.0/PHB) NET/0-3 (0/5000.0/LOC) 
[worker-rank56] gpulingjun033181100083:1315:5585 [0] NCCL INFO Setting affinity for GPU 0 to ffff,ffffffff,00000000,0000ffff,ffffffff
[worker-rank56] gpulingjun033181100083:1315:5585 [0] NCCL INFO Pattern 4, crossNic 0, nChannels 4, bw 24.000000/24.000000, type NVL/PXB, sameChannels 0
[worker-rank56] gpulingjun033181100083:1315:5585 [0] NCCL INFO  0 : NET/0 GPU/57 GPU/58 GPU/59 GPU/60 GPU/61 GPU/62 GPU/63 GPU/56 NET/0
[worker-rank56] gpulingjun033181100083:1315:5585 [0] NCCL INFO  1 : NET/1 GPU/59 GPU/60 GPU/61 GPU/62 GPU/63 GPU/56 GPU/57 GPU/58 NET/1
[worker-rank56] gpulingjun033181100083:1315:5585 [0] NCCL INFO  2 : NET/2 GPU/60 GPU/59 GPU/58 GPU/57 GPU/56 GPU/63 GPU/62 GPU/61 NET/2
[worker-rank56] gpulingjun033181100083:1315:5585 [0] NCCL INFO  3 : NET/3 GPU/62 GPU/61 GPU/60 GPU/59 GPU/58 GPU/57 GPU/56 GPU/63 NET/3
[worker-rank56] gpulingjun033181100083:1315:5585 [0] NCCL INFO Pattern 3, crossNic 0, nChannels 4, bw 48.000000/24.000000, type NVL/PIX, sameChannels 0
[worker-rank56] gpulingjun033181100083:1315:5585 [0] NCCL INFO  0 : NET/0 GPU/57 GPU/58 GPU/59 GPU/60 GPU/61 GPU/62 GPU/63 GPU/56 NET/0
[worker-rank56] gpulingjun033181100083:1315:5585 [0] NCCL INFO  1 : NET/1 GPU/59 GPU/60 GPU/61 GPU/62 GPU/63 GPU/56 GPU/57 GPU/58 NET/1
[worker-rank56] gpulingjun033181100083:1315:5585 [0] NCCL INFO  2 : NET/2 GPU/60 GPU/61 GPU/62 GPU/63 GPU/56 GPU/57 GPU/58 GPU/59 NET/2
[worker-rank56] gpulingjun033181100083:1315:5585 [0] NCCL INFO  3 : NET/3 GPU/62 GPU/63 GPU/56 GPU/57 GPU/58 GPU/59 GPU/60 GPU/61 NET/3
[worker-rank56] gpulingjun033181100083:1315:5585 [0] NCCL INFO comm 0x10381e30 rank 56 nRanks 64 nNodes 8 localRanks 8 localRank 0 MNNVL 0
[worker-rank56] gpulingjun033181100083:1315:5585 [0] NCCL INFO Ring 00 : 63 -> 56 -> 1
[worker-rank56] gpulingjun033181100083:1315:5585 [0] NCCL INFO Ring 01 : 63 -> 56 -> 57
[worker-rank56] gpulingjun033181100083:1315:5585 [0] NCCL INFO Ring 02 : 57 -> 56 -> 63
[worker-rank56] gpulingjun033181100083:1315:5585 [0] NCCL INFO Ring 03 : 57 -> 56 -> 63
[worker-rank56] gpulingjun033181100083:1315:5585 [0] NCCL INFO Ring 04 : 63 -> 56 -> 1
[worker-rank56] gpulingjun033181100083:1315:5585 [0] NCCL INFO Ring 05 : 63 -> 56 -> 57
[worker-rank56] gpulingjun033181100083:1315:5585 [0] NCCL INFO Ring 06 : 57 -> 56 -> 63
[worker-rank56] gpulingjun033181100083:1315:5585 [0] NCCL INFO Ring 07 : 57 -> 56 -> 63
[worker-rank56] gpulingjun033181100083:1315:5585 [0] NCCL INFO Trees [0] -1/-1/-1->56->63 [1] 57/-1/-1->56->63 [2] 57/-1/-1->56->63 [3] 57/-1/-1->56->63 [4] -1/-1/-1->56->63 [5] 57/-1/-1->56->63 [6] 57/-1/-1->56->63 [7] 57/-1/-1->56->63
[worker-rank56] gpulingjun033181100083:1315:5585 [0] NCCL INFO P2P Chunksize set to 131072
[worker-rank56] gpulingjun033181100083:1315:5585 [0] NCCL INFO Channel 01/0 : 56[0] -> 57[1] via P2P/CUMEM
[worker-rank56] gpulingjun033181100083:1315:5585 [0] NCCL INFO Channel 05/0 : 56[0] -> 57[1] via P2P/CUMEM
[worker-rank56] gpulingjun033181100083:1315:5585 [0] NCCL INFO Channel 02/0 : 56[0] -> 63[7] via P2P/CUMEM
[worker-rank56] gpulingjun033181100083:1315:5585 [0] NCCL INFO Channel 03/0 : 56[0] -> 63[7] via P2P/CUMEM
[worker-rank56] gpulingjun033181100083:1315:5585 [0] NCCL INFO Channel 06/0 : 56[0] -> 63[7] via P2P/CUMEM
[worker-rank56] gpulingjun033181100083:1315:5585 [0] NCCL INFO Channel 07/0 : 56[0] -> 63[7] via P2P/CUMEM
[worker-rank56] gpulingjun033181100083:1315:5585 [0] NCCL INFO Channel 00/0 : 56[0] -> 1[1] [send] via NET/IB/0/GDRDMA
[worker-rank56] gpulingjun033181100083:1315:5585 [0] NCCL INFO Channel 04/0 : 56[0] -> 1[1] [send] via NET/IB/0/GDRDMA
[worker-rank56] gpulingjun033181100083:1315:5585 [0] NCCL INFO Connected all rings
[worker-rank56] gpulingjun033181100083:1315:5585 [0] NCCL INFO Channel 02/0 : 56[0] -> 57[1] via P2P/CUMEM
[worker-rank56] gpulingjun033181100083:1315:5585 [0] NCCL INFO Channel 03/0 : 56[0] -> 57[1] via P2P/CUMEM
[worker-rank56] gpulingjun033181100083:1315:5585 [0] NCCL INFO Channel 06/0 : 56[0] -> 57[1] via P2P/CUMEM
[worker-rank56] gpulingjun033181100083:1315:5585 [0] NCCL INFO Channel 07/0 : 56[0] -> 57[1] via P2P/CUMEM
[worker-rank56] gpulingjun033181100083:1315:5585 [0] NCCL INFO Channel 00/0 : 56[0] -> 63[7] via P2P/CUMEM
[worker-rank56] gpulingjun033181100083:1315:5585 [0] NCCL INFO Channel 01/0 : 56[0] -> 63[7] via P2P/CUMEM
[worker-rank56] gpulingjun033181100083:1315:5585 [0] NCCL INFO Channel 04/0 : 56[0] -> 63[7] via P2P/CUMEM
[worker-rank56] gpulingjun033181100083:1315:5585 [0] NCCL INFO Channel 05/0 : 56[0] -> 63[7] via P2P/CUMEM
[worker-rank56] gpulingjun033181100083:1315:5585 [0] NCCL INFO Connected all trees
[worker-rank56] gpulingjun033181100083:1315:5585 [0] NCCL INFO threadThresholds 8/8/64 | 512/8/64 | 512 | 512
[worker-rank56] gpulingjun033181100083:1315:5585 [0] NCCL INFO 8 coll channels, 8 collnet channels, 0 nvls channels, 8 p2p channels, 1 p2p channels per peer
[worker-rank56] gpulingjun033181100083:1315:5585 [0] NCCL INFO ncclCommInitRank comm 0x10381e30 rank 56 nranks 64 cudaDev 0 nvmlDev 0 busId 8000 commId 0x5f6aa628baee194b - Init COMPLETE
[worker-rank56] gpulingjun033181100083:1315:5610 [0] NCCL INFO Using non-device net plugin version 0
[worker-rank56] gpulingjun033181100083:1315:5610 [0] NCCL INFO Using network IB
[worker-rank56] gpulingjun033181100083:1315:5610 [0] NCCL INFO DMA-BUF is available on GPU device 0
[worker-rank56] gpulingjun033181100083:1315:5610 [0] NCCL INFO ncclCommInitRank comm 0x33f3ab10 rank 7 nranks 8 cudaDev 0 nvmlDev 0 busId 8000 commId 0x7c4060f38f3dd742 - Init START
[worker-rank56] gpulingjun033181100083:1315:5610 [0] NCCL INFO MNNVL busId 0x8000 fabric UUID 0.0 cliqueId 0x0 state 3 healthMask 0x0
[worker-rank56] gpulingjun033181100083:1315:5610 [0] NCCL INFO Loading topology file /var/run/nvidia-topologyd/virtualTopology.xml
[worker-rank56] gpulingjun033181100083:1315:5610 [0] NCCL INFO Loading unnamed topology
[worker-rank56] gpulingjun033181100083:1315:5610 [0] NCCL INFO === System : maxBw 25.0 totalBw 370.8 ===
[worker-rank56] gpulingjun033181100083:1315:5610 [0] NCCL INFO CPU/0-0 (1/1/2)
[worker-rank56] gpulingjun033181100083:1315:5610 [0] NCCL INFO + PCI[48.0] - PCI/0-6000 (1000c0301000100b)
[worker-rank56] gpulingjun033181100083:1315:5610 [0] NCCL INFO               + PCI[48.0] - PCI/0-6000 (1000c0301000100b)
[worker-rank56] gpulingjun033181100083:1315:5610 [0] NCCL INFO                             + PCI[48.0] - GPU/0-8000 (7)
[worker-rank56] gpulingjun033181100083:1315:5610 [0] NCCL INFO                                           + NVL[370.8] - NVS/0
[worker-rank56] gpulingjun033181100083:1315:5610 [0] NCCL INFO               + PCI[48.0] - PCI/0-7c000 (1000c0301000100b)
[worker-rank56] gpulingjun033181100083:1315:5610 [0] NCCL INFO                             + PCI[48.0] - NIC/0-7f000
[worker-rank56] gpulingjun033181100083:1315:5610 [0] NCCL INFO                                           + NET[25.0] - NET/0 (d05f0f0003f32538/1/25.000000)
[worker-rank56] gpulingjun033181100083:1315:5610 [0] NCCL INFO + PCI[48.0] - PCI/0-a0000 (1000c0301000100b)
[worker-rank56] gpulingjun033181100083:1315:5610 [0] NCCL INFO               + PCI[48.0] - PCI/0-c4000 (1000c0301000100b)
[worker-rank56] gpulingjun033181100083:1315:5610 [0] NCCL INFO                             + PCI[48.0] - NIC/0-c7000
[worker-rank56] gpulingjun033181100083:1315:5610 [0] NCCL INFO                                           + NET[25.0] - NET/1 (5ed6150003f32538/1/25.000000)
[worker-rank56] gpulingjun033181100083:1315:5610 [0] NCCL INFO + SYS[10.0] - CPU/1
[worker-rank56] gpulingjun033181100083:1315:5610 [0] NCCL INFO CPU/0-1 (1/1/2)
[worker-rank56] gpulingjun033181100083:1315:5610 [0] NCCL INFO + PCI[48.0] - PCI/0-106000 (1000c0301000100b)
[worker-rank56] gpulingjun033181100083:1315:5610 [0] NCCL INFO               + PCI[48.0] - PCI/0-106000 (1000c0301000100b)
[worker-rank56] gpulingjun033181100083:1315:5610 [0] NCCL INFO                             + PCI[48.0] - NIC/0-108000
[worker-rank56] gpulingjun033181100083:1315:5610 [0] NCCL INFO                                           + NET[25.0] - NET/2 (ea0150003f32538/1/25.000000)
[worker-rank56] gpulingjun033181100083:1315:5610 [0] NCCL INFO + PCI[48.0] - PCI/0-1a0000 (1000c0301000100b)
[worker-rank56] gpulingjun033181100083:1315:5610 [0] NCCL INFO               + PCI[48.0] - PCI/0-1a0000 (1000c0301000100b)
[worker-rank56] gpulingjun033181100083:1315:5610 [0] NCCL INFO                             + PCI[48.0] - NIC/0-1a2000
[worker-rank56] gpulingjun033181100083:1315:5610 [0] NCCL INFO                                           + NET[25.0] - NET/3 (f2b80f0003f32538/1/25.000000)
[worker-rank56] gpulingjun033181100083:1315:5610 [0] NCCL INFO + SYS[10.0] - CPU/0
[worker-rank56] gpulingjun033181100083:1315:5610 [0] NCCL INFO ==========================================
[worker-rank56] gpulingjun033181100083:1315:5610 [0] NCCL INFO GPU/8000 :GPU/0-8000 (0/5000.0/LOC) NVS/0-0 (1/370.8/NVL) CPU/0-0 (3/48.0/PHB) CPU/0-1 (4/10.0/SYS) NET/0-0 (5/25.0/PXB) NET/0-1 (7/25.0/PHB) NET/0-2 (8/10.0/SYS) NET/0-3 (8/10.0/SYS) 
[worker-rank56] gpulingjun033181100083:1315:5610 [0] NCCL INFO NET/0 :GPU/0-8000 (5/25.0/PXB) CPU/0-0 (4/25.0/PHB) CPU/0-1 (5/10.0/SYS) NET/0-0 (0/5000.0/LOC) NET/0-1 (8/25.0/PHB) NET/0-2 (9/10.0/SYS) NET/0-3 (9/10.0/SYS) 
[worker-rank56] gpulingjun033181100083:1315:5610 [0] NCCL INFO NET/1 :GPU/0-8000 (7/25.0/PHB) CPU/0-0 (4/25.0/PHB) CPU/0-1 (5/10.0/SYS) NET/0-0 (8/25.0/PHB) NET/0-1 (0/5000.0/LOC) NET/0-2 (9/10.0/SYS) NET/0-3 (9/10.0/SYS) 
[worker-rank56] gpulingjun033181100083:1315:5610 [0] NCCL INFO NET/2 :GPU/0-8000 (8/10.0/SYS) CPU/0-0 (5/10.0/SYS) CPU/0-1 (4/25.0/PHB) NET/0-0 (9/10.0/SYS) NET/0-1 (9/10.0/SYS) NET/0-2 (0/5000.0/LOC) NET/0-3 (8/25.0/PHB) 
[worker-rank56] gpulingjun033181100083:1315:5610 [0] NCCL INFO NET/3 :GPU/0-8000 (8/10.0/SYS) CPU/0-0 (5/10.0/SYS) CPU/0-1 (4/25.0/PHB) NET/0-0 (9/10.0/SYS) NET/0-1 (9/10.0/SYS) NET/0-2 (8/25.0/PHB) NET/0-3 (0/5000.0/LOC) 
[worker-rank56] gpulingjun033181100083:1315:5610 [0] NCCL INFO Setting affinity for GPU 0 to ffff,ffffffff,00000000,0000ffff,ffffffff
[worker-rank56] gpulingjun033181100083:1315:5610 [0] NCCL INFO Pattern 4, crossNic 0, nChannels 1, bw 24.000000/24.000000, type LOC/PXB, sameChannels 1
[worker-rank56] gpulingjun033181100083:1315:5610 [0] NCCL INFO  0 : NET/0 GPU/7 NET/0
[worker-rank56] gpulingjun033181100083:1315:5610 [0] NCCL INFO Pattern 3, crossNic 0, nChannels 1, bw 48.000000/24.000000, type LOC/PXB, sameChannels 1
[worker-rank56] gpulingjun033181100083:1315:5610 [0] NCCL INFO  0 : NET/0 GPU/7 NET/0
[worker-rank56] gpulingjun033181100083:1315:5610 [0] NCCL INFO comm 0x33f3ab10 rank 7 nRanks 8 nNodes 8 localRanks 1 localRank 0 MNNVL 0
[worker-rank56] gpulingjun033181100083:1315:5610 [0] NCCL INFO Tree 0 : 6 -> 7 -> -1/-1/-1
[worker-rank56] gpulingjun033181100083:1315:5610 [0] NCCL INFO Tree 1 : -1 -> 7 -> 3/-1/-1
[worker-rank56] gpulingjun033181100083:1315:5610 [0] NCCL INFO Ring 00 : 6 -> 7 -> 0
[worker-rank56] gpulingjun033181100083:1315:5610 [0] NCCL INFO Ring 01 : 6 -> 7 -> 0
[worker-rank56] gpulingjun033181100083:1315:5610 [0] NCCL INFO Trees [0] -1/-1/-1->7->6 [1] 3/-1/-1->7->-1
[worker-rank56] gpulingjun033181100083:1315:5610 [0] NCCL INFO P2P Chunksize set to 131072
[worker-rank56] gpulingjun033181100083:1315:5610 [0] NCCL INFO Channel 00/0 : 6[0] -> 7[0] [receive] via NET/IB/0/GDRDMA
[worker-rank56] gpulingjun033181100083:1315:5610 [0] NCCL INFO Channel 01/0 : 6[0] -> 7[0] [receive] via NET/IB/0/GDRDMA
[worker-rank56] gpulingjun033181100083:1315:5610 [0] NCCL INFO Channel 00/0 : 7[0] -> 0[0] [send] via NET/IB/0/GDRDMA
[worker-rank56] gpulingjun033181100083:1315:5610 [0] NCCL INFO Channel 01/0 : 7[0] -> 0[0] [send] via NET/IB/0/GDRDMA
[worker-rank56] gpulingjun033181100083:1315:5610 [0] NCCL INFO Connected all rings
[worker-rank56] gpulingjun033181100083:1315:5610 [0] NCCL INFO Channel 01/0 : 3[0] -> 7[0] [receive] via NET/IB/0/GDRDMA
[worker-rank56] gpulingjun033181100083:1315:5610 [0] NCCL INFO Channel 01/0 : 7[0] -> 3[0] [send] via NET/IB/0/GDRDMA
[worker-rank56] gpulingjun033181100083:1315:5610 [0] NCCL INFO Channel 00/0 : 7[0] -> 6[0] [send] via NET/IB/0/GDRDMA
[worker-rank56] gpulingjun033181100083:1315:5610 [0] NCCL INFO Connected all trees
[worker-rank56] gpulingjun033181100083:1315:5610 [0] NCCL INFO threadThresholds 8/8/64 | 64/8/64 | 512 | 512
[worker-rank56] gpulingjun033181100083:1315:5610 [0] NCCL INFO 2 coll channels, 2 collnet channels, 0 nvls channels, 2 p2p channels, 1 p2p channels per peer
[worker-rank56] gpulingjun033181100083:1315:5610 [0] NCCL INFO ncclCommInitRank comm 0x33f3ab10 rank 7 nranks 8 cudaDev 0 nvmlDev 0 busId 8000 commId 0x7c4060f38f3dd742 - Init COMPLETE
[worker-rank56] gpulingjun033181100083:1315:5614 [0] NCCL INFO Channel 01/1 : 6[0] -> 7[0] [receive] via NET/IB/0/GDRDMA/Shared
[worker-rank56] gpulingjun033181100083:1315:5614 [0] NCCL INFO Channel 01/1 : 7[0] -> 0[0] [send] via NET/IB/0/GDRDMA/Shared
[worker-rank56] gpulingjun033181100083:1315:5614 [0] NCCL INFO Channel 00/1 : 5[0] -> 7[0] [receive] via NET/IB/0/GDRDMA/Shared
[worker-rank56] gpulingjun033181100083:1315:5614 [0] NCCL INFO Channel 00/1 : 7[0] -> 1[0] [send] via NET/IB/0/GDRDMA/Shared
[worker-rank56] gpulingjun033181100083:1315:5614 [0] NCCL INFO Channel 01/1 : 4[0] -> 7[0] [receive] via NET/IB/0/GDRDMA/Shared
[worker-rank56] gpulingjun033181100083:1315:5614 [0] NCCL INFO Channel 01/1 : 7[0] -> 2[0] [send] via NET/IB/0/GDRDMA/Shared
[worker-rank56] gpulingjun033181100083:1315:5614 [0] NCCL INFO Channel 00/1 : 3[0] -> 7[0] [receive] via NET/IB/0/GDRDMA/Shared
[worker-rank56] gpulingjun033181100083:1315:5614 [0] NCCL INFO Channel 00/1 : 7[0] -> 3[0] [send] via NET/IB/0/GDRDMA/Shared
[worker-rank56] gpulingjun033181100083:1315:5614 [0] NCCL INFO Channel 01/1 : 2[0] -> 7[0] [receive] via NET/IB/0/GDRDMA/Shared
[worker-rank56] gpulingjun033181100083:1315:5614 [0] NCCL INFO Channel 01/1 : 7[0] -> 4[0] [send] via NET/IB/0/GDRDMA/Shared
[worker-rank56] gpulingjun033181100083:1315:5614 [0] NCCL INFO Channel 00/1 : 1[0] -> 7[0] [receive] via NET/IB/0/GDRDMA/Shared
[worker-rank56] gpulingjun033181100083:1315:5614 [0] NCCL INFO Channel 00/1 : 7[0] -> 5[0] [send] via NET/IB/0/GDRDMA/Shared
[worker-rank56] gpulingjun033181100083:1315:5614 [0] NCCL INFO Channel 01/1 : 0[0] -> 7[0] [receive] via NET/IB/0/GDRDMA/Shared
[worker-rank56] gpulingjun033181100083:1315:5614 [0] NCCL INFO Channel 01/1 : 7[0] -> 6[0] [send] via NET/IB/0/GDRDMA/Shared
[worker-rank56] gpulingjun033181100083:1315:1315 [0] NCCL INFO 1 Bytes -> Algo 1 proto 0 time 15.000012
[worker-rank56] gpulingjun033181100083:1315:1315 [0] NCCL INFO 4 Bytes -> Algo 1 proto 0 time 15.000050
[worker-rank56] gpulingjun033181100083:1315:1315 [0] NCCL INFO 4 Bytes -> Algo 1 proto 0 time 15.000050
[worker-rank56] gpulingjun033181100083:1315:1315 [0] NCCL INFO 4 Bytes -> Algo 1 proto 0 time 15.000050
[worker-rank56] gpulingjun033181100083:1315:1315 [0] NCCL INFO 4 Bytes -> Algo 1 proto 0 time 15.000050
[worker-rank56] gpulingjun033181100083:1315:5765 [0] NCCL INFO Using non-device net plugin version 0
[worker-rank56] gpulingjun033181100083:1315:5765 [0] NCCL INFO Using network IB
[worker-rank56] gpulingjun033181100083:1315:5765 [0] NCCL INFO DMA-BUF is available on GPU device 0
[worker-rank56] gpulingjun033181100083:1315:5765 [0] NCCL INFO ncclCommInitRank comm 0x43c45f50 rank 0 nranks 8 cudaDev 0 nvmlDev 0 busId 8000 commId 0x6b14c264e36d0348 - Init START
[worker-rank56] gpulingjun033181100083:1315:5765 [0] NCCL INFO MNNVL busId 0x8000 fabric UUID 0.0 cliqueId 0x0 state 3 healthMask 0x0
[worker-rank56] gpulingjun033181100083:1315:5765 [0] NCCL INFO Loading topology file /var/run/nvidia-topologyd/virtualTopology.xml
[worker-rank56] gpulingjun033181100083:1315:5765 [0] NCCL INFO Loading unnamed topology
[worker-rank56] gpulingjun033181100083:1315:5765 [0] NCCL INFO === System : maxBw 370.8 totalBw 370.8 ===
[worker-rank56] gpulingjun033181100083:1315:5765 [0] NCCL INFO CPU/0-0 (1/1/2)
[worker-rank56] gpulingjun033181100083:1315:5765 [0] NCCL INFO + PCI[48.0] - PCI/0-6000 (1000c0301000100b)
[worker-rank56] gpulingjun033181100083:1315:5765 [0] NCCL INFO               + PCI[48.0] - PCI/0-6000 (1000c0301000100b)
[worker-rank56] gpulingjun033181100083:1315:5765 [0] NCCL INFO                             + PCI[48.0] - GPU/0-8000 (0)
[worker-rank56] gpulingjun033181100083:1315:5765 [0] NCCL INFO                                           + NVL[370.8] - NVS/0
[worker-rank56] gpulingjun033181100083:1315:5765 [0] NCCL INFO               + PCI[48.0] - PCI/0-7c000 (1000c0301000100b)
[worker-rank56] gpulingjun033181100083:1315:5765 [0] NCCL INFO                             + PCI[48.0] - GPU/0-7e000 (1)
[worker-rank56] gpulingjun033181100083:1315:5765 [0] NCCL INFO                                           + NVL[370.8] - NVS/0
[worker-rank56] gpulingjun033181100083:1315:5765 [0] NCCL INFO                             + PCI[48.0] - NIC/0-7f000
[worker-rank56] gpulingjun033181100083:1315:5765 [0] NCCL INFO + PCI[48.0] - PCI/0-a0000 (1000c0301000100b)
[worker-rank56] gpulingjun033181100083:1315:5765 [0] NCCL INFO               + PCI[48.0] - PCI/0-a0000 (1000c0301000100b)
[worker-rank56] gpulingjun033181100083:1315:5765 [0] NCCL INFO                             + PCI[48.0] - GPU/0-a2000 (2)
[worker-rank56] gpulingjun033181100083:1315:5765 [0] NCCL INFO                                           + NVL[370.8] - NVS/0
[worker-rank56] gpulingjun033181100083:1315:5765 [0] NCCL INFO               + PCI[48.0] - PCI/0-c4000 (1000c0301000100b)
[worker-rank56] gpulingjun033181100083:1315:5765 [0] NCCL INFO                             + PCI[48.0] - GPU/0-c6000 (3)
[worker-rank56] gpulingjun033181100083:1315:5765 [0] NCCL INFO                                           + NVL[370.8] - NVS/0
[worker-rank56] gpulingjun033181100083:1315:5765 [0] NCCL INFO                             + PCI[48.0] - NIC/0-c7000
[worker-rank56] gpulingjun033181100083:1315:5765 [0] NCCL INFO + SYS[10.0] - CPU/1
[worker-rank56] gpulingjun033181100083:1315:5765 [0] NCCL INFO CPU/0-1 (1/1/2)
[worker-rank56] gpulingjun033181100083:1315:5765 [0] NCCL INFO + PCI[48.0] - PCI/0-106000 (1000c0301000100b)
[worker-rank56] gpulingjun033181100083:1315:5765 [0] NCCL INFO               + PCI[48.0] - PCI/0-106000 (1000c0301000100b)
[worker-rank56] gpulingjun033181100083:1315:5765 [0] NCCL INFO                             + PCI[48.0] - NIC/0-108000
[worker-rank56] gpulingjun033181100083:1315:5765 [0] NCCL INFO                             + PCI[48.0] - GPU/0-109000 (4)
[worker-rank56] gpulingjun033181100083:1315:5765 [0] NCCL INFO                                           + NVL[370.8] - NVS/0
[worker-rank56] gpulingjun033181100083:1315:5765 [0] NCCL INFO               + PCI[48.0] - PCI/0-17c000 (1000c0301000100b)
[worker-rank56] gpulingjun033181100083:1315:5765 [0] NCCL INFO                             + PCI[48.0] - GPU/0-17f000 (5)
[worker-rank56] gpulingjun033181100083:1315:5765 [0] NCCL INFO                                           + NVL[370.8] - NVS/0
[worker-rank56] gpulingjun033181100083:1315:5765 [0] NCCL INFO + PCI[48.0] - PCI/0-1a0000 (1000c0301000100b)
[worker-rank56] gpulingjun033181100083:1315:5765 [0] NCCL INFO               + PCI[48.0] - PCI/0-1a0000 (1000c0301000100b)
[worker-rank56] gpulingjun033181100083:1315:5765 [0] NCCL INFO                             + PCI[48.0] - NIC/0-1a2000
[worker-rank56] gpulingjun033181100083:1315:5765 [0] NCCL INFO                             + PCI[48.0] - GPU/0-1a3000 (6)
[worker-rank56] gpulingjun033181100083:1315:5765 [0] NCCL INFO                                           + NVL[370.8] - NVS/0
[worker-rank56] gpulingjun033181100083:1315:5765 [0] NCCL INFO               + PCI[48.0] - PCI/0-1c4000 (1000c0301000100b)
[worker-rank56] gpulingjun033181100083:1315:5765 [0] NCCL INFO                             + PCI[48.0] - GPU/0-1c7000 (7)
[worker-rank56] gpulingjun033181100083:1315:5765 [0] NCCL INFO                                           + NVL[370.8] - NVS/0
[worker-rank56] gpulingjun033181100083:1315:5765 [0] NCCL INFO + SYS[10.0] - CPU/0
[worker-rank56] gpulingjun033181100083:1315:5765 [0] NCCL INFO ==========================================
[worker-rank56] gpulingjun033181100083:1315:5765 [0] NCCL INFO GPU/8000 :GPU/0-8000 (0/5000.0/LOC) GPU/0-7e000 (2/370.8/NVL) GPU/0-a2000 (2/370.8/NVL) GPU/0-c6000 (2/370.8/NVL) GPU/0-109000 (2/370.8/NVL) GPU/0-17f000 (2/370.8/NVL) GPU/0-1a3000 (2/370.8/NVL) GPU/0-1c7000 (2/370.8/NVL) NVS/0-0 (1/370.8/NVL) CPU/0-0 (3/48.0/PHB) CPU/0-1 (4/10.0/SYS) 
[worker-rank56] gpulingjun033181100083:1315:5765 [0] NCCL INFO GPU/7E000 :GPU/0-8000 (2/370.8/NVL) GPU/0-7e000 (0/5000.0/LOC) GPU/0-a2000 (2/370.8/NVL) GPU/0-c6000 (2/370.8/NVL) GPU/0-109000 (2/370.8/NVL) GPU/0-17f000 (2/370.8/NVL) GPU/0-1a3000 (2/370.8/NVL) GPU/0-1c7000 (2/370.8/NVL) NVS/0-0 (1/370.8/NVL) CPU/0-0 (3/48.0/PHB) CPU/0-1 (4/10.0/SYS) 
[worker-rank56] gpulingjun033181100083:1315:5765 [0] NCCL INFO GPU/A2000 :GPU/0-8000 (2/370.8/NVL) GPU/0-7e000 (2/370.8/NVL) GPU/0-a2000 (0/5000.0/LOC) GPU/0-c6000 (2/370.8/NVL) GPU/0-109000 (2/370.8/NVL) GPU/0-17f000 (2/370.8/NVL) GPU/0-1a3000 (2/370.8/NVL) GPU/0-1c7000 (2/370.8/NVL) NVS/0-0 (1/370.8/NVL) CPU/0-0 (3/48.0/PHB) CPU/0-1 (4/10.0/SYS) 
[worker-rank56] gpulingjun033181100083:1315:5765 [0] NCCL INFO GPU/C6000 :GPU/0-8000 (2/370.8/NVL) GPU/0-7e000 (2/370.8/NVL) GPU/0-a2000 (2/370.8/NVL) GPU/0-c6000 (0/5000.0/LOC) GPU/0-109000 (2/370.8/NVL) GPU/0-17f000 (2/370.8/NVL) GPU/0-1a3000 (2/370.8/NVL) GPU/0-1c7000 (2/370.8/NVL) NVS/0-0 (1/370.8/NVL) CPU/0-0 (3/48.0/PHB) CPU/0-1 (4/10.0/SYS) 
[worker-rank56] gpulingjun033181100083:1315:5765 [0] NCCL INFO GPU/109000 :GPU/0-8000 (2/370.8/NVL) GPU/0-7e000 (2/370.8/NVL) GPU/0-a2000 (2/370.8/NVL) GPU/0-c6000 (2/370.8/NVL) GPU/0-109000 (0/5000.0/LOC) GPU/0-17f000 (2/370.8/NVL) GPU/0-1a3000 (2/370.8/NVL) GPU/0-1c7000 (2/370.8/NVL) NVS/0-0 (1/370.8/NVL) CPU/0-0 (4/10.0/SYS) CPU/0-1 (3/48.0/PHB) 
[worker-rank56] gpulingjun033181100083:1315:5765 [0] NCCL INFO GPU/17F000 :GPU/0-8000 (2/370.8/NVL) GPU/0-7e000 (2/370.8/NVL) GPU/0-a2000 (2/370.8/NVL) GPU/0-c6000 (2/370.8/NVL) GPU/0-109000 (2/370.8/NVL) GPU/0-17f000 (0/5000.0/LOC) GPU/0-1a3000 (2/370.8/NVL) GPU/0-1c7000 (2/370.8/NVL) NVS/0-0 (1/370.8/NVL) CPU/0-0 (4/10.0/SYS) CPU/0-1 (3/48.0/PHB) 
[worker-rank56] gpulingjun033181100083:1315:5765 [0] NCCL INFO GPU/1A3000 :GPU/0-8000 (2/370.8/NVL) GPU/0-7e000 (2/370.8/NVL) GPU/0-a2000 (2/370.8/NVL) GPU/0-c6000 (2/370.8/NVL) GPU/0-109000 (2/370.8/NVL) GPU/0-17f000 (2/370.8/NVL) GPU/0-1a3000 (0/5000.0/LOC) GPU/0-1c7000 (2/370.8/NVL) NVS/0-0 (1/370.8/NVL) CPU/0-0 (4/10.0/SYS) CPU/0-1 (3/48.0/PHB) 
[worker-rank56] gpulingjun033181100083:1315:5765 [0] NCCL INFO GPU/1C7000 :GPU/0-8000 (2/370.8/NVL) GPU/0-7e000 (2/370.8/NVL) GPU/0-a2000 (2/370.8/NVL) GPU/0-c6000 (2/370.8/NVL) GPU/0-109000 (2/370.8/NVL) GPU/0-17f000 (2/370.8/NVL) GPU/0-1a3000 (2/370.8/NVL) GPU/0-1c7000 (0/5000.0/LOC) NVS/0-0 (1/370.8/NVL) CPU/0-0 (4/10.0/SYS) CPU/0-1 (3/48.0/PHB) 
[worker-rank56] gpulingjun033181100083:1315:5765 [0] NCCL INFO Setting affinity for GPU 0 to ffff,ffffffff,00000000,0000ffff,ffffffff
[worker-rank56] gpulingjun033181100083:1315:5765 [0] NCCL INFO Pattern 4, crossNic 0, nChannels 12, bw 30.000000/30.000000, type NVL/PIX, sameChannels 1
[worker-rank56] gpulingjun033181100083:1315:5765 [0] NCCL INFO  0 : GPU/0 GPU/1 GPU/2 GPU/3 GPU/4 GPU/5 GPU/6 GPU/7
[worker-rank56] gpulingjun033181100083:1315:5765 [0] NCCL INFO  1 : GPU/0 GPU/1 GPU/2 GPU/3 GPU/4 GPU/5 GPU/6 GPU/7
[worker-rank56] gpulingjun033181100083:1315:5765 [0] NCCL INFO  2 : GPU/0 GPU/1 GPU/2 GPU/3 GPU/4 GPU/5 GPU/6 GPU/7
[worker-rank56] gpulingjun033181100083:1315:5765 [0] NCCL INFO  3 : GPU/0 GPU/1 GPU/2 GPU/3 GPU/4 GPU/5 GPU/6 GPU/7
[worker-rank56] gpulingjun033181100083:1315:5765 [0] NCCL INFO  4 : GPU/0 GPU/1 GPU/2 GPU/3 GPU/4 GPU/5 GPU/6 GPU/7
[worker-rank56] gpulingjun033181100083:1315:5765 [0] NCCL INFO  5 : GPU/0 GPU/1 GPU/2 GPU/3 GPU/4 GPU/5 GPU/6 GPU/7
[worker-rank56] gpulingjun033181100083:1315:5765 [0] NCCL INFO  6 : GPU/0 GPU/1 GPU/2 GPU/3 GPU/4 GPU/5 GPU/6 GPU/7
[worker-rank56] gpulingjun033181100083:1315:5765 [0] NCCL INFO  7 : GPU/0 GPU/1 GPU/2 GPU/3 GPU/4 GPU/5 GPU/6 GPU/7
[worker-rank56] gpulingjun033181100083:1315:5765 [0] NCCL INFO  8 : GPU/0 GPU/1 GPU/2 GPU/3 GPU/4 GPU/5 GPU/6 GPU/7
[worker-rank56] gpulingjun033181100083:1315:5765 [0] NCCL INFO  9 : GPU/0 GPU/1 GPU/2 GPU/3 GPU/4 GPU/5 GPU/6 GPU/7
[worker-rank56] gpulingjun033181100083:1315:5765 [0] NCCL INFO 10 : GPU/0 GPU/1 GPU/2 GPU/3 GPU/4 GPU/5 GPU/6 GPU/7
[worker-rank56] gpulingjun033181100083:1315:5765 [0] NCCL INFO 11 : GPU/0 GPU/1 GPU/2 GPU/3 GPU/4 GPU/5 GPU/6 GPU/7
[worker-rank56] gpulingjun033181100083:1315:5765 [0] NCCL INFO Pattern 1, crossNic 0, nChannels 12, bw 30.000000/30.000000, type NVL/PIX, sameChannels 1
[worker-rank56] gpulingjun033181100083:1315:5765 [0] NCCL INFO  0 : GPU/0 GPU/1 GPU/2 GPU/3 GPU/4 GPU/5 GPU/6 GPU/7
[worker-rank56] gpulingjun033181100083:1315:5765 [0] NCCL INFO  1 : GPU/0 GPU/1 GPU/2 GPU/3 GPU/4 GPU/5 GPU/6 GPU/7
[worker-rank56] gpulingjun033181100083:1315:5765 [0] NCCL INFO  2 : GPU/0 GPU/1 GPU/2 GPU/3 GPU/4 GPU/5 GPU/6 GPU/7
[worker-rank56] gpulingjun033181100083:1315:5765 [0] NCCL INFO  3 : GPU/0 GPU/1 GPU/2 GPU/3 GPU/4 GPU/5 GPU/6 GPU/7
[worker-rank56] gpulingjun033181100083:1315:5765 [0] NCCL INFO  4 : GPU/0 GPU/1 GPU/2 GPU/3 GPU/4 GPU/5 GPU/6 GPU/7
[worker-rank56] gpulingjun033181100083:1315:5765 [0] NCCL INFO  5 : GPU/0 GPU/1 GPU/2 GPU/3 GPU/4 GPU/5 GPU/6 GPU/7
[worker-rank56] gpulingjun033181100083:1315:5765 [0] NCCL INFO  6 : GPU/0 GPU/1 GPU/2 GPU/3 GPU/4 GPU/5 GPU/6 GPU/7
[worker-rank56] gpulingjun033181100083:1315:5765 [0] NCCL INFO  7 : GPU/0 GPU/1 GPU/2 GPU/3 GPU/4 GPU/5 GPU/6 GPU/7
[worker-rank56] gpulingjun033181100083:1315:5765 [0] NCCL INFO  8 : GPU/0 GPU/1 GPU/2 GPU/3 GPU/4 GPU/5 GPU/6 GPU/7
[worker-rank56] gpulingjun033181100083:1315:5765 [0] NCCL INFO  9 : GPU/0 GPU/1 GPU/2 GPU/3 GPU/4 GPU/5 GPU/6 GPU/7
[worker-rank56] gpulingjun033181100083:1315:5765 [0] NCCL INFO 10 : GPU/0 GPU/1 GPU/2 GPU/3 GPU/4 GPU/5 GPU/6 GPU/7
[worker-rank56] gpulingjun033181100083:1315:5765 [0] NCCL INFO 11 : GPU/0 GPU/1 GPU/2 GPU/3 GPU/4 GPU/5 GPU/6 GPU/7
[worker-rank56] gpulingjun033181100083:1315:5765 [0] NCCL INFO comm 0x43c45f50 rank 0 nRanks 8 nNodes 1 localRanks 8 localRank 0 MNNVL 0
[worker-rank56] gpulingjun033181100083:1315:5765 [0] NCCL INFO Tree 0 : -1 -> 0 -> 1/-1/-1
[worker-rank56] gpulingjun033181100083:1315:5765 [0] NCCL INFO Tree 12 : -1 -> 0 -> 1/-1/-1
[worker-rank56] gpulingjun033181100083:1315:5765 [0] NCCL INFO Tree 1 : -1 -> 0 -> 1/-1/-1
[worker-rank56] gpulingjun033181100083:1315:5765 [0] NCCL INFO Tree 13 : -1 -> 0 -> 1/-1/-1
[worker-rank56] gpulingjun033181100083:1315:5765 [0] NCCL INFO Tree 2 : -1 -> 0 -> 1/-1/-1
[worker-rank56] gpulingjun033181100083:1315:5765 [0] NCCL INFO Tree 14 : -1 -> 0 -> 1/-1/-1
[worker-rank56] gpulingjun033181100083:1315:5765 [0] NCCL INFO Tree 3 : -1 -> 0 -> 1/-1/-1
[worker-rank56] gpulingjun033181100083:1315:5765 [0] NCCL INFO Tree 15 : -1 -> 0 -> 1/-1/-1
[worker-rank56] gpulingjun033181100083:1315:5765 [0] NCCL INFO Tree 4 : -1 -> 0 -> 1/-1/-1
[worker-rank56] gpulingjun033181100083:1315:5765 [0] NCCL INFO Tree 16 : -1 -> 0 -> 1/-1/-1
[worker-rank56] gpulingjun033181100083:1315:5765 [0] NCCL INFO Tree 5 : -1 -> 0 -> 1/-1/-1
[worker-rank56] gpulingjun033181100083:1315:5765 [0] NCCL INFO Tree 17 : -1 -> 0 -> 1/-1/-1
[worker-rank56] gpulingjun033181100083:1315:5765 [0] NCCL INFO Tree 6 : -1 -> 0 -> 1/-1/-1
[worker-rank56] gpulingjun033181100083:1315:5765 [0] NCCL INFO Tree 18 : -1 -> 0 -> 1/-1/-1
[worker-rank56] gpulingjun033181100083:1315:5765 [0] NCCL INFO Tree 7 : -1 -> 0 -> 1/-1/-1
[worker-rank56] gpulingjun033181100083:1315:5765 [0] NCCL INFO Tree 19 : -1 -> 0 -> 1/-1/-1
[worker-rank56] gpulingjun033181100083:1315:5765 [0] NCCL INFO Tree 8 : -1 -> 0 -> 1/-1/-1
[worker-rank56] gpulingjun033181100083:1315:5765 [0] NCCL INFO Tree 20 : -1 -> 0 -> 1/-1/-1
[worker-rank56] gpulingjun033181100083:1315:5765 [0] NCCL INFO Tree 9 : -1 -> 0 -> 1/-1/-1
[worker-rank56] gpulingjun033181100083:1315:5765 [0] NCCL INFO Tree 21 : -1 -> 0 -> 1/-1/-1
[worker-rank56] gpulingjun033181100083:1315:5765 [0] NCCL INFO Tree 10 : -1 -> 0 -> 1/-1/-1
[worker-rank56] gpulingjun033181100083:1315:5765 [0] NCCL INFO Tree 22 : -1 -> 0 -> 1/-1/-1
[worker-rank56] gpulingjun033181100083:1315:5765 [0] NCCL INFO Tree 11 : -1 -> 0 -> 1/-1/-1
[worker-rank56] gpulingjun033181100083:1315:5765 [0] NCCL INFO Tree 23 : -1 -> 0 -> 1/-1/-1
[worker-rank56] gpulingjun033181100083:1315:5765 [0] NCCL INFO Channel 00/24 :    0   1   2   3   4   5   6   7
[worker-rank56] gpulingjun033181100083:1315:5765 [0] NCCL INFO Channel 01/24 :    0   1   2   3   4   5   6   7
[worker-rank56] gpulingjun033181100083:1315:5765 [0] NCCL INFO Channel 02/24 :    0   1   2   3   4   5   6   7
[worker-rank56] gpulingjun033181100083:1315:5765 [0] NCCL INFO Channel 03/24 :    0   1   2   3   4   5   6   7
[worker-rank56] gpulingjun033181100083:1315:5765 [0] NCCL INFO Channel 04/24 :    0   1   2   3   4   5   6   7
[worker-rank56] gpulingjun033181100083:1315:5765 [0] NCCL INFO Channel 05/24 :    0   1   2   3   4   5   6   7
[worker-rank56] gpulingjun033181100083:1315:5765 [0] NCCL INFO Channel 06/24 :    0   1   2   3   4   5   6   7
[worker-rank56] gpulingjun033181100083:1315:5765 [0] NCCL INFO Channel 07/24 :    0   1   2   3   4   5   6   7
[worker-rank56] gpulingjun033181100083:1315:5765 [0] NCCL INFO Channel 08/24 :    0   1   2   3   4   5   6   7
[worker-rank56] gpulingjun033181100083:1315:5765 [0] NCCL INFO Channel 09/24 :    0   1   2   3   4   5   6   7
[worker-rank56] gpulingjun033181100083:1315:5765 [0] NCCL INFO Channel 10/24 :    0   1   2   3   4   5   6   7
[worker-rank56] gpulingjun033181100083:1315:5765 [0] NCCL INFO Channel 11/24 :    0   1   2   3   4   5   6   7
[worker-rank56] gpulingjun033181100083:1315:5765 [0] NCCL INFO Channel 12/24 :    0   1   2   3   4   5   6   7
[worker-rank56] gpulingjun033181100083:1315:5765 [0] NCCL INFO Channel 13/24 :    0   1   2   3   4   5   6   7
[worker-rank56] gpulingjun033181100083:1315:5765 [0] NCCL INFO Channel 14/24 :    0   1   2   3   4   5   6   7
[worker-rank56] gpulingjun033181100083:1315:5765 [0] NCCL INFO Channel 15/24 :    0   1   2   3   4   5   6   7
[worker-rank56] gpulingjun033181100083:1315:5765 [0] NCCL INFO Channel 16/24 :    0   1   2   3   4   5   6   7
[worker-rank56] gpulingjun033181100083:1315:5765 [0] NCCL INFO Channel 17/24 :    0   1   2   3   4   5   6   7
[worker-rank56] gpulingjun033181100083:1315:5765 [0] NCCL INFO Channel 18/24 :    0   1   2   3   4   5   6   7
[worker-rank56] gpulingjun033181100083:1315:5765 [0] NCCL INFO Channel 19/24 :    0   1   2   3   4   5   6   7
[worker-rank56] gpulingjun033181100083:1315:5765 [0] NCCL INFO Channel 20/24 :    0   1   2   3   4   5   6   7
[worker-rank56] gpulingjun033181100083:1315:5765 [0] NCCL INFO Channel 21/24 :    0   1   2   3   4   5   6   7
[worker-rank56] gpulingjun033181100083:1315:5765 [0] NCCL INFO Channel 22/24 :    0   1   2   3   4   5   6   7
[worker-rank56] gpulingjun033181100083:1315:5765 [0] NCCL INFO Channel 23/24 :    0   1   2   3   4   5   6   7
[worker-rank56] gpulingjun033181100083:1315:5765 [0] NCCL INFO Ring 00 : 7 -> 0 -> 1
[worker-rank56] gpulingjun033181100083:1315:5765 [0] NCCL INFO Ring 01 : 7 -> 0 -> 1
[worker-rank56] gpulingjun033181100083:1315:5765 [0] NCCL INFO Ring 02 : 7 -> 0 -> 1
[worker-rank56] gpulingjun033181100083:1315:5765 [0] NCCL INFO Ring 03 : 7 -> 0 -> 1
[worker-rank56] gpulingjun033181100083:1315:5765 [0] NCCL INFO Ring 04 : 7 -> 0 -> 1
[worker-rank56] gpulingjun033181100083:1315:5765 [0] NCCL INFO Ring 05 : 7 -> 0 -> 1
[worker-rank56] gpulingjun033181100083:1315:5765 [0] NCCL INFO Ring 06 : 7 -> 0 -> 1
[worker-rank56] gpulingjun033181100083:1315:5765 [0] NCCL INFO Ring 07 : 7 -> 0 -> 1
[worker-rank56] gpulingjun033181100083:1315:5765 [0] NCCL INFO Ring 08 : 7 -> 0 -> 1
[worker-rank56] gpulingjun033181100083:1315:5765 [0] NCCL INFO Ring 09 : 7 -> 0 -> 1
[worker-rank56] gpulingjun033181100083:1315:5765 [0] NCCL INFO Ring 10 : 7 -> 0 -> 1
[worker-rank56] gpulingjun033181100083:1315:5765 [0] NCCL INFO Ring 11 : 7 -> 0 -> 1
[worker-rank56] gpulingjun033181100083:1315:5765 [0] NCCL INFO Ring 12 : 7 -> 0 -> 1
[worker-rank56] gpulingjun033181100083:1315:5765 [0] NCCL INFO Ring 13 : 7 -> 0 -> 1
[worker-rank56] gpulingjun033181100083:1315:5765 [0] NCCL INFO Ring 14 : 7 -> 0 -> 1
[worker-rank56] gpulingjun033181100083:1315:5765 [0] NCCL INFO Ring 15 : 7 -> 0 -> 1
[worker-rank56] gpulingjun033181100083:1315:5765 [0] NCCL INFO Ring 16 : 7 -> 0 -> 1
[worker-rank56] gpulingjun033181100083:1315:5765 [0] NCCL INFO Ring 17 : 7 -> 0 -> 1
[worker-rank56] gpulingjun033181100083:1315:5765 [0] NCCL INFO Ring 18 : 7 -> 0 -> 1
[worker-rank56] gpulingjun033181100083:1315:5765 [0] NCCL INFO Ring 19 : 7 -> 0 -> 1
[worker-rank56] gpulingjun033181100083:1315:5765 [0] NCCL INFO Ring 20 : 7 -> 0 -> 1
[worker-rank56] gpulingjun033181100083:1315:5765 [0] NCCL INFO Ring 21 : 7 -> 0 -> 1
[worker-rank56] gpulingjun033181100083:1315:5765 [0] NCCL INFO Ring 22 : 7 -> 0 -> 1
[worker-rank56] gpulingjun033181100083:1315:5765 [0] NCCL INFO Ring 23 : 7 -> 0 -> 1
[worker-rank56] gpulingjun033181100083:1315:5765 [0] NCCL INFO Trees [0] 1/-1/-1->0->-1 [1] 1/-1/-1->0->-1 [2] 1/-1/-1->0->-1 [3] 1/-1/-1->0->-1 [4] 1/-1/-1->0->-1 [5] 1/-1/-1->0->-1 [6] 1/-1/-1->0->-1 [7] 1/-1/-1->0->-1 [8] 1/-1/-1->0->-1 [9] 1/-1/-1->0->-1 [10] 1/-1/-1->0->-1 [11] 1/-1/-1->0->-1 [12] 1/-1/-1->0->-1 [13] 1/-1/-1->0->-1 [14] 1/-1/-1->0->-1 [15] 1/-1/-1->0->-1 [16] 1/-1/-1->0->-1 [17] 1/-1/-1->0->-1 [18] 1/-1/-1->0->-1 [19] 1/-1/-1->0->-1 [20] 1/-1/-1->0->-1 [21] 1/-1/-1->0->-1 [22] 1/-1/-1->0->-1 [23] 1/-1/-1->0->-1
[worker-rank56] gpulingjun033181100083:1315:5765 [0] NCCL INFO P2P Chunksize set to 524288
[worker-rank56] gpulingjun033181100083:1315:5765 [0] NCCL INFO Channel 00/0 : 0[0] -> 1[1] via P2P/CUMEM
[worker-rank56] gpulingjun033181100083:1315:5765 [0] NCCL INFO Channel 01/0 : 0[0] -> 1[1] via P2P/CUMEM
[worker-rank56] gpulingjun033181100083:1315:5765 [0] NCCL INFO Channel 02/0 : 0[0] -> 1[1] via P2P/CUMEM
[worker-rank56] gpulingjun033181100083:1315:5765 [0] NCCL INFO Channel 03/0 : 0[0] -> 1[1] via P2P/CUMEM
[worker-rank56] gpulingjun033181100083:1315:5765 [0] NCCL INFO Channel 04/0 : 0[0] -> 1[1] via P2P/CUMEM
[worker-rank56] gpulingjun033181100083:1315:5765 [0] NCCL INFO Channel 05/0 : 0[0] -> 1[1] via P2P/CUMEM
[worker-rank56] gpulingjun033181100083:1315:5765 [0] NCCL INFO Channel 06/0 : 0[0] -> 1[1] via P2P/CUMEM
[worker-rank56] gpulingjun033181100083:1315:5765 [0] NCCL INFO Channel 07/0 : 0[0] -> 1[1] via P2P/CUMEM
[worker-rank56] gpulingjun033181100083:1315:5765 [0] NCCL INFO Channel 08/0 : 0[0] -> 1[1] via P2P/CUMEM
[worker-rank56] gpulingjun033181100083:1315:5765 [0] NCCL INFO Channel 09/0 : 0[0] -> 1[1] via P2P/CUMEM
[worker-rank56] gpulingjun033181100083:1315:5765 [0] NCCL INFO Channel 10/0 : 0[0] -> 1[1] via P2P/CUMEM
[worker-rank56] gpulingjun033181100083:1315:5765 [0] NCCL INFO Channel 11/0 : 0[0] -> 1[1] via P2P/CUMEM
[worker-rank56] gpulingjun033181100083:1315:5765 [0] NCCL INFO Channel 12/0 : 0[0] -> 1[1] via P2P/CUMEM
[worker-rank56] gpulingjun033181100083:1315:5765 [0] NCCL INFO Channel 13/0 : 0[0] -> 1[1] via P2P/CUMEM
[worker-rank56] gpulingjun033181100083:1315:5765 [0] NCCL INFO Channel 14/0 : 0[0] -> 1[1] via P2P/CUMEM
[worker-rank56] gpulingjun033181100083:1315:5765 [0] NCCL INFO Channel 15/0 : 0[0] -> 1[1] via P2P/CUMEM
[worker-rank56] gpulingjun033181100083:1315:5765 [0] NCCL INFO Channel 16/0 : 0[0] -> 1[1] via P2P/CUMEM
[worker-rank56] gpulingjun033181100083:1315:5765 [0] NCCL INFO Channel 17/0 : 0[0] -> 1[1] via P2P/CUMEM
[worker-rank56] gpulingjun033181100083:1315:5765 [0] NCCL INFO Channel 18/0 : 0[0] -> 1[1] via P2P/CUMEM
[worker-rank56] gpulingjun033181100083:1315:5765 [0] NCCL INFO Channel 19/0 : 0[0] -> 1[1] via P2P/CUMEM
[worker-rank56] gpulingjun033181100083:1315:5765 [0] NCCL INFO Channel 20/0 : 0[0] -> 1[1] via P2P/CUMEM
[worker-rank56] gpulingjun033181100083:1315:5765 [0] NCCL INFO Channel 21/0 : 0[0] -> 1[1] via P2P/CUMEM
[worker-rank56] gpulingjun033181100083:1315:5765 [0] NCCL INFO Channel 22/0 : 0[0] -> 1[1] via P2P/CUMEM
[worker-rank56] gpulingjun033181100083:1315:5765 [0] NCCL INFO Channel 23/0 : 0[0] -> 1[1] via P2P/CUMEM
[worker-rank56] gpulingjun033181100083:1315:5765 [0] NCCL INFO Connected all rings
[worker-rank56] gpulingjun033181100083:1315:5765 [0] NCCL INFO Connected all trees
[worker-rank56] gpulingjun033181100083:1315:5765 [0] NCCL INFO   Algorithm   |                            Tree                  |                            Ring                  |                   CollNetDirect                  |
[worker-rank56] gpulingjun033181100083:1315:5765 [0] NCCL INFO   Protocol    |             LL |          LL128 |         Simple |             LL |          LL128 |         Simple |             LL |          LL128 |         Simple |
[worker-rank56] gpulingjun033181100083:1315:5765 [0] NCCL INFO  Max NThreads |            512 |            640 |            512 |            512 |            640 |            512 |              0 |              0 |            640 |
[worker-rank56] gpulingjun033181100083:1315:5765 [0] NCCL INFO     Broadcast |     0.0/   0.0 |     0.0/   0.0 |     0.0/   0.0 |     7.2/ 141.0 |    15.9/ 331.2 |    11.8/ 360.0 |     0.0/   0.0 |     0.0/   0.0 |     0.0/   0.0 |
[worker-rank56] gpulingjun033181100083:1315:5765 [0] NCCL INFO        Reduce |     0.0/   0.0 |     0.0/   0.0 |     0.0/   0.0 |     7.2/ 141.0 |    15.9/ 331.2 |    11.8/ 360.0 |     0.0/   0.0 |     0.0/   0.0 |     0.0/   0.0 |
[worker-rank56] gpulingjun033181100083:1315:5765 [0] NCCL INFO     AllGather |     0.0/   0.0 |     0.0/   0.0 |     0.0/   0.0 |    10.8/ 161.1 |    27.3/ 378.5 |    32.2/ 411.4 |     5.6/   0.0 |     5.6/   0.0 |    44.0/   0.0 |
[worker-rank56] gpulingjun033181100083:1315:5765 [0] NCCL INFO ReduceScatter |     0.0/   0.0 |     0.0/   0.0 |     0.0/   0.0 |    10.8/ 161.1 |    27.3/ 378.5 |    32.2/ 411.4 |     5.6/   0.0 |     5.6/   0.0 |    44.0/   0.0 |
[worker-rank56] gpulingjun033181100083:1315:5765 [0] NCCL INFO     AllReduce |    15.2/  43.6 |    31.5/ 128.8 |   392.0/ 165.6 |    15.0/  80.6 |    40.6/ 189.3 |    56.0/ 205.7 |     5.6/   0.0 |     5.6/   0.0 |    44.0/   0.0 |
[worker-rank56] gpulingjun033181100083:1315:5765 [0] NCCL INFO   Algorithm   |                    CollNetChain                  |                            NVLS                  |                        NVLSTree                  |
[worker-rank56] gpulingjun033181100083:1315:5765 [0] NCCL INFO   Protocol    |             LL |          LL128 |         Simple |             LL |          LL128 |         Simple |             LL |          LL128 |         Simple |
[worker-rank56] gpulingjun033181100083:1315:5765 [0] NCCL INFO  Max NThreads |              0 |              0 |            640 |              0 |              0 |            640 |              0 |              0 |            640 |
[worker-rank56] gpulingjun033181100083:1315:5765 [0] NCCL INFO     Broadcast |     0.0/   0.0 |     0.0/   0.0 |     0.0/   0.0 |     0.0/   0.0 |     0.0/   0.0 |     0.0/   0.0 |     0.0/   0.0 |     0.0/   0.0 |     0.0/   0.0 |
[worker-rank56] gpulingjun033181100083:1315:5765 [0] NCCL INFO        Reduce |     0.0/   0.0 |     0.0/   0.0 |     0.0/   0.0 |     0.0/   0.0 |     0.0/   0.0 |     0.0/   0.0 |     0.0/   0.0 |     0.0/   0.0 |     0.0/   0.0 |
[worker-rank56] gpulingjun033181100083:1315:5765 [0] NCCL INFO     AllGather |     0.0/   0.0 |     0.0/   0.0 |     0.0/   0.0 |     0.0/   0.0 |     0.0/   0.0 |     0.0/   0.0 |     0.0/   0.0 |     0.0/   0.0 |     0.0/   0.0 |
[worker-rank56] gpulingjun033181100083:1315:5765 [0] NCCL INFO ReduceScatter |     0.0/   0.0 |     0.0/   0.0 |     0.0/   0.0 |     0.0/   0.0 |     0.0/   0.0 |     0.0/   0.0 |     0.0/   0.0 |     0.0/   0.0 |     0.0/   0.0 |
[worker-rank56] gpulingjun033181100083:1315:5765 [0] NCCL INFO     AllReduce |     0.0/   0.0 |     0.0/   0.0 |    69.2/   0.0 |     0.0/   0.0 |     0.0/   0.0 |     0.0/   0.0 |     0.0/   0.0 |     0.0/   0.0 |     0.0/   0.0 |
[worker-rank56] gpulingjun033181100083:1315:5765 [0] NCCL INFO threadThresholds 8/8/64 | 64/8/64 | 512 | 512
[worker-rank56] gpulingjun033181100083:1315:5765 [0] NCCL INFO 24 coll channels, 24 collnet channels, 0 nvls channels, 32 p2p channels, 32 p2p channels per peer
[worker-rank56] gpulingjun033181100083:1315:5765 [0] NCCL INFO ncclCommInitRank comm 0x43c45f50 rank 0 nranks 8 cudaDev 0 nvmlDev 0 busId 8000 commId 0x6b14c264e36d0348 - Init COMPLETE
[worker-rank56] gpulingjun033181100083:1315:1315 [0] NCCL INFO 8 Bytes -> Algo 1 proto 0 time 7.200057
[worker-rank56] gpulingjun033181100083:1315:1315 [0] NCCL INFO 1 Bytes -> Algo 1 proto 0 time 15.000012
[worker-rank56] gpulingjun033181100083:1315:1315 [0] NCCL INFO 4 Bytes -> Algo 1 proto 0 time 15.000050
[worker-rank56] gpulingjun033181100083:1315:1315 [0] NCCL INFO 4 Bytes -> Algo 1 proto 0 time 15.000050
[worker-rank56] gpulingjun033181100083:1315:1315 [0] NCCL INFO 4 Bytes -> Algo 1 proto 0 time 15.000050
[worker-rank56] gpulingjun033181100083:1315:1315 [0] NCCL INFO 4 Bytes -> Algo 1 proto 0 time 15.000050
[worker-rank56] gpulingjun033181100083:1315:1315 [0] NCCL INFO 8 Bytes -> Algo 1 proto 0 time 7.200057
[worker-rank56] gpulingjun033181100083:1315:1315 [0] NCCL INFO 1 Bytes -> Algo 1 proto 0 time 15.000012
[worker-rank56] gpulingjun033181100083:1315:1315 [0] NCCL INFO 4 Bytes -> Algo 1 proto 0 time 15.000050
[worker-rank56] gpulingjun033181100083:1315:1315 [0] NCCL INFO 4 Bytes -> Algo 1 proto 0 time 15.000050
[worker-rank56] gpulingjun033181100083:1315:1315 [0] NCCL INFO 4 Bytes -> Algo 1 proto 0 time 15.000050
[worker-rank56] gpulingjun033181100083:1315:1315 [0] NCCL INFO 4 Bytes -> Algo 1 proto 0 time 15.000050
[worker-rank56] gpulingjun033181100083:1315:1315 [0] NCCL INFO 8 Bytes -> Algo 1 proto 0 time 7.200057
[worker-rank56] gpulingjun033181100083:1315:1315 [0] NCCL INFO 1 Bytes -> Algo 1 proto 0 time 15.000012
[worker-rank56] gpulingjun033181100083:1315:1315 [0] NCCL INFO 4 Bytes -> Algo 1 proto 0 time 15.000050
[worker-rank56] gpulingjun033181100083:1315:1315 [0] NCCL INFO 4 Bytes -> Algo 1 proto 0 time 15.000050
[worker-rank56] gpulingjun033181100083:1315:1315 [0] NCCL INFO 4 Bytes -> Algo 1 proto 0 time 15.000050
[worker-rank56] gpulingjun033181100083:1315:1315 [0] NCCL INFO 4 Bytes -> Algo 1 proto 0 time 15.000050
[worker-rank56] gpulingjun033181100083:1315:1315 [0] NCCL INFO 8 Bytes -> Algo 1 proto 0 time 7.200057
[worker-rank56] gpulingjun033181100083:1315:1315 [0] NCCL INFO 1 Bytes -> Algo 1 proto 0 time 15.000012
[worker-rank56] gpulingjun033181100083:1315:1315 [0] NCCL INFO 4 Bytes -> Algo 1 proto 0 time 15.000050
[worker-rank56] gpulingjun033181100083:1315:1315 [0] NCCL INFO 4 Bytes -> Algo 1 proto 0 time 15.000050
[worker-rank56] gpulingjun033181100083:1315:1315 [0] NCCL INFO 4 Bytes -> Algo 1 proto 0 time 15.000050
[worker-rank56] gpulingjun033181100083:1315:1315 [0] NCCL INFO 4 Bytes -> Algo 1 proto 0 time 15.000050
[worker-rank56] gpulingjun033181100083:1315:1315 [0] NCCL INFO 8 Bytes -> Algo 1 proto 0 time 7.200057
[worker-rank56] gpulingjun033181100083:1315:1315 [0] NCCL INFO 1 Bytes -> Algo 1 proto 0 time 15.000012
[worker-rank56] gpulingjun033181100083:1315:1315 [0] NCCL INFO 4 Bytes -> Algo 1 proto 0 time 15.000050
[worker-rank56] gpulingjun033181100083:1315:1315 [0] NCCL INFO 4 Bytes -> Algo 1 proto 0 time 15.000050
[worker-rank56] gpulingjun033181100083:1315:1315 [0] NCCL INFO 4 Bytes -> Algo 1 proto 0 time 15.000050
[worker-rank56] gpulingjun033181100083:1315:1315 [0] NCCL INFO 4 Bytes -> Algo 1 proto 0 time 15.000050
[worker-rank56] gpulingjun033181100083:1315:1315 [0] NCCL INFO 8 Bytes -> Algo 1 proto 0 time 7.200057
[worker-rank56] gpulingjun033181100083:1315:1315 [0] NCCL INFO 1 Bytes -> Algo 1 proto 0 time 15.000012
[worker-rank56] gpulingjun033181100083:1315:1315 [0] NCCL INFO 4 Bytes -> Algo 1 proto 0 time 15.000050
[worker-rank56] gpulingjun033181100083:1315:1315 [0] NCCL INFO 4 Bytes -> Algo 1 proto 0 time 15.000050
[worker-rank56] gpulingjun033181100083:1315:1315 [0] NCCL INFO 4 Bytes -> Algo 1 proto 0 time 15.000050
[worker-rank56] gpulingjun033181100083:1315:1315 [0] NCCL INFO 4 Bytes -> Algo 1 proto 0 time 15.000050
[worker-rank56] gpulingjun033181100083:1315:1315 [0] NCCL INFO 8 Bytes -> Algo 1 proto 0 time 7.200057
[worker-rank56] gpulingjun033181100083:1315:1315 [0] NCCL INFO 1 Bytes -> Algo 1 proto 0 time 15.000012
[worker-rank56] gpulingjun033181100083:1315:1315 [0] NCCL INFO 4 Bytes -> Algo 1 proto 0 time 15.000050
[worker-rank56] gpulingjun033181100083:1315:1315 [0] NCCL INFO 4 Bytes -> Algo 1 proto 0 time 15.000050
[worker-rank56] gpulingjun033181100083:1315:1315 [0] NCCL INFO 4 Bytes -> Algo 1 proto 0 time 15.000050
[worker-rank56] gpulingjun033181100083:1315:1315 [0] NCCL INFO 4 Bytes -> Algo 1 proto 0 time 15.000050
[worker-rank56] gpulingjun033181100083:1315:1315 [0] NCCL INFO 8 Bytes -> Algo 1 proto 0 time 7.200057
[worker-rank56] gpulingjun033181100083:1315:1315 [0] NCCL INFO 1 Bytes -> Algo 1 proto 0 time 15.000012
[worker-rank56] gpulingjun033181100083:1315:1315 [0] NCCL INFO 4 Bytes -> Algo 1 proto 0 time 15.000050
[worker-rank56] gpulingjun033181100083:1315:1315 [0] NCCL INFO 4 Bytes -> Algo 1 proto 0 time 15.000050
[worker-rank56] gpulingjun033181100083:1315:1315 [0] NCCL INFO 4 Bytes -> Algo 1 proto 0 time 15.000050
[worker-rank56] gpulingjun033181100083:1315:1315 [0] NCCL INFO 4 Bytes -> Algo 1 proto 0 time 15.000050
[worker-rank56] gpulingjun033181100083:1315:1315 [0] NCCL INFO 8 Bytes -> Algo 1 proto 0 time 7.200057
[worker-rank56] gpulingjun033181100083:1315:1315 [0] NCCL INFO 1 Bytes -> Algo 1 proto 0 time 15.000012
[worker-rank56] gpulingjun033181100083:1315:1315 [0] NCCL INFO 4 Bytes -> Algo 1 proto 0 time 15.000050
[worker-rank56] gpulingjun033181100083:1315:1315 [0] NCCL INFO 4 Bytes -> Algo 1 proto 0 time 15.000050
[worker-rank56] gpulingjun033181100083:1315:1315 [0] NCCL INFO 4 Bytes -> Algo 1 proto 0 time 15.000050
[worker-rank56] gpulingjun033181100083:1315:1315 [0] NCCL INFO 4 Bytes -> Algo 1 proto 0 time 15.000050
[worker-rank56] gpulingjun033181100083:1315:1315 [0] NCCL INFO 8 Bytes -> Algo 1 proto 0 time 7.200057
[worker-rank56] gpulingjun033181100083:1315:1315 [0] NCCL INFO 1 Bytes -> Algo 1 proto 0 time 15.000012
[worker-rank56] gpulingjun033181100083:1315:1315 [0] NCCL INFO 4 Bytes -> Algo 1 proto 0 time 15.000050
[worker-rank56] gpulingjun033181100083:1315:1315 [0] NCCL INFO 4 Bytes -> Algo 1 proto 0 time 15.000050
[worker-rank56] gpulingjun033181100083:1315:1315 [0] NCCL INFO 4 Bytes -> Algo 1 proto 0 time 15.000050
[worker-rank56] gpulingjun033181100083:1315:1315 [0] NCCL INFO 4 Bytes -> Algo 1 proto 0 time 15.000050
[worker-rank56] gpulingjun033181100083:1315:1315 [0] NCCL INFO 8 Bytes -> Algo 1 proto 0 time 7.200057
[worker-rank56] gpulingjun033181100083:1315:1315 [0] NCCL INFO 1 Bytes -> Algo 1 proto 0 time 15.000012
[worker-rank56] gpulingjun033181100083:1315:1315 [0] NCCL INFO 4 Bytes -> Algo 1 proto 0 time 15.000050
[worker-rank56] gpulingjun033181100083:1315:1315 [0] NCCL INFO 4 Bytes -> Algo 1 proto 0 time 15.000050
[worker-rank56] gpulingjun033181100083:1315:1315 [0] NCCL INFO 4 Bytes -> Algo 1 proto 0 time 15.000050
[worker-rank56] gpulingjun033181100083:1315:1315 [0] NCCL INFO 4 Bytes -> Algo 1 proto 0 time 15.000050
[worker-rank56] gpulingjun033181100083:1315:1315 [0] NCCL INFO 8 Bytes -> Algo 1 proto 0 time 7.200057
[worker-rank56] gpulingjun033181100083:1315:1315 [0] NCCL INFO 1 Bytes -> Algo 1 proto 0 time 15.000012
[worker-rank56] gpulingjun033181100083:1315:1315 [0] NCCL INFO 4 Bytes -> Algo 1 proto 0 time 15.000050
[worker-rank56] gpulingjun033181100083:1315:1315 [0] NCCL INFO 4 Bytes -> Algo 1 proto 0 time 15.000050
[worker-rank56] gpulingjun033181100083:1315:1315 [0] NCCL INFO 4 Bytes -> Algo 1 proto 0 time 15.000050
[worker-rank56] gpulingjun033181100083:1315:1315 [0] NCCL INFO 4 Bytes -> Algo 1 proto 0 time 15.000050
[worker-rank56] gpulingjun033181100083:1315:1315 [0] NCCL INFO 8 Bytes -> Algo 1 proto 0 time 7.200057
[worker-rank56] gpulingjun033181100083:1315:1315 [0] NCCL INFO 1 Bytes -> Algo 1 proto 0 time 15.000012
[worker-rank56] gpulingjun033181100083:1315:1315 [0] NCCL INFO 4 Bytes -> Algo 1 proto 0 time 15.000050
[worker-rank56] gpulingjun033181100083:1315:1315 [0] NCCL INFO 4 Bytes -> Algo 1 proto 0 time 15.000050
[worker-rank56] gpulingjun033181100083:1315:1315 [0] NCCL INFO 4 Bytes -> Algo 1 proto 0 time 15.000050
[worker-rank56] gpulingjun033181100083:1315:1315 [0] NCCL INFO 4 Bytes -> Algo 1 proto 0 time 15.000050
[worker-rank56] gpulingjun033181100083:1315:1315 [0] NCCL INFO 8 Bytes -> Algo 1 proto 0 time 7.200057
[worker-rank56] gpulingjun033181100083:1315:1315 [0] NCCL INFO 1 Bytes -> Algo 1 proto 0 time 15.000012
[worker-rank56] gpulingjun033181100083:1315:1315 [0] NCCL INFO 4 Bytes -> Algo 1 proto 0 time 15.000050
[worker-rank56] gpulingjun033181100083:1315:1315 [0] NCCL INFO 4 Bytes -> Algo 1 proto 0 time 15.000050
[worker-rank56] gpulingjun033181100083:1315:1315 [0] NCCL INFO 4 Bytes -> Algo 1 proto 0 time 15.000050
[worker-rank56] gpulingjun033181100083:1315:1315 [0] NCCL INFO 4 Bytes -> Algo 1 proto 0 time 15.000050
[worker-rank56] gpulingjun033181100083:1315:1315 [0] NCCL INFO 8 Bytes -> Algo 1 proto 0 time 7.200057
[worker-rank56] gpulingjun033181100083:1315:1315 [0] NCCL INFO 1 Bytes -> Algo 1 proto 0 time 15.000012
[worker-rank56] gpulingjun033181100083:1315:1315 [0] NCCL INFO 4 Bytes -> Algo 1 proto 0 time 15.000050
[worker-rank56] gpulingjun033181100083:1315:1315 [0] NCCL INFO 4 Bytes -> Algo 1 proto 0 time 15.000050
[worker-rank56] gpulingjun033181100083:1315:1315 [0] NCCL INFO 4 Bytes -> Algo 1 proto 0 time 15.000050
[worker-rank56] gpulingjun033181100083:1315:1315 [0] NCCL INFO 4 Bytes -> Algo 1 proto 0 time 15.000050
[worker-rank56] gpulingjun033181100083:1315:1315 [0] NCCL INFO 8 Bytes -> Algo 1 proto 0 time 7.200057
[worker-rank56] gpulingjun033181100083:1315:1315 [0] NCCL INFO 1 Bytes -> Algo 1 proto 0 time 15.000012
[worker-rank56] gpulingjun033181100083:1315:1315 [0] NCCL INFO 4 Bytes -> Algo 1 proto 0 time 15.000050
[worker-rank56] gpulingjun033181100083:1315:1315 [0] NCCL INFO 4 Bytes -> Algo 1 proto 0 time 15.000050
[worker-rank56] gpulingjun033181100083:1315:1315 [0] NCCL INFO 4 Bytes -> Algo 1 proto 0 time 15.000050
[worker-rank56] gpulingjun033181100083:1315:1315 [0] NCCL INFO 4 Bytes -> Algo 1 proto 0 time 15.000050
[worker-rank56] gpulingjun033181100083:1315:1315 [0] NCCL INFO 8 Bytes -> Algo 1 proto 0 time 7.200057
2026-07-27 19:09:47,084 WARNING __main__: starting worker physical_node=7 logical_node=7 epoch=1 local_world_size=8 master=33.215.193.88:20116 rank_logs=/mnt/ais-c1/dataset/zds/731hotspare/deepspeed_real/hotspare123-ds-001/hot_swap_pp8_ep8/state/rank_logs/epoch_1/node_7
[worker-rank56] [deepspeed-real][2026-07-27 19:10:08][rank=56] initializing case=hot_swap_pp8_ep8 world=64 PP=8 EP=8 ZeRO=1 recovery_epoch=1 grouped_mm=False
[worker-rank56] [deepspeed-real][2026-07-27 19:10:08][rank=56] MODEL_BUILD_START
[worker-rank56] [deepspeed-real][2026-07-27 19:11:48][rank=56] MODEL_BUILD_DONE
[worker-rank56] [deepspeed-real][2026-07-27 19:11:48][rank=56] memory label=model-built-before-autoep allocated_gib=7.54 reserved_gib=7.56
[worker-rank56] [deepspeed-real][2026-07-27 19:11:48][rank=56] DEEPSPEED_ENGINE_INIT_START
[worker-rank56] [2026-07-27 19:11:48,628] [WARNING] [auto_ep_config.py:257:validate_autoep_config] Custom preset fields ['moe_layer_pattern'] are set alongside preset_model='qwen3_moe'. Custom fields will override preset defaults during detection.
[worker-rank56] [2026-07-27 19:11:48,653] [INFO] [auto_ep.py:553:replace_moe_layers] AutoEP: replaced '1.mlp' with AutoEPMoELayer (ep_size=8, ep_rank=7, local_experts=16)
[worker-rank56] [2026-07-27 19:11:48,655] [INFO] [auto_ep.py:553:replace_moe_layers] AutoEP: replaced '2.mlp' with AutoEPMoELayer (ep_size=8, ep_rank=7, local_experts=16)
[worker-rank56] [2026-07-27 19:11:48,660] [INFO] [auto_ep.py:553:replace_moe_layers] AutoEP: replaced '3.mlp' with AutoEPMoELayer (ep_size=8, ep_rank=7, local_experts=16)
[worker-rank56] [2026-07-27 19:11:48,663] [INFO] [auto_ep.py:553:replace_moe_layers] AutoEP: replaced '4.mlp' with AutoEPMoELayer (ep_size=8, ep_rank=7, local_experts=16)
[worker-rank56] [2026-07-27 19:11:48,665] [INFO] [auto_ep.py:553:replace_moe_layers] AutoEP: replaced '5.mlp' with AutoEPMoELayer (ep_size=8, ep_rank=7, local_experts=16)
[worker-rank56] [2026-07-27 19:11:48,668] [INFO] [auto_ep.py:553:replace_moe_layers] AutoEP: replaced '6.mlp' with AutoEPMoELayer (ep_size=8, ep_rank=7, local_experts=16)
[worker-rank56] [2026-07-27 19:11:48,668] [INFO] [engine.py:623:_configure_expert_parallel] AutoEP: replaced 6 MoE layer(s) with ep_size=8
[worker-rank56] gpulingjun033181100083:6452:6452 [0] NCCL INFO cudaDriverVersion 12080
[worker-rank56] gpulingjun033181100083:6452:6452 [0] NCCL INFO Bootstrap : Using bond0:200.4.232.10<0>
[worker-rank56] gpulingjun033181100083:6452:6452 [0] NCCL INFO NET/Plugin: No plugin found ('')
[worker-rank56] gpulingjun033181100083:6452:6452 [0] NCCL INFO NET/Plugin: No plugin found (libnccl-net-''.so)
[worker-rank56] gpulingjun033181100083:6452:6452 [0] NCCL INFO NET/Plugin: Plugin load returned 2 : libnccl-net-''.so: cannot open shared object file: No such file or directory : when loading ''
[worker-rank56] gpulingjun033181100083:6452:6452 [0] NCCL INFO NET/Plugin: Using internal network plugin.
[worker-rank56] gpulingjun033181100083:6452:10589 [0] NCCL INFO NET/IB : Using [0]mlx5_bond_0:1/RoCE [1]mlx5_bond_1:1/RoCE [2]mlx5_bond_2:1/RoCE [3]mlx5_bond_3:1/RoCE [RO]; OOB bond0:200.4.232.10<0>
[worker-rank56] gpulingjun033181100083:6452:10589 [0] NCCL INFO Using non-device net plugin version 0
[worker-rank56] gpulingjun033181100083:6452:10589 [0] NCCL INFO Using network IB
[worker-rank56] gpulingjun033181100083:6452:10589 [0] NCCL INFO DMA-BUF is available on GPU device 0
[worker-rank56] gpulingjun033181100083:6452:10589 [0] NCCL INFO ncclCommInitRank comm 0xca047b0 rank 7 nranks 8 cudaDev 0 nvmlDev 0 busId 8000 commId 0x93e0620b9a797e38 - Init START
[worker-rank56] gpulingjun033181100083:6452:10589 [0] NCCL INFO MNNVL busId 0x8000 fabric UUID 0.0 cliqueId 0x0 state 3 healthMask 0x0
[worker-rank56] gpulingjun033181100083:6452:10589 [0] NCCL INFO Loading topology file /var/run/nvidia-topologyd/virtualTopology.xml
[worker-rank56] gpulingjun033181100083:6452:10589 [0] NCCL INFO Loading unnamed topology
[worker-rank56] gpulingjun033181100083:6452:10589 [0] NCCL INFO === System : maxBw 25.0 totalBw 370.8 ===
[worker-rank56] gpulingjun033181100083:6452:10589 [0] NCCL INFO CPU/0-0 (1/1/2)
[worker-rank56] gpulingjun033181100083:6452:10589 [0] NCCL INFO + PCI[48.0] - PCI/0-6000 (1000c0301000100b)
[worker-rank56] gpulingjun033181100083:6452:10589 [0] NCCL INFO               + PCI[48.0] - PCI/0-6000 (1000c0301000100b)
[worker-rank56] gpulingjun033181100083:6452:10589 [0] NCCL INFO                             + PCI[48.0] - GPU/0-8000 (7)
[worker-rank56] gpulingjun033181100083:6452:10589 [0] NCCL INFO                                           + NVL[370.8] - NVS/0
[worker-rank56] gpulingjun033181100083:6452:10589 [0] NCCL INFO               + PCI[48.0] - PCI/0-7c000 (1000c0301000100b)
[worker-rank56] gpulingjun033181100083:6452:10589 [0] NCCL INFO                             + PCI[48.0] - NIC/0-7f000
[worker-rank56] gpulingjun033181100083:6452:10589 [0] NCCL INFO                                           + NET[25.0] - NET/0 (d05f0f0003f32538/1/25.000000)
[worker-rank56] gpulingjun033181100083:6452:10589 [0] NCCL INFO + PCI[48.0] - PCI/0-a0000 (1000c0301000100b)
[worker-rank56] gpulingjun033181100083:6452:10589 [0] NCCL INFO               + PCI[48.0] - PCI/0-c4000 (1000c0301000100b)
[worker-rank56] gpulingjun033181100083:6452:10589 [0] NCCL INFO                             + PCI[48.0] - NIC/0-c7000
[worker-rank56] gpulingjun033181100083:6452:10589 [0] NCCL INFO                                           + NET[25.0] - NET/1 (5ed6150003f32538/1/25.000000)
[worker-rank56] gpulingjun033181100083:6452:10589 [0] NCCL INFO + SYS[10.0] - CPU/1
[worker-rank56] gpulingjun033181100083:6452:10589 [0] NCCL INFO CPU/0-1 (1/1/2)
[worker-rank56] gpulingjun033181100083:6452:10589 [0] NCCL INFO + PCI[48.0] - PCI/0-106000 (1000c0301000100b)
[worker-rank56] gpulingjun033181100083:6452:10589 [0] NCCL INFO               + PCI[48.0] - PCI/0-106000 (1000c0301000100b)
[worker-rank56] gpulingjun033181100083:6452:10589 [0] NCCL INFO                             + PCI[48.0] - NIC/0-108000
[worker-rank56] gpulingjun033181100083:6452:10589 [0] NCCL INFO                                           + NET[25.0] - NET/2 (ea0150003f32538/1/25.000000)
[worker-rank56] gpulingjun033181100083:6452:10589 [0] NCCL INFO + PCI[48.0] - PCI/0-1a0000 (1000c0301000100b)
[worker-rank56] gpulingjun033181100083:6452:10589 [0] NCCL INFO               + PCI[48.0] - PCI/0-1a0000 (1000c0301000100b)
[worker-rank56] gpulingjun033181100083:6452:10589 [0] NCCL INFO                             + PCI[48.0] - NIC/0-1a2000
[worker-rank56] gpulingjun033181100083:6452:10589 [0] NCCL INFO                                           + NET[25.0] - NET/3 (f2b80f0003f32538/1/25.000000)
[worker-rank56] gpulingjun033181100083:6452:10589 [0] NCCL INFO + SYS[10.0] - CPU/0
[worker-rank56] gpulingjun033181100083:6452:10589 [0] NCCL INFO ==========================================
[worker-rank56] gpulingjun033181100083:6452:10589 [0] NCCL INFO GPU/8000 :GPU/0-8000 (0/5000.0/LOC) NVS/0-0 (1/370.8/NVL) CPU/0-0 (3/48.0/PHB) CPU/0-1 (4/10.0/SYS) NET/0-0 (5/25.0/PXB) NET/0-1 (7/25.0/PHB) NET/0-2 (8/10.0/SYS) NET/0-3 (8/10.0/SYS) 
[worker-rank56] gpulingjun033181100083:6452:10589 [0] NCCL INFO NET/0 :GPU/0-8000 (5/25.0/PXB) CPU/0-0 (4/25.0/PHB) CPU/0-1 (5/10.0/SYS) NET/0-0 (0/5000.0/LOC) NET/0-1 (8/25.0/PHB) NET/0-2 (9/10.0/SYS) NET/0-3 (9/10.0/SYS) 
[worker-rank56] gpulingjun033181100083:6452:10589 [0] NCCL INFO NET/1 :GPU/0-8000 (7/25.0/PHB) CPU/0-0 (4/25.0/PHB) CPU/0-1 (5/10.0/SYS) NET/0-0 (8/25.0/PHB) NET/0-1 (0/5000.0/LOC) NET/0-2 (9/10.0/SYS) NET/0-3 (9/10.0/SYS) 
[worker-rank56] gpulingjun033181100083:6452:10589 [0] NCCL INFO NET/2 :GPU/0-8000 (8/10.0/SYS) CPU/0-0 (5/10.0/SYS) CPU/0-1 (4/25.0/PHB) NET/0-0 (9/10.0/SYS) NET/0-1 (9/10.0/SYS) NET/0-2 (0/5000.0/LOC) NET/0-3 (8/25.0/PHB) 
[worker-rank56] gpulingjun033181100083:6452:10589 [0] NCCL INFO NET/3 :GPU/0-8000 (8/10.0/SYS) CPU/0-0 (5/10.0/SYS) CPU/0-1 (4/25.0/PHB) NET/0-0 (9/10.0/SYS) NET/0-1 (9/10.0/SYS) NET/0-2 (8/25.0/PHB) NET/0-3 (0/5000.0/LOC) 
[worker-rank56] gpulingjun033181100083:6452:10589 [0] NCCL INFO Setting affinity for GPU 0 to ffff,ffffffff,00000000,0000ffff,ffffffff
[worker-rank56] gpulingjun033181100083:6452:10589 [0] NCCL INFO Pattern 4, crossNic 0, nChannels 1, bw 24.000000/24.000000, type LOC/PXB, sameChannels 1
[worker-rank56] gpulingjun033181100083:6452:10589 [0] NCCL INFO  0 : NET/0 GPU/7 NET/0
[worker-rank56] gpulingjun033181100083:6452:10589 [0] NCCL INFO Pattern 3, crossNic 0, nChannels 1, bw 48.000000/24.000000, type LOC/PXB, sameChannels 1
[worker-rank56] gpulingjun033181100083:6452:10589 [0] NCCL INFO  0 : NET/0 GPU/7 NET/0
[worker-rank56] gpulingjun033181100083:6452:10589 [0] NCCL INFO comm 0xca047b0 rank 7 nRanks 8 nNodes 8 localRanks 1 localRank 0 MNNVL 0
[worker-rank56] gpulingjun033181100083:6452:10589 [0] NCCL INFO Tree 0 : 6 -> 7 -> -1/-1/-1
[worker-rank56] gpulingjun033181100083:6452:10589 [0] NCCL INFO Tree 1 : -1 -> 7 -> 3/-1/-1
[worker-rank56] gpulingjun033181100083:6452:10589 [0] NCCL INFO Ring 00 : 6 -> 7 -> 0
[worker-rank56] gpulingjun033181100083:6452:10589 [0] NCCL INFO Ring 01 : 6 -> 7 -> 0
[worker-rank56] gpulingjun033181100083:6452:10589 [0] NCCL INFO Trees [0] -1/-1/-1->7->6 [1] 3/-1/-1->7->-1
[worker-rank56] gpulingjun033181100083:6452:10589 [0] NCCL INFO P2P Chunksize set to 131072
[worker-rank56] gpulingjun033181100083:6452:10589 [0] NCCL INFO Channel 00/0 : 6[0] -> 7[0] [receive] via NET/IB/0/GDRDMA
[worker-rank56] gpulingjun033181100083:6452:10589 [0] NCCL INFO Channel 01/0 : 6[0] -> 7[0] [receive] via NET/IB/0/GDRDMA
[worker-rank56] gpulingjun033181100083:6452:10589 [0] NCCL INFO Channel 00/0 : 7[0] -> 0[0] [send] via NET/IB/0/GDRDMA
[worker-rank56] gpulingjun033181100083:6452:10589 [0] NCCL INFO Channel 01/0 : 7[0] -> 0[0] [send] via NET/IB/0/GDRDMA
[worker-rank56] gpulingjun033181100083:6452:10589 [0] NCCL INFO Connected all rings
[worker-rank56] gpulingjun033181100083:6452:10589 [0] NCCL INFO Channel 01/0 : 3[0] -> 7[0] [receive] via NET/IB/0/GDRDMA
[worker-rank56] gpulingjun033181100083:6452:10589 [0] NCCL INFO Channel 01/0 : 7[0] -> 3[0] [send] via NET/IB/0/GDRDMA
[worker-rank56] gpulingjun033181100083:6452:10589 [0] NCCL INFO Channel 00/0 : 7[0] -> 6[0] [send] via NET/IB/0/GDRDMA
[worker-rank56] gpulingjun033181100083:6452:10589 [0] NCCL INFO Connected all trees
[worker-rank56] gpulingjun033181100083:6452:10589 [0] NCCL INFO threadThresholds 8/8/64 | 64/8/64 | 512 | 512
[worker-rank56] gpulingjun033181100083:6452:10589 [0] NCCL INFO 2 coll channels, 2 collnet channels, 0 nvls channels, 2 p2p channels, 1 p2p channels per peer
[worker-rank56] gpulingjun033181100083:6452:10589 [0] NCCL INFO TUNER/Plugin: Most recent plugin load returned 11 : libnccl-net-''.so: cannot open shared object file: No such file or directory. All attempts to load 'libnccl-tuner.so ''' also failed.
[worker-rank56] gpulingjun033181100083:6452:10589 [0] NCCL INFO TUNER/Plugin: Using internal tuner plugin.
[worker-rank56] gpulingjun033181100083:6452:10589 [0] NCCL INFO ncclCommInitRank comm 0xca047b0 rank 7 nranks 8 cudaDev 0 nvmlDev 0 busId 8000 commId 0x93e0620b9a797e38 - Init COMPLETE
[worker-rank56] NCCL version 2.21.5+cuda12.4
[worker-rank56] gpulingjun033181100083:6452:10598 [0] NCCL INFO Using non-device net plugin version 0
[worker-rank56] gpulingjun033181100083:6452:10598 [0] NCCL INFO Using network IB
[worker-rank56] gpulingjun033181100083:6452:10598 [0] NCCL INFO DMA-BUF is available on GPU device 0
[worker-rank56] gpulingjun033181100083:6452:10598 [0] NCCL INFO ncclCommInitRank comm 0xb7cf2d0 rank 0 nranks 1 cudaDev 0 nvmlDev 0 busId 8000 commId 0x9ff0b23d6bd6f522 - Init START
[worker-rank56] gpulingjun033181100083:6452:10598 [0] NCCL INFO MNNVL busId 0x8000 fabric UUID 0.0 cliqueId 0x0 state 3 healthMask 0x0
[worker-rank56] gpulingjun033181100083:6452:10598 [0] NCCL INFO Loading topology file /var/run/nvidia-topologyd/virtualTopology.xml
[worker-rank56] gpulingjun033181100083:6452:10598 [0] NCCL INFO Loading unnamed topology
[worker-rank56] gpulingjun033181100083:6452:10598 [0] NCCL INFO === System : maxBw 5000.0 totalBw 5000.0 ===
[worker-rank56] gpulingjun033181100083:6452:10598 [0] NCCL INFO CPU/0-0 (1/1/2)
[worker-rank56] gpulingjun033181100083:6452:10598 [0] NCCL INFO + PCI[48.0] - PCI/0-6000 (1000c0301000100b)
[worker-rank56] gpulingjun033181100083:6452:10598 [0] NCCL INFO               + PCI[48.0] - PCI/0-6000 (1000c0301000100b)
[worker-rank56] gpulingjun033181100083:6452:10598 [0] NCCL INFO                             + PCI[48.0] - GPU/0-8000 (0)
[worker-rank56] gpulingjun033181100083:6452:10598 [0] NCCL INFO                                           + NVL[370.8] - NVS/0
[worker-rank56] gpulingjun033181100083:6452:10598 [0] NCCL INFO               + PCI[48.0] - PCI/0-7c000 (1000c0301000100b)
[worker-rank56] gpulingjun033181100083:6452:10598 [0] NCCL INFO                             + PCI[48.0] - NIC/0-7f000
[worker-rank56] gpulingjun033181100083:6452:10598 [0] NCCL INFO + PCI[48.0] - PCI/0-a0000 (1000c0301000100b)
[worker-rank56] gpulingjun033181100083:6452:10598 [0] NCCL INFO               + PCI[48.0] - PCI/0-c4000 (1000c0301000100b)
[worker-rank56] gpulingjun033181100083:6452:10598 [0] NCCL INFO                             + PCI[48.0] - NIC/0-c7000
[worker-rank56] gpulingjun033181100083:6452:10598 [0] NCCL INFO + SYS[10.0] - CPU/1
[worker-rank56] gpulingjun033181100083:6452:10598 [0] NCCL INFO CPU/0-1 (1/1/2)
[worker-rank56] gpulingjun033181100083:6452:10598 [0] NCCL INFO + PCI[48.0] - PCI/0-106000 (1000c0301000100b)
[worker-rank56] gpulingjun033181100083:6452:10598 [0] NCCL INFO               + PCI[48.0] - PCI/0-106000 (1000c0301000100b)
[worker-rank56] gpulingjun033181100083:6452:10598 [0] NCCL INFO                             + PCI[48.0] - NIC/0-108000
[worker-rank56] gpulingjun033181100083:6452:10598 [0] NCCL INFO + PCI[48.0] - PCI/0-1a0000 (1000c0301000100b)
[worker-rank56] gpulingjun033181100083:6452:10598 [0] NCCL INFO               + PCI[48.0] - PCI/0-1a0000 (1000c0301000100b)
[worker-rank56] gpulingjun033181100083:6452:10598 [0] NCCL INFO                             + PCI[48.0] - NIC/0-1a2000
[worker-rank56] gpulingjun033181100083:6452:10598 [0] NCCL INFO + SYS[10.0] - CPU/0
[worker-rank56] gpulingjun033181100083:6452:10598 [0] NCCL INFO ==========================================
[worker-rank56] gpulingjun033181100083:6452:10598 [0] NCCL INFO GPU/8000 :GPU/0-8000 (0/5000.0/LOC) NVS/0-0 (1/370.8/NVL) CPU/0-0 (3/48.0/PHB) CPU/0-1 (4/10.0/SYS) 
[worker-rank56] gpulingjun033181100083:6452:10598 [0] NCCL INFO Setting affinity for GPU 0 to ffff,ffffffff,00000000,0000ffff,ffffffff
[worker-rank56] gpulingjun033181100083:6452:10598 [0] NCCL INFO Pattern 4, crossNic 0, nChannels 16, bw 60.000000/60.000000, type LOC/PIX, sameChannels 1
[worker-rank56] gpulingjun033181100083:6452:10598 [0] NCCL INFO  0 : GPU/0
[worker-rank56] gpulingjun033181100083:6452:10598 [0] NCCL INFO  1 : GPU/0
[worker-rank56] gpulingjun033181100083:6452:10598 [0] NCCL INFO  2 : GPU/0
[worker-rank56] gpulingjun033181100083:6452:10598 [0] NCCL INFO  3 : GPU/0
[worker-rank56] gpulingjun033181100083:6452:10598 [0] NCCL INFO  4 : GPU/0
[worker-rank56] gpulingjun033181100083:6452:10598 [0] NCCL INFO  5 : GPU/0
[worker-rank56] gpulingjun033181100083:6452:10598 [0] NCCL INFO  6 : GPU/0
[worker-rank56] gpulingjun033181100083:6452:10598 [0] NCCL INFO  7 : GPU/0
[worker-rank56] gpulingjun033181100083:6452:10598 [0] NCCL INFO  8 : GPU/0
[worker-rank56] gpulingjun033181100083:6452:10598 [0] NCCL INFO  9 : GPU/0
[worker-rank56] gpulingjun033181100083:6452:10598 [0] NCCL INFO 10 : GPU/0
[worker-rank56] gpulingjun033181100083:6452:10598 [0] NCCL INFO 11 : GPU/0
[worker-rank56] gpulingjun033181100083:6452:10598 [0] NCCL INFO 12 : GPU/0
[worker-rank56] gpulingjun033181100083:6452:10598 [0] NCCL INFO 13 : GPU/0
[worker-rank56] gpulingjun033181100083:6452:10598 [0] NCCL INFO 14 : GPU/0
[worker-rank56] gpulingjun033181100083:6452:10598 [0] NCCL INFO 15 : GPU/0
[worker-rank56] gpulingjun033181100083:6452:10598 [0] NCCL INFO Pattern 3, crossNic 0, nChannels 16, bw 60.000000/60.000000, type LOC/PIX, sameChannels 1
[worker-rank56] gpulingjun033181100083:6452:10598 [0] NCCL INFO  0 : GPU/0
[worker-rank56] gpulingjun033181100083:6452:10598 [0] NCCL INFO  1 : GPU/0
[worker-rank56] gpulingjun033181100083:6452:10598 [0] NCCL INFO  2 : GPU/0
[worker-rank56] gpulingjun033181100083:6452:10598 [0] NCCL INFO  3 : GPU/0
[worker-rank56] gpulingjun033181100083:6452:10598 [0] NCCL INFO  4 : GPU/0
[worker-rank56] gpulingjun033181100083:6452:10598 [0] NCCL INFO  5 : GPU/0
[worker-rank56] gpulingjun033181100083:6452:10598 [0] NCCL INFO  6 : GPU/0
[worker-rank56] gpulingjun033181100083:6452:10598 [0] NCCL INFO  7 : GPU/0
[worker-rank56] gpulingjun033181100083:6452:10598 [0] NCCL INFO  8 : GPU/0
[worker-rank56] gpulingjun033181100083:6452:10598 [0] NCCL INFO  9 : GPU/0
[worker-rank56] gpulingjun033181100083:6452:10598 [0] NCCL INFO 10 : GPU/0
[worker-rank56] gpulingjun033181100083:6452:10598 [0] NCCL INFO 11 : GPU/0
[worker-rank56] gpulingjun033181100083:6452:10598 [0] NCCL INFO 12 : GPU/0
[worker-rank56] gpulingjun033181100083:6452:10598 [0] NCCL INFO 13 : GPU/0
[worker-rank56] gpulingjun033181100083:6452:10598 [0] NCCL INFO 14 : GPU/0
[worker-rank56] gpulingjun033181100083:6452:10598 [0] NCCL INFO 15 : GPU/0
[worker-rank56] gpulingjun033181100083:6452:10598 [0] NCCL INFO comm 0xb7cf2d0 rank 0 nRanks 1 nNodes 1 localRanks 1 localRank 0 MNNVL 0
[worker-rank56] gpulingjun033181100083:6452:10598 [0] NCCL INFO Tree 0 : -1 -> 0 -> -1/-1/-1
[worker-rank56] gpulingjun033181100083:6452:10598 [0] NCCL INFO Tree 16 : -1 -> 0 -> -1/-1/-1
[worker-rank56] gpulingjun033181100083:6452:10598 [0] NCCL INFO Tree 1 : -1 -> 0 -> -1/-1/-1
[worker-rank56] gpulingjun033181100083:6452:10598 [0] NCCL INFO Tree 17 : -1 -> 0 -> -1/-1/-1
[worker-rank56] gpulingjun033181100083:6452:10598 [0] NCCL INFO Tree 2 : -1 -> 0 -> -1/-1/-1
[worker-rank56] gpulingjun033181100083:6452:10598 [0] NCCL INFO Tree 18 : -1 -> 0 -> -1/-1/-1
[worker-rank56] gpulingjun033181100083:6452:10598 [0] NCCL INFO Tree 3 : -1 -> 0 -> -1/-1/-1
[worker-rank56] gpulingjun033181100083:6452:10598 [0] NCCL INFO Tree 19 : -1 -> 0 -> -1/-1/-1
[worker-rank56] gpulingjun033181100083:6452:10598 [0] NCCL INFO Tree 4 : -1 -> 0 -> -1/-1/-1
[worker-rank56] gpulingjun033181100083:6452:10598 [0] NCCL INFO Tree 20 : -1 -> 0 -> -1/-1/-1
[worker-rank56] gpulingjun033181100083:6452:10598 [0] NCCL INFO Tree 5 : -1 -> 0 -> -1/-1/-1
[worker-rank56] gpulingjun033181100083:6452:10598 [0] NCCL INFO Tree 21 : -1 -> 0 -> -1/-1/-1
[worker-rank56] gpulingjun033181100083:6452:10598 [0] NCCL INFO Tree 6 : -1 -> 0 -> -1/-1/-1
[worker-rank56] gpulingjun033181100083:6452:10598 [0] NCCL INFO Tree 22 : -1 -> 0 -> -1/-1/-1
[worker-rank56] gpulingjun033181100083:6452:10598 [0] NCCL INFO Tree 7 : -1 -> 0 -> -1/-1/-1
[worker-rank56] gpulingjun033181100083:6452:10598 [0] NCCL INFO Tree 23 : -1 -> 0 -> -1/-1/-1
[worker-rank56] gpulingjun033181100083:6452:10598 [0] NCCL INFO Tree 8 : -1 -> 0 -> -1/-1/-1
[worker-rank56] gpulingjun033181100083:6452:10598 [0] NCCL INFO Tree 24 : -1 -> 0 -> -1/-1/-1
[worker-rank56] gpulingjun033181100083:6452:10598 [0] NCCL INFO Tree 9 : -1 -> 0 -> -1/-1/-1
[worker-rank56] gpulingjun033181100083:6452:10598 [0] NCCL INFO Tree 25 : -1 -> 0 -> -1/-1/-1
[worker-rank56] gpulingjun033181100083:6452:10598 [0] NCCL INFO Tree 10 : -1 -> 0 -> -1/-1/-1
[worker-rank56] gpulingjun033181100083:6452:10598 [0] NCCL INFO Tree 26 : -1 -> 0 -> -1/-1/-1
[worker-rank56] gpulingjun033181100083:6452:10598 [0] NCCL INFO Tree 11 : -1 -> 0 -> -1/-1/-1
[worker-rank56] gpulingjun033181100083:6452:10598 [0] NCCL INFO Tree 27 : -1 -> 0 -> -1/-1/-1
[worker-rank56] gpulingjun033181100083:6452:10598 [0] NCCL INFO Tree 12 : -1 -> 0 -> -1/-1/-1
[worker-rank56] gpulingjun033181100083:6452:10598 [0] NCCL INFO Tree 28 : -1 -> 0 -> -1/-1/-1
[worker-rank56] gpulingjun033181100083:6452:10598 [0] NCCL INFO Tree 13 : -1 -> 0 -> -1/-1/-1
[worker-rank56] gpulingjun033181100083:6452:10598 [0] NCCL INFO Tree 29 : -1 -> 0 -> -1/-1/-1
[worker-rank56] gpulingjun033181100083:6452:10598 [0] NCCL INFO Tree 14 : -1 -> 0 -> -1/-1/-1
[worker-rank56] gpulingjun033181100083:6452:10598 [0] NCCL INFO Tree 30 : -1 -> 0 -> -1/-1/-1
[worker-rank56] gpulingjun033181100083:6452:10598 [0] NCCL INFO Tree 15 : -1 -> 0 -> -1/-1/-1
[worker-rank56] gpulingjun033181100083:6452:10598 [0] NCCL INFO Tree 31 : -1 -> 0 -> -1/-1/-1
[worker-rank56] gpulingjun033181100083:6452:10598 [0] NCCL INFO Channel 00/32 :    0
[worker-rank56] gpulingjun033181100083:6452:10598 [0] NCCL INFO Channel 01/32 :    0
[worker-rank56] gpulingjun033181100083:6452:10598 [0] NCCL INFO Channel 02/32 :    0
[worker-rank56] gpulingjun033181100083:6452:10598 [0] NCCL INFO Channel 03/32 :    0
[worker-rank56] gpulingjun033181100083:6452:10598 [0] NCCL INFO Channel 04/32 :    0
[worker-rank56] gpulingjun033181100083:6452:10598 [0] NCCL INFO Channel 05/32 :    0
[worker-rank56] gpulingjun033181100083:6452:10598 [0] NCCL INFO Channel 06/32 :    0
[worker-rank56] gpulingjun033181100083:6452:10598 [0] NCCL INFO Channel 07/32 :    0
[worker-rank56] gpulingjun033181100083:6452:10598 [0] NCCL INFO Channel 08/32 :    0
[worker-rank56] gpulingjun033181100083:6452:10598 [0] NCCL INFO Channel 09/32 :    0
[worker-rank56] gpulingjun033181100083:6452:10598 [0] NCCL INFO Channel 10/32 :    0
[worker-rank56] gpulingjun033181100083:6452:10598 [0] NCCL INFO Channel 11/32 :    0
[worker-rank56] gpulingjun033181100083:6452:10598 [0] NCCL INFO Channel 12/32 :    0
[worker-rank56] gpulingjun033181100083:6452:10598 [0] NCCL INFO Channel 13/32 :    0
[worker-rank56] gpulingjun033181100083:6452:10598 [0] NCCL INFO Channel 14/32 :    0
[worker-rank56] gpulingjun033181100083:6452:10598 [0] NCCL INFO Channel 15/32 :    0
[worker-rank56] gpulingjun033181100083:6452:10598 [0] NCCL INFO Channel 16/32 :    0
[worker-rank56] gpulingjun033181100083:6452:10598 [0] NCCL INFO Channel 17/32 :    0
[worker-rank56] gpulingjun033181100083:6452:10598 [0] NCCL INFO Channel 18/32 :    0
[worker-rank56] gpulingjun033181100083:6452:10598 [0] NCCL INFO Channel 19/32 :    0
[worker-rank56] gpulingjun033181100083:6452:10598 [0] NCCL INFO Channel 20/32 :    0
[worker-rank56] gpulingjun033181100083:6452:10598 [0] NCCL INFO Channel 21/32 :    0
[worker-rank56] gpulingjun033181100083:6452:10598 [0] NCCL INFO Channel 22/32 :    0
[worker-rank56] gpulingjun033181100083:6452:10598 [0] NCCL INFO Channel 23/32 :    0
[worker-rank56] gpulingjun033181100083:6452:10598 [0] NCCL INFO Channel 24/32 :    0
[worker-rank56] gpulingjun033181100083:6452:10598 [0] NCCL INFO Channel 25/32 :    0
[worker-rank56] gpulingjun033181100083:6452:10598 [0] NCCL INFO Channel 26/32 :    0
[worker-rank56] gpulingjun033181100083:6452:10598 [0] NCCL INFO Channel 27/32 :    0
[worker-rank56] gpulingjun033181100083:6452:10598 [0] NCCL INFO Channel 28/32 :    0
[worker-rank56] gpulingjun033181100083:6452:10598 [0] NCCL INFO Channel 29/32 :    0
[worker-rank56] gpulingjun033181100083:6452:10598 [0] NCCL INFO Channel 30/32 :    0
[worker-rank56] gpulingjun033181100083:6452:10598 [0] NCCL INFO Channel 31/32 :    0
[worker-rank56] gpulingjun033181100083:6452:10598 [0] NCCL INFO Ring 00 : 0 -> 0 -> 0
[worker-rank56] gpulingjun033181100083:6452:10598 [0] NCCL INFO Ring 01 : 0 -> 0 -> 0
[worker-rank56] gpulingjun033181100083:6452:10598 [0] NCCL INFO Ring 02 : 0 -> 0 -> 0
[worker-rank56] gpulingjun033181100083:6452:10598 [0] NCCL INFO Ring 03 : 0 -> 0 -> 0
[worker-rank56] gpulingjun033181100083:6452:10598 [0] NCCL INFO Ring 04 : 0 -> 0 -> 0
[worker-rank56] gpulingjun033181100083:6452:10598 [0] NCCL INFO Ring 05 : 0 -> 0 -> 0
[worker-rank56] gpulingjun033181100083:6452:10598 [0] NCCL INFO Ring 06 : 0 -> 0 -> 0
[worker-rank56] gpulingjun033181100083:6452:10598 [0] NCCL INFO Ring 07 : 0 -> 0 -> 0
[worker-rank56] gpulingjun033181100083:6452:10598 [0] NCCL INFO Ring 08 : 0 -> 0 -> 0
[worker-rank56] gpulingjun033181100083:6452:10598 [0] NCCL INFO Ring 09 : 0 -> 0 -> 0
[worker-rank56] gpulingjun033181100083:6452:10598 [0] NCCL INFO Ring 10 : 0 -> 0 -> 0
[worker-rank56] gpulingjun033181100083:6452:10598 [0] NCCL INFO Ring 11 : 0 -> 0 -> 0
[worker-rank56] gpulingjun033181100083:6452:10598 [0] NCCL INFO Ring 12 : 0 -> 0 -> 0
[worker-rank56] gpulingjun033181100083:6452:10598 [0] NCCL INFO Ring 13 : 0 -> 0 -> 0
[worker-rank56] gpulingjun033181100083:6452:10598 [0] NCCL INFO Ring 14 : 0 -> 0 -> 0
[worker-rank56] gpulingjun033181100083:6452:10598 [0] NCCL INFO Ring 15 : 0 -> 0 -> 0
[worker-rank56] gpulingjun033181100083:6452:10598 [0] NCCL INFO Ring 16 : 0 -> 0 -> 0
[worker-rank56] gpulingjun033181100083:6452:10598 [0] NCCL INFO Ring 17 : 0 -> 0 -> 0
[worker-rank56] gpulingjun033181100083:6452:10598 [0] NCCL INFO Ring 18 : 0 -> 0 -> 0
[worker-rank56] gpulingjun033181100083:6452:10598 [0] NCCL INFO Ring 19 : 0 -> 0 -> 0
[worker-rank56] gpulingjun033181100083:6452:10598 [0] NCCL INFO Ring 20 : 0 -> 0 -> 0
[worker-rank56] gpulingjun033181100083:6452:10598 [0] NCCL INFO Ring 21 : 0 -> 0 -> 0
[worker-rank56] gpulingjun033181100083:6452:10598 [0] NCCL INFO Ring 22 : 0 -> 0 -> 0
[worker-rank56] gpulingjun033181100083:6452:10598 [0] NCCL INFO Ring 23 : 0 -> 0 -> 0
[worker-rank56] gpulingjun033181100083:6452:10598 [0] NCCL INFO Ring 24 : 0 -> 0 -> 0
[worker-rank56] gpulingjun033181100083:6452:10598 [0] NCCL INFO Ring 25 : 0 -> 0 -> 0
[worker-rank56] gpulingjun033181100083:6452:10598 [0] NCCL INFO Ring 26 : 0 -> 0 -> 0
[worker-rank56] gpulingjun033181100083:6452:10598 [0] NCCL INFO Ring 27 : 0 -> 0 -> 0
[worker-rank56] gpulingjun033181100083:6452:10598 [0] NCCL INFO Ring 28 : 0 -> 0 -> 0
[worker-rank56] gpulingjun033181100083:6452:10598 [0] NCCL INFO Ring 29 : 0 -> 0 -> 0
[worker-rank56] gpulingjun033181100083:6452:10598 [0] NCCL INFO Ring 30 : 0 -> 0 -> 0
[worker-rank56] gpulingjun033181100083:6452:10598 [0] NCCL INFO Ring 31 : 0 -> 0 -> 0
[worker-rank56] gpulingjun033181100083:6452:10598 [0] NCCL INFO Trees [0] -1/-1/-1->0->-1 [1] -1/-1/-1->0->-1 [2] -1/-1/-1->0->-1 [3] -1/-1/-1->0->-1 [4] -1/-1/-1->0->-1 [5] -1/-1/-1->0->-1 [6] -1/-1/-1->0->-1 [7] -1/-1/-1->0->-1 [8] -1/-1/-1->0->-1 [9] -1/-1/-1->0->-1 [10] -1/-1/-1->0->-1 [11] -1/-1/-1->0->-1 [12] -1/-1/-1->0->-1 [13] -1/-1/-1->0->-1 [14] -1/-1/-1->0->-1 [15] -1/-1/-1->0->-1 [16] -1/-1/-1->0->-1 [17] -1/-1/-1->0->-1 [18] -1/-1/-1->0->-1 [19] -1/-1/-1->0->-1 [20] -1/-1/-1->0->-1 [21] -1/-1/-1->0->-1 [22] -1/-1/-1->0->-1 [23] -1/-1/-1->0->-1 [24] -1/-1/-1->0->-1 [25] -1/-1/-1->0->-1 [26] -1/-1/-1->0->-1 [27] -1/-1/-1->0->-1 [28] -1/-1/-1->0->-1 [29] -1/-1/-1->0->-1 [30] -1/-1/-1->0->-1 [31] -1/-1/-1->0->-1
[worker-rank56] gpulingjun033181100083:6452:10598 [0] NCCL INFO P2P Chunksize set to 131072
[worker-rank56] gpulingjun033181100083:6452:10598 [0] NCCL INFO Connected all rings
[worker-rank56] gpulingjun033181100083:6452:10598 [0] NCCL INFO Connected all trees
[worker-rank56] gpulingjun033181100083:6452:10598 [0] NCCL INFO 32 coll channels, 32 collnet channels, 0 nvls channels, 32 p2p channels, 32 p2p channels per peer
[worker-rank56] gpulingjun033181100083:6452:10598 [0] NCCL INFO ncclCommInitRank comm 0xb7cf2d0 rank 0 nranks 1 cudaDev 0 nvmlDev 0 busId 8000 commId 0x9ff0b23d6bd6f522 - Init COMPLETE
[worker-rank56] [2026-07-27 19:11:53,155] [INFO] [stage_1_and_2.py:437:__init__] Flattening param group 0 on cuda (sufficient memory)
[worker-rank56] [2026-07-27 19:11:53,164] [INFO] [stage_1_and_2.py:437:__init__] Flattening param group 1 on cuda (sufficient memory)
[worker-rank56] [2026-07-27 19:11:53,170] [INFO] [stage_1_and_2.py:437:__init__] Flattening param group 2 on cuda (sufficient memory)
[worker-rank56] [2026-07-27 19:11:53,176] [INFO] [stage_1_and_2.py:437:__init__] Flattening param group 3 on cuda (sufficient memory)
[worker-rank56] [2026-07-27 19:11:53,188] [WARNING] [lr_schedules.py:873:get_lr] Attempting to get learning rate from scheduler before it has started
[worker-rank56] [2026-07-27 19:11:53,188] [INFO] [engine.py:145:__init__] is_pipe_partitioned= False is_grad_partitioned= False
[worker-rank56] gpulingjun033181100083:6452:10604 [0] NCCL INFO Using non-device net plugin version 0
[worker-rank56] gpulingjun033181100083:6452:10604 [0] NCCL INFO Using network IB
[worker-rank56] gpulingjun033181100083:6452:10604 [0] NCCL INFO DMA-BUF is available on GPU device 0
[worker-rank56] gpulingjun033181100083:6452:10604 [0] NCCL INFO ncclCommInitRank comm 0xf12d090 rank 0 nranks 8 cudaDev 0 nvmlDev 0 busId 8000 commId 0x3834309e4f6d5921 - Init START
[worker-rank56] gpulingjun033181100083:6452:10604 [0] NCCL INFO MNNVL busId 0x8000 fabric UUID 0.0 cliqueId 0x0 state 3 healthMask 0x0
[worker-rank56] gpulingjun033181100083:6452:10604 [0] NCCL INFO Loading topology file /var/run/nvidia-topologyd/virtualTopology.xml
[worker-rank56] gpulingjun033181100083:6452:10604 [0] NCCL INFO Loading unnamed topology
[worker-rank56] gpulingjun033181100083:6452:10604 [0] NCCL INFO === System : maxBw 370.8 totalBw 370.8 ===
[worker-rank56] gpulingjun033181100083:6452:10604 [0] NCCL INFO CPU/0-0 (1/1/2)
[worker-rank56] gpulingjun033181100083:6452:10604 [0] NCCL INFO + PCI[48.0] - PCI/0-6000 (1000c0301000100b)
[worker-rank56] gpulingjun033181100083:6452:10604 [0] NCCL INFO               + PCI[48.0] - PCI/0-6000 (1000c0301000100b)
[worker-rank56] gpulingjun033181100083:6452:10604 [0] NCCL INFO                             + PCI[48.0] - GPU/0-8000 (0)
[worker-rank56] gpulingjun033181100083:6452:10604 [0] NCCL INFO                                           + NVL[370.8] - NVS/0
[worker-rank56] gpulingjun033181100083:6452:10604 [0] NCCL INFO               + PCI[48.0] - PCI/0-7c000 (1000c0301000100b)
[worker-rank56] gpulingjun033181100083:6452:10604 [0] NCCL INFO                             + PCI[48.0] - GPU/0-7e000 (1)
[worker-rank56] gpulingjun033181100083:6452:10604 [0] NCCL INFO                                           + NVL[370.8] - NVS/0
[worker-rank56] gpulingjun033181100083:6452:10604 [0] NCCL INFO                             + PCI[48.0] - NIC/0-7f000
[worker-rank56] gpulingjun033181100083:6452:10604 [0] NCCL INFO + PCI[48.0] - PCI/0-a0000 (1000c0301000100b)
[worker-rank56] gpulingjun033181100083:6452:10604 [0] NCCL INFO               + PCI[48.0] - PCI/0-a0000 (1000c0301000100b)
[worker-rank56] gpulingjun033181100083:6452:10604 [0] NCCL INFO                             + PCI[48.0] - GPU/0-a2000 (2)
[worker-rank56] gpulingjun033181100083:6452:10604 [0] NCCL INFO                                           + NVL[370.8] - NVS/0
[worker-rank56] gpulingjun033181100083:6452:10604 [0] NCCL INFO               + PCI[48.0] - PCI/0-c4000 (1000c0301000100b)
[worker-rank56] gpulingjun033181100083:6452:10604 [0] NCCL INFO                             + PCI[48.0] - GPU/0-c6000 (3)
[worker-rank56] gpulingjun033181100083:6452:10604 [0] NCCL INFO                                           + NVL[370.8] - NVS/0
[worker-rank56] gpulingjun033181100083:6452:10604 [0] NCCL INFO                             + PCI[48.0] - NIC/0-c7000
[worker-rank56] gpulingjun033181100083:6452:10604 [0] NCCL INFO + SYS[10.0] - CPU/1
[worker-rank56] gpulingjun033181100083:6452:10604 [0] NCCL INFO CPU/0-1 (1/1/2)
[worker-rank56] gpulingjun033181100083:6452:10604 [0] NCCL INFO + PCI[48.0] - PCI/0-106000 (1000c0301000100b)
[worker-rank56] gpulingjun033181100083:6452:10604 [0] NCCL INFO               + PCI[48.0] - PCI/0-106000 (1000c0301000100b)
[worker-rank56] gpulingjun033181100083:6452:10604 [0] NCCL INFO                             + PCI[48.0] - NIC/0-108000
[worker-rank56] gpulingjun033181100083:6452:10604 [0] NCCL INFO                             + PCI[48.0] - GPU/0-109000 (4)
[worker-rank56] gpulingjun033181100083:6452:10604 [0] NCCL INFO                                           + NVL[370.8] - NVS/0
[worker-rank56] gpulingjun033181100083:6452:10604 [0] NCCL INFO               + PCI[48.0] - PCI/0-17c000 (1000c0301000100b)
[worker-rank56] gpulingjun033181100083:6452:10604 [0] NCCL INFO                             + PCI[48.0] - GPU/0-17f000 (5)
[worker-rank56] gpulingjun033181100083:6452:10604 [0] NCCL INFO                                           + NVL[370.8] - NVS/0
[worker-rank56] gpulingjun033181100083:6452:10604 [0] NCCL INFO + PCI[48.0] - PCI/0-1a0000 (1000c0301000100b)
[worker-rank56] gpulingjun033181100083:6452:10604 [0] NCCL INFO               + PCI[48.0] - PCI/0-1a0000 (1000c0301000100b)
[worker-rank56] gpulingjun033181100083:6452:10604 [0] NCCL INFO                             + PCI[48.0] - NIC/0-1a2000
[worker-rank56] gpulingjun033181100083:6452:10604 [0] NCCL INFO                             + PCI[48.0] - GPU/0-1a3000 (6)
[worker-rank56] gpulingjun033181100083:6452:10604 [0] NCCL INFO                                           + NVL[370.8] - NVS/0
[worker-rank56] gpulingjun033181100083:6452:10604 [0] NCCL INFO               + PCI[48.0] - PCI/0-1c4000 (1000c0301000100b)
[worker-rank56] gpulingjun033181100083:6452:10604 [0] NCCL INFO                             + PCI[48.0] - GPU/0-1c7000 (7)
[worker-rank56] gpulingjun033181100083:6452:10604 [0] NCCL INFO                                           + NVL[370.8] - NVS/0
[worker-rank56] gpulingjun033181100083:6452:10604 [0] NCCL INFO + SYS[10.0] - CPU/0
[worker-rank56] gpulingjun033181100083:6452:10604 [0] NCCL INFO ==========================================
[worker-rank56] gpulingjun033181100083:6452:10604 [0] NCCL INFO GPU/8000 :GPU/0-8000 (0/5000.0/LOC) GPU/0-7e000 (2/370.8/NVL) GPU/0-a2000 (2/370.8/NVL) GPU/0-c6000 (2/370.8/NVL) GPU/0-109000 (2/370.8/NVL) GPU/0-17f000 (2/370.8/NVL) GPU/0-1a3000 (2/370.8/NVL) GPU/0-1c7000 (2/370.8/NVL) NVS/0-0 (1/370.8/NVL) CPU/0-0 (3/48.0/PHB) CPU/0-1 (4/10.0/SYS) 
[worker-rank56] gpulingjun033181100083:6452:10604 [0] NCCL INFO GPU/7E000 :GPU/0-8000 (2/370.8/NVL) GPU/0-7e000 (0/5000.0/LOC) GPU/0-a2000 (2/370.8/NVL) GPU/0-c6000 (2/370.8/NVL) GPU/0-109000 (2/370.8/NVL) GPU/0-17f000 (2/370.8/NVL) GPU/0-1a3000 (2/370.8/NVL) GPU/0-1c7000 (2/370.8/NVL) NVS/0-0 (1/370.8/NVL) CPU/0-0 (3/48.0/PHB) CPU/0-1 (4/10.0/SYS) 
[worker-rank56] gpulingjun033181100083:6452:10604 [0] NCCL INFO GPU/A2000 :GPU/0-8000 (2/370.8/NVL) GPU/0-7e000 (2/370.8/NVL) GPU/0-a2000 (0/5000.0/LOC) GPU/0-c6000 (2/370.8/NVL) GPU/0-109000 (2/370.8/NVL) GPU/0-17f000 (2/370.8/NVL) GPU/0-1a3000 (2/370.8/NVL) GPU/0-1c7000 (2/370.8/NVL) NVS/0-0 (1/370.8/NVL) CPU/0-0 (3/48.0/PHB) CPU/0-1 (4/10.0/SYS) 
[worker-rank56] gpulingjun033181100083:6452:10604 [0] NCCL INFO GPU/C6000 :GPU/0-8000 (2/370.8/NVL) GPU/0-7e000 (2/370.8/NVL) GPU/0-a2000 (2/370.8/NVL) GPU/0-c6000 (0/5000.0/LOC) GPU/0-109000 (2/370.8/NVL) GPU/0-17f000 (2/370.8/NVL) GPU/0-1a3000 (2/370.8/NVL) GPU/0-1c7000 (2/370.8/NVL) NVS/0-0 (1/370.8/NVL) CPU/0-0 (3/48.0/PHB) CPU/0-1 (4/10.0/SYS) 
[worker-rank56] gpulingjun033181100083:6452:10604 [0] NCCL INFO GPU/109000 :GPU/0-8000 (2/370.8/NVL) GPU/0-7e000 (2/370.8/NVL) GPU/0-a2000 (2/370.8/NVL) GPU/0-c6000 (2/370.8/NVL) GPU/0-109000 (0/5000.0/LOC) GPU/0-17f000 (2/370.8/NVL) GPU/0-1a3000 (2/370.8/NVL) GPU/0-1c7000 (2/370.8/NVL) NVS/0-0 (1/370.8/NVL) CPU/0-0 (4/10.0/SYS) CPU/0-1 (3/48.0/PHB) 
[worker-rank56] gpulingjun033181100083:6452:10604 [0] NCCL INFO GPU/17F000 :GPU/0-8000 (2/370.8/NVL) GPU/0-7e000 (2/370.8/NVL) GPU/0-a2000 (2/370.8/NVL) GPU/0-c6000 (2/370.8/NVL) GPU/0-109000 (2/370.8/NVL) GPU/0-17f000 (0/5000.0/LOC) GPU/0-1a3000 (2/370.8/NVL) GPU/0-1c7000 (2/370.8/NVL) NVS/0-0 (1/370.8/NVL) CPU/0-0 (4/10.0/SYS) CPU/0-1 (3/48.0/PHB) 
[worker-rank56] gpulingjun033181100083:6452:10604 [0] NCCL INFO GPU/1A3000 :GPU/0-8000 (2/370.8/NVL) GPU/0-7e000 (2/370.8/NVL) GPU/0-a2000 (2/370.8/NVL) GPU/0-c6000 (2/370.8/NVL) GPU/0-109000 (2/370.8/NVL) GPU/0-17f000 (2/370.8/NVL) GPU/0-1a3000 (0/5000.0/LOC) GPU/0-1c7000 (2/370.8/NVL) NVS/0-0 (1/370.8/NVL) CPU/0-0 (4/10.0/SYS) CPU/0-1 (3/48.0/PHB) 
[worker-rank56] gpulingjun033181100083:6452:10604 [0] NCCL INFO GPU/1C7000 :GPU/0-8000 (2/370.8/NVL) GPU/0-7e000 (2/370.8/NVL) GPU/0-a2000 (2/370.8/NVL) GPU/0-c6000 (2/370.8/NVL) GPU/0-109000 (2/370.8/NVL) GPU/0-17f000 (2/370.8/NVL) GPU/0-1a3000 (2/370.8/NVL) GPU/0-1c7000 (0/5000.0/LOC) NVS/0-0 (1/370.8/NVL) CPU/0-0 (4/10.0/SYS) CPU/0-1 (3/48.0/PHB) 
[worker-rank56] gpulingjun033181100083:6452:10604 [0] NCCL INFO Setting affinity for GPU 0 to ffff,ffffffff,00000000,0000ffff,ffffffff
[worker-rank56] gpulingjun033181100083:6452:10604 [0] NCCL INFO Pattern 4, crossNic 0, nChannels 12, bw 30.000000/30.000000, type NVL/PIX, sameChannels 1
[worker-rank56] gpulingjun033181100083:6452:10604 [0] NCCL INFO  0 : GPU/0 GPU/1 GPU/2 GPU/3 GPU/4 GPU/5 GPU/6 GPU/7
[worker-rank56] gpulingjun033181100083:6452:10604 [0] NCCL INFO  1 : GPU/0 GPU/1 GPU/2 GPU/3 GPU/4 GPU/5 GPU/6 GPU/7
[worker-rank56] gpulingjun033181100083:6452:10604 [0] NCCL INFO  2 : GPU/0 GPU/1 GPU/2 GPU/3 GPU/4 GPU/5 GPU/6 GPU/7
[worker-rank56] gpulingjun033181100083:6452:10604 [0] NCCL INFO  3 : GPU/0 GPU/1 GPU/2 GPU/3 GPU/4 GPU/5 GPU/6 GPU/7
[worker-rank56] gpulingjun033181100083:6452:10604 [0] NCCL INFO  4 : GPU/0 GPU/1 GPU/2 GPU/3 GPU/4 GPU/5 GPU/6 GPU/7
[worker-rank56] gpulingjun033181100083:6452:10604 [0] NCCL INFO  5 : GPU/0 GPU/1 GPU/2 GPU/3 GPU/4 GPU/5 GPU/6 GPU/7
[worker-rank56] gpulingjun033181100083:6452:10604 [0] NCCL INFO  6 : GPU/0 GPU/1 GPU/2 GPU/3 GPU/4 GPU/5 GPU/6 GPU/7
[worker-rank56] gpulingjun033181100083:6452:10604 [0] NCCL INFO  7 : GPU/0 GPU/1 GPU/2 GPU/3 GPU/4 GPU/5 GPU/6 GPU/7
[worker-rank56] gpulingjun033181100083:6452:10604 [0] NCCL INFO  8 : GPU/0 GPU/1 GPU/2 GPU/3 GPU/4 GPU/5 GPU/6 GPU/7
[worker-rank56] gpulingjun033181100083:6452:10604 [0] NCCL INFO  9 : GPU/0 GPU/1 GPU/2 GPU/3 GPU/4 GPU/5 GPU/6 GPU/7
[worker-rank56] gpulingjun033181100083:6452:10604 [0] NCCL INFO 10 : GPU/0 GPU/1 GPU/2 GPU/3 GPU/4 GPU/5 GPU/6 GPU/7
[worker-rank56] gpulingjun033181100083:6452:10604 [0] NCCL INFO 11 : GPU/0 GPU/1 GPU/2 GPU/3 GPU/4 GPU/5 GPU/6 GPU/7
[worker-rank56] gpulingjun033181100083:6452:10604 [0] NCCL INFO Pattern 1, crossNic 0, nChannels 12, bw 30.000000/30.000000, type NVL/PIX, sameChannels 1
[worker-rank56] gpulingjun033181100083:6452:10604 [0] NCCL INFO  0 : GPU/0 GPU/1 GPU/2 GPU/3 GPU/4 GPU/5 GPU/6 GPU/7
[worker-rank56] gpulingjun033181100083:6452:10604 [0] NCCL INFO  1 : GPU/0 GPU/1 GPU/2 GPU/3 GPU/4 GPU/5 GPU/6 GPU/7
[worker-rank56] gpulingjun033181100083:6452:10604 [0] NCCL INFO  2 : GPU/0 GPU/1 GPU/2 GPU/3 GPU/4 GPU/5 GPU/6 GPU/7
[worker-rank56] gpulingjun033181100083:6452:10604 [0] NCCL INFO  3 : GPU/0 GPU/1 GPU/2 GPU/3 GPU/4 GPU/5 GPU/6 GPU/7
[worker-rank56] gpulingjun033181100083:6452:10604 [0] NCCL INFO  4 : GPU/0 GPU/1 GPU/2 GPU/3 GPU/4 GPU/5 GPU/6 GPU/7
[worker-rank56] gpulingjun033181100083:6452:10604 [0] NCCL INFO  5 : GPU/0 GPU/1 GPU/2 GPU/3 GPU/4 GPU/5 GPU/6 GPU/7
[worker-rank56] gpulingjun033181100083:6452:10604 [0] NCCL INFO  6 : GPU/0 GPU/1 GPU/2 GPU/3 GPU/4 GPU/5 GPU/6 GPU/7
[worker-rank56] gpulingjun033181100083:6452:10604 [0] NCCL INFO  7 : GPU/0 GPU/1 GPU/2 GPU/3 GPU/4 GPU/5 GPU/6 GPU/7
[worker-rank56] gpulingjun033181100083:6452:10604 [0] NCCL INFO  8 : GPU/0 GPU/1 GPU/2 GPU/3 GPU/4 GPU/5 GPU/6 GPU/7
[worker-rank56] gpulingjun033181100083:6452:10604 [0] NCCL INFO  9 : GPU/0 GPU/1 GPU/2 GPU/3 GPU/4 GPU/5 GPU/6 GPU/7
[worker-rank56] gpulingjun033181100083:6452:10604 [0] NCCL INFO 10 : GPU/0 GPU/1 GPU/2 GPU/3 GPU/4 GPU/5 GPU/6 GPU/7
[worker-rank56] gpulingjun033181100083:6452:10604 [0] NCCL INFO 11 : GPU/0 GPU/1 GPU/2 GPU/3 GPU/4 GPU/5 GPU/6 GPU/7
[worker-rank56] gpulingjun033181100083:6452:10604 [0] NCCL INFO comm 0xf12d090 rank 0 nRanks 8 nNodes 1 localRanks 8 localRank 0 MNNVL 0
[worker-rank56] gpulingjun033181100083:6452:10604 [0] NCCL INFO Tree 0 : -1 -> 0 -> 1/-1/-1
[worker-rank56] gpulingjun033181100083:6452:10604 [0] NCCL INFO Tree 12 : -1 -> 0 -> 1/-1/-1
[worker-rank56] gpulingjun033181100083:6452:10604 [0] NCCL INFO Tree 1 : -1 -> 0 -> 1/-1/-1
[worker-rank56] gpulingjun033181100083:6452:10604 [0] NCCL INFO Tree 13 : -1 -> 0 -> 1/-1/-1
[worker-rank56] gpulingjun033181100083:6452:10604 [0] NCCL INFO Tree 2 : -1 -> 0 -> 1/-1/-1
[worker-rank56] gpulingjun033181100083:6452:10604 [0] NCCL INFO Tree 14 : -1 -> 0 -> 1/-1/-1
[worker-rank56] gpulingjun033181100083:6452:10604 [0] NCCL INFO Tree 3 : -1 -> 0 -> 1/-1/-1
[worker-rank56] gpulingjun033181100083:6452:10604 [0] NCCL INFO Tree 15 : -1 -> 0 -> 1/-1/-1
[worker-rank56] gpulingjun033181100083:6452:10604 [0] NCCL INFO Tree 4 : -1 -> 0 -> 1/-1/-1
[worker-rank56] gpulingjun033181100083:6452:10604 [0] NCCL INFO Tree 16 : -1 -> 0 -> 1/-1/-1
[worker-rank56] gpulingjun033181100083:6452:10604 [0] NCCL INFO Tree 5 : -1 -> 0 -> 1/-1/-1
[worker-rank56] gpulingjun033181100083:6452:10604 [0] NCCL INFO Tree 17 : -1 -> 0 -> 1/-1/-1
[worker-rank56] gpulingjun033181100083:6452:10604 [0] NCCL INFO Tree 6 : -1 -> 0 -> 1/-1/-1
[worker-rank56] gpulingjun033181100083:6452:10604 [0] NCCL INFO Tree 18 : -1 -> 0 -> 1/-1/-1
[worker-rank56] gpulingjun033181100083:6452:10604 [0] NCCL INFO Tree 7 : -1 -> 0 -> 1/-1/-1
[worker-rank56] gpulingjun033181100083:6452:10604 [0] NCCL INFO Tree 19 : -1 -> 0 -> 1/-1/-1
[worker-rank56] gpulingjun033181100083:6452:10604 [0] NCCL INFO Tree 8 : -1 -> 0 -> 1/-1/-1
[worker-rank56] gpulingjun033181100083:6452:10604 [0] NCCL INFO Tree 20 : -1 -> 0 -> 1/-1/-1
[worker-rank56] gpulingjun033181100083:6452:10604 [0] NCCL INFO Tree 9 : -1 -> 0 -> 1/-1/-1
[worker-rank56] gpulingjun033181100083:6452:10604 [0] NCCL INFO Tree 21 : -1 -> 0 -> 1/-1/-1
[worker-rank56] gpulingjun033181100083:6452:10604 [0] NCCL INFO Tree 10 : -1 -> 0 -> 1/-1/-1
[worker-rank56] gpulingjun033181100083:6452:10604 [0] NCCL INFO Tree 22 : -1 -> 0 -> 1/-1/-1
[worker-rank56] gpulingjun033181100083:6452:10604 [0] NCCL INFO Tree 11 : -1 -> 0 -> 1/-1/-1
[worker-rank56] gpulingjun033181100083:6452:10604 [0] NCCL INFO Tree 23 : -1 -> 0 -> 1/-1/-1
[worker-rank56] gpulingjun033181100083:6452:10604 [0] NCCL INFO Channel 00/24 :    0   1   2   3   4   5   6   7
[worker-rank56] gpulingjun033181100083:6452:10604 [0] NCCL INFO Channel 01/24 :    0   1   2   3   4   5   6   7
[worker-rank56] gpulingjun033181100083:6452:10604 [0] NCCL INFO Channel 02/24 :    0   1   2   3   4   5   6   7
[worker-rank56] gpulingjun033181100083:6452:10604 [0] NCCL INFO Channel 03/24 :    0   1   2   3   4   5   6   7
[worker-rank56] gpulingjun033181100083:6452:10604 [0] NCCL INFO Channel 04/24 :    0   1   2   3   4   5   6   7
[worker-rank56] gpulingjun033181100083:6452:10604 [0] NCCL INFO Channel 05/24 :    0   1   2   3   4   5   6   7
[worker-rank56] gpulingjun033181100083:6452:10604 [0] NCCL INFO Channel 06/24 :    0   1   2   3   4   5   6   7
[worker-rank56] gpulingjun033181100083:6452:10604 [0] NCCL INFO Channel 07/24 :    0   1   2   3   4   5   6   7
[worker-rank56] gpulingjun033181100083:6452:10604 [0] NCCL INFO Channel 08/24 :    0   1   2   3   4   5   6   7
[worker-rank56] gpulingjun033181100083:6452:10604 [0] NCCL INFO Channel 09/24 :    0   1   2   3   4   5   6   7
[worker-rank56] gpulingjun033181100083:6452:10604 [0] NCCL INFO Channel 10/24 :    0   1   2   3   4   5   6   7
[worker-rank56] gpulingjun033181100083:6452:10604 [0] NCCL INFO Channel 11/24 :    0   1   2   3   4   5   6   7
[worker-rank56] gpulingjun033181100083:6452:10604 [0] NCCL INFO Channel 12/24 :    0   1   2   3   4   5   6   7
[worker-rank56] gpulingjun033181100083:6452:10604 [0] NCCL INFO Channel 13/24 :    0   1   2   3   4   5   6   7
[worker-rank56] gpulingjun033181100083:6452:10604 [0] NCCL INFO Channel 14/24 :    0   1   2   3   4   5   6   7
[worker-rank56] gpulingjun033181100083:6452:10604 [0] NCCL INFO Channel 15/24 :    0   1   2   3   4   5   6   7
[worker-rank56] gpulingjun033181100083:6452:10604 [0] NCCL INFO Channel 16/24 :    0   1   2   3   4   5   6   7
[worker-rank56] gpulingjun033181100083:6452:10604 [0] NCCL INFO Channel 17/24 :    0   1   2   3   4   5   6   7
[worker-rank56] gpulingjun033181100083:6452:10604 [0] NCCL INFO Channel 18/24 :    0   1   2   3   4   5   6   7
[worker-rank56] gpulingjun033181100083:6452:10604 [0] NCCL INFO Channel 19/24 :    0   1   2   3   4   5   6   7
[worker-rank56] gpulingjun033181100083:6452:10604 [0] NCCL INFO Channel 20/24 :    0   1   2   3   4   5   6   7
[worker-rank56] gpulingjun033181100083:6452:10604 [0] NCCL INFO Channel 21/24 :    0   1   2   3   4   5   6   7
[worker-rank56] gpulingjun033181100083:6452:10604 [0] NCCL INFO Channel 22/24 :    0   1   2   3   4   5   6   7
[worker-rank56] gpulingjun033181100083:6452:10604 [0] NCCL INFO Channel 23/24 :    0   1   2   3   4   5   6   7
[worker-rank56] gpulingjun033181100083:6452:10604 [0] NCCL INFO Ring 00 : 7 -> 0 -> 1
[worker-rank56] gpulingjun033181100083:6452:10604 [0] NCCL INFO Ring 01 : 7 -> 0 -> 1
[worker-rank56] gpulingjun033181100083:6452:10604 [0] NCCL INFO Ring 02 : 7 -> 0 -> 1
[worker-rank56] gpulingjun033181100083:6452:10604 [0] NCCL INFO Ring 03 : 7 -> 0 -> 1
[worker-rank56] gpulingjun033181100083:6452:10604 [0] NCCL INFO Ring 04 : 7 -> 0 -> 1
[worker-rank56] gpulingjun033181100083:6452:10604 [0] NCCL INFO Ring 05 : 7 -> 0 -> 1
[worker-rank56] gpulingjun033181100083:6452:10604 [0] NCCL INFO Ring 06 : 7 -> 0 -> 1
[worker-rank56] gpulingjun033181100083:6452:10604 [0] NCCL INFO Ring 07 : 7 -> 0 -> 1
[worker-rank56] gpulingjun033181100083:6452:10604 [0] NCCL INFO Ring 08 : 7 -> 0 -> 1
[worker-rank56] gpulingjun033181100083:6452:10604 [0] NCCL INFO Ring 09 : 7 -> 0 -> 1
[worker-rank56] gpulingjun033181100083:6452:10604 [0] NCCL INFO Ring 10 : 7 -> 0 -> 1
[worker-rank56] gpulingjun033181100083:6452:10604 [0] NCCL INFO Ring 11 : 7 -> 0 -> 1
[worker-rank56] gpulingjun033181100083:6452:10604 [0] NCCL INFO Ring 12 : 7 -> 0 -> 1
[worker-rank56] gpulingjun033181100083:6452:10604 [0] NCCL INFO Ring 13 : 7 -> 0 -> 1
[worker-rank56] gpulingjun033181100083:6452:10604 [0] NCCL INFO Ring 14 : 7 -> 0 -> 1
[worker-rank56] gpulingjun033181100083:6452:10604 [0] NCCL INFO Ring 15 : 7 -> 0 -> 1
[worker-rank56] gpulingjun033181100083:6452:10604 [0] NCCL INFO Ring 16 : 7 -> 0 -> 1
[worker-rank56] gpulingjun033181100083:6452:10604 [0] NCCL INFO Ring 17 : 7 -> 0 -> 1
[worker-rank56] gpulingjun033181100083:6452:10604 [0] NCCL INFO Ring 18 : 7 -> 0 -> 1
[worker-rank56] gpulingjun033181100083:6452:10604 [0] NCCL INFO Ring 19 : 7 -> 0 -> 1
[worker-rank56] gpulingjun033181100083:6452:10604 [0] NCCL INFO Ring 20 : 7 -> 0 -> 1
[worker-rank56] gpulingjun033181100083:6452:10604 [0] NCCL INFO Ring 21 : 7 -> 0 -> 1
[worker-rank56] gpulingjun033181100083:6452:10604 [0] NCCL INFO Ring 22 : 7 -> 0 -> 1
[worker-rank56] gpulingjun033181100083:6452:10604 [0] NCCL INFO Ring 23 : 7 -> 0 -> 1
[worker-rank56] gpulingjun033181100083:6452:10604 [0] NCCL INFO Trees [0] 1/-1/-1->0->-1 [1] 1/-1/-1->0->-1 [2] 1/-1/-1->0->-1 [3] 1/-1/-1->0->-1 [4] 1/-1/-1->0->-1 [5] 1/-1/-1->0->-1 [6] 1/-1/-1->0->-1 [7] 1/-1/-1->0->-1 [8] 1/-1/-1->0->-1 [9] 1/-1/-1->0->-1 [10] 1/-1/-1->0->-1 [11] 1/-1/-1->0->-1 [12] 1/-1/-1->0->-1 [13] 1/-1/-1->0->-1 [14] 1/-1/-1->0->-1 [15] 1/-1/-1->0->-1 [16] 1/-1/-1->0->-1 [17] 1/-1/-1->0->-1 [18] 1/-1/-1->0->-1 [19] 1/-1/-1->0->-1 [20] 1/-1/-1->0->-1 [21] 1/-1/-1->0->-1 [22] 1/-1/-1->0->-1 [23] 1/-1/-1->0->-1
[worker-rank56] gpulingjun033181100083:6452:10604 [0] NCCL INFO P2P Chunksize set to 524288
[worker-rank56] gpulingjun033181100083:6452:10604 [0] NCCL INFO Channel 00/0 : 0[0] -> 1[1] via P2P/CUMEM
[worker-rank56] gpulingjun033181100083:6452:10604 [0] NCCL INFO Channel 01/0 : 0[0] -> 1[1] via P2P/CUMEM
[worker-rank56] gpulingjun033181100083:6452:10604 [0] NCCL INFO Channel 02/0 : 0[0] -> 1[1] via P2P/CUMEM
[worker-rank56] gpulingjun033181100083:6452:10604 [0] NCCL INFO Channel 03/0 : 0[0] -> 1[1] via P2P/CUMEM
[worker-rank56] gpulingjun033181100083:6452:10604 [0] NCCL INFO Channel 04/0 : 0[0] -> 1[1] via P2P/CUMEM
[worker-rank56] gpulingjun033181100083:6452:10604 [0] NCCL INFO Channel 05/0 : 0[0] -> 1[1] via P2P/CUMEM
[worker-rank56] gpulingjun033181100083:6452:10604 [0] NCCL INFO Channel 06/0 : 0[0] -> 1[1] via P2P/CUMEM
[worker-rank56] gpulingjun033181100083:6452:10604 [0] NCCL INFO Channel 07/0 : 0[0] -> 1[1] via P2P/CUMEM
[worker-rank56] gpulingjun033181100083:6452:10604 [0] NCCL INFO Channel 08/0 : 0[0] -> 1[1] via P2P/CUMEM
[worker-rank56] gpulingjun033181100083:6452:10604 [0] NCCL INFO Channel 09/0 : 0[0] -> 1[1] via P2P/CUMEM
[worker-rank56] gpulingjun033181100083:6452:10604 [0] NCCL INFO Channel 10/0 : 0[0] -> 1[1] via P2P/CUMEM
[worker-rank56] gpulingjun033181100083:6452:10604 [0] NCCL INFO Channel 11/0 : 0[0] -> 1[1] via P2P/CUMEM
[worker-rank56] gpulingjun033181100083:6452:10604 [0] NCCL INFO Channel 12/0 : 0[0] -> 1[1] via P2P/CUMEM
[worker-rank56] gpulingjun033181100083:6452:10604 [0] NCCL INFO Channel 13/0 : 0[0] -> 1[1] via P2P/CUMEM
[worker-rank56] gpulingjun033181100083:6452:10604 [0] NCCL INFO Channel 14/0 : 0[0] -> 1[1] via P2P/CUMEM
[worker-rank56] gpulingjun033181100083:6452:10604 [0] NCCL INFO Channel 15/0 : 0[0] -> 1[1] via P2P/CUMEM
[worker-rank56] gpulingjun033181100083:6452:10604 [0] NCCL INFO Channel 16/0 : 0[0] -> 1[1] via P2P/CUMEM
[worker-rank56] gpulingjun033181100083:6452:10604 [0] NCCL INFO Channel 17/0 : 0[0] -> 1[1] via P2P/CUMEM
[worker-rank56] gpulingjun033181100083:6452:10604 [0] NCCL INFO Channel 18/0 : 0[0] -> 1[1] via P2P/CUMEM
[worker-rank56] gpulingjun033181100083:6452:10604 [0] NCCL INFO Channel 19/0 : 0[0] -> 1[1] via P2P/CUMEM
[worker-rank56] gpulingjun033181100083:6452:10604 [0] NCCL INFO Channel 20/0 : 0[0] -> 1[1] via P2P/CUMEM
[worker-rank56] gpulingjun033181100083:6452:10604 [0] NCCL INFO Channel 21/0 : 0[0] -> 1[1] via P2P/CUMEM
[worker-rank56] gpulingjun033181100083:6452:10604 [0] NCCL INFO Channel 22/0 : 0[0] -> 1[1] via P2P/CUMEM
[worker-rank56] gpulingjun033181100083:6452:10604 [0] NCCL INFO Channel 23/0 : 0[0] -> 1[1] via P2P/CUMEM
[worker-rank56] gpulingjun033181100083:6452:10604 [0] NCCL INFO Connected all rings
[worker-rank56] gpulingjun033181100083:6452:10604 [0] NCCL INFO Connected all trees
[worker-rank56] gpulingjun033181100083:6452:10604 [0] NCCL INFO   Algorithm   |                            Tree                  |                            Ring                  |                   CollNetDirect                  |
[worker-rank56] gpulingjun033181100083:6452:10604 [0] NCCL INFO   Protocol    |             LL |          LL128 |         Simple |             LL |          LL128 |         Simple |             LL |          LL128 |         Simple |
[worker-rank56] gpulingjun033181100083:6452:10604 [0] NCCL INFO  Max NThreads |            512 |            640 |            512 |            512 |            640 |            512 |              0 |              0 |            640 |
[worker-rank56] gpulingjun033181100083:6452:10604 [0] NCCL INFO     Broadcast |     0.0/   0.0 |     0.0/   0.0 |     0.0/   0.0 |     7.2/ 141.0 |    15.9/ 331.2 |    11.8/ 360.0 |     0.0/   0.0 |     0.0/   0.0 |     0.0/   0.0 |
[worker-rank56] gpulingjun033181100083:6452:10604 [0] NCCL INFO        Reduce |     0.0/   0.0 |     0.0/   0.0 |     0.0/   0.0 |     7.2/ 141.0 |    15.9/ 331.2 |    11.8/ 360.0 |     0.0/   0.0 |     0.0/   0.0 |     0.0/   0.0 |
[worker-rank56] gpulingjun033181100083:6452:10604 [0] NCCL INFO     AllGather |     0.0/   0.0 |     0.0/   0.0 |     0.0/   0.0 |    10.8/ 161.1 |    27.3/ 378.5 |    32.2/ 411.4 |     5.6/   0.0 |     5.6/   0.0 |    44.0/   0.0 |
[worker-rank56] gpulingjun033181100083:6452:10604 [0] NCCL INFO ReduceScatter |     0.0/   0.0 |     0.0/   0.0 |     0.0/   0.0 |    10.8/ 161.1 |    27.3/ 378.5 |    32.2/ 411.4 |     5.6/   0.0 |     5.6/   0.0 |    44.0/   0.0 |
[worker-rank56] gpulingjun033181100083:6452:10604 [0] NCCL INFO     AllReduce |    15.2/  43.6 |    31.5/ 128.8 |   392.0/ 165.6 |    15.0/  80.6 |    40.6/ 189.3 |    56.0/ 205.7 |     5.6/   0.0 |     5.6/   0.0 |    44.0/   0.0 |
[worker-rank56] gpulingjun033181100083:6452:10604 [0] NCCL INFO   Algorithm   |                    CollNetChain                  |                            NVLS                  |                        NVLSTree                  |
[worker-rank56] gpulingjun033181100083:6452:10604 [0] NCCL INFO   Protocol    |             LL |          LL128 |         Simple |             LL |          LL128 |         Simple |             LL |          LL128 |         Simple |
[worker-rank56] gpulingjun033181100083:6452:10604 [0] NCCL INFO  Max NThreads |              0 |              0 |            640 |              0 |              0 |            640 |              0 |              0 |            640 |
[worker-rank56] gpulingjun033181100083:6452:10604 [0] NCCL INFO     Broadcast |     0.0/   0.0 |     0.0/   0.0 |     0.0/   0.0 |     0.0/   0.0 |     0.0/   0.0 |     0.0/   0.0 |     0.0/   0.0 |     0.0/   0.0 |     0.0/   0.0 |
[worker-rank56] gpulingjun033181100083:6452:10604 [0] NCCL INFO        Reduce |     0.0/   0.0 |     0.0/   0.0 |     0.0/   0.0 |     0.0/   0.0 |     0.0/   0.0 |     0.0/   0.0 |     0.0/   0.0 |     0.0/   0.0 |     0.0/   0.0 |
[worker-rank56] gpulingjun033181100083:6452:10604 [0] NCCL INFO     AllGather |     0.0/   0.0 |     0.0/   0.0 |     0.0/   0.0 |     0.0/   0.0 |     0.0/   0.0 |     0.0/   0.0 |     0.0/   0.0 |     0.0/   0.0 |     0.0/   0.0 |
[worker-rank56] gpulingjun033181100083:6452:10604 [0] NCCL INFO ReduceScatter |     0.0/   0.0 |     0.0/   0.0 |     0.0/   0.0 |     0.0/   0.0 |     0.0/   0.0 |     0.0/   0.0 |     0.0/   0.0 |     0.0/   0.0 |     0.0/   0.0 |
[worker-rank56] gpulingjun033181100083:6452:10604 [0] NCCL INFO     AllReduce |     0.0/   0.0 |     0.0/   0.0 |    69.2/   0.0 |     0.0/   0.0 |     0.0/   0.0 |     0.0/   0.0 |     0.0/   0.0 |     0.0/   0.0 |     0.0/   0.0 |
[worker-rank56] gpulingjun033181100083:6452:10604 [0] NCCL INFO threadThresholds 8/8/64 | 64/8/64 | 512 | 512
[worker-rank56] gpulingjun033181100083:6452:10604 [0] NCCL INFO 24 coll channels, 24 collnet channels, 0 nvls channels, 32 p2p channels, 32 p2p channels per peer
[worker-rank56] gpulingjun033181100083:6452:10604 [0] NCCL INFO ncclCommInitRank comm 0xf12d090 rank 0 nranks 8 cudaDev 0 nvmlDev 0 busId 8000 commId 0x3834309e4f6d5921 - Init COMPLETE
[worker-rank56] gpulingjun033181100083:6452:6452 [0] NCCL INFO 16 Bytes -> Algo 1 proto 0 time 15.000198
[worker-rank56] gpulingjun033181100083:6452:10640 [0] NCCL INFO Using non-device net plugin version 0
[worker-rank56] gpulingjun033181100083:6452:10640 [0] NCCL INFO Using network IB
[worker-rank56] gpulingjun033181100083:6452:10640 [0] NCCL INFO DMA-BUF is available on GPU device 0
[worker-rank56] gpulingjun033181100083:6452:10640 [0] NCCL INFO ncclCommInitRank comm 0xf1424b0 rank 0 nranks 2 cudaDev 0 nvmlDev 0 busId 8000 commId 0xbfe705a0e4190513 - Init START
[worker-rank56] gpulingjun033181100083:6452:10640 [0] NCCL INFO MNNVL busId 0x8000 fabric UUID 0.0 cliqueId 0x0 state 3 healthMask 0x0
[worker-rank56] gpulingjun033181100083:6452:10640 [0] NCCL INFO Loading topology file /var/run/nvidia-topologyd/virtualTopology.xml
[worker-rank56] gpulingjun033181100083:6452:10640 [0] NCCL INFO Loading unnamed topology
[worker-rank56] gpulingjun033181100083:6452:10640 [0] NCCL INFO === System : maxBw 370.8 totalBw 370.8 ===
[worker-rank56] gpulingjun033181100083:6452:10640 [0] NCCL INFO CPU/0-0 (1/1/2)
[worker-rank56] gpulingjun033181100083:6452:10640 [0] NCCL INFO + PCI[48.0] - PCI/0-6000 (1000c0301000100b)
[worker-rank56] gpulingjun033181100083:6452:10640 [0] NCCL INFO               + PCI[48.0] - PCI/0-6000 (1000c0301000100b)
[worker-rank56] gpulingjun033181100083:6452:10640 [0] NCCL INFO                             + PCI[48.0] - GPU/0-8000 (0)
[worker-rank56] gpulingjun033181100083:6452:10640 [0] NCCL INFO                                           + NVL[370.8] - NVS/0
[worker-rank56] gpulingjun033181100083:6452:10640 [0] NCCL INFO               + PCI[48.0] - PCI/0-7c000 (1000c0301000100b)
[worker-rank56] gpulingjun033181100083:6452:10640 [0] NCCL INFO                             + PCI[48.0] - GPU/0-7e000 (1)
[worker-rank56] gpulingjun033181100083:6452:10640 [0] NCCL INFO                                           + NVL[370.8] - NVS/0
[worker-rank56] gpulingjun033181100083:6452:10640 [0] NCCL INFO                             + PCI[48.0] - NIC/0-7f000
[worker-rank56] gpulingjun033181100083:6452:10640 [0] NCCL INFO + PCI[48.0] - PCI/0-a0000 (1000c0301000100b)
[worker-rank56] gpulingjun033181100083:6452:10640 [0] NCCL INFO               + PCI[48.0] - PCI/0-c4000 (1000c0301000100b)
[worker-rank56] gpulingjun033181100083:6452:10640 [0] NCCL INFO                             + PCI[48.0] - NIC/0-c7000
[worker-rank56] gpulingjun033181100083:6452:10640 [0] NCCL INFO + SYS[10.0] - CPU/1
[worker-rank56] gpulingjun033181100083:6452:10640 [0] NCCL INFO CPU/0-1 (1/1/2)
[worker-rank56] gpulingjun033181100083:6452:10640 [0] NCCL INFO + PCI[48.0] - PCI/0-106000 (1000c0301000100b)
[worker-rank56] gpulingjun033181100083:6452:10640 [0] NCCL INFO               + PCI[48.0] - PCI/0-106000 (1000c0301000100b)
[worker-rank56] gpulingjun033181100083:6452:10640 [0] NCCL INFO                             + PCI[48.0] - NIC/0-108000
[worker-rank56] gpulingjun033181100083:6452:10640 [0] NCCL INFO + PCI[48.0] - PCI/0-1a0000 (1000c0301000100b)
[worker-rank56] gpulingjun033181100083:6452:10640 [0] NCCL INFO               + PCI[48.0] - PCI/0-1a0000 (1000c0301000100b)
[worker-rank56] gpulingjun033181100083:6452:10640 [0] NCCL INFO                             + PCI[48.0] - NIC/0-1a2000
[worker-rank56] gpulingjun033181100083:6452:10640 [0] NCCL INFO + SYS[10.0] - CPU/0
[worker-rank56] gpulingjun033181100083:6452:10640 [0] NCCL INFO ==========================================
[worker-rank56] gpulingjun033181100083:6452:10640 [0] NCCL INFO GPU/8000 :GPU/0-8000 (0/5000.0/LOC) GPU/0-7e000 (2/370.8/NVL) NVS/0-0 (1/370.8/NVL) CPU/0-0 (3/48.0/PHB) CPU/0-1 (4/10.0/SYS) 
[worker-rank56] gpulingjun033181100083:6452:10640 [0] NCCL INFO GPU/7E000 :GPU/0-8000 (2/370.8/NVL) GPU/0-7e000 (0/5000.0/LOC) NVS/0-0 (1/370.8/NVL) CPU/0-0 (3/48.0/PHB) CPU/0-1 (4/10.0/SYS) 
[worker-rank56] gpulingjun033181100083:6452:10640 [0] NCCL INFO Setting affinity for GPU 0 to ffff,ffffffff,00000000,0000ffff,ffffffff
[worker-rank56] gpulingjun033181100083:6452:10640 [0] NCCL INFO Pattern 4, crossNic 0, nChannels 12, bw 30.000000/30.000000, type NVL/PIX, sameChannels 1
[worker-rank56] gpulingjun033181100083:6452:10640 [0] NCCL INFO  0 : GPU/0 GPU/1
[worker-rank56] gpulingjun033181100083:6452:10640 [0] NCCL INFO  1 : GPU/0 GPU/1
[worker-rank56] gpulingjun033181100083:6452:10640 [0] NCCL INFO  2 : GPU/0 GPU/1
[worker-rank56] gpulingjun033181100083:6452:10640 [0] NCCL INFO  3 : GPU/0 GPU/1
[worker-rank56] gpulingjun033181100083:6452:10640 [0] NCCL INFO  4 : GPU/0 GPU/1
[worker-rank56] gpulingjun033181100083:6452:10640 [0] NCCL INFO  5 : GPU/0 GPU/1
[worker-rank56] gpulingjun033181100083:6452:10640 [0] NCCL INFO  6 : GPU/0 GPU/1
[worker-rank56] gpulingjun033181100083:6452:10640 [0] NCCL INFO  7 : GPU/0 GPU/1
[worker-rank56] gpulingjun033181100083:6452:10640 [0] NCCL INFO  8 : GPU/0 GPU/1
[worker-rank56] gpulingjun033181100083:6452:10640 [0] NCCL INFO  9 : GPU/0 GPU/1
[worker-rank56] gpulingjun033181100083:6452:10640 [0] NCCL INFO 10 : GPU/0 GPU/1
[worker-rank56] gpulingjun033181100083:6452:10640 [0] NCCL INFO 11 : GPU/0 GPU/1
[worker-rank56] gpulingjun033181100083:6452:10640 [0] NCCL INFO Pattern 1, crossNic 0, nChannels 12, bw 60.000000/60.000000, type NVL/PIX, sameChannels 0
[worker-rank56] gpulingjun033181100083:6452:10640 [0] NCCL INFO  0 : GPU/0 GPU/1
[worker-rank56] gpulingjun033181100083:6452:10640 [0] NCCL INFO  1 : GPU/0 GPU/1
[worker-rank56] gpulingjun033181100083:6452:10640 [0] NCCL INFO  2 : GPU/0 GPU/1
[worker-rank56] gpulingjun033181100083:6452:10640 [0] NCCL INFO  3 : GPU/0 GPU/1
[worker-rank56] gpulingjun033181100083:6452:10640 [0] NCCL INFO  4 : GPU/0 GPU/1
[worker-rank56] gpulingjun033181100083:6452:10640 [0] NCCL INFO  5 : GPU/0 GPU/1
[worker-rank56] gpulingjun033181100083:6452:10640 [0] NCCL INFO  6 : GPU/1 GPU/0
[worker-rank56] gpulingjun033181100083:6452:10640 [0] NCCL INFO  7 : GPU/1 GPU/0
[worker-rank56] gpulingjun033181100083:6452:10640 [0] NCCL INFO  8 : GPU/1 GPU/0
[worker-rank56] gpulingjun033181100083:6452:10640 [0] NCCL INFO  9 : GPU/1 GPU/0
[worker-rank56] gpulingjun033181100083:6452:10640 [0] NCCL INFO 10 : GPU/1 GPU/0
[worker-rank56] gpulingjun033181100083:6452:10640 [0] NCCL INFO 11 : GPU/1 GPU/0
[worker-rank56] gpulingjun033181100083:6452:10640 [0] NCCL INFO comm 0xf1424b0 rank 0 nRanks 2 nNodes 1 localRanks 2 localRank 0 MNNVL 0
[worker-rank56] gpulingjun033181100083:6452:10640 [0] NCCL INFO Tree 0 : -1 -> 0 -> 1/-1/-1
[worker-rank56] gpulingjun033181100083:6452:10640 [0] NCCL INFO Tree 12 : -1 -> 0 -> 1/-1/-1
[worker-rank56] gpulingjun033181100083:6452:10640 [0] NCCL INFO Tree 1 : -1 -> 0 -> 1/-1/-1
[worker-rank56] gpulingjun033181100083:6452:10640 [0] NCCL INFO Tree 13 : -1 -> 0 -> 1/-1/-1
[worker-rank56] gpulingjun033181100083:6452:10640 [0] NCCL INFO Tree 2 : -1 -> 0 -> 1/-1/-1
[worker-rank56] gpulingjun033181100083:6452:10640 [0] NCCL INFO Tree 14 : -1 -> 0 -> 1/-1/-1
[worker-rank56] gpulingjun033181100083:6452:10640 [0] NCCL INFO Tree 3 : -1 -> 0 -> 1/-1/-1
[worker-rank56] gpulingjun033181100083:6452:10640 [0] NCCL INFO Tree 15 : -1 -> 0 -> 1/-1/-1
[worker-rank56] gpulingjun033181100083:6452:10640 [0] NCCL INFO Tree 4 : -1 -> 0 -> 1/-1/-1
[worker-rank56] gpulingjun033181100083:6452:10640 [0] NCCL INFO Tree 16 : -1 -> 0 -> 1/-1/-1
[worker-rank56] gpulingjun033181100083:6452:10640 [0] NCCL INFO Tree 5 : -1 -> 0 -> 1/-1/-1
[worker-rank56] gpulingjun033181100083:6452:10640 [0] NCCL INFO Tree 17 : -1 -> 0 -> 1/-1/-1
[worker-rank56] gpulingjun033181100083:6452:10640 [0] NCCL INFO Tree 6 : 1 -> 0 -> -1/-1/-1
[worker-rank56] gpulingjun033181100083:6452:10640 [0] NCCL INFO Tree 18 : 1 -> 0 -> -1/-1/-1
[worker-rank56] gpulingjun033181100083:6452:10640 [0] NCCL INFO Tree 7 : 1 -> 0 -> -1/-1/-1
[worker-rank56] gpulingjun033181100083:6452:10640 [0] NCCL INFO Tree 19 : 1 -> 0 -> -1/-1/-1
[worker-rank56] gpulingjun033181100083:6452:10640 [0] NCCL INFO Tree 8 : 1 -> 0 -> -1/-1/-1
[worker-rank56] gpulingjun033181100083:6452:10640 [0] NCCL INFO Tree 20 : 1 -> 0 -> -1/-1/-1
[worker-rank56] gpulingjun033181100083:6452:10640 [0] NCCL INFO Tree 9 : 1 -> 0 -> -1/-1/-1
[worker-rank56] gpulingjun033181100083:6452:10640 [0] NCCL INFO Tree 21 : 1 -> 0 -> -1/-1/-1
[worker-rank56] gpulingjun033181100083:6452:10640 [0] NCCL INFO Tree 10 : 1 -> 0 -> -1/-1/-1
[worker-rank56] gpulingjun033181100083:6452:10640 [0] NCCL INFO Tree 22 : 1 -> 0 -> -1/-1/-1
[worker-rank56] gpulingjun033181100083:6452:10640 [0] NCCL INFO Tree 11 : 1 -> 0 -> -1/-1/-1
[worker-rank56] gpulingjun033181100083:6452:10640 [0] NCCL INFO Tree 23 : 1 -> 0 -> -1/-1/-1
[worker-rank56] gpulingjun033181100083:6452:10640 [0] NCCL INFO Channel 00/24 :    0   1
[worker-rank56] gpulingjun033181100083:6452:10640 [0] NCCL INFO Channel 01/24 :    0   1
[worker-rank56] gpulingjun033181100083:6452:10640 [0] NCCL INFO Channel 02/24 :    0   1
[worker-rank56] gpulingjun033181100083:6452:10640 [0] NCCL INFO Channel 03/24 :    0   1
[worker-rank56] gpulingjun033181100083:6452:10640 [0] NCCL INFO Channel 04/24 :    0   1
[worker-rank56] gpulingjun033181100083:6452:10640 [0] NCCL INFO Channel 05/24 :    0   1
[worker-rank56] gpulingjun033181100083:6452:10640 [0] NCCL INFO Channel 06/24 :    0   1
[worker-rank56] gpulingjun033181100083:6452:10640 [0] NCCL INFO Channel 07/24 :    0   1
[worker-rank56] gpulingjun033181100083:6452:10640 [0] NCCL INFO Channel 08/24 :    0   1
[worker-rank56] gpulingjun033181100083:6452:10640 [0] NCCL INFO Channel 09/24 :    0   1
[worker-rank56] gpulingjun033181100083:6452:10640 [0] NCCL INFO Channel 10/24 :    0   1
[worker-rank56] gpulingjun033181100083:6452:10640 [0] NCCL INFO Channel 11/24 :    0   1
[worker-rank56] gpulingjun033181100083:6452:10640 [0] NCCL INFO Channel 12/24 :    0   1
[worker-rank56] gpulingjun033181100083:6452:10640 [0] NCCL INFO Channel 13/24 :    0   1
[worker-rank56] gpulingjun033181100083:6452:10640 [0] NCCL INFO Channel 14/24 :    0   1
[worker-rank56] gpulingjun033181100083:6452:10640 [0] NCCL INFO Channel 15/24 :    0   1
[worker-rank56] gpulingjun033181100083:6452:10640 [0] NCCL INFO Channel 16/24 :    0   1
[worker-rank56] gpulingjun033181100083:6452:10640 [0] NCCL INFO Channel 17/24 :    0   1
[worker-rank56] gpulingjun033181100083:6452:10640 [0] NCCL INFO Channel 18/24 :    0   1
[worker-rank56] gpulingjun033181100083:6452:10640 [0] NCCL INFO Channel 19/24 :    0   1
[worker-rank56] gpulingjun033181100083:6452:10640 [0] NCCL INFO Channel 20/24 :    0   1
[worker-rank56] gpulingjun033181100083:6452:10640 [0] NCCL INFO Channel 21/24 :    0   1
[worker-rank56] gpulingjun033181100083:6452:10640 [0] NCCL INFO Channel 22/24 :    0   1
[worker-rank56] gpulingjun033181100083:6452:10640 [0] NCCL INFO Channel 23/24 :    0   1
[worker-rank56] gpulingjun033181100083:6452:10640 [0] NCCL INFO Ring 00 : 1 -> 0 -> 1
[worker-rank56] gpulingjun033181100083:6452:10640 [0] NCCL INFO Ring 01 : 1 -> 0 -> 1
[worker-rank56] gpulingjun033181100083:6452:10640 [0] NCCL INFO Ring 02 : 1 -> 0 -> 1
[worker-rank56] gpulingjun033181100083:6452:10640 [0] NCCL INFO Ring 03 : 1 -> 0 -> 1
[worker-rank56] gpulingjun033181100083:6452:10640 [0] NCCL INFO Ring 04 : 1 -> 0 -> 1
[worker-rank56] gpulingjun033181100083:6452:10640 [0] NCCL INFO Ring 05 : 1 -> 0 -> 1
[worker-rank56] gpulingjun033181100083:6452:10640 [0] NCCL INFO Ring 06 : 1 -> 0 -> 1
[worker-rank56] gpulingjun033181100083:6452:10640 [0] NCCL INFO Ring 07 : 1 -> 0 -> 1
[worker-rank56] gpulingjun033181100083:6452:10640 [0] NCCL INFO Ring 08 : 1 -> 0 -> 1
[worker-rank56] gpulingjun033181100083:6452:10640 [0] NCCL INFO Ring 09 : 1 -> 0 -> 1
[worker-rank56] gpulingjun033181100083:6452:10640 [0] NCCL INFO Ring 10 : 1 -> 0 -> 1
[worker-rank56] gpulingjun033181100083:6452:10640 [0] NCCL INFO Ring 11 : 1 -> 0 -> 1
[worker-rank56] gpulingjun033181100083:6452:10640 [0] NCCL INFO Ring 12 : 1 -> 0 -> 1
[worker-rank56] gpulingjun033181100083:6452:10640 [0] NCCL INFO Ring 13 : 1 -> 0 -> 1
[worker-rank56] gpulingjun033181100083:6452:10640 [0] NCCL INFO Ring 14 : 1 -> 0 -> 1
[worker-rank56] gpulingjun033181100083:6452:10640 [0] NCCL INFO Ring 15 : 1 -> 0 -> 1
[worker-rank56] gpulingjun033181100083:6452:10640 [0] NCCL INFO Ring 16 : 1 -> 0 -> 1
[worker-rank56] gpulingjun033181100083:6452:10640 [0] NCCL INFO Ring 17 : 1 -> 0 -> 1
[worker-rank56] gpulingjun033181100083:6452:10640 [0] NCCL INFO Ring 18 : 1 -> 0 -> 1
[worker-rank56] gpulingjun033181100083:6452:10640 [0] NCCL INFO Ring 19 : 1 -> 0 -> 1
[worker-rank56] gpulingjun033181100083:6452:10640 [0] NCCL INFO Ring 20 : 1 -> 0 -> 1
[worker-rank56] gpulingjun033181100083:6452:10640 [0] NCCL INFO Ring 21 : 1 -> 0 -> 1
[worker-rank56] gpulingjun033181100083:6452:10640 [0] NCCL INFO Ring 22 : 1 -> 0 -> 1
[worker-rank56] gpulingjun033181100083:6452:10640 [0] NCCL INFO Ring 23 : 1 -> 0 -> 1
[worker-rank56] gpulingjun033181100083:6452:10640 [0] NCCL INFO Trees [0] 1/-1/-1->0->-1 [1] 1/-1/-1->0->-1 [2] 1/-1/-1->0->-1 [3] 1/-1/-1->0->-1 [4] 1/-1/-1->0->-1 [5] 1/-1/-1->0->-1 [6] -1/-1/-1->0->1 [7] -1/-1/-1->0->1 [8] -1/-1/-1->0->1 [9] -1/-1/-1->0->1 [10] -1/-1/-1->0->1 [11] -1/-1/-1->0->1 [12] 1/-1/-1->0->-1 [13] 1/-1/-1->0->-1 [14] 1/-1/-1->0->-1 [15] 1/-1/-1->0->-1 [16] 1/-1/-1->0->-1 [17] 1/-1/-1->0->-1 [18] -1/-1/-1->0->1 [19] -1/-1/-1->0->1 [20] -1/-1/-1->0->1 [21] -1/-1/-1->0->1 [22] -1/-1/-1->0->1 [23] -1/-1/-1->0->1
[worker-rank56] gpulingjun033181100083:6452:10640 [0] NCCL INFO P2P Chunksize set to 524288
[worker-rank56] gpulingjun033181100083:6452:10640 [0] NCCL INFO Channel 00/0 : 0[0] -> 1[1] via P2P/CUMEM
[worker-rank56] gpulingjun033181100083:6452:10640 [0] NCCL INFO Channel 01/0 : 0[0] -> 1[1] via P2P/CUMEM
[worker-rank56] gpulingjun033181100083:6452:10640 [0] NCCL INFO Channel 02/0 : 0[0] -> 1[1] via P2P/CUMEM
[worker-rank56] gpulingjun033181100083:6452:10640 [0] NCCL INFO Channel 03/0 : 0[0] -> 1[1] via P2P/CUMEM
[worker-rank56] gpulingjun033181100083:6452:10640 [0] NCCL INFO Channel 04/0 : 0[0] -> 1[1] via P2P/CUMEM
[worker-rank56] gpulingjun033181100083:6452:10640 [0] NCCL INFO Channel 05/0 : 0[0] -> 1[1] via P2P/CUMEM
[worker-rank56] gpulingjun033181100083:6452:10640 [0] NCCL INFO Channel 06/0 : 0[0] -> 1[1] via P2P/CUMEM
[worker-rank56] gpulingjun033181100083:6452:10640 [0] NCCL INFO Channel 07/0 : 0[0] -> 1[1] via P2P/CUMEM
[worker-rank56] gpulingjun033181100083:6452:10640 [0] NCCL INFO Channel 08/0 : 0[0] -> 1[1] via P2P/CUMEM
[worker-rank56] gpulingjun033181100083:6452:10640 [0] NCCL INFO Channel 09/0 : 0[0] -> 1[1] via P2P/CUMEM
[worker-rank56] gpulingjun033181100083:6452:10640 [0] NCCL INFO Channel 10/0 : 0[0] -> 1[1] via P2P/CUMEM
[worker-rank56] gpulingjun033181100083:6452:10640 [0] NCCL INFO Channel 11/0 : 0[0] -> 1[1] via P2P/CUMEM
[worker-rank56] gpulingjun033181100083:6452:10640 [0] NCCL INFO Channel 12/0 : 0[0] -> 1[1] via P2P/CUMEM
[worker-rank56] gpulingjun033181100083:6452:10640 [0] NCCL INFO Channel 13/0 : 0[0] -> 1[1] via P2P/CUMEM
[worker-rank56] gpulingjun033181100083:6452:10640 [0] NCCL INFO Channel 14/0 : 0[0] -> 1[1] via P2P/CUMEM
[worker-rank56] gpulingjun033181100083:6452:10640 [0] NCCL INFO Channel 15/0 : 0[0] -> 1[1] via P2P/CUMEM
[worker-rank56] gpulingjun033181100083:6452:10640 [0] NCCL INFO Channel 16/0 : 0[0] -> 1[1] via P2P/CUMEM
[worker-rank56] gpulingjun033181100083:6452:10640 [0] NCCL INFO Channel 17/0 : 0[0] -> 1[1] via P2P/CUMEM
[worker-rank56] gpulingjun033181100083:6452:10640 [0] NCCL INFO Channel 18/0 : 0[0] -> 1[1] via P2P/CUMEM
[worker-rank56] gpulingjun033181100083:6452:10640 [0] NCCL INFO Channel 19/0 : 0[0] -> 1[1] via P2P/CUMEM
[worker-rank56] gpulingjun033181100083:6452:10640 [0] NCCL INFO Channel 20/0 : 0[0] -> 1[1] via P2P/CUMEM
[worker-rank56] gpulingjun033181100083:6452:10640 [0] NCCL INFO Channel 21/0 : 0[0] -> 1[1] via P2P/CUMEM
[worker-rank56] gpulingjun033181100083:6452:10640 [0] NCCL INFO Channel 22/0 : 0[0] -> 1[1] via P2P/CUMEM
[worker-rank56] gpulingjun033181100083:6452:10640 [0] NCCL INFO Channel 23/0 : 0[0] -> 1[1] via P2P/CUMEM
[worker-rank56] gpulingjun033181100083:6452:10640 [0] NCCL INFO Connected all rings
[worker-rank56] gpulingjun033181100083:6452:10640 [0] NCCL INFO Connected all trees
[worker-rank56] gpulingjun033181100083:6452:10640 [0] NCCL INFO   Algorithm   |                            Tree                  |                            Ring                  |                   CollNetDirect                  |
[worker-rank56] gpulingjun033181100083:6452:10640 [0] NCCL INFO   Protocol    |             LL |          LL128 |         Simple |             LL |          LL128 |         Simple |             LL |          LL128 |         Simple |
[worker-rank56] gpulingjun033181100083:6452:10640 [0] NCCL INFO  Max NThreads |            512 |            640 |            512 |            512 |            640 |            512 |              0 |              0 |            640 |
[worker-rank56] gpulingjun033181100083:6452:10640 [0] NCCL INFO     Broadcast |     0.0/   0.0 |     0.0/   0.0 |     0.0/   0.0 |     7.2/ 141.0 |    15.9/ 331.2 |    11.8/ 360.0 |     0.0/   0.0 |     0.0/   0.0 |     0.0/   0.0 |
[worker-rank56] gpulingjun033181100083:6452:10640 [0] NCCL INFO        Reduce |     0.0/   0.0 |     0.0/   0.0 |     0.0/   0.0 |     7.2/ 141.0 |    15.9/ 331.2 |    11.8/ 360.0 |     0.0/   0.0 |     0.0/   0.0 |     0.0/   0.0 |
[worker-rank56] gpulingjun033181100083:6452:10640 [0] NCCL INFO     AllGather |     0.0/   0.0 |     0.0/   0.0 |     0.0/   0.0 |     7.2/ 282.0 |    15.9/ 662.4 |    11.8/ 720.0 |     0.8/   0.0 |     0.8/   0.0 |    39.2/   0.0 |
[worker-rank56] gpulingjun033181100083:6452:10640 [0] NCCL INFO ReduceScatter |     0.0/   0.0 |     0.0/   0.0 |     0.0/   0.0 |     7.2/ 282.0 |    15.9/ 662.4 |    11.8/ 720.0 |     0.8/   0.0 |     0.8/   0.0 |    39.2/   0.0 |
[worker-rank56] gpulingjun033181100083:6452:10640 [0] NCCL INFO     AllReduce |     8.0/  61.1 |    16.5/ 180.6 |    56.0/ 232.2 |     7.8/ 141.0 |    17.8/ 331.2 |    15.2/ 360.0 |     0.8/   0.0 |     0.8/   0.0 |    39.2/   0.0 |
[worker-rank56] gpulingjun033181100083:6452:10640 [0] NCCL INFO   Algorithm   |                    CollNetChain                  |                            NVLS                  |                        NVLSTree                  |
[worker-rank56] gpulingjun033181100083:6452:10640 [0] NCCL INFO   Protocol    |             LL |          LL128 |         Simple |             LL |          LL128 |         Simple |             LL |          LL128 |         Simple |
[worker-rank56] gpulingjun033181100083:6452:10640 [0] NCCL INFO  Max NThreads |              0 |              0 |            640 |              0 |              0 |            640 |              0 |              0 |            640 |
[worker-rank56] gpulingjun033181100083:6452:10640 [0] NCCL INFO     Broadcast |     0.0/   0.0 |     0.0/   0.0 |     0.0/   0.0 |     0.0/   0.0 |     0.0/   0.0 |     0.0/   0.0 |     0.0/   0.0 |     0.0/   0.0 |     0.0/   0.0 |
[worker-rank56] gpulingjun033181100083:6452:10640 [0] NCCL INFO        Reduce |     0.0/   0.0 |     0.0/   0.0 |     0.0/   0.0 |     0.0/   0.0 |     0.0/   0.0 |     0.0/   0.0 |     0.0/   0.0 |     0.0/   0.0 |     0.0/   0.0 |
[worker-rank56] gpulingjun033181100083:6452:10640 [0] NCCL INFO     AllGather |     0.0/   0.0 |     0.0/   0.0 |     0.0/   0.0 |     0.0/   0.0 |     0.0/   0.0 |     0.0/   0.0 |     0.0/   0.0 |     0.0/   0.0 |     0.0/   0.0 |
[worker-rank56] gpulingjun033181100083:6452:10640 [0] NCCL INFO ReduceScatter |     0.0/   0.0 |     0.0/   0.0 |     0.0/   0.0 |     0.0/   0.0 |     0.0/   0.0 |     0.0/   0.0 |     0.0/   0.0 |     0.0/   0.0 |     0.0/   0.0 |
[worker-rank56] gpulingjun033181100083:6452:10640 [0] NCCL INFO     AllReduce |     0.0/   0.0 |     0.0/   0.0 |    35.6/   0.0 |     0.0/   0.0 |     0.0/   0.0 |     0.0/   0.0 |     0.0/   0.0 |     0.0/   0.0 |     0.0/   0.0 |
[worker-rank56] gpulingjun033181100083:6452:10640 [0] NCCL INFO threadThresholds 8/8/64 | 16/8/64 | 512 | 512
[worker-rank56] gpulingjun033181100083:6452:10640 [0] NCCL INFO 24 coll channels, 24 collnet channels, 0 nvls channels, 32 p2p channels, 32 p2p channels per peer
[worker-rank56] gpulingjun033181100083:6452:10640 [0] NCCL INFO ncclCommInitRank comm 0xf1424b0 rank 0 nranks 2 cudaDev 0 nvmlDev 0 busId 8000 commId 0xbfe705a0e4190513 - Init COMPLETE
[worker-rank56] gpulingjun033181100083:6452:10666 [0] NCCL INFO Channel 00/1 : 0[0] -> 1[1] via P2P/CUMEM
[worker-rank56] gpulingjun033181100083:6452:10666 [0] NCCL INFO Channel 01/1 : 0[0] -> 1[1] via P2P/CUMEM
[worker-rank56] gpulingjun033181100083:6452:10666 [0] NCCL INFO Channel 02/1 : 0[0] -> 1[1] via P2P/CUMEM
[worker-rank56] gpulingjun033181100083:6452:10666 [0] NCCL INFO Channel 03/1 : 0[0] -> 1[1] via P2P/CUMEM
[worker-rank56] gpulingjun033181100083:6452:10666 [0] NCCL INFO Channel 04/1 : 0[0] -> 1[1] via P2P/CUMEM
[worker-rank56] gpulingjun033181100083:6452:10666 [0] NCCL INFO Channel 05/1 : 0[0] -> 1[1] via P2P/CUMEM
[worker-rank56] gpulingjun033181100083:6452:10666 [0] NCCL INFO Channel 06/1 : 0[0] -> 1[1] via P2P/CUMEM
[worker-rank56] gpulingjun033181100083:6452:10666 [0] NCCL INFO Channel 07/1 : 0[0] -> 1[1] via P2P/CUMEM
[worker-rank56] gpulingjun033181100083:6452:10666 [0] NCCL INFO Channel 08/1 : 0[0] -> 1[1] via P2P/CUMEM
[worker-rank56] gpulingjun033181100083:6452:10666 [0] NCCL INFO Channel 09/1 : 0[0] -> 1[1] via P2P/CUMEM
[worker-rank56] gpulingjun033181100083:6452:10666 [0] NCCL INFO Channel 10/1 : 0[0] -> 1[1] via P2P/CUMEM
[worker-rank56] gpulingjun033181100083:6452:10666 [0] NCCL INFO Channel 11/1 : 0[0] -> 1[1] via P2P/CUMEM
[worker-rank56] gpulingjun033181100083:6452:10666 [0] NCCL INFO Channel 12/1 : 0[0] -> 1[1] via P2P/CUMEM
[worker-rank56] gpulingjun033181100083:6452:10666 [0] NCCL INFO Channel 13/1 : 0[0] -> 1[1] via P2P/CUMEM
[worker-rank56] gpulingjun033181100083:6452:10666 [0] NCCL INFO Channel 14/1 : 0[0] -> 1[1] via P2P/CUMEM
[worker-rank56] gpulingjun033181100083:6452:10666 [0] NCCL INFO Channel 15/1 : 0[0] -> 1[1] via P2P/CUMEM
[worker-rank56] gpulingjun033181100083:6452:10666 [0] NCCL INFO Channel 16/1 : 0[0] -> 1[1] via P2P/CUMEM
[worker-rank56] gpulingjun033181100083:6452:10666 [0] NCCL INFO Channel 17/1 : 0[0] -> 1[1] via P2P/CUMEM
[worker-rank56] gpulingjun033181100083:6452:10666 [0] NCCL INFO Channel 18/1 : 0[0] -> 1[1] via P2P/CUMEM
[worker-rank56] gpulingjun033181100083:6452:10666 [0] NCCL INFO Channel 19/1 : 0[0] -> 1[1] via P2P/CUMEM
[worker-rank56] gpulingjun033181100083:6452:10666 [0] NCCL INFO Channel 20/1 : 0[0] -> 1[1] via P2P/CUMEM
[worker-rank56] gpulingjun033181100083:6452:10666 [0] NCCL INFO Channel 21/1 : 0[0] -> 1[1] via P2P/CUMEM
[worker-rank56] gpulingjun033181100083:6452:10666 [0] NCCL INFO Channel 22/1 : 0[0] -> 1[1] via P2P/CUMEM
[worker-rank56] gpulingjun033181100083:6452:10666 [0] NCCL INFO Channel 23/1 : 0[0] -> 1[1] via P2P/CUMEM
[worker-rank56] gpulingjun033181100083:6452:10666 [0] NCCL INFO Channel 24/1 : 0[0] -> 1[1] via P2P/CUMEM
[worker-rank56] gpulingjun033181100083:6452:10666 [0] NCCL INFO Channel 25/1 : 0[0] -> 1[1] via P2P/CUMEM
[worker-rank56] gpulingjun033181100083:6452:10666 [0] NCCL INFO Channel 26/1 : 0[0] -> 1[1] via P2P/CUMEM
[worker-rank56] gpulingjun033181100083:6452:10666 [0] NCCL INFO Channel 27/1 : 0[0] -> 1[1] via P2P/CUMEM
[worker-rank56] gpulingjun033181100083:6452:10666 [0] NCCL INFO Channel 28/1 : 0[0] -> 1[1] via P2P/CUMEM
[worker-rank56] gpulingjun033181100083:6452:10666 [0] NCCL INFO Channel 29/1 : 0[0] -> 1[1] via P2P/CUMEM
[worker-rank56] gpulingjun033181100083:6452:10666 [0] NCCL INFO Channel 30/1 : 0[0] -> 1[1] via P2P/CUMEM
[worker-rank56] gpulingjun033181100083:6452:10666 [0] NCCL INFO Channel 31/1 : 0[0] -> 1[1] via P2P/CUMEM
[worker-rank56] [deepspeed-real][2026-07-27 19:11:59][rank=56] FATAL AssertionError: checkpoint count 4 is different from saved mp_world_size 8
[worker-rank56] [rank56]: Traceback (most recent call last):
[worker-rank56] [rank56]:   File "/root/workdir/antllm/bsr2/deepspeed_qwen3_moe_pretrain.py", line 919, in <module>
[worker-rank56] [rank56]:     exit_code = main()
[worker-rank56] [rank56]:   File "/root/workdir/antllm/bsr2/deepspeed_qwen3_moe_pretrain.py", line 756, in main
[worker-rank56] [rank56]:     engine, _, _, _ = deepspeed.initialize(
[worker-rank56] [rank56]:   File "/root/workdir/antllm/bsr2/DeepSpeed/deepspeed/__init__.py", line 281, in initialize
[worker-rank56] [rank56]:     attach_engine(engine)
[worker-rank56] [rank56]:   File "/root/workdir/antllm/bsr2/deepspeed_adapter/moegambit_deepspeed/integration.py", line 231, in attach_engine
[worker-rank56] [rank56]:     runtime = DeepSpeedRecoveryRuntime(engine, settings).start()
[worker-rank56] [rank56]:   File "/root/workdir/antllm/bsr2/deepspeed_adapter/moegambit_deepspeed/integration.py", line 80, in start
[worker-rank56] [rank56]:     self._restore_after_elastic_restart()
[worker-rank56] [rank56]:   File "/root/workdir/antllm/bsr2/deepspeed_adapter/moegambit_deepspeed/integration.py", line 100, in _restore_after_elastic_restart
[worker-rank56] [rank56]:     load_path, _ = self.engine.load_checkpoint(
[worker-rank56] [rank56]:   File "/root/workdir/antllm/bsr2/DeepSpeed/deepspeed/runtime/engine.py", line 4146, in load_checkpoint
[worker-rank56] [rank56]:     load_path, client_states = self._load_checkpoint(load_dir,
[worker-rank56] [rank56]:   File "/root/workdir/antllm/bsr2/DeepSpeed/deepspeed/runtime/engine.py", line 4262, in _load_checkpoint
[worker-rank56] [rank56]:     sd_loader = SDLoaderFactory.get_sd_loader(ckpt_list, checkpoint_engine=self.checkpoint_engine)
[worker-rank56] [rank56]:   File "/root/workdir/antllm/bsr2/DeepSpeed/deepspeed/runtime/state_dict_factory.py", line 43, in get_sd_loader
[worker-rank56] [rank56]:     return MegatronSDLoader(ckpt_list, version, checkpoint_engine)
[worker-rank56] [rank56]:   File "/root/workdir/antllm/bsr2/DeepSpeed/deepspeed/runtime/state_dict_factory.py", line 193, in __init__
[worker-rank56] [rank56]:     super().__init__(ckpt_list, version, checkpoint_engine)
[worker-rank56] [rank56]:   File "/root/workdir/antllm/bsr2/DeepSpeed/deepspeed/runtime/state_dict_factory.py", line 55, in __init__
[worker-rank56] [rank56]:     self.check_ckpt_list()
[worker-rank56] [rank56]:   File "/root/workdir/antllm/bsr2/DeepSpeed/deepspeed/runtime/state_dict_factory.py", line 174, in check_ckpt_list
[worker-rank56] [rank56]:     assert len(self.ckpt_list) == sd[
[worker-rank56] [rank56]: AssertionError: checkpoint count 4 is different from saved mp_world_size 8
[worker-rank56] [rank56]:[W727 19:11:59.020046007 ProcessGroupNCCL.cpp:1496] Warning: WARNING: destroy_process_group() was not called before program exit, which can leak resources. For more info, please see https://pytorch.org/docs/stable/distributed.html#shutdown (function operator())
[worker-rank56] gpulingjun033181100083:6452:10662 [0] NCCL INFO [Service thread] Connection closed by localRank 0
[worker-rank56] gpulingjun033181100083:6452:10750 [0] NCCL INFO comm 0xf1424b0 rank 0 nranks 2 cudaDev 0 busId 8000 - Abort COMPLETE
[2026-07-27 19:12:02,405] [ERROR] [launch.py:343:sigkill_handler] ['/opt/conda/bin/python3', '-u', '/root/workdir/antllm/bsr2/deepspeed_qwen3_moe_pretrain.py', '--local_rank=7', '--case-name', 'hot_swap_pp8_ep8', '--model-config', '/root/workdir/antllm/bsr2/tokenizer', '--data-path', '/mnt/ais-c1/dataset/zds/bigdata/my_qwen3_data_text_document', '--checkpoint-dir', '/mnt/ais-c1/dataset/zds/731hotspare/deepspeed_real/hotspare123-ds-001/hot_swap_pp8_ep8/checkpoint', '--state-dir', '/mnt/ais-c1/dataset/zds/731hotspare/deepspeed_real/hotspare123-ds-001/hot_swap_pp8_ep8/state', '--pipeline-parallel-size', '8', '--expert-parallel-size', '8', '--zero-stage', '1', '--micro-batch-size', '1', '--gradient-accumulation-steps', '1', '--sequence-length', '4096', '--train-iters', '100', '--fault-step', '17', '--fault-rank', '1', '--activation-checkpointing', '1'] exits with return code = 1
2026-07-27 19:12:04,170 ERROR __main__: worker failure diagnostic physical_node=7 logical_node=7 epoch=1:
fatal artifact=/mnt/ais-c1/dataset/zds/731hotspare/deepspeed_real/hotspare123-ds-001/hot_swap_pp8_ep8/state/errors/epoch_1_rank_56.json rank=56: AssertionError: checkpoint count 4 is different from saved mp_world_size 8
Traceback (most recent call last):
  File "/root/workdir/antllm/bsr2/deepspeed_qwen3_moe_pretrain.py", line 919, in <module>
    exit_code = main()
  File "/root/workdir/antllm/bsr2/deepspeed_qwen3_moe_pretrain.py", line 756, in main
    engine, _, _, _ = deepspeed.initialize(
  File "/root/workdir/antllm/bsr2/DeepSpeed/deepspeed/__init__.py", line 281, in initialize
    attach_engine(engine)
  File "/root/workdir/antllm/bsr2/deepspeed_adapter/moegambit_deepspeed/integration.py", line 231, in attach_engine
    runtime = DeepSpeedRecoveryRuntime(engine, settings).start()
  File "/root/workdir/antllm/bsr2/deepspeed_adapter/moegambit_deepspeed/integration.py", line 80, in start
    self._restore_after_elastic_restart()
  File "/root/workdir/antllm/bsr2/deepspeed_adapter/moegambit_deepspeed/integration.py", line 100, in _restore_after_elastic_restart
    load_path, _ = self.engine.load_checkpoint(
  File "/root/workdir/antllm/bsr2/DeepSpeed/deepspeed/runtime/engine.py", line 4146, in load_checkpoint
    load_path, client_states = self._load_checkpoint(load_dir,
  File "/root/workdir/antllm/bsr2/DeepSpeed/deepspeed/runtime/engine.py", line 4262, in _load_checkpoint
    sd_loader = SDLoaderFactory.get_sd_loader(ckpt_list, checkpoint_engine=self.checkpoint_engine)
  File "/root/workdir/antllm/bsr2/DeepSpeed/deepspeed/runtime/state_dict_factory.py", line 43, in get_sd_loader
    return MegatronSDLoader(ckpt_list, version, checkpoint_engine)
  File "/root/workdir/antllm/bsr2/DeepSpeed/deepspeed/runtime/state_dict_factory.py", line 193, in __init__
    super().__init__(ckpt_list, version, checkpoint_engine)
  File "/root/workdir/antllm/bsr2/DeepSpeed/deepspeed/runtime/state_dict_factory.py", line 55, in __init__
    self.check_ckpt_list()
  File "/root/workdir/antllm/bsr2/DeepSpeed/deepspeed/runtime/state_dict_factory.py", line 174, in check_ckpt_list
    assert len(self.ckpt_list) == sd[
AssertionError: checkpoint count 4 is different from saved mp_world_size 8
2026-07-27 19:12:04,190 ERROR __main__: hot-spare recovery aborted: no hot spare available for logical node 7: runner_exit_1
