INFO:megatron.core.transformer.moe.bsr_integration:BSR-MoE: loading expert (layer=335, id=0) from checkpoint /mnt/ais-c1/dataset/zds/4.20/1 (step=-1, location=)
INFO:megatron.core.transformer.moe.bsr_integration:BSR-MoE: loading expert (layer=336, id=0) from checkpoint /mnt/ais-c1/dataset/zds/4.20/1 (step=-1, location=)
INFO:megatron.core.transformer.moe.bsr_integration:BSR-MoE: loading expert (layer=337, id=0) from checkpoint /mnt/ais-c1/dataset/zds/4.20/1 (step=-1, location=)
INFO:megatron.core.transformer.moe.bsr_integration:BSR-MoE: loading expert (layer=338, id=0) from checkpoint /mnt/ais-c1/dataset/zds/4.20/1 (step=-1, location=)
INFO:megatron.core.transformer.moe.bsr_integration:BSR-MoE: loading expert (layer=339, id=0) from checkpoint /mnt/ais-c1/dataset/zds/4.20/1 (step=-1, location=)
INFO:megatron.core.transformer.moe.bsr_integration:BSR-MoE: loading expert (layer=340, id=0) from checkpoint /mnt/ais-c1/dataset/zds/4.20/1 (step=-1, location=)
INFO:megatron.core.transformer.moe.bsr_integration:BSR-MoE: loading expert (layer=341, id=0) from checkpoint /mnt/ais-c1/dataset/zds/4.20/1 (step=-1, location=)
INFO:megatron.core.transformer.moe.expert_health_manager:BSR-MoE layer 38: experts [0, 1] → STALE_RUNNABLE (step=60)
INFO:megatron.core.transformer.moe.bsr_integration:BSR-MoE: loading expert (layer=342, id=0) from checkpoint /mnt/ais-c1/dataset/zds/4.20/1 (step=-1, location=)
INFO:megatron.core.transformer.moe.bsr_integration:BSR-MoE: loading expert (layer=343, id=0) from checkpoint /mnt/ais-c1/dataset/zds/4.20/1 (step=-1, location=)
INFO:megatron.core.transformer.moe.bsr_integration:BSR-MoE: loading expert (layer=344, id=0) from checkpoint /mnt/ais-c1/dataset/zds/4.20/1 (step=-1, location=)
INFO:megatron.core.transformer.moe.bsr_integration:BSR-MoE: loading expert (layer=345, id=0) from checkpoint /mnt/ais-c1/dataset/zds/4.20/1 (step=-1, location=)
INFO:megatron.core.transformer.moe.bsr_integration:BSR-MoE: loading expert (layer=346, id=0) from checkpoint /mnt/ais-c1/dataset/zds/4.20/1 (step=-1, location=)
INFO:megatron.core.transformer.moe.bsr_integration:BSR-MoE: loading expert (layer=347, id=0) from checkpoint /mnt/ais-c1/dataset/zds/4.20/1 (step=-1, location=)
INFO:megatron.core.transformer.moe.bsr_integration:BSR-MoE: loading expert (layer=348, id=0) from checkpoint /mnt/ais-c1/dataset/zds/4.20/1 (step=-1, location=)
INFO:megatron.core.transformer.moe.bsr_integration:BSR-MoE: loading expert (layer=349, id=0) from checkpoint /mnt/ais-c1/dataset/zds/4.20/1 (step=-1, location=)
INFO:megatron.core.transformer.moe.bsr_integration:BSR-MoE: loading expert (layer=350, id=0) from checkpoint /mnt/ais-c1/dataset/zds/4.20/1 (step=-1, location=)
INFO:megatron.core.transformer.moe.bsr_integration:BSR-MoE: loading expert (layer=259, id=0) from checkpoint /mnt/ais-c1/dataset/zds/4.20/1 (step=-1, location=)
INFO:megatron.core.transformer.moe.bsr_integration:BSR-MoE: loading expert (layer=260, id=0) from checkpoint /mnt/ais-c1/dataset/zds/4.20/1 (step=-1, location=)
INFO:megatron.core.transformer.moe.expert_health_manager:BSR-MoE layer 30: experts [0, 1] → STALE_RUNNABLE (step=60)
INFO:megatron.core.transformer.moe.bsr_integration:BSR-MoE: loading expert (layer=261, id=0) from checkpoint /mnt/ais-c1/dataset/zds/4.20/1 (step=-1, location=)
INFO:megatron.core.transformer.moe.bsr_integration:BSR-MoE: loading expert (layer=262, id=0) from checkpoint /mnt/ais-c1/dataset/zds/4.20/1 (step=-1, location=)
INFO:megatron.core.transformer.moe.bsr_integration:BSR-MoE: loading expert (layer=263, id=0) from checkpoint /mnt/ais-c1/dataset/zds/4.20/1 (step=-1, location=)
INFO:megatron.core.transformer.moe.bsr_integration:BSR-MoE: loading expert (layer=264, id=0) from checkpoint /mnt/ais-c1/dataset/zds/4.20/1 (step=-1, location=)
INFO:megatron.core.transformer.moe.bsr_integration:BSR-MoE: loading expert (layer=265, id=0) from checkpoint /mnt/ais-c1/dataset/zds/4.20/1 (step=-1, location=)
INFO:megatron.core.transformer.moe.bsr_integration:BSR-MoE: loading expert (layer=266, id=0) from checkpoint /mnt/ais-c1/dataset/zds/4.20/1 (step=-1, location=)
INFO:megatron.core.transformer.moe.bsr_integration:BSR-MoE: loading expert (layer=267, id=0) from checkpoint /mnt/ais-c1/dataset/zds/4.20/1 (step=-1, location=)
INFO:megatron.core.transformer.moe.bsr_integration:BSR-MoE: loading expert (layer=268, id=0) from checkpoint /mnt/ais-c1/dataset/zds/4.20/1 (step=-1, location=)
INFO:megatron.core.transformer.moe.bsr_integration:BSR-MoE: loading expert (layer=269, id=0) from checkpoint /mnt/ais-c1/dataset/zds/4.20/1 (step=-1, location=)
INFO:megatron.core.transformer.moe.bsr_integration:BSR-MoE: loading expert (layer=270, id=0) from checkpoint /mnt/ais-c1/dataset/zds/4.20/1 (step=-1, location=)
INFO:megatron.core.transformer.moe.bsr_integration:BSR-MoE: loading expert (layer=271, id=0) from checkpoint /mnt/ais-c1/dataset/zds/4.20/1 (step=-1, location=)
INFO:megatron.core.transformer.moe.bsr_integration:BSR-MoE: loading expert (layer=272, id=0) from checkpoint /mnt/ais-c1/dataset/zds/4.20/1 (step=-1, location=)
INFO:megatron.core.transformer.moe.expert_health_manager:BSR-MoE layer 31: experts [0, 1] → STALE_RUNNABLE (step=60)
INFO:megatron.core.transformer.moe.bsr_integration:BSR-MoE: loading expert (layer=273, id=0) from checkpoint /mnt/ais-c1/dataset/zds/4.20/1 (step=-1, location=)
INFO:megatron.core.transformer.moe.bsr_integration:BSR-MoE: loading expert (layer=274, id=0) from checkpoint /mnt/ais-c1/dataset/zds/4.20/1 (step=-1, location=)
INFO:megatron.core.transformer.moe.bsr_integration:BSR-MoE: loading expert (layer=275, id=0) from checkpoint /mnt/ais-c1/dataset/zds/4.20/1 (step=-1, location=)
INFO:megatron.core.transformer.moe.bsr_integration:BSR-MoE: loading expert (layer=276, id=0) from checkpoint /mnt/ais-c1/dataset/zds/4.20/1 (step=-1, location=)
INFO:megatron.core.transformer.moe.bsr_integration:BSR-MoE: loading expert (layer=277, id=0) from checkpoint /mnt/ais-c1/dataset/zds/4.20/1 (step=-1, location=)
INFO:megatron.core.transformer.moe.bsr_integration:BSR-MoE: loading expert (layer=278, id=0) from checkpoint /mnt/ais-c1/dataset/zds/4.20/1 (step=-1, location=)
INFO:megatron.core.transformer.moe.bsr_integration:BSR-MoE: loading expert (layer=279, id=0) from checkpoint /mnt/ais-c1/dataset/zds/4.20/1 (step=-1, location=)
INFO:megatron.core.transformer.moe.bsr_integration:BSR-MoE: loading expert (layer=280, id=0) from checkpoint /mnt/ais-c1/dataset/zds/4.20/1 (step=-1, location=)
INFO:megatron.core.transformer.moe.bsr_integration:BSR-MoE: loading expert (layer=281, id=0) from checkpoint /mnt/ais-c1/dataset/zds/4.20/1 (step=-1, location=)
INFO:megatron.core.transformer.moe.bsr_integration:BSR-MoE: loading expert (layer=282, id=0) from checkpoint /mnt/ais-c1/dataset/zds/4.20/1 (step=-1, location=)
INFO:megatron.core.transformer.moe.expert_health_manager:BSR-MoE layer 32: experts [0, 1] → STALE_RUNNABLE (step=60)
INFO:megatron.core.transformer.moe.bsr_integration:BSR-MoE: loading expert (layer=283, id=0) from checkpoint /mnt/ais-c1/dataset/zds/4.20/1 (step=-1, location=)
INFO:megatron.core.transformer.moe.bsr_integration:BSR-MoE: loading expert (layer=284, id=0) from checkpoint /mnt/ais-c1/dataset/zds/4.20/1 (step=-1, location=)
INFO:megatron.core.transformer.moe.bsr_integration:BSR-MoE: loading expert (layer=285, id=0) from checkpoint /mnt/ais-c1/dataset/zds/4.20/1 (step=-1, location=)
INFO:megatron.core.transformer.moe.bsr_integration:BSR-MoE: loading expert (layer=286, id=0) from checkpoint /mnt/ais-c1/dataset/zds/4.20/1 (step=-1, location=)
INFO:megatron.core.transformer.moe.bsr_integration:BSR-MoE: loading expert (layer=287, id=0) from checkpoint /mnt/ais-c1/dataset/zds/4.20/1 (step=-1, location=)
INFO:megatron.core.transformer.moe.bsr_integration:BSR-MoE: loading expert (layer=288, id=0) from checkpoint /mnt/ais-c1/dataset/zds/4.20/1 (step=-1, location=)
INFO:megatron.core.transformer.moe.bsr_integration:BSR-MoE: loading expert (layer=289, id=0) from checkpoint /mnt/ais-c1/dataset/zds/4.20/1 (step=-1, location=)
INFO:megatron.core.transformer.moe.bsr_integration:BSR-MoE: loading expert (layer=290, id=0) from checkpoint /mnt/ais-c1/dataset/zds/4.20/1 (step=-1, location=)
INFO:megatron.core.transformer.moe.bsr_integration:BSR-MoE: loading expert (layer=291, id=0) from checkpoint /mnt/ais-c1/dataset/zds/4.20/1 (step=-1, location=)
INFO:megatron.core.transformer.moe.bsr_integration:BSR-MoE: loading expert (layer=292, id=0) from checkpoint /mnt/ais-c1/dataset/zds/4.20/1 (step=-1, location=)
INFO:megatron.core.transformer.moe.bsr_integration:BSR-MoE: loading expert (layer=293, id=0) from checkpoint /mnt/ais-c1/dataset/zds/4.20/1 (step=-1, location=)
INFO:megatron.core.transformer.moe.expert_health_manager:BSR-MoE layer 33: experts [0, 1] → STALE_RUNNABLE (step=60)
INFO:megatron.core.transformer.moe.bsr_integration:BSR-MoE: loading expert (layer=294, id=0) from checkpoint /mnt/ais-c1/dataset/zds/4.20/1 (step=-1, location=)
INFO:megatron.core.transformer.moe.bsr_integration:BSR-MoE: loading expert (layer=295, id=0) from checkpoint /mnt/ais-c1/dataset/zds/4.20/1 (step=-1, location=)
INFO:megatron.core.transformer.moe.bsr_integration:BSR-MoE: loading expert (layer=296, id=0) from checkpoint /mnt/ais-c1/dataset/zds/4.20/1 (step=-1, location=)
INFO:megatron.core.transformer.moe.bsr_integration:BSR-MoE: loading expert (layer=297, id=0) from checkpoint /mnt/ais-c1/dataset/zds/4.20/1 (step=-1, location=)
INFO:megatron.core.transformer.moe.bsr_integration:BSR-MoE: loading expert (layer=298, id=0) from checkpoint /mnt/ais-c1/dataset/zds/4.20/1 (step=-1, location=)
INFO:megatron.core.transformer.moe.bsr_integration:BSR-MoE: loading expert (layer=299, id=0) from checkpoint /mnt/ais-c1/dataset/zds/4.20/1 (step=-1, location=)
INFO:megatron.core.transformer.moe.bsr_integration:BSR-MoE: loading expert (layer=300, id=0) from checkpoint /mnt/ais-c1/dataset/zds/4.20/1 (step=-1, location=)
INFO:megatron.core.transformer.moe.bsr_integration:BSR-MoE: loading expert (layer=301, id=0) from checkpoint /mnt/ais-c1/dataset/zds/4.20/1 (step=-1, location=)
INFO:megatron.core.transformer.moe.bsr_integration:BSR-MoE: loading expert (layer=302, id=0) from checkpoint /mnt/ais-c1/dataset/zds/4.20/1 (step=-1, location=)
INFO:megatron.core.transformer.moe.expert_health_manager:BSR-MoE layer 34: experts [0, 1] → STALE_RUNNABLE (step=60)
INFO:megatron.core.transformer.moe.bsr_integration:BSR-MoE: loading expert (layer=303, id=0) from checkpoint /mnt/ais-c1/dataset/zds/4.20/1 (step=-1, location=)
INFO:megatron.core.transformer.moe.bsr_integration:BSR-MoE: loading expert (layer=304, id=0) from checkpoint /mnt/ais-c1/dataset/zds/4.20/1 (step=-1, location=)
[rank4]:[W420 19:57:15.502872664 ProcessGroupNCCL.cpp:4561] [PG ID 22 PG GUID 91 Rank 0]  using GPU 4 to perform barrier as devices used by this process are currently unknown. This can potentially cause a hang if this rank to GPU mapping is incorrect. Specify device_ids in barrier() to force use of a particular device, or call init_process_group() with a device_id.
INFO:megatron.core.transformer.moe.bsr_integration:BSR-MoE: loading expert (layer=98, id=0) from checkpoint /mnt/ais-c1/dataset/zds/4.20/1 (step=-1, location=)
INFO:megatron.core.transformer.moe.expert_health_manager:BSR-MoE layer 9: experts [0, 1] → STALE_RUNNABLE (step=60)
INFO:megatron.core.transformer.moe.bsr_integration:BSR-MoE: loading expert (layer=99, id=0) from checkpoint /mnt/ais-c1/dataset/zds/4.20/1 (step=-1, location=)
INFO:megatron.core.transformer.moe.bsr_integration:BSR-MoE: loading expert (layer=100, id=0) from checkpoint /mnt/ais-c1/dataset/zds/4.20/1 (step=-1, location=)
INFO:megatron.core.transformer.moe.bsr_integration:BSR-MoE: loading expert (layer=101, id=0) from checkpoint /mnt/ais-c1/dataset/zds/4.20/1 (step=-1, location=)
INFO:megatron.core.transformer.moe.bsr_integration:BSR-MoE: loading expert (layer=102, id=0) from checkpoint /mnt/ais-c1/dataset/zds/4.20/1 (step=-1, location=)
INFO:megatron.core.transformer.moe.bsr_integration:BSR-MoE: loading expert (layer=103, id=0) from checkpoint /mnt/ais-c1/dataset/zds/4.20/1 (step=-1, location=)
INFO:megatron.core.transformer.moe.bsr_integration:BSR-MoE: loading expert (layer=104, id=0) from checkpoint /mnt/ais-c1/dataset/zds/4.20/1 (step=-1, location=)
INFO:megatron.core.transformer.moe.bsr_integration:BSR-MoE: loading expert (layer=105, id=0) from checkpoint /mnt/ais-c1/dataset/zds/4.20/1 (step=-1, location=)
INFO:megatron.core.transformer.moe.bsr_integration:BSR-MoE: loading expert (layer=106, id=0) from checkpoint /mnt/ais-c1/dataset/zds/4.20/1 (step=-1, location=)
INFO:megatron.core.transformer.moe.bsr_integration:BSR-MoE: loading expert (layer=107, id=0) from checkpoint /mnt/ais-c1/dataset/zds/4.20/1 (step=-1, location=)
INFO:megatron.core.transformer.moe.bsr_integration:BSR-MoE: loading expert (layer=108, id=0) from checkpoint /mnt/ais-c1/dataset/zds/4.20/1 (step=-1, location=)
INFO:megatron.core.transformer.moe.bsr_integration:BSR-MoE: loading expert (layer=109, id=0) from checkpoint /mnt/ais-c1/dataset/zds/4.20/1 (step=-1, location=)
INFO:megatron.core.transformer.moe.expert_health_manager:BSR-MoE layer 10: experts [0, 1] → STALE_RUNNABLE (step=60)
INFO:megatron.core.transformer.moe.bsr_integration:BSR-MoE: loading expert (layer=110, id=0) from checkpoint /mnt/ais-c1/dataset/zds/4.20/1 (step=-1, location=)
INFO:megatron.core.transformer.moe.bsr_integration:BSR-MoE: loading expert (layer=111, id=0) from checkpoint /mnt/ais-c1/dataset/zds/4.20/1 (step=-1, location=)
INFO:megatron.core.transformer.moe.bsr_integration:BSR-MoE: loading expert (layer=112, id=0) from checkpoint /mnt/ais-c1/dataset/zds/4.20/1 (step=-1, location=)
INFO:megatron.core.transformer.moe.bsr_integration:BSR-MoE: loading expert (layer=113, id=0) from checkpoint /mnt/ais-c1/dataset/zds/4.20/1 (step=-1, location=)
INFO:megatron.core.transformer.moe.bsr_integration:BSR-MoE: loading expert (layer=114, id=0) from checkpoint /mnt/ais-c1/dataset/zds/4.20/1 (step=-1, location=)
INFO:megatron.core.transformer.moe.bsr_integration:BSR-MoE: loading expert (layer=115, id=0) from checkpoint /mnt/ais-c1/dataset/zds/4.20/1 (step=-1, location=)
INFO:megatron.core.transformer.moe.bsr_integration:BSR-MoE: loading expert (layer=116, id=0) from checkpoint /mnt/ais-c1/dataset/zds/4.20/1 (step=-1, location=)
INFO:megatron.core.transformer.moe.bsr_integration:BSR-MoE: loading expert (layer=117, id=0) from checkpoint /mnt/ais-c1/dataset/zds/4.20/1 (step=-1, location=)
INFO:megatron.core.transformer.moe.bsr_integration:BSR-MoE: loading expert (layer=118, id=0) from checkpoint /mnt/ais-c1/dataset/zds/4.20/1 (step=-1, location=)
INFO:megatron.core.transformer.moe.expert_health_manager:BSR-MoE layer 11: experts [0, 1] → STALE_RUNNABLE (step=60)
INFO:megatron.core.transformer.moe.bsr_integration:BSR-MoE: loading expert (layer=119, id=0) from checkpoint /mnt/ais-c1/dataset/zds/4.20/1 (step=-1, location=)
INFO:megatron.core.transformer.moe.bsr_integration:BSR-MoE: loading expert (layer=120, id=0) from checkpoint /mnt/ais-c1/dataset/zds/4.20/1 (step=-1, location=)
[rank6]:[W420 19:57:15.503098121 ProcessGroupNCCL.cpp:4561] [PG ID 22 PG GUID 91 Rank 2]  using GPU 6 to perform barrier as devices used by this process are currently unknown. This can potentially cause a hang if this rank to GPU mapping is incorrect. Specify device_ids in barrier() to force use of a particular device, or call init_process_group() with a device_id.
[rank4]:[W420 19:57:31.330316986 ProcessGroupNCCL.cpp:4561] [PG ID 23 PG GUID 92 Rank 0]  using GPU 4 to perform barrier as devices used by this process are currently unknown. This can potentially cause a hang if this rank to GPU mapping is incorrect. Specify device_ids in barrier() to force use of a particular device, or call init_process_group() with a device_id.
[rank5]:[W420 19:57:31.330359174 ProcessGroupNCCL.cpp:4561] [PG ID 23 PG GUID 92 Rank 1]  using GPU 5 to perform barrier as devices used by this process are currently unknown. This can potentially cause a hang if this rank to GPU mapping is incorrect. Specify device_ids in barrier() to force use of a particular device, or call init_process_group() with a device_id.
[rank6]:[W420 19:57:31.330435864 ProcessGroupNCCL.cpp:4561] [PG ID 23 PG GUID 92 Rank 2]  using GPU 6 to perform barrier as devices used by this process are currently unknown. This can potentially cause a hang if this rank to GPU mapping is incorrect. Specify device_ids in barrier() to force use of a particular device, or call init_process_group() with a device_id.
[rank7]:[W420 19:57:31.330524044 ProcessGroupNCCL.cpp:4561] [PG ID 23 PG GUID 92 Rank 3]  using GPU 7 to perform barrier as devices used by this process are currently unknown. This can potentially cause a hang if this rank to GPU mapping is incorrect. Specify device_ids in barrier() to force use of a particular device, or call init_process_group() with a device_id.
INFO:megatron.core.transformer.moe.bsr_integration:BSR-MoE: loading expert (layer=121, id=0) from checkpoint /mnt/ais-c1/dataset/zds/4.20/1 (step=-1, location=)
INFO:megatron.core.transformer.moe.bsr_integration:BSR-MoE: loading expert (layer=122, id=0) from checkpoint /mnt/ais-c1/dataset/zds/4.20/1 (step=-1, location=)
INFO:megatron.core.transformer.moe.expert_health_manager:BSR-MoE layer 12: experts [0, 1] → STALE_RUNNABLE (step=60)
INFO:megatron.core.transformer.moe.bsr_integration:BSR-MoE: loading expert (layer=123, id=0) from checkpoint /mnt/ais-c1/dataset/zds/4.20/1 (step=-1, location=)
INFO:megatron.core.transformer.moe.bsr_integration:BSR-MoE: loading expert (layer=124, id=0) from checkpoint /mnt/ais-c1/dataset/zds/4.20/1 (step=-1, location=)
INFO:megatron.core.transformer.moe.bsr_integration:BSR-MoE: loading expert (layer=125, id=0) from checkpoint /mnt/ais-c1/dataset/zds/4.20/1 (step=-1, location=)
INFO:megatron.core.transformer.moe.bsr_integration:BSR-MoE: loading expert (layer=126, id=0) from checkpoint /mnt/ais-c1/dataset/zds/4.20/1 (step=-1, location=)
INFO:megatron.core.transformer.moe.bsr_integration:BSR-MoE: loading expert (layer=127, id=0) from checkpoint /mnt/ais-c1/dataset/zds/4.20/1 (step=-1, location=)
INFO:megatron.core.transformer.moe.bsr_integration:BSR-MoE: loading expert (layer=128, id=0) from checkpoint /mnt/ais-c1/dataset/zds/4.20/1 (step=-1, location=)
INFO:megatron.core.transformer.moe.bsr_integration:BSR-MoE: loading expert (layer=129, id=0) from checkpoint /mnt/ais-c1/dataset/zds/4.20/1 (step=-1, location=)
INFO:megatron.core.transformer.moe.bsr_integration:BSR-MoE: loading expert (layer=130, id=0) from checkpoint /mnt/ais-c1/dataset/zds/4.20/1 (step=-1, location=)
INFO:megatron.core.transformer.moe.bsr_integration:BSR-MoE: loading expert (layer=131, id=0) from checkpoint /mnt/ais-c1/dataset/zds/4.20/1 (step=-1, location=)
INFO:megatron.core.transformer.moe.bsr_integration:BSR-MoE: loading expert (layer=132, id=0) from checkpoint /mnt/ais-c1/dataset/zds/4.20/1 (step=-1, location=)
INFO:megatron.core.transformer.moe.bsr_integration:BSR-MoE: loading expert (layer=133, id=0) from checkpoint /mnt/ais-c1/dataset/zds/4.20/1 (step=-1, location=)
INFO:megatron.core.transformer.moe.bsr_integration:BSR-MoE: loading expert (layer=134, id=0) from checkpoint /mnt/ais-c1/dataset/zds/4.20/1 (step=-1, location=)
INFO:megatron.core.transformer.moe.expert_health_manager:BSR-MoE layer 13: experts [0, 1] → STALE_RUNNABLE (step=60)
INFO:megatron.core.transformer.moe.bsr_integration:BSR-MoE: loading expert (layer=135, id=0) from checkpoint /mnt/ais-c1/dataset/zds/4.20/1 (step=-1, location=)
INFO:megatron.core.transformer.moe.bsr_integration:BSR-MoE: loading expert (layer=136, id=0) from checkpoint /mnt/ais-c1/dataset/zds/4.20/1 (step=-1, location=)
INFO:megatron.core.transformer.moe.bsr_integration:BSR-MoE: loading expert (layer=137, id=0) from checkpoint /mnt/ais-c1/dataset/zds/4.20/1 (step=-1, location=)
INFO:megatron.core.transformer.moe.bsr_integration:BSR-MoE: loading expert (layer=138, id=0) from checkpoint /mnt/ais-c1/dataset/zds/4.20/1 (step=-1, location=)
INFO:megatron.core.transformer.moe.bsr_integration:BSR-MoE: loading expert (layer=139, id=0) from checkpoint /mnt/ais-c1/dataset/zds/4.20/1 (step=-1, location=)
INFO:megatron.core.transformer.moe.bsr_integration:BSR-MoE: loading expert (layer=140, id=0) from checkpoint /mnt/ais-c1/dataset/zds/4.20/1 (step=-1, location=)
INFO:megatron.core.transformer.moe.bsr_integration:BSR-MoE: loading expert (layer=141, id=0) from checkpoint /mnt/ais-c1/dataset/zds/4.20/1 (step=-1, location=)
INFO:megatron.core.transformer.moe.bsr_integration:BSR-MoE: loading expert (layer=142, id=0) from checkpoint /mnt/ais-c1/dataset/zds/4.20/1 (step=-1, location=)
INFO:megatron.core.transformer.moe.bsr_integration:BSR-MoE: loading expert (layer=143, id=0) from checkpoint /mnt/ais-c1/dataset/zds/4.20/1 (step=-1, location=)
INFO:megatron.core.transformer.moe.expert_health_manager:BSR-MoE layer 14: experts [0, 1] → STALE_RUNNABLE (step=60)
INFO:megatron.core.transformer.moe.bsr_integration:BSR-MoE: loading expert (layer=351, id=0) from checkpoint /mnt/ais-c1/dataset/zds/4.20/1 (step=-1, location=)
INFO:megatron.core.transformer.moe.expert_health_manager:BSR-MoE layer 39: experts [0, 1] → STALE_RUNNABLE (step=60)
INFO:megatron.core.transformer.moe.bsr_integration:BSR-MoE: loading expert (layer=352, id=0) from checkpoint /mnt/ais-c1/dataset/zds/4.20/1 (step=-1, location=)
INFO:megatron.core.transformer.moe.bsr_integration:BSR-MoE: loading expert (layer=353, id=0) from checkpoint /mnt/ais-c1/dataset/zds/4.20/1 (step=-1, location=)
INFO:megatron.core.transformer.moe.bsr_integration:BSR-MoE: loading expert (layer=354, id=0) from checkpoint /mnt/ais-c1/dataset/zds/4.20/1 (step=-1, location=)
INFO:megatron.core.transformer.moe.bsr_integration:BSR-MoE: loading expert (layer=355, id=0) from checkpoint /mnt/ais-c1/dataset/zds/4.20/1 (step=-1, location=)
INFO:megatron.core.transformer.moe.bsr_integration:BSR-MoE: loading expert (layer=356, id=0) from checkpoint /mnt/ais-c1/dataset/zds/4.20/1 (step=-1, location=)
INFO:megatron.core.transformer.moe.bsr_integration:BSR-MoE: loading expert (layer=357, id=0) from checkpoint /mnt/ais-c1/dataset/zds/4.20/1 (step=-1, location=)
INFO:megatron.core.transformer.moe.bsr_integration:BSR-MoE: loading expert (layer=358, id=0) from checkpoint /mnt/ais-c1/dataset/zds/4.20/1 (step=-1, location=)
INFO:megatron.core.transformer.moe.bsr_integration:BSR-MoE: loading expert (layer=359, id=0) from checkpoint /mnt/ais-c1/dataset/zds/4.20/1 (step=-1, location=)
INFO:megatron.core.transformer.moe.bsr_integration:BSR-MoE: loading expert (layer=360, id=0) from checkpoint /mnt/ais-c1/dataset/zds/4.20/1 (step=-1, location=)
INFO:megatron.core.transformer.moe.bsr_integration:BSR-MoE: loading expert (layer=361, id=0) from checkpoint /mnt/ais-c1/dataset/zds/4.20/1 (step=-1, location=)
INFO:megatron.core.transformer.moe.bsr_integration:BSR-MoE: loading expert (layer=362, id=0) from checkpoint /mnt/ais-c1/dataset/zds/4.20/1 (step=-1, location=)
INFO:megatron.core.transformer.moe.expert_health_manager:BSR-MoE layer 40: experts [0, 1] → STALE_RUNNABLE (step=60)
INFO:megatron.core.transformer.moe.bsr_integration:BSR-MoE: loading expert (layer=363, id=0) from checkpoint /mnt/ais-c1/dataset/zds/4.20/1 (step=-1, location=)
INFO:megatron.core.transformer.moe.bsr_integration:BSR-MoE: loading expert (layer=364, id=0) from checkpoint /mnt/ais-c1/dataset/zds/4.20/1 (step=-1, location=)
INFO:megatron.core.transformer.moe.bsr_integration:BSR-MoE: loading expert (layer=365, id=0) from checkpoint /mnt/ais-c1/dataset/zds/4.20/1 (step=-1, location=)
INFO:megatron.core.transformer.moe.bsr_integration:BSR-MoE: loading expert (layer=366, id=0) from checkpoint /mnt/ais-c1/dataset/zds/4.20/1 (step=-1, location=)
INFO:megatron.core.transformer.moe.bsr_integration:BSR-MoE: loading expert (layer=367, id=0) from checkpoint /mnt/ais-c1/dataset/zds/4.20/1 (step=-1, location=)
INFO:megatron.core.transformer.moe.bsr_integration:BSR-MoE: loading expert (layer=368, id=0) from checkpoint /mnt/ais-c1/dataset/zds/4.20/1 (step=-1, location=)
INFO:megatron.core.transformer.moe.bsr_integration:BSR-MoE: loading expert (layer=369, id=0) from checkpoint /mnt/ais-c1/dataset/zds/4.20/1 (step=-1, location=)
INFO:megatron.core.transformer.moe.bsr_integration:BSR-MoE: loading expert (layer=370, id=0) from checkpoint /mnt/ais-c1/dataset/zds/4.20/1 (step=-1, location=)
INFO:megatron.core.transformer.moe.bsr_integration:BSR-MoE: loading expert (layer=371, id=0) from checkpoint /mnt/ais-c1/dataset/zds/4.20/1 (step=-1, location=)
INFO:megatron.core.transformer.moe.expert_health_manager:BSR-MoE layer 41: experts [0, 1] → STALE_RUNNABLE (step=60)
INFO:megatron.core.transformer.moe.bsr_integration:BSR-MoE: loading expert (layer=372, id=0) from checkpoint /mnt/ais-c1/dataset/zds/4.20/1 (step=-1, location=)
INFO:megatron.core.transformer.moe.bsr_integration:BSR-MoE: loading expert (layer=373, id=0) from checkpoint /mnt/ais-c1/dataset/zds/4.20/1 (step=-1, location=)
WARNING:megatron.core.transformer.moe.safe_point_group_repair:BSR-MoE safe-point repair SUCCEEDED — invalidated=10, rebuilt=12, rebound=2400, verified=True, elapsed=204.69s
WARNING:megatron.core.transformer.moe.bsr_integration:[2026-04-20 19:57:35] BSR-MoE: safe-point group repair SUCCEEDED — invalidated=10, rebuilt=12, rebound=2400, verified=True, elapsed=204.69s
WARNING:megatron.core.transformer.moe.group_rebuild:BSR-MoE group rebuild: REBINDING — updating module references (step=60)
WARNING:megatron.core.transformer.moe.recovery_controller:[2026-04-20 19:57:35] BSR-MoE controller: step3 group_rebuild_execute elapsed=207.314s (step=60)
WARNING:megatron.core.transformer.moe.group_rebuild:BSR-MoE group rebuild: FINISHED — returning to IDLE (step=60, history_len=1)
WARNING:megatron.core.transformer.moe.recovery_controller:[2026-04-20 19:57:35] BSR-MoE controller: step4 group_rebuild_finish elapsed=0.000s (step=60)
INFO:megatron.core.transformer.moe.expert_directory:Directory: refreshed placement for 3200 entries with new ranks [4, 5, 6, 7]
INFO:megatron.core.transformer.moe.rank_quarantine:RankQuarantineRegistry: placement set — 8 experts across 4 EP ranks
INFO:megatron.core.transformer.moe.expert_health:BSR-MoE: marked experts [0, 1, 2, 3, 4, 5, 6, 7] as HEALTHY
INFO:megatron.core.transformer.moe.expert_health:BSR-MoE: marked experts [0, 1, 2, 3, 4, 5, 6, 7] as HEALTHY
INFO:megatron.core.transformer.moe.expert_health:BSR-MoE: marked experts [0, 1, 2, 3, 4, 5, 6, 7] as HEALTHY
INFO:megatron.core.transformer.moe.expert_health:BSR-MoE: marked experts [0, 1, 2, 3, 4, 5, 6, 7] as HEALTHY
INFO:megatron.core.transformer.moe.expert_health:BSR-MoE: marked experts [0, 1, 2, 3, 4, 5, 6, 7] as HEALTHY
INFO:megatron.core.transformer.moe.expert_health:BSR-MoE: marked experts [0, 1, 2, 3, 4, 5, 6, 7] as HEALTHY
INFO:megatron.core.transformer.moe.expert_health:BSR-MoE: marked experts [0, 1, 2, 3, 4, 5, 6, 7] as HEALTHY
INFO:megatron.core.transformer.moe.expert_health:BSR-MoE: marked experts [0, 1, 2, 3, 4, 5, 6, 7] as HEALTHY
INFO:megatron.core.transformer.moe.expert_health:BSR-MoE: marked experts [0, 1, 2, 3, 4, 5, 6, 7] as HEALTHY
INFO:megatron.core.transformer.moe.expert_health:BSR-MoE: marked experts [0, 1, 2, 3, 4, 5, 6, 7] as HEALTHY
INFO:megatron.core.transformer.moe.expert_health:BSR-MoE: marked experts [0, 1, 2, 3, 4, 5, 6, 7] as HEALTHY
INFO:megatron.core.transformer.moe.expert_health:BSR-MoE: marked experts [0, 1, 2, 3, 4, 5, 6, 7] as HEALTHY
INFO:megatron.core.transformer.moe.expert_health:BSR-MoE: marked experts [0, 1, 2, 3, 4, 5, 6, 7] as HEALTHY
INFO:megatron.core.transformer.moe.expert_health:BSR-MoE: marked experts [0, 1, 2, 3, 4, 5, 6, 7] as HEALTHY
INFO:megatron.core.transformer.moe.expert_health:BSR-MoE: marked experts [0, 1, 2, 3, 4, 5, 6, 7] as HEALTHY
INFO:megatron.core.transformer.moe.expert_health:BSR-MoE: marked experts [0, 1, 2, 3, 4, 5, 6, 7] as HEALTHY
INFO:megatron.core.transformer.moe.expert_health:BSR-MoE: marked experts [0, 1, 2, 3, 4, 5, 6, 7] as HEALTHY
INFO:megatron.core.transformer.moe.expert_health:BSR-MoE: marked experts [0, 1, 2, 3, 4, 5, 6, 7] as HEALTHY
INFO:megatron.core.transformer.moe.expert_health:BSR-MoE: marked experts [0, 1, 2, 3, 4, 5, 6, 7] as HEALTHY
INFO:megatron.core.transformer.moe.expert_health:BSR-MoE: marked experts [0, 1, 2, 3, 4, 5, 6, 7] as HEALTHY
INFO:megatron.core.transformer.moe.expert_health:BSR-MoE: marked experts [0, 1, 2, 3, 4, 5, 6, 7] as HEALTHY
INFO:megatron.core.transformer.moe.expert_health:BSR-MoE: marked experts [0, 1, 2, 3, 4, 5, 6, 7] as HEALTHY
INFO:megatron.core.transformer.moe.expert_health:BSR-MoE: marked experts [0, 1, 2, 3, 4, 5, 6, 7] as HEALTHY
INFO:megatron.core.transformer.moe.expert_health:BSR-MoE: marked experts [0, 1, 2, 3, 4, 5, 6, 7] as HEALTHY
INFO:megatron.core.transformer.moe.expert_health:BSR-MoE: marked experts [0, 1, 2, 3, 4, 5, 6, 7] as HEALTHY
INFO:megatron.core.transformer.moe.expert_health:BSR-MoE: marked experts [0, 1, 2, 3, 4, 5, 6, 7] as HEALTHY
INFO:megatron.core.transformer.moe.bsr_integration:BSR-MoE: loading expert (layer=374, id=0) from checkpoint /mnt/ais-c1/dataset/zds/4.20/1 (step=-1, location=)
INFO:megatron.core.transformer.moe.bsr_integration:BSR-MoE: loading expert (layer=375, id=0) from checkpoint /mnt/ais-c1/dataset/zds/4.20/1 (step=-1, location=)
INFO:megatron.core.transformer.moe.expert_health_manager:BSR-MoE layer 42: experts [0, 1] → STALE_RUNNABLE (step=60)
INFO:megatron.core.transformer.moe.bsr_integration:BSR-MoE: loading expert (layer=376, id=0) from checkpoint /mnt/ais-c1/dataset/zds/4.20/1 (step=-1, location=)
INFO:megatron.core.transformer.moe.bsr_integration:BSR-MoE: loading expert (layer=377, id=0) from checkpoint /mnt/ais-c1/dataset/zds/4.20/1 (step=-1, location=)
INFO:megatron.core.transformer.moe.bsr_integration:BSR-MoE: loading expert (layer=378, id=0) from checkpoint /mnt/ais-c1/dataset/zds/4.20/1 (step=-1, location=)
INFO:megatron.core.transformer.moe.bsr_integration:BSR-MoE: loading expert (layer=379, id=0) from checkpoint /mnt/ais-c1/dataset/zds/4.20/1 (step=-1, location=)
INFO:megatron.core.transformer.moe.bsr_integration:BSR-MoE: loading expert (layer=380, id=0) from checkpoint /mnt/ais-c1/dataset/zds/4.20/1 (step=-1, location=)
INFO:megatron.core.transformer.moe.bsr_integration:BSR-MoE: loading expert (layer=381, id=0) from checkpoint /mnt/ais-c1/dataset/zds/4.20/1 (step=-1, location=)
INFO:megatron.core.transformer.moe.bsr_integration:BSR-MoE: loading expert (layer=382, id=0) from checkpoint /mnt/ais-c1/dataset/zds/4.20/1 (step=-1, location=)
INFO:megatron.core.transformer.moe.bsr_integration:BSR-MoE: loading expert (layer=383, id=0) from checkpoint /mnt/ais-c1/dataset/zds/4.20/1 (step=-1, location=)
INFO:megatron.core.transformer.moe.bsr_integration:BSR-MoE: loading expert (layer=384, id=0) from checkpoint /mnt/ais-c1/dataset/zds/4.20/1 (step=-1, location=)
INFO:megatron.core.transformer.moe.bsr_integration:BSR-MoE: loading expert (layer=385, id=0) from checkpoint /mnt/ais-c1/dataset/zds/4.20/1 (step=-1, location=)
INFO:megatron.core.transformer.moe.bsr_integration:BSR-MoE: loading expert (layer=386, id=0) from checkpoint /mnt/ais-c1/dataset/zds/4.20/1 (step=-1, location=)
INFO:megatron.core.transformer.moe.expert_health_manager:BSR-MoE layer 43: experts [0, 1] → STALE_RUNNABLE (step=60)
INFO:megatron.core.transformer.moe.bsr_integration:BSR-MoE: loading expert (layer=387, id=0) from checkpoint /mnt/ais-c1/dataset/zds/4.20/1 (step=-1, location=)
INFO:megatron.core.transformer.moe.bsr_integration:BSR-MoE: loading expert (layer=388, id=0) from checkpoint /mnt/ais-c1/dataset/zds/4.20/1 (step=-1, location=)
INFO:megatron.core.transformer.moe.bsr_integration:BSR-MoE: loading expert (layer=389, id=0) from checkpoint /mnt/ais-c1/dataset/zds/4.20/1 (step=-1, location=)
INFO:megatron.core.transformer.moe.bsr_integration:BSR-MoE: loading expert (layer=390, id=0) from checkpoint /mnt/ais-c1/dataset/zds/4.20/1 (step=-1, location=)
INFO:megatron.core.transformer.moe.bsr_integration:BSR-MoE: loading expert (layer=391, id=0) from checkpoint /mnt/ais-c1/dataset/zds/4.20/1 (step=-1, location=)
INFO:megatron.core.transformer.moe.bsr_integration:BSR-MoE: loading expert (layer=392, id=0) from checkpoint /mnt/ais-c1/dataset/zds/4.20/1 (step=-1, location=)
INFO:megatron.core.transformer.moe.bsr_integration:BSR-MoE: loading expert (layer=393, id=0) from checkpoint /mnt/ais-c1/dataset/zds/4.20/1 (step=-1, location=)
INFO:megatron.core.transformer.moe.bsr_integration:BSR-MoE: loading expert (layer=394, id=0) from checkpoint /mnt/ais-c1/dataset/zds/4.20/1 (step=-1, location=)
INFO:megatron.core.transformer.moe.bsr_integration:BSR-MoE: loading expert (layer=395, id=0) from checkpoint /mnt/ais-c1/dataset/zds/4.20/1 (step=-1, location=)
INFO:megatron.core.transformer.moe.bsr_integration:BSR-MoE: loading expert (layer=396, id=0) from checkpoint /mnt/ais-c1/dataset/zds/4.20/1 (step=-1, location=)
INFO:megatron.core.transformer.moe.expert_health_manager:BSR-MoE layer 44: experts [0, 1] → STALE_RUNNABLE (step=60)
INFO:megatron.core.transformer.moe.bsr_integration:BSR-MoE: loading expert (layer=189, id=0) from checkpoint /mnt/ais-c1/dataset/zds/4.20/1 (step=-1, location=)
INFO:megatron.core.transformer.moe.bsr_integration:BSR-MoE: loading expert (layer=190, id=0) from checkpoint /mnt/ais-c1/dataset/zds/4.20/1 (step=-1, location=)
INFO:megatron.core.transformer.moe.expert_health_manager:BSR-MoE layer 20: experts [0, 1] → STALE_RUNNABLE (step=60)
INFO:megatron.core.transformer.moe.bsr_integration:BSR-MoE: loading expert (layer=191, id=0) from checkpoint /mnt/ais-c1/dataset/zds/4.20/1 (step=-1, location=)
INFO:megatron.core.transformer.moe.bsr_integration:BSR-MoE: loading expert (layer=192, id=0) from checkpoint /mnt/ais-c1/dataset/zds/4.20/1 (step=-1, location=)
INFO:megatron.core.transformer.moe.bsr_integration:BSR-MoE: loading expert (layer=193, id=0) from checkpoint /mnt/ais-c1/dataset/zds/4.20/1 (step=-1, location=)
INFO:megatron.core.transformer.moe.bsr_integration:BSR-MoE: loading expert (layer=194, id=0) from checkpoint /mnt/ais-c1/dataset/zds/4.20/1 (step=-1, location=)
INFO:megatron.core.transformer.moe.bsr_integration:BSR-MoE: loading expert (layer=195, id=0) from checkpoint /mnt/ais-c1/dataset/zds/4.20/1 (step=-1, location=)
INFO:megatron.core.transformer.moe.bsr_integration:BSR-MoE: loading expert (layer=196, id=0) from checkpoint /mnt/ais-c1/dataset/zds/4.20/1 (step=-1, location=)
INFO:megatron.core.transformer.moe.bsr_integration:BSR-MoE: loading expert (layer=197, id=0) from checkpoint /mnt/ais-c1/dataset/zds/4.20/1 (step=-1, location=)
INFO:megatron.core.transformer.moe.bsr_integration:BSR-MoE: loading expert (layer=198, id=0) from checkpoint /mnt/ais-c1/dataset/zds/4.20/1 (step=-1, location=)
INFO:megatron.core.transformer.moe.bsr_integration:BSR-MoE: loading expert (layer=199, id=0) from checkpoint /mnt/ais-c1/dataset/zds/4.20/1 (step=-1, location=)
INFO:megatron.core.transformer.moe.bsr_integration:BSR-MoE: loading expert (layer=200, id=0) from checkpoint /mnt/ais-c1/dataset/zds/4.20/1 (step=-1, location=)
INFO:megatron.core.transformer.moe.bsr_integration:BSR-MoE: loading expert (layer=201, id=0) from checkpoint /mnt/ais-c1/dataset/zds/4.20/1 (step=-1, location=)
INFO:megatron.core.transformer.moe.bsr_integration:BSR-MoE: loading expert (layer=202, id=0) from checkpoint /mnt/ais-c1/dataset/zds/4.20/1 (step=-1, location=)
INFO:megatron.core.transformer.moe.expert_health_manager:BSR-MoE layer 21: experts [0, 1] → STALE_RUNNABLE (step=60)
INFO:megatron.core.transformer.moe.bsr_integration:BSR-MoE: loading expert (layer=203, id=0) from checkpoint /mnt/ais-c1/dataset/zds/4.20/1 (step=-1, location=)
INFO:megatron.core.transformer.moe.bsr_integration:BSR-MoE: loading expert (layer=204, id=0) from checkpoint /mnt/ais-c1/dataset/zds/4.20/1 (step=-1, location=)
INFO:megatron.core.transformer.moe.bsr_integration:BSR-MoE: loading expert (layer=205, id=0) from checkpoint /mnt/ais-c1/dataset/zds/4.20/1 (step=-1, location=)
INFO:megatron.core.transformer.moe.bsr_integration:BSR-MoE: loading expert (layer=206, id=0) from checkpoint /mnt/ais-c1/dataset/zds/4.20/1 (step=-1, location=)
INFO:megatron.core.transformer.moe.bsr_integration:BSR-MoE: loading expert (layer=207, id=0) from checkpoint /mnt/ais-c1/dataset/zds/4.20/1 (step=-1, location=)
INFO:megatron.core.transformer.moe.bsr_integration:BSR-MoE: loading expert (layer=208, id=0) from checkpoint /mnt/ais-c1/dataset/zds/4.20/1 (step=-1, location=)
INFO:megatron.core.transformer.moe.bsr_integration:BSR-MoE: loading expert (layer=209, id=0) from checkpoint /mnt/ais-c1/dataset/zds/4.20/1 (step=-1, location=)
INFO:megatron.core.transformer.moe.bsr_integration:BSR-MoE: loading expert (layer=210, id=0) from checkpoint /mnt/ais-c1/dataset/zds/4.20/1 (step=-1, location=)
INFO:megatron.core.transformer.moe.bsr_integration:BSR-MoE: loading expert (layer=211, id=0) from checkpoint /mnt/ais-c1/dataset/zds/4.20/1 (step=-1, location=)
WARNING:megatron.core.transformer.moe.safe_point_group_repair:BSR-MoE safe-point repair SUCCEEDED — invalidated=10, rebuilt=10, rebound=2400, verified=True, elapsed=204.69s
WARNING:megatron.core.transformer.moe.bsr_integration:[2026-04-20 19:57:37] BSR-MoE: safe-point group repair SUCCEEDED — invalidated=10, rebuilt=10, rebound=2400, verified=True, elapsed=204.69s
WARNING:megatron.core.transformer.moe.group_rebuild:BSR-MoE group rebuild: REBINDING — updating module references (step=60)
WARNING:megatron.core.transformer.moe.recovery_controller:[2026-04-20 19:57:37] BSR-MoE controller: step3 group_rebuild_execute elapsed=209.301s (step=60)
WARNING:megatron.core.transformer.moe.group_rebuild:BSR-MoE group rebuild: FINISHED — returning to IDLE (step=60, history_len=1)
WARNING:megatron.core.transformer.moe.recovery_controller:[2026-04-20 19:57:37] BSR-MoE controller: step4 group_rebuild_finish elapsed=0.000s (step=60)
INFO:megatron.core.transformer.moe.expert_directory:Directory: refreshed placement for 3200 entries with new ranks [4, 5, 6, 7]
INFO:megatron.core.transformer.moe.rank_quarantine:RankQuarantineRegistry: placement set — 8 experts across 4 EP ranks
INFO:megatron.core.transformer.moe.expert_health:BSR-MoE: marked experts [0, 1, 2, 3, 4, 5, 6, 7] as HEALTHY
INFO:megatron.core.transformer.moe.expert_health:BSR-MoE: marked experts [0, 1, 2, 3, 4, 5, 6, 7] as HEALTHY
INFO:megatron.core.transformer.moe.expert_health:BSR-MoE: marked experts [0, 1, 2, 3, 4, 5, 6, 7] as HEALTHY
INFO:megatron.core.transformer.moe.expert_health:BSR-MoE: marked experts [0, 1, 2, 3, 4, 5, 6, 7] as HEALTHY
INFO:megatron.core.transformer.moe.expert_health:BSR-MoE: marked experts [0, 1, 2, 3, 4, 5, 6, 7] as HEALTHY
INFO:megatron.core.transformer.moe.expert_health:BSR-MoE: marked experts [0, 1, 2, 3, 4, 5, 6, 7] as HEALTHY
INFO:megatron.core.transformer.moe.expert_health:BSR-MoE: marked experts [0, 1, 2, 3, 4, 5, 6, 7] as HEALTHY
INFO:megatron.core.transformer.moe.expert_health:BSR-MoE: marked experts [0, 1, 2, 3, 4, 5, 6, 7] as HEALTHY
INFO:megatron.core.transformer.moe.expert_health:BSR-MoE: marked experts [0, 1, 2, 3, 4, 5, 6, 7] as HEALTHY
INFO:megatron.core.transformer.moe.expert_health:BSR-MoE: marked experts [0, 1, 2, 3, 4, 5, 6, 7] as HEALTHY
INFO:megatron.core.transformer.moe.expert_health:BSR-MoE: marked experts [0, 1, 2, 3, 4, 5, 6, 7] as HEALTHY
INFO:megatron.core.transformer.moe.expert_health:BSR-MoE: marked experts [0, 1, 2, 3, 4, 5, 6, 7] as HEALTHY
INFO:megatron.core.transformer.moe.expert_health:BSR-MoE: marked experts [0, 1, 2, 3, 4, 5, 6, 7] as HEALTHY
INFO:megatron.core.transformer.moe.expert_health:BSR-MoE: marked experts [0, 1, 2, 3, 4, 5, 6, 7] as HEALTHY
INFO:megatron.core.transformer.moe.expert_health:BSR-MoE: marked experts [0, 1, 2, 3, 4, 5, 6, 7] as HEALTHY
INFO:megatron.core.transformer.moe.expert_health:BSR-MoE: marked experts [0, 1, 2, 3, 4, 5, 6, 7] as HEALTHY
INFO:megatron.core.transformer.moe.expert_health:BSR-MoE: marked experts [0, 1, 2, 3, 4, 5, 6, 7] as HEALTHY
INFO:megatron.core.transformer.moe.expert_health:BSR-MoE: marked experts [0, 1, 2, 3, 4, 5, 6, 7] as HEALTHY
INFO:megatron.core.transformer.moe.expert_health:BSR-MoE: marked experts [0, 1, 2, 3, 4, 5, 6, 7] as HEALTHY
INFO:megatron.core.transformer.moe.expert_health:BSR-MoE: marked experts [0, 1, 2, 3, 4, 5, 6, 7] as HEALTHY
INFO:megatron.core.transformer.moe.expert_health:BSR-MoE: marked experts [0, 1, 2, 3, 4, 5, 6, 7] as HEALTHY
INFO:megatron.core.transformer.moe.expert_health:BSR-MoE: marked experts [0, 1, 2, 3, 4, 5, 6, 7] as HEALTHY
INFO:megatron.core.transformer.moe.expert_health:BSR-MoE: marked experts [0, 1, 2, 3, 4, 5, 6, 7] as HEALTHY
INFO:megatron.core.transformer.moe.expert_health:BSR-MoE: marked experts [0, 1, 2, 3, 4, 5, 6, 7] as HEALTHY
INFO:megatron.core.transformer.moe.expert_health:BSR-MoE: marked experts [0, 1, 2, 3, 4, 5, 6, 7] as HEALTHY
INFO:megatron.core.transformer.moe.expert_health:BSR-MoE: marked experts [0, 1, 2, 3, 4, 5, 6, 7] as HEALTHY
INFO:megatron.core.transformer.moe.bsr_integration:BSR-MoE: loading expert (layer=212, id=0) from checkpoint /mnt/ais-c1/dataset/zds/4.20/1 (step=-1, location=)
INFO:megatron.core.transformer.moe.expert_health_manager:BSR-MoE layer 22: experts [0, 1] → STALE_RUNNABLE (step=60)
INFO:megatron.core.transformer.moe.bsr_integration:BSR-MoE: loading expert (layer=213, id=0) from checkpoint /mnt/ais-c1/dataset/zds/4.20/1 (step=-1, location=)
INFO:megatron.core.transformer.moe.bsr_integration:BSR-MoE: loading expert (layer=214, id=0) from checkpoint /mnt/ais-c1/dataset/zds/4.20/1 (step=-1, location=)
INFO:megatron.core.transformer.moe.bsr_integration:BSR-MoE: loading expert (layer=215, id=0) from checkpoint /mnt/ais-c1/dataset/zds/4.20/1 (step=-1, location=)
INFO:megatron.core.transformer.moe.bsr_integration:BSR-MoE: loading expert (layer=216, id=0) from checkpoint /mnt/ais-c1/dataset/zds/4.20/1 (step=-1, location=)
INFO:megatron.core.transformer.moe.bsr_integration:BSR-MoE: loading expert (layer=217, id=0) from checkpoint /mnt/ais-c1/dataset/zds/4.20/1 (step=-1, location=)
INFO:megatron.core.transformer.moe.bsr_integration:BSR-MoE: loading expert (layer=218, id=0) from checkpoint /mnt/ais-c1/dataset/zds/4.20/1 (step=-1, location=)
INFO:megatron.core.transformer.moe.bsr_integration:BSR-MoE: loading expert (layer=219, id=0) from checkpoint /mnt/ais-c1/dataset/zds/4.20/1 (step=-1, location=)
INFO:megatron.core.transformer.moe.bsr_integration:BSR-MoE: loading expert (layer=220, id=0) from checkpoint /mnt/ais-c1/dataset/zds/4.20/1 (step=-1, location=)
INFO:megatron.core.transformer.moe.bsr_integration:BSR-MoE: loading expert (layer=221, id=0) from checkpoint /mnt/ais-c1/dataset/zds/4.20/1 (step=-1, location=)
INFO:megatron.core.transformer.moe.bsr_integration:BSR-MoE: loading expert (layer=222, id=0) from checkpoint /mnt/ais-c1/dataset/zds/4.20/1 (step=-1, location=)
INFO:megatron.core.transformer.moe.bsr_integration:BSR-MoE: loading expert (layer=223, id=0) from checkpoint /mnt/ais-c1/dataset/zds/4.20/1 (step=-1, location=)
INFO:megatron.core.transformer.moe.expert_health_manager:BSR-MoE layer 23: experts [0, 1] → STALE_RUNNABLE (step=60)
INFO:megatron.core.transformer.moe.bsr_integration:BSR-MoE: loading expert (layer=224, id=0) from checkpoint /mnt/ais-c1/dataset/zds/4.20/1 (step=-1, location=)
INFO:megatron.core.transformer.moe.bsr_integration:BSR-MoE: loading expert (layer=225, id=0) from checkpoint /mnt/ais-c1/dataset/zds/4.20/1 (step=-1, location=)
INFO:megatron.core.transformer.moe.bsr_integration:BSR-MoE: loading expert (layer=226, id=0) from checkpoint /mnt/ais-c1/dataset/zds/4.20/1 (step=-1, location=)
INFO:megatron.core.transformer.moe.bsr_integration:BSR-MoE: loading expert (layer=227, id=0) from checkpoint /mnt/ais-c1/dataset/zds/4.20/1 (step=-1, location=)
INFO:megatron.core.transformer.moe.bsr_integration:BSR-MoE: loading expert (layer=228, id=0) from checkpoint /mnt/ais-c1/dataset/zds/4.20/1 (step=-1, location=)
INFO:megatron.core.transformer.moe.bsr_integration:BSR-MoE: loading expert (layer=229, id=0) from checkpoint /mnt/ais-c1/dataset/zds/4.20/1 (step=-1, location=)
INFO:megatron.core.transformer.moe.bsr_integration:BSR-MoE: loading expert (layer=230, id=0) from checkpoint /mnt/ais-c1/dataset/zds/4.20/1 (step=-1, location=)
INFO:megatron.core.transformer.moe.bsr_integration:BSR-MoE: loading expert (layer=231, id=0) from checkpoint /mnt/ais-c1/dataset/zds/4.20/1 (step=-1, location=)
INFO:megatron.core.transformer.moe.bsr_integration:BSR-MoE: loading expert (layer=232, id=0) from checkpoint /mnt/ais-c1/dataset/zds/4.20/1 (step=-1, location=)
INFO:megatron.core.transformer.moe.expert_health_manager:BSR-MoE layer 24: experts [0, 1] → STALE_RUNNABLE (step=60)
INFO:megatron.core.transformer.moe.bsr_integration:BSR-MoE: loading expert (layer=233, id=0) from checkpoint /mnt/ais-c1/dataset/zds/4.20/1 (step=-1, location=)
INFO:megatron.core.transformer.moe.bsr_integration:BSR-MoE: loading expert (layer=234, id=0) from checkpoint /mnt/ais-c1/dataset/zds/4.20/1 (step=-1, location=)
WARNING:megatron.core.transformer.moe.safe_point_group_repair:BSR-MoE safe-point repair SUCCEEDED — invalidated=10, rebuilt=10, rebound=2400, verified=True, elapsed=204.69s
WARNING:megatron.core.transformer.moe.bsr_integration:[2026-04-20 19:57:40] BSR-MoE: safe-point group repair SUCCEEDED — invalidated=10, rebuilt=10, rebound=2400, verified=True, elapsed=204.69s
WARNING:megatron.core.transformer.moe.group_rebuild:BSR-MoE group rebuild: REBINDING — updating module references (step=60)
WARNING:megatron.core.transformer.moe.recovery_controller:[2026-04-20 19:57:40] BSR-MoE controller: step3 group_rebuild_execute elapsed=213.029s (step=60)
WARNING:megatron.core.transformer.moe.group_rebuild:BSR-MoE group rebuild: FINISHED — returning to IDLE (step=60, history_len=1)
WARNING:megatron.core.transformer.moe.recovery_controller:[2026-04-20 19:57:40] BSR-MoE controller: step4 group_rebuild_finish elapsed=0.000s (step=60)
INFO:megatron.core.transformer.moe.expert_directory:Directory: refreshed placement for 3200 entries with new ranks [4, 5, 6, 7]
INFO:megatron.core.transformer.moe.rank_quarantine:RankQuarantineRegistry: placement set — 8 experts across 4 EP ranks
INFO:megatron.core.transformer.moe.expert_health:BSR-MoE: marked experts [0, 1, 2, 3, 4, 5, 6, 7] as HEALTHY
INFO:megatron.core.transformer.moe.expert_health:BSR-MoE: marked experts [0, 1, 2, 3, 4, 5, 6, 7] as HEALTHY
INFO:megatron.core.transformer.moe.expert_health:BSR-MoE: marked experts [0, 1, 2, 3, 4, 5, 6, 7] as HEALTHY
INFO:megatron.core.transformer.moe.expert_health:BSR-MoE: marked experts [0, 1, 2, 3, 4, 5, 6, 7] as HEALTHY
INFO:megatron.core.transformer.moe.expert_health:BSR-MoE: marked experts [0, 1, 2, 3, 4, 5, 6, 7] as HEALTHY
INFO:megatron.core.transformer.moe.expert_health:BSR-MoE: marked experts [0, 1, 2, 3, 4, 5, 6, 7] as HEALTHY
INFO:megatron.core.transformer.moe.expert_health:BSR-MoE: marked experts [0, 1, 2, 3, 4, 5, 6, 7] as HEALTHY
INFO:megatron.core.transformer.moe.expert_health:BSR-MoE: marked experts [0, 1, 2, 3, 4, 5, 6, 7] as HEALTHY
INFO:megatron.core.transformer.moe.expert_health:BSR-MoE: marked experts [0, 1, 2, 3, 4, 5, 6, 7] as HEALTHY
INFO:megatron.core.transformer.moe.expert_health:BSR-MoE: marked experts [0, 1, 2, 3, 4, 5, 6, 7] as HEALTHY
INFO:megatron.core.transformer.moe.expert_health:BSR-MoE: marked experts [0, 1, 2, 3, 4, 5, 6, 7] as HEALTHY
INFO:megatron.core.transformer.moe.expert_health:BSR-MoE: marked experts [0, 1, 2, 3, 4, 5, 6, 7] as HEALTHY
INFO:megatron.core.transformer.moe.expert_health:BSR-MoE: marked experts [0, 1, 2, 3, 4, 5, 6, 7] as HEALTHY
INFO:megatron.core.transformer.moe.expert_health:BSR-MoE: marked experts [0, 1, 2, 3, 4, 5, 6, 7] as HEALTHY
INFO:megatron.core.transformer.moe.expert_health:BSR-MoE: marked experts [0, 1, 2, 3, 4, 5, 6, 7] as HEALTHY
INFO:megatron.core.transformer.moe.expert_health:BSR-MoE: marked experts [0, 1, 2, 3, 4, 5, 6, 7] as HEALTHY
INFO:megatron.core.transformer.moe.expert_health:BSR-MoE: marked experts [0, 1, 2, 3, 4, 5, 6, 7] as HEALTHY
INFO:megatron.core.transformer.moe.expert_health:BSR-MoE: marked experts [0, 1, 2, 3, 4, 5, 6, 7] as HEALTHY
INFO:megatron.core.transformer.moe.expert_health:BSR-MoE: marked experts [0, 1, 2, 3, 4, 5, 6, 7] as HEALTHY
INFO:megatron.core.transformer.moe.expert_health:BSR-MoE: marked experts [0, 1, 2, 3, 4, 5, 6, 7] as HEALTHY
INFO:megatron.core.transformer.moe.expert_health:BSR-MoE: marked experts [0, 1, 2, 3, 4, 5, 6, 7] as HEALTHY
INFO:megatron.core.transformer.moe.expert_health:BSR-MoE: marked experts [0, 1, 2, 3, 4, 5, 6, 7] as HEALTHY
INFO:megatron.core.transformer.moe.expert_health:BSR-MoE: marked experts [0, 1, 2, 3, 4, 5, 6, 7] as HEALTHY
INFO:megatron.core.transformer.moe.expert_health:BSR-MoE: marked experts [0, 1, 2, 3, 4, 5, 6, 7] as HEALTHY
INFO:megatron.core.transformer.moe.expert_health:BSR-MoE: marked experts [0, 1, 2, 3, 4, 5, 6, 7] as HEALTHY
INFO:megatron.core.transformer.moe.expert_health:BSR-MoE: marked experts [0, 1, 2, 3, 4, 5, 6, 7] as HEALTHY
INFO:megatron.core.transformer.moe.expert_health:BSR-MoE: marked experts [0, 1, 2, 3, 4, 5, 6, 7] as HEALTHY
INFO:megatron.core.transformer.moe.expert_health:BSR-MoE: marked experts [0, 1, 2, 3, 4, 5, 6, 7] as HEALTHY
INFO:megatron.core.transformer.moe.expert_health:BSR-MoE: marked experts [0, 1, 2, 3, 4, 5, 6, 7] as HEALTHY
INFO:megatron.core.transformer.moe.expert_health:BSR-MoE: marked experts [0, 1, 2, 3, 4, 5, 6, 7] as HEALTHY
INFO:megatron.core.transformer.moe.expert_health:BSR-MoE: marked experts [0, 1, 2, 3, 4, 5, 6, 7] as HEALTHY
INFO:megatron.core.transformer.moe.expert_health:BSR-MoE: marked experts [0, 1, 2, 3, 4, 5, 6, 7] as HEALTHY
INFO:megatron.core.transformer.moe.expert_health:BSR-MoE: marked experts [0, 1, 2, 3, 4, 5, 6, 7] as HEALTHY
INFO:megatron.core.transformer.moe.expert_health:BSR-MoE: marked experts [0, 1, 2, 3, 4, 5, 6, 7] as HEALTHY
INFO:megatron.core.transformer.moe.expert_health:BSR-MoE: marked experts [0, 1, 2, 3, 4, 5, 6, 7] as HEALTHY
INFO:megatron.core.transformer.moe.expert_health:BSR-MoE: marked experts [0, 1, 2, 3, 4, 5, 6, 7] as HEALTHY
INFO:megatron.core.transformer.moe.expert_health:BSR-MoE: marked experts [0, 1, 2, 3, 4, 5, 6, 7] as HEALTHY
INFO:megatron.core.transformer.moe.expert_health:BSR-MoE: marked experts [0, 1, 2, 3, 4, 5, 6, 7] as HEALTHY
INFO:megatron.core.transformer.moe.expert_health:BSR-MoE: marked experts [0, 1, 2, 3, 4, 5, 6, 7] as HEALTHY
INFO:megatron.core.transformer.moe.expert_health:BSR-MoE: marked experts [0, 1, 2, 3, 4, 5, 6, 7] as HEALTHY
INFO:megatron.core.transformer.moe.expert_health:BSR-MoE: marked experts [0, 1, 2, 3, 4, 5, 6, 7] as HEALTHY
INFO:megatron.core.transformer.moe.expert_health:BSR-MoE: marked experts [0, 1, 2, 3, 4, 5, 6, 7] as HEALTHY
INFO:megatron.core.transformer.moe.expert_health:BSR-MoE: marked experts [0, 1, 2, 3, 4, 5, 6, 7] as HEALTHY
INFO:megatron.core.transformer.moe.expert_health:BSR-MoE: marked experts [0, 1, 2, 3, 4, 5, 6, 7] as HEALTHY
INFO:megatron.core.transformer.moe.expert_health:BSR-MoE: marked experts [0, 1, 2, 3, 4, 5, 6, 7] as HEALTHY
INFO:megatron.core.transformer.moe.expert_health:BSR-MoE: marked experts [0, 1, 2, 3, 4, 5, 6, 7] as HEALTHY
INFO:megatron.core.transformer.moe.expert_health:BSR-MoE: marked experts [0, 1, 2, 3, 4, 5, 6, 7] as HEALTHY
INFO:megatron.core.transformer.moe.expert_health:BSR-MoE: marked experts [0, 1, 2, 3, 4, 5, 6, 7] as HEALTHY
INFO:megatron.core.transformer.moe.expert_health:BSR-MoE: marked experts [0, 1, 2, 3, 4, 5, 6, 7] as HEALTHY
INFO:megatron.core.transformer.moe.expert_health:BSR-MoE: marked experts [0, 1, 2, 3, 4, 5, 6, 7] as HEALTHY
INFO:megatron.core.transformer.moe.expert_health:BSR-MoE: marked experts [0, 1, 2, 3, 4, 5, 6, 7] as HEALTHY
INFO:megatron.core.transformer.moe.expert_health:BSR-MoE: marked experts [0, 1, 2, 3, 4, 5, 6, 7] as HEALTHY
INFO:megatron.core.transformer.moe.expert_health:BSR-MoE: marked experts [0, 1, 2, 3, 4, 5, 6, 7] as HEALTHY
INFO:megatron.core.transformer.moe.expert_health:BSR-MoE: marked experts [0, 1, 2, 3, 4, 5, 6, 7] as HEALTHY
INFO:megatron.core.transformer.moe.expert_health:BSR-MoE: marked experts [0, 1, 2, 3, 4, 5, 6, 7] as HEALTHY
INFO:megatron.core.transformer.moe.expert_health:BSR-MoE: marked experts [0, 1, 2, 3, 4, 5, 6, 7] as HEALTHY
INFO:megatron.core.transformer.moe.expert_health:BSR-MoE: marked experts [0, 1, 2, 3, 4, 5, 6, 7] as HEALTHY
INFO:megatron.core.transformer.moe.expert_health:BSR-MoE: marked experts [0, 1, 2, 3, 4, 5, 6, 7] as HEALTHY
INFO:megatron.core.transformer.moe.expert_health:BSR-MoE: marked experts [0, 1, 2, 3, 4, 5, 6, 7] as HEALTHY
INFO:megatron.core.transformer.moe.expert_health:BSR-MoE: marked experts [0, 1, 2, 3, 4, 5, 6, 7] as HEALTHY
INFO:megatron.core.transformer.moe.expert_health:BSR-MoE: marked experts [0, 1, 2, 3, 4, 5, 6, 7] as HEALTHY
INFO:megatron.core.transformer.moe.expert_health:BSR-MoE: marked experts [0, 1, 2, 3, 4, 5, 6, 7] as HEALTHY
INFO:megatron.core.transformer.moe.expert_health:BSR-MoE: marked experts [0, 1, 2, 3, 4, 5, 6, 7] as HEALTHY
WARNING:megatron.core.transformer.moe.safe_point_group_repair:BSR-MoE safe-point repair SUCCEEDED — invalidated=10, rebuilt=10, rebound=2400, verified=True, elapsed=204.69s
WARNING:megatron.core.transformer.moe.bsr_integration:[2026-04-20 19:57:41] BSR-MoE: safe-point group repair SUCCEEDED — invalidated=10, rebuilt=10, rebound=2400, verified=True, elapsed=204.69s
WARNING:megatron.core.transformer.moe.group_rebuild:BSR-MoE group rebuild: REBINDING — updating module references (step=60)
WARNING:megatron.core.transformer.moe.recovery_controller:[2026-04-20 19:57:41] BSR-MoE controller: step3 group_rebuild_execute elapsed=213.171s (step=60)
WARNING:megatron.core.transformer.moe.group_rebuild:BSR-MoE group rebuild: FINISHED — returning to IDLE (step=60, history_len=1)
WARNING:megatron.core.transformer.moe.recovery_controller:[2026-04-20 19:57:41] BSR-MoE controller: step4 group_rebuild_finish elapsed=0.000s (step=60)
INFO:megatron.core.transformer.moe.expert_directory:Directory: refreshed placement for 3200 entries with new ranks [4, 5, 6, 7]
INFO:megatron.core.transformer.moe.rank_quarantine:RankQuarantineRegistry: placement set — 8 experts across 4 EP ranks
INFO:megatron.core.transformer.moe.expert_health:BSR-MoE: marked experts [0, 1, 2, 3, 4, 5, 6, 7] as HEALTHY
INFO:megatron.core.transformer.moe.expert_health:BSR-MoE: marked experts [0, 1, 2, 3, 4, 5, 6, 7] as HEALTHY
INFO:megatron.core.transformer.moe.expert_health:BSR-MoE: marked experts [0, 1, 2, 3, 4, 5, 6, 7] as HEALTHY
INFO:megatron.core.transformer.moe.expert_health:BSR-MoE: marked experts [0, 1, 2, 3, 4, 5, 6, 7] as HEALTHY
INFO:megatron.core.transformer.moe.expert_health:BSR-MoE: marked experts [0, 1, 2, 3, 4, 5, 6, 7] as HEALTHY
INFO:megatron.core.transformer.moe.expert_health:BSR-MoE: marked experts [0, 1, 2, 3, 4, 5, 6, 7] as HEALTHY
INFO:megatron.core.transformer.moe.expert_health:BSR-MoE: marked experts [0, 1, 2, 3, 4, 5, 6, 7] as HEALTHY
INFO:megatron.core.transformer.moe.expert_health:BSR-MoE: marked experts [0, 1, 2, 3, 4, 5, 6, 7] as HEALTHY
INFO:megatron.core.transformer.moe.expert_health:BSR-MoE: marked experts [0, 1, 2, 3, 4, 5, 6, 7] as HEALTHY
INFO:megatron.core.transformer.moe.expert_health:BSR-MoE: marked experts [0, 1, 2, 3, 4, 5, 6, 7] as HEALTHY
INFO:megatron.core.transformer.moe.expert_health:BSR-MoE: marked experts [0, 1, 2, 3, 4, 5, 6, 7] as HEALTHY
INFO:megatron.core.transformer.moe.expert_health:BSR-MoE: marked experts [0, 1, 2, 3, 4, 5, 6, 7] as HEALTHY
INFO:megatron.core.transformer.moe.expert_health:BSR-MoE: marked experts [0, 1, 2, 3, 4, 5, 6, 7] as HEALTHY
INFO:megatron.core.transformer.moe.expert_health:BSR-MoE: marked experts [0, 1, 2, 3, 4, 5, 6, 7] as HEALTHY
INFO:megatron.core.transformer.moe.expert_health:BSR-MoE: marked experts [0, 1, 2, 3, 4, 5, 6, 7] as HEALTHY
INFO:megatron.core.transformer.moe.expert_health:BSR-MoE: marked experts [0, 1, 2, 3, 4, 5, 6, 7] as HEALTHY
INFO:megatron.core.transformer.moe.expert_health:BSR-MoE: marked experts [0, 1, 2, 3, 4, 5, 6, 7] as HEALTHY
INFO:megatron.core.transformer.moe.expert_health:BSR-MoE: marked experts [0, 1, 2, 3, 4, 5, 6, 7] as HEALTHY
INFO:megatron.core.transformer.moe.expert_health:BSR-MoE: marked experts [0, 1, 2, 3, 4, 5, 6, 7] as HEALTHY
INFO:megatron.core.transformer.moe.expert_health:BSR-MoE: marked experts [0, 1, 2, 3, 4, 5, 6, 7] as HEALTHY
INFO:megatron.core.transformer.moe.expert_health:BSR-MoE: marked experts [0, 1, 2, 3, 4, 5, 6, 7] as HEALTHY
INFO:megatron.core.transformer.moe.expert_health:BSR-MoE: marked experts [0, 1, 2, 3, 4, 5, 6, 7] as HEALTHY
INFO:megatron.core.transformer.moe.expert_health:BSR-MoE: marked experts [0, 1, 2, 3, 4, 5, 6, 7] as HEALTHY
INFO:megatron.core.transformer.moe.expert_health:BSR-MoE: marked experts [0, 1, 2, 3, 4, 5, 6, 7] as HEALTHY
INFO:megatron.core.transformer.moe.expert_health:BSR-MoE: marked experts [0, 1, 2, 3, 4, 5, 6, 7] as HEALTHY
INFO:megatron.core.transformer.moe.expert_health:BSR-MoE: marked experts [0, 1, 2, 3, 4, 5, 6, 7] as HEALTHY
INFO:megatron.core.transformer.moe.expert_health:BSR-MoE: marked experts [0, 1, 2, 3, 4, 5, 6, 7] as HEALTHY
INFO:megatron.core.transformer.moe.expert_health:BSR-MoE: marked experts [0, 1, 2, 3, 4, 5, 6, 7] as HEALTHY
INFO:megatron.core.transformer.moe.expert_health:BSR-MoE: marked experts [0, 1, 2, 3, 4, 5, 6, 7] as HEALTHY
INFO:megatron.core.transformer.moe.expert_health:BSR-MoE: marked experts [0, 1, 2, 3, 4, 5, 6, 7] as HEALTHY
INFO:megatron.core.transformer.moe.expert_health:BSR-MoE: marked experts [0, 1, 2, 3, 4, 5, 6, 7] as HEALTHY
INFO:megatron.core.transformer.moe.expert_health:BSR-MoE: marked experts [0, 1, 2, 3, 4, 5, 6, 7] as HEALTHY
INFO:megatron.core.transformer.moe.expert_health:BSR-MoE: marked experts [0, 1, 2, 3, 4, 5, 6, 7] as HEALTHY
INFO:megatron.core.transformer.moe.expert_health:BSR-MoE: marked experts [0, 1, 2, 3, 4, 5, 6, 7] as HEALTHY
INFO:megatron.core.transformer.moe.expert_health:BSR-MoE: marked experts [0, 1, 2, 3, 4, 5, 6, 7] as HEALTHY
INFO:megatron.core.transformer.moe.expert_health:BSR-MoE: marked experts [0, 1, 2, 3, 4, 5, 6, 7] as HEALTHY
INFO:megatron.core.transformer.moe.expert_health:BSR-MoE: marked experts [0, 1, 2, 3, 4, 5, 6, 7] as HEALTHY
INFO:megatron.core.transformer.moe.expert_health:BSR-MoE: marked experts [0, 1, 2, 3, 4, 5, 6, 7] as HEALTHY
INFO:megatron.core.transformer.moe.expert_health:BSR-MoE: marked experts [0, 1, 2, 3, 4, 5, 6, 7] as HEALTHY
INFO:megatron.core.transformer.moe.expert_health:BSR-MoE: marked experts [0, 1, 2, 3, 4, 5, 6, 7] as HEALTHY
INFO:megatron.core.transformer.moe.expert_health:BSR-MoE: marked experts [0, 1, 2, 3, 4, 5, 6, 7] as HEALTHY
INFO:megatron.core.transformer.moe.expert_health:BSR-MoE: marked experts [0, 1, 2, 3, 4, 5, 6, 7] as HEALTHY
INFO:megatron.core.transformer.moe.expert_health:BSR-MoE: marked experts [0, 1, 2, 3, 4, 5, 6, 7] as HEALTHY
INFO:megatron.core.transformer.moe.expert_health:BSR-MoE: marked experts [0, 1, 2, 3, 4, 5, 6, 7] as HEALTHY
INFO:megatron.core.transformer.moe.expert_health:BSR-MoE: marked experts [0, 1, 2, 3, 4, 5, 6, 7] as HEALTHY
INFO:megatron.core.transformer.moe.expert_health:BSR-MoE: marked experts [0, 1, 2, 3, 4, 5, 6, 7] as HEALTHY
INFO:megatron.core.transformer.moe.expert_health:BSR-MoE: marked experts [0, 1, 2, 3, 4, 5, 6, 7] as HEALTHY
INFO:megatron.core.transformer.moe.expert_health:BSR-MoE: marked experts [0, 1, 2, 3, 4, 5, 6, 7] as HEALTHY
INFO:megatron.core.transformer.moe.expert_health:BSR-MoE: marked experts [0, 1, 2, 3, 4, 5, 6, 7] as HEALTHY
INFO:megatron.core.transformer.moe.expert_health:BSR-MoE: marked experts [0, 1, 2, 3, 4, 5, 6, 7] as HEALTHY
INFO:megatron.core.transformer.moe.expert_health:BSR-MoE: marked experts [0, 1, 2, 3, 4, 5, 6, 7] as HEALTHY
INFO:megatron.core.transformer.moe.expert_health:BSR-MoE: marked experts [0, 1, 2, 3, 4, 5, 6, 7] as HEALTHY
INFO:megatron.core.transformer.moe.expert_health:BSR-MoE: marked experts [0, 1, 2, 3, 4, 5, 6, 7] as HEALTHY
INFO:megatron.core.transformer.moe.expert_health:BSR-MoE: marked experts [0, 1, 2, 3, 4, 5, 6, 7] as HEALTHY
INFO:megatron.core.transformer.moe.expert_health:BSR-MoE: marked experts [0, 1, 2, 3, 4, 5, 6, 7] as HEALTHY
INFO:megatron.core.transformer.moe.expert_health:BSR-MoE: marked experts [0, 1, 2, 3, 4, 5, 6, 7] as HEALTHY
INFO:megatron.core.transformer.moe.expert_health:BSR-MoE: marked experts [0, 1, 2, 3, 4, 5, 6, 7] as HEALTHY
INFO:megatron.core.transformer.moe.expert_health:BSR-MoE: marked experts [0, 1, 2, 3, 4, 5, 6, 7] as HEALTHY
INFO:megatron.core.transformer.moe.expert_health:BSR-MoE: marked experts [0, 1, 2, 3, 4, 5, 6, 7] as HEALTHY
INFO:megatron.core.transformer.moe.expert_health:BSR-MoE: marked experts [0, 1, 2, 3, 4, 5, 6, 7] as HEALTHY
INFO:megatron.core.transformer.moe.expert_health:BSR-MoE: marked experts [0, 1, 2, 3, 4, 5, 6, 7] as HEALTHY
INFO:megatron.core.transformer.moe.expert_health:BSR-MoE: marked experts [0, 1, 2, 3, 4, 5, 6, 7] as HEALTHY
INFO:megatron.core.transformer.moe.expert_health:BSR-MoE: marked experts [0, 1, 2, 3, 4, 5, 6, 7] as HEALTHY
INFO:megatron.core.transformer.moe.expert_health:BSR-MoE: marked experts [0, 1, 2, 3, 4, 5, 6, 7] as HEALTHY
INFO:megatron.core.transformer.moe.expert_health:BSR-MoE: marked experts [0, 1, 2, 3, 4, 5, 6, 7] as HEALTHY
INFO:megatron.core.transformer.moe.expert_health:BSR-MoE: marked experts [0, 1, 2, 3, 4, 5, 6, 7] as HEALTHY
INFO:megatron.core.transformer.moe.expert_health:BSR-MoE: marked experts [0, 1, 2, 3, 4, 5, 6, 7] as HEALTHY
INFO:megatron.core.transformer.moe.expert_health:BSR-MoE: marked experts [0, 1, 2, 3, 4, 5, 6, 7] as HEALTHY
INFO:megatron.core.transformer.moe.expert_health:BSR-MoE: marked experts [0, 1, 2, 3, 4, 5, 6, 7] as HEALTHY
INFO:megatron.core.transformer.moe.expert_health:BSR-MoE: marked experts [0, 1, 2, 3, 4, 5, 6, 7] as HEALTHY
INFO:megatron.core.transformer.moe.expert_health:BSR-MoE: marked experts [0, 1, 2, 3, 4, 5, 6, 7] as HEALTHY
INFO:megatron.core.transformer.moe.expert_health:BSR-MoE: marked experts [0, 1, 2, 3, 4, 5, 6, 7] as HEALTHY
INFO:megatron.core.transformer.moe.expert_health:BSR-MoE: marked experts [0, 1, 2, 3, 4, 5, 6, 7] as HEALTHY
INFO:megatron.core.transformer.moe.expert_health:BSR-MoE: marked experts [0, 1, 2, 3, 4, 5, 6, 7] as HEALTHY
INFO:megatron.core.transformer.moe.expert_health:BSR-MoE: marked experts [0, 1, 2, 3, 4, 5, 6, 7] as HEALTHY
INFO:megatron.core.transformer.moe.expert_health:BSR-MoE: marked experts [0, 1, 2, 3, 4, 5, 6, 7] as HEALTHY
INFO:megatron.core.transformer.moe.expert_health:BSR-MoE: marked experts [0, 1, 2, 3, 4, 5, 6, 7] as HEALTHY
INFO:megatron.core.transformer.moe.expert_health:BSR-MoE: marked experts [0, 1, 2, 3, 4, 5, 6, 7] as HEALTHY
INFO:megatron.core.transformer.moe.expert_health:BSR-MoE: marked experts [0, 1, 2, 3, 4, 5, 6, 7] as HEALTHY
INFO:megatron.core.transformer.moe.expert_health:BSR-MoE: marked experts [0, 1, 2, 3, 4, 5, 6, 7] as HEALTHY
INFO:megatron.core.transformer.moe.expert_health:BSR-MoE: marked experts [0, 1, 2, 3, 4, 5, 6, 7] as HEALTHY
INFO:megatron.core.transformer.moe.expert_health:BSR-MoE: marked experts [0, 1, 2, 3, 4, 5, 6, 7] as HEALTHY
INFO:megatron.core.transformer.moe.expert_health:BSR-MoE: marked experts [0, 1, 2, 3, 4, 5, 6, 7] as HEALTHY
INFO:megatron.core.transformer.moe.expert_health:BSR-MoE: marked experts [0, 1, 2, 3, 4, 5, 6, 7] as HEALTHY
INFO:megatron.core.transformer.moe.expert_health:BSR-MoE: marked experts [0, 1, 2, 3, 4, 5, 6, 7] as HEALTHY
INFO:megatron.core.transformer.moe.expert_health:BSR-MoE: marked experts [0, 1, 2, 3, 4, 5, 6, 7] as HEALTHY
INFO:megatron.core.transformer.moe.expert_health:BSR-MoE: marked experts [0, 1, 2, 3, 4, 5, 6, 7] as HEALTHY
INFO:megatron.core.transformer.moe.expert_health:BSR-MoE: marked experts [0, 1, 2, 3, 4, 5, 6, 7] as HEALTHY
INFO:megatron.core.transformer.moe.expert_health:BSR-MoE: marked experts [0, 1, 2, 3, 4, 5, 6, 7] as HEALTHY
INFO:megatron.core.transformer.moe.expert_health:BSR-MoE: marked experts [0, 1, 2, 3, 4, 5, 6, 7] as HEALTHY
INFO:megatron.core.transformer.moe.expert_health:BSR-MoE: marked experts [0, 1, 2, 3, 4, 5, 6, 7] as HEALTHY
INFO:megatron.core.transformer.moe.expert_health:BSR-MoE: marked experts [0, 1, 2, 3, 4, 5, 6, 7] as HEALTHY
INFO:megatron.core.transformer.moe.expert_health:BSR-MoE: marked experts [0, 1, 2, 3, 4, 5, 6, 7] as HEALTHY
INFO:megatron.core.transformer.moe.expert_health:BSR-MoE: marked experts [0, 1, 2, 3, 4, 5, 6, 7] as HEALTHY
INFO:megatron.core.transformer.moe.expert_health:BSR-MoE: marked experts [0, 1, 2, 3, 4, 5, 6, 7] as HEALTHY
INFO:megatron.core.transformer.moe.expert_health:BSR-MoE: marked experts [0, 1, 2, 3, 4, 5, 6, 7] as HEALTHY
INFO:megatron.core.transformer.moe.expert_health:BSR-MoE: marked experts [0, 1, 2, 3, 4, 5, 6, 7] as HEALTHY
INFO:megatron.core.transformer.moe.expert_health:BSR-MoE: marked experts [0, 1, 2, 3, 4, 5, 6, 7] as HEALTHY
INFO:megatron.core.transformer.moe.expert_health:BSR-MoE: marked experts [0, 1, 2, 3, 4, 5, 6, 7] as HEALTHY
INFO:megatron.core.transformer.moe.expert_health:BSR-MoE: marked experts [0, 1, 2, 3, 4, 5, 6, 7] as HEALTHY
INFO:megatron.core.transformer.moe.bsr_integration:BSR-MoE: loading expert (layer=235, id=0) from checkpoint /mnt/ais-c1/dataset/zds/4.20/1 (step=-1, location=)
INFO:megatron.core.transformer.moe.bsr_integration:BSR-MoE: loading expert (layer=236, id=0) from checkpoint /mnt/ais-c1/dataset/zds/4.20/1 (step=-1, location=)
INFO:megatron.core.transformer.moe.expert_health_manager:BSR-MoE layer 25: experts [0, 1] → STALE_RUNNABLE (step=60)
INFO:megatron.core.transformer.moe.bsr_integration:BSR-MoE: loading expert (layer=237, id=0) from checkpoint /mnt/ais-c1/dataset/zds/4.20/1 (step=-1, location=)
INFO:megatron.core.transformer.moe.bsr_integration:BSR-MoE: loading expert (layer=238, id=0) from checkpoint /mnt/ais-c1/dataset/zds/4.20/1 (step=-1, location=)
INFO:megatron.core.transformer.moe.bsr_integration:BSR-MoE: loading expert (layer=239, id=0) from checkpoint /mnt/ais-c1/dataset/zds/4.20/1 (step=-1, location=)
INFO:megatron.core.transformer.moe.bsr_integration:BSR-MoE: loading expert (layer=240, id=0) from checkpoint /mnt/ais-c1/dataset/zds/4.20/1 (step=-1, location=)
INFO:megatron.core.transformer.moe.bsr_integration:BSR-MoE: loading expert (layer=241, id=0) from checkpoint /mnt/ais-c1/dataset/zds/4.20/1 (step=-1, location=)
INFO:megatron.core.transformer.moe.bsr_integration:BSR-MoE: loading expert (layer=242, id=0) from checkpoint /mnt/ais-c1/dataset/zds/4.20/1 (step=-1, location=)
INFO:megatron.core.transformer.moe.bsr_integration:BSR-MoE: loading expert (layer=243, id=0) from checkpoint /mnt/ais-c1/dataset/zds/4.20/1 (step=-1, location=)
INFO:megatron.core.transformer.moe.bsr_integration:BSR-MoE: loading expert (layer=244, id=0) from checkpoint /mnt/ais-c1/dataset/zds/4.20/1 (step=-1, location=)
INFO:megatron.core.transformer.moe.bsr_integration:BSR-MoE: loading expert (layer=245, id=0) from checkpoint /mnt/ais-c1/dataset/zds/4.20/1 (step=-1, location=)
INFO:megatron.core.transformer.moe.bsr_integration:BSR-MoE: loading expert (layer=246, id=0) from checkpoint /mnt/ais-c1/dataset/zds/4.20/1 (step=-1, location=)
INFO:megatron.core.transformer.moe.bsr_integration:BSR-MoE: loading expert (layer=247, id=0) from checkpoint /mnt/ais-c1/dataset/zds/4.20/1 (step=-1, location=)
INFO:megatron.core.transformer.moe.bsr_integration:BSR-MoE: loading expert (layer=248, id=0) from checkpoint /mnt/ais-c1/dataset/zds/4.20/1 (step=-1, location=)
INFO:megatron.core.transformer.moe.bsr_integration:BSR-MoE: loading expert (layer=249, id=0) from checkpoint /mnt/ais-c1/dataset/zds/4.20/1 (step=-1, location=)
INFO:megatron.core.transformer.moe.expert_health_manager:BSR-MoE layer 26: experts [0, 1] → STALE_RUNNABLE (step=60)
INFO:megatron.core.transformer.moe.bsr_integration:BSR-MoE: loading expert (layer=250, id=0) from checkpoint /mnt/ais-c1/dataset/zds/4.20/1 (step=-1, location=)
INFO:megatron.core.transformer.moe.bsr_integration:BSR-MoE: loading expert (layer=251, id=0) from checkpoint /mnt/ais-c1/dataset/zds/4.20/1 (step=-1, location=)
INFO:megatron.core.transformer.moe.bsr_integration:BSR-MoE: loading expert (layer=252, id=0) from checkpoint /mnt/ais-c1/dataset/zds/4.20/1 (step=-1, location=)
INFO:megatron.core.transformer.moe.bsr_integration:BSR-MoE: loading expert (layer=253, id=0) from checkpoint /mnt/ais-c1/dataset/zds/4.20/1 (step=-1, location=)
INFO:megatron.core.transformer.moe.bsr_integration:BSR-MoE: loading expert (layer=254, id=0) from checkpoint /mnt/ais-c1/dataset/zds/4.20/1 (step=-1, location=)
INFO:megatron.core.transformer.moe.bsr_integration:BSR-MoE: loading expert (layer=255, id=0) from checkpoint /mnt/ais-c1/dataset/zds/4.20/1 (step=-1, location=)
INFO:megatron.core.transformer.moe.bsr_integration:BSR-MoE: loading expert (layer=256, id=0) from checkpoint /mnt/ais-c1/dataset/zds/4.20/1 (step=-1, location=)
INFO:megatron.core.transformer.moe.bsr_integration:BSR-MoE: loading expert (layer=257, id=0) from checkpoint /mnt/ais-c1/dataset/zds/4.20/1 (step=-1, location=)
INFO:megatron.core.transformer.moe.expert_health:BSR-MoE: marked experts [0, 1, 2, 3, 4, 5, 6, 7] as HEALTHY
INFO:megatron.core.transformer.moe.expert_health:BSR-MoE: marked experts [0, 1, 2, 3, 4, 5, 6, 7] as HEALTHY
INFO:megatron.core.transformer.moe.expert_health:BSR-MoE: marked experts [0, 1, 2, 3, 4, 5, 6, 7] as HEALTHY
INFO:megatron.core.transformer.moe.expert_health:BSR-MoE: marked experts [0, 1, 2, 3, 4, 5, 6, 7] as HEALTHY
INFO:megatron.core.transformer.moe.expert_health:BSR-MoE: marked experts [0, 1, 2, 3, 4, 5, 6, 7] as HEALTHY
INFO:megatron.core.transformer.moe.expert_health:BSR-MoE: marked experts [0, 1, 2, 3, 4, 5, 6, 7] as HEALTHY
INFO:megatron.core.transformer.moe.expert_health:BSR-MoE: marked experts [0, 1, 2, 3, 4, 5, 6, 7] as HEALTHY
INFO:megatron.core.transformer.moe.expert_health:BSR-MoE: marked experts [0, 1, 2, 3, 4, 5, 6, 7] as HEALTHY
INFO:megatron.core.transformer.moe.expert_health:BSR-MoE: marked experts [0, 1, 2, 3, 4, 5, 6, 7] as HEALTHY
INFO:megatron.core.transformer.moe.expert_health:BSR-MoE: marked experts [0, 1, 2, 3, 4, 5, 6, 7] as HEALTHY
INFO:megatron.core.transformer.moe.expert_health:BSR-MoE: marked experts [0, 1, 2, 3, 4, 5, 6, 7] as HEALTHY
INFO:megatron.core.transformer.moe.expert_health:BSR-MoE: marked experts [0, 1, 2, 3, 4, 5, 6, 7] as HEALTHY
INFO:megatron.core.transformer.moe.expert_health:BSR-MoE: marked experts [0, 1, 2, 3, 4, 5, 6, 7] as HEALTHY
INFO:megatron.core.transformer.moe.expert_health:BSR-MoE: marked experts [0, 1, 2, 3, 4, 5, 6, 7] as HEALTHY
INFO:megatron.core.transformer.moe.expert_health:BSR-MoE: marked experts [0, 1, 2, 3, 4, 5, 6, 7] as HEALTHY
INFO:megatron.core.transformer.moe.expert_health:BSR-MoE: marked experts [0, 1, 2, 3, 4, 5, 6, 7] as HEALTHY
INFO:megatron.core.transformer.moe.expert_health:BSR-MoE: marked experts [0, 1, 2, 3, 4, 5, 6, 7] as HEALTHY
INFO:megatron.core.transformer.moe.expert_health:BSR-MoE: marked experts [0, 1, 2, 3, 4, 5, 6, 7] as HEALTHY
INFO:megatron.core.transformer.moe.expert_health:BSR-MoE: marked experts [0, 1, 2, 3, 4, 5, 6, 7] as HEALTHY
INFO:megatron.core.transformer.moe.expert_health:BSR-MoE: marked experts [0, 1, 2, 3, 4, 5, 6, 7] as HEALTHY
INFO:megatron.core.transformer.moe.expert_health:BSR-MoE: marked experts [0, 1, 2, 3, 4, 5, 6, 7] as HEALTHY
INFO:megatron.core.transformer.moe.expert_health:BSR-MoE: marked experts [0, 1, 2, 3, 4, 5, 6, 7] as HEALTHY
INFO:megatron.core.transformer.moe.expert_health:BSR-MoE: marked experts [0, 1, 2, 3, 4, 5, 6, 7] as HEALTHY
INFO:megatron.core.transformer.moe.expert_health:BSR-MoE: marked experts [0, 1, 2, 3, 4, 5, 6, 7] as HEALTHY
INFO:megatron.core.transformer.moe.expert_health:BSR-MoE: marked experts [0, 1, 2, 3, 4, 5, 6, 7] as HEALTHY
INFO:megatron.core.transformer.moe.expert_health:BSR-MoE: marked experts [0, 1, 2, 3, 4, 5, 6, 7] as HEALTHY
INFO:megatron.core.transformer.moe.expert_health:BSR-MoE: marked experts [0, 1, 2, 3, 4, 5, 6, 7] as HEALTHY
INFO:megatron.core.transformer.moe.expert_health:BSR-MoE: marked experts [0, 1, 2, 3, 4, 5, 6, 7] as HEALTHY
INFO:megatron.core.transformer.moe.expert_health:BSR-MoE: marked experts [0, 1, 2, 3, 4, 5, 6, 7] as HEALTHY
INFO:megatron.core.transformer.moe.expert_health:BSR-MoE: marked experts [0, 1, 2, 3, 4, 5, 6, 7] as HEALTHY
INFO:megatron.core.transformer.moe.expert_health:BSR-MoE: marked experts [0, 1, 2, 3, 4, 5, 6, 7] as HEALTHY
INFO:megatron.core.transformer.moe.expert_health:BSR-MoE: marked experts [0, 1, 2, 3, 4, 5, 6, 7] as HEALTHY
INFO:megatron.core.transformer.moe.expert_health:BSR-MoE: marked experts [0, 1, 2, 3, 4, 5, 6, 7] as HEALTHY
INFO:megatron.core.transformer.moe.expert_health:BSR-MoE: marked experts [0, 1, 2, 3, 4, 5, 6, 7] as HEALTHY
INFO:megatron.core.transformer.moe.expert_health:BSR-MoE: marked experts [0, 1, 2, 3, 4, 5, 6, 7] as HEALTHY
INFO:megatron.core.transformer.moe.expert_health:BSR-MoE: marked experts [0, 1, 2, 3, 4, 5, 6, 7] as HEALTHY
INFO:megatron.core.transformer.moe.expert_health:BSR-MoE: marked experts [0, 1, 2, 3, 4, 5, 6, 7] as HEALTHY
INFO:megatron.core.transformer.moe.expert_health:BSR-MoE: marked experts [0, 1, 2, 3, 4, 5, 6, 7] as HEALTHY
INFO:megatron.core.transformer.moe.expert_health:BSR-MoE: marked experts [0, 1, 2, 3, 4, 5, 6, 7] as HEALTHY
INFO:megatron.core.transformer.moe.expert_health:BSR-MoE: marked experts [0, 1, 2, 3, 4, 5, 6, 7] as HEALTHY
INFO:megatron.core.transformer.moe.expert_health:BSR-MoE: marked experts [0, 1, 2, 3, 4, 5, 6, 7] as HEALTHY
INFO:megatron.core.transformer.moe.expert_health:BSR-MoE: marked experts [0, 1, 2, 3, 4, 5, 6, 7] as HEALTHY
INFO:megatron.core.transformer.moe.expert_health:BSR-MoE: marked experts [0, 1, 2, 3, 4, 5, 6, 7] as HEALTHY
INFO:megatron.core.transformer.moe.expert_health:BSR-MoE: marked experts [0, 1, 2, 3, 4, 5, 6, 7] as HEALTHY
INFO:megatron.core.transformer.moe.expert_health:BSR-MoE: marked experts [0, 1, 2, 3, 4, 5, 6, 7] as HEALTHY
INFO:megatron.core.transformer.moe.expert_health:BSR-MoE: marked experts [0, 1, 2, 3, 4, 5, 6, 7] as HEALTHY
INFO:megatron.core.transformer.moe.expert_health:BSR-MoE: marked experts [0, 1, 2, 3, 4, 5, 6, 7] as HEALTHY
INFO:megatron.core.transformer.moe.expert_health:BSR-MoE: marked experts [0, 1, 2, 3, 4, 5, 6, 7] as HEALTHY
INFO:megatron.core.transformer.moe.expert_health:BSR-MoE: marked experts [0, 1, 2, 3, 4, 5, 6, 7] as HEALTHY
INFO:megatron.core.transformer.moe.expert_health:BSR-MoE: marked experts [0, 1, 2, 3, 4, 5, 6, 7] as HEALTHY
INFO:megatron.core.transformer.moe.expert_health:BSR-MoE: marked experts [0, 1, 2, 3, 4, 5, 6, 7] as HEALTHY
INFO:megatron.core.transformer.moe.expert_health:BSR-MoE: marked experts [0, 1, 2, 3, 4, 5, 6, 7] as HEALTHY
INFO:megatron.core.transformer.moe.expert_health:BSR-MoE: marked experts [0, 1, 2, 3, 4, 5, 6, 7] as HEALTHY
INFO:megatron.core.transformer.moe.expert_health:BSR-MoE: marked experts [0, 1, 2, 3, 4, 5, 6, 7] as HEALTHY
INFO:megatron.core.transformer.moe.expert_health:BSR-MoE: marked experts [0, 1, 2, 3, 4, 5, 6, 7] as HEALTHY
INFO:megatron.core.transformer.moe.expert_health:BSR-MoE: marked experts [0, 1, 2, 3, 4, 5, 6, 7] as HEALTHY
INFO:megatron.core.transformer.moe.expert_health:BSR-MoE: marked experts [0, 1, 2, 3, 4, 5, 6, 7] as HEALTHY
INFO:megatron.core.transformer.moe.expert_health:BSR-MoE: marked experts [0, 1, 2, 3, 4, 5, 6, 7] as HEALTHY
INFO:megatron.core.transformer.moe.expert_health:BSR-MoE: marked experts [0, 1, 2, 3, 4, 5, 6, 7] as HEALTHY
INFO:megatron.core.transformer.moe.expert_health:BSR-MoE: marked experts [0, 1, 2, 3, 4, 5, 6, 7] as HEALTHY
INFO:megatron.core.transformer.moe.expert_health:BSR-MoE: marked experts [0, 1, 2, 3, 4, 5, 6, 7] as HEALTHY
INFO:megatron.core.transformer.moe.expert_health:BSR-MoE: marked experts [0, 1, 2, 3, 4, 5, 6, 7] as HEALTHY
INFO:megatron.core.transformer.moe.expert_health:BSR-MoE: marked experts [0, 1, 2, 3, 4, 5, 6, 7] as HEALTHY
INFO:megatron.core.transformer.moe.expert_health:BSR-MoE: marked experts [0, 1, 2, 3, 4, 5, 6, 7] as HEALTHY
INFO:megatron.core.transformer.moe.expert_health:BSR-MoE: marked experts [0, 1, 2, 3, 4, 5, 6, 7] as HEALTHY
INFO:megatron.core.transformer.moe.expert_health:BSR-MoE: marked experts [0, 1, 2, 3, 4, 5, 6, 7] as HEALTHY
INFO:megatron.core.transformer.moe.expert_health:BSR-MoE: marked experts [0, 1, 2, 3, 4, 5, 6, 7] as HEALTHY
INFO:megatron.core.transformer.moe.expert_health:BSR-MoE: marked experts [0, 1, 2, 3, 4, 5, 6, 7] as HEALTHY
INFO:megatron.core.transformer.moe.expert_health:BSR-MoE: marked experts [0, 1, 2, 3, 4, 5, 6, 7] as HEALTHY
INFO:megatron.core.transformer.moe.expert_health:BSR-MoE: marked experts [0, 1, 2, 3, 4, 5, 6, 7] as HEALTHY
INFO:megatron.core.transformer.moe.expert_health:BSR-MoE: marked experts [0, 1, 2, 3, 4, 5, 6, 7] as HEALTHY
INFO:megatron.core.transformer.moe.expert_health:BSR-MoE: marked experts [0, 1, 2, 3, 4, 5, 6, 7] as HEALTHY
INFO:megatron.core.transformer.moe.expert_health:BSR-MoE: marked experts [0, 1, 2, 3, 4, 5, 6, 7] as HEALTHY
INFO:megatron.core.transformer.moe.expert_health:BSR-MoE: marked experts [0, 1, 2, 3, 4, 5, 6, 7] as HEALTHY
INFO:megatron.core.transformer.moe.bsr_integration:BSR-MoE: loading expert (layer=258, id=0) from checkpoint /mnt/ais-c1/dataset/zds/4.20/1 (step=-1, location=)
INFO:megatron.core.transformer.moe.expert_health_manager:BSR-MoE layer 27: experts [0, 1] → STALE_RUNNABLE (step=60)
INFO:megatron.core.transformer.moe.bsr_integration:BSR-MoE: loading expert (layer=259, id=0) from checkpoint /mnt/ais-c1/dataset/zds/4.20/1 (step=-1, location=)
INFO:megatron.core.transformer.moe.bsr_integration:BSR-MoE: loading expert (layer=260, id=0) from checkpoint /mnt/ais-c1/dataset/zds/4.20/1 (step=-1, location=)
INFO:megatron.core.transformer.moe.bsr_integration:BSR-MoE: loading expert (layer=261, id=0) from checkpoint /mnt/ais-c1/dataset/zds/4.20/1 (step=-1, location=)
INFO:megatron.core.transformer.moe.bsr_integration:BSR-MoE: loading expert (layer=262, id=0) from checkpoint /mnt/ais-c1/dataset/zds/4.20/1 (step=-1, location=)
INFO:megatron.core.transformer.moe.bsr_integration:BSR-MoE: loading expert (layer=263, id=0) from checkpoint /mnt/ais-c1/dataset/zds/4.20/1 (step=-1, location=)
INFO:megatron.core.transformer.moe.bsr_integration:BSR-MoE: loading expert (layer=264, id=0) from checkpoint /mnt/ais-c1/dataset/zds/4.20/1 (step=-1, location=)
INFO:megatron.core.transformer.moe.bsr_integration:BSR-MoE: loading expert (layer=265, id=0) from checkpoint /mnt/ais-c1/dataset/zds/4.20/1 (step=-1, location=)
INFO:megatron.core.transformer.moe.bsr_integration:BSR-MoE: loading expert (layer=266, id=0) from checkpoint /mnt/ais-c1/dataset/zds/4.20/1 (step=-1, location=)
INFO:megatron.core.transformer.moe.bsr_integration:BSR-MoE: loading expert (layer=267, id=0) from checkpoint /mnt/ais-c1/dataset/zds/4.20/1 (step=-1, location=)
INFO:megatron.core.transformer.moe.bsr_integration:BSR-MoE: loading expert (layer=268, id=0) from checkpoint /mnt/ais-c1/dataset/zds/4.20/1 (step=-1, location=)
INFO:megatron.core.transformer.moe.bsr_integration:BSR-MoE: loading expert (layer=269, id=0) from checkpoint /mnt/ais-c1/dataset/zds/4.20/1 (step=-1, location=)
INFO:megatron.core.transformer.moe.expert_health_manager:BSR-MoE layer 28: experts [0, 1] → STALE_RUNNABLE (step=60)
INFO:megatron.core.transformer.moe.bsr_integration:BSR-MoE: loading expert (layer=270, id=0) from checkpoint /mnt/ais-c1/dataset/zds/4.20/1 (step=-1, location=)
INFO:megatron.core.transformer.moe.bsr_integration:BSR-MoE: loading expert (layer=271, id=0) from checkpoint /mnt/ais-c1/dataset/zds/4.20/1 (step=-1, location=)
INFO:megatron.core.transformer.moe.bsr_integration:BSR-MoE: loading expert (layer=272, id=0) from checkpoint /mnt/ais-c1/dataset/zds/4.20/1 (step=-1, location=)
INFO:megatron.core.transformer.moe.bsr_integration:BSR-MoE: loading expert (layer=273, id=0) from checkpoint /mnt/ais-c1/dataset/zds/4.20/1 (step=-1, location=)
INFO:megatron.core.transformer.moe.bsr_integration:BSR-MoE: loading expert (layer=274, id=0) from checkpoint /mnt/ais-c1/dataset/zds/4.20/1 (step=-1, location=)
INFO:megatron.core.transformer.moe.bsr_integration:BSR-MoE: loading expert (layer=275, id=0) from checkpoint /mnt/ais-c1/dataset/zds/4.20/1 (step=-1, location=)
INFO:megatron.core.transformer.moe.bsr_integration:BSR-MoE: loading expert (layer=276, id=0) from checkpoint /mnt/ais-c1/dataset/zds/4.20/1 (step=-1, location=)
INFO:megatron.core.transformer.moe.bsr_integration:BSR-MoE: loading expert (layer=277, id=0) from checkpoint /mnt/ais-c1/dataset/zds/4.20/1 (step=-1, location=)
INFO:megatron.core.transformer.moe.bsr_integration:BSR-MoE: loading expert (layer=278, id=0) from checkpoint /mnt/ais-c1/dataset/zds/4.20/1 (step=-1, location=)
INFO:megatron.core.transformer.moe.bsr_integration:BSR-MoE: loading expert (layer=279, id=0) from checkpoint /mnt/ais-c1/dataset/zds/4.20/1 (step=-1, location=)
INFO:megatron.core.transformer.moe.expert_health_manager:BSR-MoE layer 29: experts [0, 1] → STALE_RUNNABLE (step=60)
INFO:megatron.core.transformer.moe.bsr_integration:BSR-MoE: loading expert (layer=280, id=0) from checkpoint /mnt/ais-c1/dataset/zds/4.20/1 (step=-1, location=)
INFO:megatron.core.transformer.moe.bsr_integration:BSR-MoE: loading expert (layer=144, id=0) from checkpoint /mnt/ais-c1/dataset/zds/4.20/1 (step=-1, location=)
INFO:megatron.core.transformer.moe.bsr_integration:BSR-MoE: loading expert (layer=145, id=0) from checkpoint /mnt/ais-c1/dataset/zds/4.20/1 (step=-1, location=)
INFO:megatron.core.transformer.moe.expert_health_manager:BSR-MoE layer 15: experts [0, 1] → STALE_RUNNABLE (step=60)
INFO:megatron.core.transformer.moe.bsr_integration:BSR-MoE: loading expert (layer=146, id=0) from checkpoint /mnt/ais-c1/dataset/zds/4.20/1 (step=-1, location=)
INFO:megatron.core.transformer.moe.bsr_integration:BSR-MoE: loading expert (layer=147, id=0) from checkpoint /mnt/ais-c1/dataset/zds/4.20/1 (step=-1, location=)
INFO:megatron.core.transformer.moe.bsr_integration:BSR-MoE: loading expert (layer=148, id=0) from checkpoint /mnt/ais-c1/dataset/zds/4.20/1 (step=-1, location=)
INFO:megatron.core.transformer.moe.bsr_integration:BSR-MoE: loading expert (layer=149, id=0) from checkpoint /mnt/ais-c1/dataset/zds/4.20/1 (step=-1, location=)
INFO:megatron.core.transformer.moe.bsr_integration:BSR-MoE: loading expert (layer=150, id=0) from checkpoint /mnt/ais-c1/dataset/zds/4.20/1 (step=-1, location=)
INFO:megatron.core.transformer.moe.bsr_integration:BSR-MoE: loading expert (layer=151, id=0) from checkpoint /mnt/ais-c1/dataset/zds/4.20/1 (step=-1, location=)
INFO:megatron.core.transformer.moe.bsr_integration:BSR-MoE: loading expert (layer=152, id=0) from checkpoint /mnt/ais-c1/dataset/zds/4.20/1 (step=-1, location=)
INFO:megatron.core.transformer.moe.bsr_integration:BSR-MoE: loading expert (layer=153, id=0) from checkpoint /mnt/ais-c1/dataset/zds/4.20/1 (step=-1, location=)
INFO:megatron.core.transformer.moe.bsr_integration:BSR-MoE: loading expert (layer=154, id=0) from checkpoint /mnt/ais-c1/dataset/zds/4.20/1 (step=-1, location=)
INFO:megatron.core.transformer.moe.bsr_integration:BSR-MoE: loading expert (layer=155, id=0) from checkpoint /mnt/ais-c1/dataset/zds/4.20/1 (step=-1, location=)
INFO:megatron.core.transformer.moe.bsr_integration:BSR-MoE: loading expert (layer=156, id=0) from checkpoint /mnt/ais-c1/dataset/zds/4.20/1 (step=-1, location=)
INFO:megatron.core.transformer.moe.bsr_integration:BSR-MoE: loading expert (layer=157, id=0) from checkpoint /mnt/ais-c1/dataset/zds/4.20/1 (step=-1, location=)
INFO:megatron.core.transformer.moe.expert_health_manager:BSR-MoE layer 16: experts [0, 1] → STALE_RUNNABLE (step=60)
INFO:megatron.core.transformer.moe.bsr_integration:BSR-MoE: loading expert (layer=158, id=0) from checkpoint /mnt/ais-c1/dataset/zds/4.20/1 (step=-1, location=)
INFO:megatron.core.transformer.moe.bsr_integration:BSR-MoE: loading expert (layer=159, id=0) from checkpoint /mnt/ais-c1/dataset/zds/4.20/1 (step=-1, location=)
INFO:megatron.core.transformer.moe.bsr_integration:BSR-MoE: loading expert (layer=160, id=0) from checkpoint /mnt/ais-c1/dataset/zds/4.20/1 (step=-1, location=)
INFO:megatron.core.transformer.moe.bsr_integration:BSR-MoE: loading expert (layer=161, id=0) from checkpoint /mnt/ais-c1/dataset/zds/4.20/1 (step=-1, location=)
INFO:megatron.core.transformer.moe.bsr_integration:BSR-MoE: loading expert (layer=162, id=0) from checkpoint /mnt/ais-c1/dataset/zds/4.20/1 (step=-1, location=)
INFO:megatron.core.transformer.moe.bsr_integration:BSR-MoE: loading expert (layer=163, id=0) from checkpoint /mnt/ais-c1/dataset/zds/4.20/1 (step=-1, location=)
INFO:megatron.core.transformer.moe.bsr_integration:BSR-MoE: loading expert (layer=164, id=0) from checkpoint /mnt/ais-c1/dataset/zds/4.20/1 (step=-1, location=)
INFO:megatron.core.transformer.moe.bsr_integration:BSR-MoE: loading expert (layer=165, id=0) from checkpoint /mnt/ais-c1/dataset/zds/4.20/1 (step=-1, location=)
INFO:megatron.core.transformer.moe.bsr_integration:BSR-MoE: loading expert (layer=166, id=0) from checkpoint /mnt/ais-c1/dataset/zds/4.20/1 (step=-1, location=)
INFO:megatron.core.transformer.moe.expert_health_manager:BSR-MoE layer 17: experts [0, 1] → STALE_RUNNABLE (step=60)
INFO:megatron.core.transformer.moe.bsr_integration:BSR-MoE: loading expert (layer=397, id=0) from checkpoint /mnt/ais-c1/dataset/zds/4.20/1 (step=-1, location=)
INFO:megatron.core.transformer.moe.bsr_integration:BSR-MoE: loading expert (layer=398, id=0) from checkpoint /mnt/ais-c1/dataset/zds/4.20/1 (step=-1, location=)
INFO:megatron.core.transformer.moe.expert_health_manager:BSR-MoE layer 45: experts [0, 1] → STALE_RUNNABLE (step=60)
INFO:megatron.core.transformer.moe.bsr_integration:BSR-MoE: loading expert (layer=399, id=0) from checkpoint /mnt/ais-c1/dataset/zds/4.20/1 (step=-1, location=)
INFO:megatron.core.transformer.moe.bsr_integration:BSR-MoE: loading expert (layer=400, id=0) from checkpoint /mnt/ais-c1/dataset/zds/4.20/1 (step=-1, location=)
INFO:megatron.core.transformer.moe.bsr_integration:BSR-MoE: loading expert (layer=1, id=1) from checkpoint /mnt/ais-c1/dataset/zds/4.20/1 (step=-1, location=)
INFO:megatron.core.transformer.moe.bsr_integration:BSR-MoE: loading expert (layer=2, id=1) from checkpoint /mnt/ais-c1/dataset/zds/4.20/1 (step=-1, location=)
INFO:megatron.core.transformer.moe.bsr_integration:BSR-MoE: loading expert (layer=3, id=1) from checkpoint /mnt/ais-c1/dataset/zds/4.20/1 (step=-1, location=)
INFO:megatron.core.transformer.moe.bsr_integration:BSR-MoE: loading expert (layer=4, id=1) from checkpoint /mnt/ais-c1/dataset/zds/4.20/1 (step=-1, location=)
INFO:megatron.core.transformer.moe.bsr_integration:BSR-MoE: loading expert (layer=5, id=1) from checkpoint /mnt/ais-c1/dataset/zds/4.20/1 (step=-1, location=)
INFO:megatron.core.transformer.moe.bsr_integration:BSR-MoE: loading expert (layer=6, id=1) from checkpoint /mnt/ais-c1/dataset/zds/4.20/1 (step=-1, location=)
INFO:megatron.core.transformer.moe.bsr_integration:BSR-MoE: loading expert (layer=7, id=1) from checkpoint /mnt/ais-c1/dataset/zds/4.20/1 (step=-1, location=)
INFO:megatron.core.transformer.moe.bsr_integration:BSR-MoE: loading expert (layer=8, id=1) from checkpoint /mnt/ais-c1/dataset/zds/4.20/1 (step=-1, location=)
INFO:megatron.core.transformer.moe.bsr_integration:BSR-MoE: loading expert (layer=9, id=1) from checkpoint /mnt/ais-c1/dataset/zds/4.20/1 (step=-1, location=)
INFO:megatron.core.transformer.moe.bsr_integration:BSR-MoE: loading expert (layer=10, id=1) from checkpoint /mnt/ais-c1/dataset/zds/4.20/1 (step=-1, location=)
INFO:megatron.core.transformer.moe.expert_health_manager:BSR-MoE layer 46: experts [0, 1] → STALE_RUNNABLE (step=60)
INFO:megatron.core.transformer.moe.bsr_integration:BSR-MoE: loading expert (layer=11, id=1) from checkpoint /mnt/ais-c1/dataset/zds/4.20/1 (step=-1, location=)
INFO:megatron.core.transformer.moe.bsr_integration:BSR-MoE: loading expert (layer=12, id=1) from checkpoint /mnt/ais-c1/dataset/zds/4.20/1 (step=-1, location=)
INFO:megatron.core.transformer.moe.bsr_integration:BSR-MoE: loading expert (layer=13, id=1) from checkpoint /mnt/ais-c1/dataset/zds/4.20/1 (step=-1, location=)
INFO:megatron.core.transformer.moe.bsr_integration:BSR-MoE: loading expert (layer=14, id=1) from checkpoint /mnt/ais-c1/dataset/zds/4.20/1 (step=-1, location=)
INFO:megatron.core.transformer.moe.bsr_integration:BSR-MoE: loading expert (layer=15, id=1) from checkpoint /mnt/ais-c1/dataset/zds/4.20/1 (step=-1, location=)
INFO:megatron.core.transformer.moe.bsr_integration:BSR-MoE: loading expert (layer=16, id=1) from checkpoint /mnt/ais-c1/dataset/zds/4.20/1 (step=-1, location=)
INFO:megatron.core.transformer.moe.bsr_integration:BSR-MoE: loading expert (layer=17, id=1) from checkpoint /mnt/ais-c1/dataset/zds/4.20/1 (step=-1, location=)
INFO:megatron.core.transformer.moe.bsr_integration:BSR-MoE: loading expert (layer=18, id=1) from checkpoint /mnt/ais-c1/dataset/zds/4.20/1 (step=-1, location=)
INFO:megatron.core.transformer.moe.bsr_integration:BSR-MoE: loading expert (layer=19, id=1) from checkpoint /mnt/ais-c1/dataset/zds/4.20/1 (step=-1, location=)
INFO:megatron.core.transformer.moe.bsr_integration:BSR-MoE: loading expert (layer=20, id=1) from checkpoint /mnt/ais-c1/dataset/zds/4.20/1 (step=-1, location=)
INFO:megatron.core.transformer.moe.bsr_integration:BSR-MoE: loading expert (layer=167, id=0) from checkpoint /mnt/ais-c1/dataset/zds/4.20/1 (step=-1, location=)
INFO:megatron.core.transformer.moe.bsr_integration:BSR-MoE: loading expert (layer=168, id=0) from checkpoint /mnt/ais-c1/dataset/zds/4.20/1 (step=-1, location=)
INFO:megatron.core.transformer.moe.expert_health_manager:BSR-MoE layer 18: experts [0, 1] → STALE_RUNNABLE (step=60)
INFO:megatron.core.transformer.moe.bsr_integration:BSR-MoE: loading expert (layer=169, id=0) from checkpoint /mnt/ais-c1/dataset/zds/4.20/1 (step=-1, location=)
INFO:megatron.core.transformer.moe.bsr_integration:BSR-MoE: loading expert (layer=170, id=0) from checkpoint /mnt/ais-c1/dataset/zds/4.20/1 (step=-1, location=)
INFO:megatron.core.transformer.moe.bsr_integration:BSR-MoE: loading expert (layer=171, id=0) from checkpoint /mnt/ais-c1/dataset/zds/4.20/1 (step=-1, location=)
INFO:megatron.core.transformer.moe.bsr_integration:BSR-MoE: loading expert (layer=172, id=0) from checkpoint /mnt/ais-c1/dataset/zds/4.20/1 (step=-1, location=)
INFO:megatron.core.transformer.moe.bsr_integration:BSR-MoE: loading expert (layer=173, id=0) from checkpoint /mnt/ais-c1/dataset/zds/4.20/1 (step=-1, location=)
INFO:megatron.core.transformer.moe.bsr_integration:BSR-MoE: loading expert (layer=174, id=0) from checkpoint /mnt/ais-c1/dataset/zds/4.20/1 (step=-1, location=)
INFO:megatron.core.transformer.moe.bsr_integration:BSR-MoE: loading expert (layer=175, id=0) from checkpoint /mnt/ais-c1/dataset/zds/4.20/1 (step=-1, location=)
INFO:megatron.core.transformer.moe.bsr_integration:BSR-MoE: loading expert (layer=176, id=0) from checkpoint /mnt/ais-c1/dataset/zds/4.20/1 (step=-1, location=)
INFO:megatron.core.transformer.moe.bsr_integration:BSR-MoE: loading expert (layer=177, id=0) from checkpoint /mnt/ais-c1/dataset/zds/4.20/1 (step=-1, location=)
INFO:megatron.core.transformer.moe.bsr_integration:BSR-MoE: loading expert (layer=178, id=0) from checkpoint /mnt/ais-c1/dataset/zds/4.20/1 (step=-1, location=)
INFO:megatron.core.transformer.moe.bsr_integration:BSR-MoE: loading expert (layer=179, id=0) from checkpoint /mnt/ais-c1/dataset/zds/4.20/1 (step=-1, location=)
INFO:megatron.core.transformer.moe.bsr_integration:BSR-MoE: loading expert (layer=180, id=0) from checkpoint /mnt/ais-c1/dataset/zds/4.20/1 (step=-1, location=)
INFO:megatron.core.transformer.moe.expert_health_manager:BSR-MoE layer 19: experts [0, 1] → STALE_RUNNABLE (step=60)
INFO:megatron.core.transformer.moe.bsr_integration:BSR-MoE: loading expert (layer=181, id=0) from checkpoint /mnt/ais-c1/dataset/zds/4.20/1 (step=-1, location=)
INFO:megatron.core.transformer.moe.bsr_integration:BSR-MoE: loading expert (layer=182, id=0) from checkpoint /mnt/ais-c1/dataset/zds/4.20/1 (step=-1, location=)
INFO:megatron.core.transformer.moe.bsr_integration:BSR-MoE: loading expert (layer=183, id=0) from checkpoint /mnt/ais-c1/dataset/zds/4.20/1 (step=-1, location=)
INFO:megatron.core.transformer.moe.bsr_integration:BSR-MoE: loading expert (layer=184, id=0) from checkpoint /mnt/ais-c1/dataset/zds/4.20/1 (step=-1, location=)
INFO:megatron.core.transformer.moe.bsr_integration:BSR-MoE: loading expert (layer=185, id=0) from checkpoint /mnt/ais-c1/dataset/zds/4.20/1 (step=-1, location=)
INFO:megatron.core.transformer.moe.bsr_integration:BSR-MoE: loading expert (layer=186, id=0) from checkpoint /mnt/ais-c1/dataset/zds/4.20/1 (step=-1, location=)
INFO:megatron.core.transformer.moe.bsr_integration:BSR-MoE: loading expert (layer=187, id=0) from checkpoint /mnt/ais-c1/dataset/zds/4.20/1 (step=-1, location=)
INFO:megatron.core.transformer.moe.bsr_integration:BSR-MoE: loading expert (layer=188, id=0) from checkpoint /mnt/ais-c1/dataset/zds/4.20/1 (step=-1, location=)
INFO:megatron.core.transformer.moe.bsr_integration:BSR-MoE: loading expert (layer=189, id=0) from checkpoint /mnt/ais-c1/dataset/zds/4.20/1 (step=-1, location=)
INFO:megatron.core.transformer.moe.bsr_integration:BSR-MoE: loading expert (layer=281, id=0) from checkpoint /mnt/ais-c1/dataset/zds/4.20/1 (step=-1, location=)
INFO:megatron.core.transformer.moe.bsr_integration:BSR-MoE: loading expert (layer=282, id=0) from checkpoint /mnt/ais-c1/dataset/zds/4.20/1 (step=-1, location=)
INFO:megatron.core.transformer.moe.expert_health_manager:BSR-MoE layer 30: experts [0, 1] → STALE_RUNNABLE (step=60)
INFO:megatron.core.transformer.moe.bsr_integration:BSR-MoE: loading expert (layer=283, id=0) from checkpoint /mnt/ais-c1/dataset/zds/4.20/1 (step=-1, location=)
INFO:megatron.core.transformer.moe.bsr_integration:BSR-MoE: loading expert (layer=284, id=0) from checkpoint /mnt/ais-c1/dataset/zds/4.20/1 (step=-1, location=)
INFO:megatron.core.transformer.moe.bsr_integration:BSR-MoE: loading expert (layer=285, id=0) from checkpoint /mnt/ais-c1/dataset/zds/4.20/1 (step=-1, location=)
INFO:megatron.core.transformer.moe.bsr_integration:BSR-MoE: loading expert (layer=286, id=0) from checkpoint /mnt/ais-c1/dataset/zds/4.20/1 (step=-1, location=)
INFO:megatron.core.transformer.moe.bsr_integration:BSR-MoE: loading expert (layer=287, id=0) from checkpoint /mnt/ais-c1/dataset/zds/4.20/1 (step=-1, location=)
INFO:megatron.core.transformer.moe.bsr_integration:BSR-MoE: loading expert (layer=288, id=0) from checkpoint /mnt/ais-c1/dataset/zds/4.20/1 (step=-1, location=)
INFO:megatron.core.transformer.moe.bsr_integration:BSR-MoE: loading expert (layer=289, id=0) from checkpoint /mnt/ais-c1/dataset/zds/4.20/1 (step=-1, location=)
INFO:megatron.core.transformer.moe.bsr_integration:BSR-MoE: loading expert (layer=290, id=0) from checkpoint /mnt/ais-c1/dataset/zds/4.20/1 (step=-1, location=)
INFO:megatron.core.transformer.moe.bsr_integration:BSR-MoE: loading expert (layer=291, id=0) from checkpoint /mnt/ais-c1/dataset/zds/4.20/1 (step=-1, location=)
INFO:megatron.core.transformer.moe.bsr_integration:BSR-MoE: loading expert (layer=292, id=0) from checkpoint /mnt/ais-c1/dataset/zds/4.20/1 (step=-1, location=)
INFO:megatron.core.transformer.moe.bsr_integration:BSR-MoE: loading expert (layer=293, id=0) from checkpoint /mnt/ais-c1/dataset/zds/4.20/1 (step=-1, location=)
INFO:megatron.core.transformer.moe.bsr_integration:BSR-MoE: loading expert (layer=294, id=0) from checkpoint /mnt/ais-c1/dataset/zds/4.20/1 (step=-1, location=)
INFO:megatron.core.transformer.moe.expert_health_manager:BSR-MoE layer 31: experts [0, 1] → STALE_RUNNABLE (step=60)
INFO:megatron.core.transformer.moe.bsr_integration:BSR-MoE: loading expert (layer=295, id=0) from checkpoint /mnt/ais-c1/dataset/zds/4.20/1 (step=-1, location=)
INFO:megatron.core.transformer.moe.bsr_integration:BSR-MoE: loading expert (layer=296, id=0) from checkpoint /mnt/ais-c1/dataset/zds/4.20/1 (step=-1, location=)
INFO:megatron.core.transformer.moe.bsr_integration:BSR-MoE: loading expert (layer=297, id=0) from checkpoint /mnt/ais-c1/dataset/zds/4.20/1 (step=-1, location=)
INFO:megatron.core.transformer.moe.bsr_integration:BSR-MoE: loading expert (layer=298, id=0) from checkpoint /mnt/ais-c1/dataset/zds/4.20/1 (step=-1, location=)
INFO:megatron.core.transformer.moe.bsr_integration:BSR-MoE: loading expert (layer=299, id=0) from checkpoint /mnt/ais-c1/dataset/zds/4.20/1 (step=-1, location=)
INFO:megatron.core.transformer.moe.bsr_integration:BSR-MoE: loading expert (layer=300, id=0) from checkpoint /mnt/ais-c1/dataset/zds/4.20/1 (step=-1, location=)
INFO:megatron.core.transformer.moe.bsr_integration:BSR-MoE: loading expert (layer=301, id=0) from checkpoint /mnt/ais-c1/dataset/zds/4.20/1 (step=-1, location=)
INFO:megatron.core.transformer.moe.bsr_integration:BSR-MoE: loading expert (layer=302, id=0) from checkpoint /mnt/ais-c1/dataset/zds/4.20/1 (step=-1, location=)
INFO:megatron.core.transformer.moe.bsr_integration:BSR-MoE: loading expert (layer=303, id=0) from checkpoint /mnt/ais-c1/dataset/zds/4.20/1 (step=-1, location=)
INFO:megatron.core.transformer.moe.expert_health_manager:BSR-MoE layer 47: experts [0, 1] → STALE_RUNNABLE (step=60)
INFO:megatron.core.transformer.moe.bsr_integration:BSR-MoE: loading expert (layer=21, id=1) from checkpoint /mnt/ais-c1/dataset/zds/4.20/1 (step=-1, location=)
INFO:megatron.core.transformer.moe.bsr_integration:BSR-MoE: loading expert (layer=22, id=1) from checkpoint /mnt/ais-c1/dataset/zds/4.20/1 (step=-1, location=)
INFO:megatron.core.transformer.moe.bsr_integration:BSR-MoE: loading expert (layer=23, id=1) from checkpoint /mnt/ais-c1/dataset/zds/4.20/1 (step=-1, location=)
INFO:megatron.core.transformer.moe.bsr_integration:BSR-MoE: loading expert (layer=24, id=1) from checkpoint /mnt/ais-c1/dataset/zds/4.20/1 (step=-1, location=)
INFO:megatron.core.transformer.moe.bsr_integration:BSR-MoE: loading expert (layer=25, id=1) from checkpoint /mnt/ais-c1/dataset/zds/4.20/1 (step=-1, location=)
INFO:megatron.core.transformer.moe.bsr_integration:BSR-MoE: loading expert (layer=26, id=1) from checkpoint /mnt/ais-c1/dataset/zds/4.20/1 (step=-1, location=)
INFO:megatron.core.transformer.moe.bsr_integration:BSR-MoE: loading expert (layer=27, id=1) from checkpoint /mnt/ais-c1/dataset/zds/4.20/1 (step=-1, location=)
INFO:megatron.core.transformer.moe.bsr_integration:BSR-MoE: loading expert (layer=28, id=1) from checkpoint /mnt/ais-c1/dataset/zds/4.20/1 (step=-1, location=)
INFO:megatron.core.transformer.moe.bsr_integration:BSR-MoE: loading expert (layer=29, id=1) from checkpoint /mnt/ais-c1/dataset/zds/4.20/1 (step=-1, location=)
INFO:megatron.core.transformer.moe.bsr_integration:BSR-MoE: loading expert (layer=30, id=1) from checkpoint /mnt/ais-c1/dataset/zds/4.20/1 (step=-1, location=)
INFO:megatron.core.transformer.moe.expert_health_manager:BSR-MoE layer 48: experts [0, 1] → STALE_RUNNABLE (step=60)
INFO:megatron.core.transformer.moe.bsr_integration:BSR-MoE: loading expert (layer=31, id=1) from checkpoint /mnt/ais-c1/dataset/zds/4.20/1 (step=-1, location=)
INFO:megatron.core.transformer.moe.bsr_integration:BSR-MoE: loading expert (layer=32, id=1) from checkpoint /mnt/ais-c1/dataset/zds/4.20/1 (step=-1, location=)
INFO:megatron.core.transformer.moe.bsr_integration:BSR-MoE: loading expert (layer=33, id=1) from checkpoint /mnt/ais-c1/dataset/zds/4.20/1 (step=-1, location=)
INFO:megatron.core.transformer.moe.bsr_integration:BSR-MoE: loading expert (layer=34, id=1) from checkpoint /mnt/ais-c1/dataset/zds/4.20/1 (step=-1, location=)
INFO:megatron.core.transformer.moe.bsr_integration:BSR-MoE: loading expert (layer=35, id=1) from checkpoint /mnt/ais-c1/dataset/zds/4.20/1 (step=-1, location=)
INFO:megatron.core.transformer.moe.bsr_integration:BSR-MoE: loading expert (layer=36, id=1) from checkpoint /mnt/ais-c1/dataset/zds/4.20/1 (step=-1, location=)
INFO:megatron.core.transformer.moe.bsr_integration:BSR-MoE: loading expert (layer=37, id=1) from checkpoint /mnt/ais-c1/dataset/zds/4.20/1 (step=-1, location=)
INFO:megatron.core.transformer.moe.bsr_integration:BSR-MoE: loading expert (layer=38, id=1) from checkpoint /mnt/ais-c1/dataset/zds/4.20/1 (step=-1, location=)
INFO:megatron.core.transformer.moe.bsr_integration:BSR-MoE: loading expert (layer=39, id=1) from checkpoint /mnt/ais-c1/dataset/zds/4.20/1 (step=-1, location=)
INFO:megatron.core.transformer.moe.bsr_integration:BSR-MoE: loading expert (layer=40, id=1) from checkpoint /mnt/ais-c1/dataset/zds/4.20/1 (step=-1, location=)
INFO:megatron.core.transformer.moe.expert_health_manager:BSR-MoE layer 49: experts [0, 1] → STALE_RUNNABLE (step=60)
INFO:megatron.core.transformer.moe.bsr_integration:BSR-MoE: loading expert (layer=41, id=1) from checkpoint /mnt/ais-c1/dataset/zds/4.20/1 (step=-1, location=)
INFO:megatron.core.transformer.moe.bsr_integration:BSR-MoE: loading expert (layer=42, id=1) from checkpoint /mnt/ais-c1/dataset/zds/4.20/1 (step=-1, location=)
INFO:megatron.core.transformer.moe.bsr_integration:BSR-MoE: loading expert (layer=43, id=1) from checkpoint /mnt/ais-c1/dataset/zds/4.20/1 (step=-1, location=)
INFO:megatron.core.transformer.moe.expert_health:BSR-MoE: marked experts [0, 1, 2, 3, 4, 5, 6, 7] as HEALTHY
INFO:megatron.core.transformer.moe.expert_health:BSR-MoE: marked experts [0, 1, 2, 3, 4, 5, 6, 7] as HEALTHY
INFO:megatron.core.transformer.moe.expert_health:BSR-MoE: marked experts [0, 1, 2, 3, 4, 5, 6, 7] as HEALTHY
INFO:megatron.core.transformer.moe.expert_health:BSR-MoE: marked experts [0, 1, 2, 3, 4, 5, 6, 7] as HEALTHY
INFO:megatron.core.transformer.moe.expert_health:BSR-MoE: marked experts [0, 1, 2, 3, 4, 5, 6, 7] as HEALTHY
INFO:megatron.core.transformer.moe.expert_health:BSR-MoE: marked experts [0, 1, 2, 3, 4, 5, 6, 7] as HEALTHY
INFO:megatron.core.transformer.moe.expert_health:BSR-MoE: marked experts [0, 1, 2, 3, 4, 5, 6, 7] as HEALTHY
INFO:megatron.core.transformer.moe.expert_health:BSR-MoE: marked experts [0, 1, 2, 3, 4, 5, 6, 7] as HEALTHY
INFO:megatron.core.transformer.moe.expert_health:BSR-MoE: marked experts [0, 1, 2, 3, 4, 5, 6, 7] as HEALTHY
INFO:megatron.core.transformer.moe.expert_health:BSR-MoE: marked experts [0, 1, 2, 3, 4, 5, 6, 7] as HEALTHY
INFO:megatron.core.transformer.moe.expert_health:BSR-MoE: marked experts [0, 1, 2, 3, 4, 5, 6, 7] as HEALTHY
INFO:megatron.core.transformer.moe.expert_health:BSR-MoE: marked experts [0, 1, 2, 3, 4, 5, 6, 7] as HEALTHY
INFO:megatron.core.transformer.moe.expert_health:BSR-MoE: marked experts [0, 1, 2, 3, 4, 5, 6, 7] as HEALTHY
INFO:megatron.core.transformer.moe.expert_health:BSR-MoE: marked experts [0, 1, 2, 3, 4, 5, 6, 7] as HEALTHY
INFO:megatron.core.transformer.moe.expert_health:BSR-MoE: marked experts [0, 1, 2, 3, 4, 5, 6, 7] as HEALTHY
INFO:megatron.core.transformer.moe.expert_health:BSR-MoE: marked experts [0, 1, 2, 3, 4, 5, 6, 7] as HEALTHY
INFO:megatron.core.transformer.moe.expert_health:BSR-MoE: marked experts [0, 1, 2, 3, 4, 5, 6, 7] as HEALTHY
INFO:megatron.core.transformer.moe.expert_health:BSR-MoE: marked experts [0, 1, 2, 3, 4, 5, 6, 7] as HEALTHY
INFO:megatron.core.transformer.moe.expert_health:BSR-MoE: marked experts [0, 1, 2, 3, 4, 5, 6, 7] as HEALTHY
INFO:megatron.core.transformer.moe.expert_health:BSR-MoE: marked experts [0, 1, 2, 3, 4, 5, 6, 7] as HEALTHY
INFO:megatron.core.transformer.moe.expert_health:BSR-MoE: marked experts [0, 1, 2, 3, 4, 5, 6, 7] as HEALTHY
INFO:megatron.core.transformer.moe.expert_health:BSR-MoE: marked experts [0, 1, 2, 3, 4, 5, 6, 7] as HEALTHY
INFO:megatron.core.transformer.moe.expert_health:BSR-MoE: marked experts [0, 1, 2, 3, 4, 5, 6, 7] as HEALTHY
INFO:megatron.core.transformer.moe.expert_health:BSR-MoE: marked experts [0, 1, 2, 3, 4, 5, 6, 7] as HEALTHY
INFO:megatron.core.transformer.moe.expert_health:BSR-MoE: marked experts [0, 1, 2, 3, 4, 5, 6, 7] as HEALTHY
INFO:megatron.core.transformer.moe.expert_health:BSR-MoE: marked experts [0, 1, 2, 3, 4, 5, 6, 7] as HEALTHY
INFO:megatron.core.transformer.moe.expert_health:BSR-MoE: marked experts [0, 1, 2, 3, 4, 5, 6, 7] as HEALTHY
INFO:megatron.core.transformer.moe.expert_health:BSR-MoE: marked experts [0, 1, 2, 3, 4, 5, 6, 7] as HEALTHY
INFO:megatron.core.transformer.moe.expert_health:BSR-MoE: marked experts [0, 1, 2, 3, 4, 5, 6, 7] as HEALTHY
INFO:megatron.core.transformer.moe.expert_health:BSR-MoE: marked experts [0, 1, 2, 3, 4, 5, 6, 7] as HEALTHY
INFO:megatron.core.transformer.moe.expert_health:BSR-MoE: marked experts [0, 1, 2, 3, 4, 5, 6, 7] as HEALTHY
INFO:megatron.core.transformer.moe.expert_health:BSR-MoE: marked experts [0, 1, 2, 3, 4, 5, 6, 7] as HEALTHY
INFO:megatron.core.transformer.moe.expert_health:BSR-MoE: marked experts [0, 1, 2, 3, 4, 5, 6, 7] as HEALTHY
INFO:megatron.core.transformer.moe.expert_health:BSR-MoE: marked experts [0, 1, 2, 3, 4, 5, 6, 7] as HEALTHY
INFO:megatron.core.transformer.moe.expert_health:BSR-MoE: marked experts [0, 1, 2, 3, 4, 5, 6, 7] as HEALTHY
INFO:megatron.core.transformer.moe.expert_health:BSR-MoE: marked experts [0, 1, 2, 3, 4, 5, 6, 7] as HEALTHY
INFO:megatron.core.transformer.moe.expert_health:BSR-MoE: marked experts [0, 1, 2, 3, 4, 5, 6, 7] as HEALTHY
INFO:megatron.core.transformer.moe.bsr_integration:BSR-MoE: loading expert (layer=44, id=1) from checkpoint /mnt/ais-c1/dataset/zds/4.20/1 (step=-1, location=)
INFO:megatron.core.transformer.moe.bsr_integration:BSR-MoE: loading expert (layer=45, id=1) from checkpoint /mnt/ais-c1/dataset/zds/4.20/1 (step=-1, location=)
INFO:megatron.core.transformer.moe.expert_health_manager:BSR-MoE layer 50: experts [0, 1] → STALE_RUNNABLE (step=60)
INFO:megatron.core.transformer.moe.bsr_integration:BSR-MoE: loading expert (layer=46, id=1) from checkpoint /mnt/ais-c1/dataset/zds/4.20/1 (step=-1, location=)
INFO:megatron.core.transformer.moe.bsr_integration:BSR-MoE: loading expert (layer=47, id=1) from checkpoint /mnt/ais-c1/dataset/zds/4.20/1 (step=-1, location=)
INFO:megatron.core.transformer.moe.bsr_integration:BSR-MoE: loading expert (layer=48, id=1) from checkpoint /mnt/ais-c1/dataset/zds/4.20/1 (step=-1, location=)
INFO:megatron.core.transformer.moe.bsr_integration:BSR-MoE: loading expert (layer=49, id=1) from checkpoint /mnt/ais-c1/dataset/zds/4.20/1 (step=-1, location=)
INFO:megatron.core.transformer.moe.bsr_integration:BSR-MoE: loading expert (layer=50, id=1) from checkpoint /mnt/ais-c1/dataset/zds/4.20/1 (step=-1, location=)
INFO:megatron.core.transformer.moe.bsr_integration:BSR-MoE: loading expert (layer=51, id=1) from checkpoint /mnt/ais-c1/dataset/zds/4.20/1 (step=-1, location=)
INFO:megatron.core.transformer.moe.bsr_integration:BSR-MoE: loading expert (layer=52, id=1) from checkpoint /mnt/ais-c1/dataset/zds/4.20/1 (step=-1, location=)
INFO:megatron.core.transformer.moe.bsr_integration:BSR-MoE: loading expert (layer=53, id=1) from checkpoint /mnt/ais-c1/dataset/zds/4.20/1 (step=-1, location=)
INFO:megatron.core.transformer.moe.bsr_integration:BSR-MoE: loading expert (layer=54, id=1) from checkpoint /mnt/ais-c1/dataset/zds/4.20/1 (step=-1, location=)
INFO:megatron.core.transformer.moe.bsr_integration:BSR-MoE: loading expert (layer=55, id=1) from checkpoint /mnt/ais-c1/dataset/zds/4.20/1 (step=-1, location=)
INFO:megatron.core.transformer.moe.bsr_integration:BSR-MoE: loading expert (layer=56, id=1) from checkpoint /mnt/ais-c1/dataset/zds/4.20/1 (step=-1, location=)
INFO:megatron.core.transformer.moe.expert_health_manager:BSR-MoE layer 51: experts [0, 1] → STALE_RUNNABLE (step=60)
INFO:megatron.core.transformer.moe.bsr_integration:BSR-MoE: loading expert (layer=57, id=1) from checkpoint /mnt/ais-c1/dataset/zds/4.20/1 (step=-1, location=)
INFO:megatron.core.transformer.moe.bsr_integration:BSR-MoE: loading expert (layer=58, id=1) from checkpoint /mnt/ais-c1/dataset/zds/4.20/1 (step=-1, location=)
INFO:megatron.core.transformer.moe.bsr_integration:BSR-MoE: loading expert (layer=59, id=1) from checkpoint /mnt/ais-c1/dataset/zds/4.20/1 (step=-1, location=)
INFO:megatron.core.transformer.moe.bsr_integration:BSR-MoE: loading expert (layer=60, id=1) from checkpoint /mnt/ais-c1/dataset/zds/4.20/1 (step=-1, location=)
INFO:megatron.core.transformer.moe.bsr_integration:BSR-MoE: loading expert (layer=61, id=1) from checkpoint /mnt/ais-c1/dataset/zds/4.20/1 (step=-1, location=)
INFO:megatron.core.transformer.moe.bsr_integration:BSR-MoE: loading expert (layer=62, id=1) from checkpoint /mnt/ais-c1/dataset/zds/4.20/1 (step=-1, location=)
INFO:megatron.core.transformer.moe.bsr_integration:BSR-MoE: loading expert (layer=63, id=1) from checkpoint /mnt/ais-c1/dataset/zds/4.20/1 (step=-1, location=)
INFO:megatron.core.transformer.moe.bsr_integration:BSR-MoE: loading expert (layer=64, id=1) from checkpoint /mnt/ais-c1/dataset/zds/4.20/1 (step=-1, location=)
INFO:megatron.core.transformer.moe.bsr_integration:BSR-MoE: loading expert (layer=65, id=1) from checkpoint /mnt/ais-c1/dataset/zds/4.20/1 (step=-1, location=)
INFO:megatron.core.transformer.moe.bsr_integration:BSR-MoE: loading expert (layer=66, id=1) from checkpoint /mnt/ais-c1/dataset/zds/4.20/1 (step=-1, location=)
INFO:megatron.core.transformer.moe.expert_health_manager:BSR-MoE layer 52: experts [0, 1] → STALE_RUNNABLE (step=60)
INFO:megatron.core.transformer.moe.expert_health:BSR-MoE: marked experts [0, 1, 2, 3, 4, 5, 6, 7] as HEALTHY
INFO:megatron.core.transformer.moe.expert_health:BSR-MoE: marked experts [0, 1, 2, 3, 4, 5, 6, 7] as HEALTHY
INFO:megatron.core.transformer.moe.expert_health:BSR-MoE: marked experts [0, 1, 2, 3, 4, 5, 6, 7] as HEALTHY
INFO:megatron.core.transformer.moe.expert_health:BSR-MoE: marked experts [0, 1, 2, 3, 4, 5, 6, 7] as HEALTHY
INFO:megatron.core.transformer.moe.expert_health:BSR-MoE: marked experts [0, 1, 2, 3, 4, 5, 6, 7] as HEALTHY
INFO:megatron.core.transformer.moe.expert_health:BSR-MoE: marked experts [0, 1, 2, 3, 4, 5, 6, 7] as HEALTHY
INFO:megatron.core.transformer.moe.expert_health:BSR-MoE: marked experts [0, 1, 2, 3, 4, 5, 6, 7] as HEALTHY
INFO:megatron.core.transformer.moe.expert_health:BSR-MoE: marked experts [0, 1, 2, 3, 4, 5, 6, 7] as HEALTHY
INFO:megatron.core.transformer.moe.expert_health:BSR-MoE: marked experts [0, 1, 2, 3, 4, 5, 6, 7] as HEALTHY
INFO:megatron.core.transformer.moe.expert_health:BSR-MoE: marked experts [0, 1, 2, 3, 4, 5, 6, 7] as HEALTHY
INFO:megatron.core.transformer.moe.expert_health:BSR-MoE: marked experts [0, 1, 2, 3, 4, 5, 6, 7] as HEALTHY
INFO:megatron.core.transformer.moe.expert_health:BSR-MoE: marked experts [0, 1, 2, 3, 4, 5, 6, 7] as HEALTHY
INFO:megatron.core.transformer.moe.expert_health:BSR-MoE: marked experts [0, 1, 2, 3, 4, 5, 6, 7] as HEALTHY
INFO:megatron.core.transformer.moe.expert_health:BSR-MoE: marked experts [0, 1, 2, 3, 4, 5, 6, 7] as HEALTHY
INFO:megatron.core.transformer.moe.expert_health:BSR-MoE: marked experts [0, 1, 2, 3, 4, 5, 6, 7] as HEALTHY
INFO:megatron.core.transformer.moe.expert_health:BSR-MoE: marked experts [0, 1, 2, 3, 4, 5, 6, 7] as HEALTHY
INFO:megatron.core.transformer.moe.expert_health:BSR-MoE: marked experts [0, 1, 2, 3, 4, 5, 6, 7] as HEALTHY
INFO:megatron.core.transformer.moe.expert_health:BSR-MoE: marked experts [0, 1, 2, 3, 4, 5, 6, 7] as HEALTHY
INFO:megatron.core.transformer.moe.expert_health:BSR-MoE: marked experts [0, 1, 2, 3, 4, 5, 6, 7] as HEALTHY
INFO:megatron.core.transformer.moe.expert_health:BSR-MoE: marked experts [0, 1, 2, 3, 4, 5, 6, 7] as HEALTHY
INFO:megatron.core.transformer.moe.expert_health:BSR-MoE: marked experts [0, 1, 2, 3, 4, 5, 6, 7] as HEALTHY
INFO:megatron.core.transformer.moe.expert_health:BSR-MoE: marked experts [0, 1, 2, 3, 4, 5, 6, 7] as HEALTHY
INFO:megatron.core.transformer.moe.expert_health:BSR-MoE: marked experts [0, 1, 2, 3, 4, 5, 6, 7] as HEALTHY
INFO:megatron.core.transformer.moe.expert_health:BSR-MoE: marked experts [0, 1, 2, 3, 4, 5, 6, 7] as HEALTHY
INFO:megatron.core.transformer.moe.expert_health:BSR-MoE: marked experts [0, 1, 2, 3, 4, 5, 6, 7] as HEALTHY
INFO:megatron.core.transformer.moe.expert_health:BSR-MoE: marked experts [0, 1, 2, 3, 4, 5, 6, 7] as HEALTHY
INFO:megatron.core.transformer.moe.expert_health:BSR-MoE: marked experts [0, 1, 2, 3, 4, 5, 6, 7] as HEALTHY
INFO:megatron.core.transformer.moe.expert_health:BSR-MoE: marked experts [0, 1, 2, 3, 4, 5, 6, 7] as HEALTHY
INFO:megatron.core.transformer.moe.expert_health:BSR-MoE: marked experts [0, 1, 2, 3, 4, 5, 6, 7] as HEALTHY
INFO:megatron.core.transformer.moe.expert_health:BSR-MoE: marked experts [0, 1, 2, 3, 4, 5, 6, 7] as HEALTHY
INFO:megatron.core.transformer.moe.expert_health:BSR-MoE: marked experts [0, 1, 2, 3, 4, 5, 6, 7] as HEALTHY
INFO:megatron.core.transformer.moe.expert_health:BSR-MoE: marked experts [0, 1, 2, 3, 4, 5, 6, 7] as HEALTHY
INFO:megatron.core.transformer.moe.expert_health:BSR-MoE: marked experts [0, 1, 2, 3, 4, 5, 6, 7] as HEALTHY
INFO:megatron.core.transformer.moe.expert_health:BSR-MoE: marked experts [0, 1, 2, 3, 4, 5, 6, 7] as HEALTHY
INFO:megatron.core.transformer.moe.expert_health:BSR-MoE: marked experts [0, 1, 2, 3, 4, 5, 6, 7] as HEALTHY
INFO:megatron.core.transformer.moe.expert_health:BSR-MoE: marked experts [0, 1, 2, 3, 4, 5, 6, 7] as HEALTHY
INFO:megatron.core.transformer.moe.expert_health:BSR-MoE: marked experts [0, 1, 2, 3, 4, 5, 6, 7] as HEALTHY
INFO:megatron.core.transformer.moe.bsr_integration:BSR-MoE: loading expert (layer=304, id=0) from checkpoint /mnt/ais-c1/dataset/zds/4.20/1 (step=-1, location=)
INFO:megatron.core.transformer.moe.expert_health_manager:BSR-MoE layer 32: experts [0, 1] → STALE_RUNNABLE (step=60)
INFO:megatron.core.transformer.moe.bsr_integration:BSR-MoE: loading expert (layer=305, id=0) from checkpoint /mnt/ais-c1/dataset/zds/4.20/1 (step=-1, location=)
INFO:megatron.core.transformer.moe.bsr_integration:BSR-MoE: loading expert (layer=306, id=0) from checkpoint /mnt/ais-c1/dataset/zds/4.20/1 (step=-1, location=)
INFO:megatron.core.transformer.moe.bsr_integration:BSR-MoE: loading expert (layer=307, id=0) from checkpoint /mnt/ais-c1/dataset/zds/4.20/1 (step=-1, location=)
INFO:megatron.core.transformer.moe.bsr_integration:BSR-MoE: loading expert (layer=308, id=0) from checkpoint /mnt/ais-c1/dataset/zds/4.20/1 (step=-1, location=)
INFO:megatron.core.transformer.moe.bsr_integration:BSR-MoE: loading expert (layer=309, id=0) from checkpoint /mnt/ais-c1/dataset/zds/4.20/1 (step=-1, location=)
INFO:megatron.core.transformer.moe.bsr_integration:BSR-MoE: loading expert (layer=310, id=0) from checkpoint /mnt/ais-c1/dataset/zds/4.20/1 (step=-1, location=)
INFO:megatron.core.transformer.moe.bsr_integration:BSR-MoE: loading expert (layer=311, id=0) from checkpoint /mnt/ais-c1/dataset/zds/4.20/1 (step=-1, location=)
INFO:megatron.core.transformer.moe.bsr_integration:BSR-MoE: loading expert (layer=312, id=0) from checkpoint /mnt/ais-c1/dataset/zds/4.20/1 (step=-1, location=)
INFO:megatron.core.transformer.moe.bsr_integration:BSR-MoE: loading expert (layer=313, id=0) from checkpoint /mnt/ais-c1/dataset/zds/4.20/1 (step=-1, location=)
INFO:megatron.core.transformer.moe.expert_health_manager:BSR-MoE layer 33: experts [0, 1] → STALE_RUNNABLE (step=60)
INFO:megatron.core.transformer.moe.bsr_integration:BSR-MoE: loading expert (layer=314, id=0) from checkpoint /mnt/ais-c1/dataset/zds/4.20/1 (step=-1, location=)
INFO:megatron.core.transformer.moe.bsr_integration:BSR-MoE: loading expert (layer=315, id=0) from checkpoint /mnt/ais-c1/dataset/zds/4.20/1 (step=-1, location=)
INFO:megatron.core.transformer.moe.bsr_integration:BSR-MoE: loading expert (layer=316, id=0) from checkpoint /mnt/ais-c1/dataset/zds/4.20/1 (step=-1, location=)
INFO:megatron.core.transformer.moe.bsr_integration:BSR-MoE: loading expert (layer=317, id=0) from checkpoint /mnt/ais-c1/dataset/zds/4.20/1 (step=-1, location=)
INFO:megatron.core.transformer.moe.bsr_integration:BSR-MoE: loading expert (layer=318, id=0) from checkpoint /mnt/ais-c1/dataset/zds/4.20/1 (step=-1, location=)
INFO:megatron.core.transformer.moe.bsr_integration:BSR-MoE: loading expert (layer=319, id=0) from checkpoint /mnt/ais-c1/dataset/zds/4.20/1 (step=-1, location=)
INFO:megatron.core.transformer.moe.bsr_integration:BSR-MoE: loading expert (layer=320, id=0) from checkpoint /mnt/ais-c1/dataset/zds/4.20/1 (step=-1, location=)
INFO:megatron.core.transformer.moe.bsr_integration:BSR-MoE: loading expert (layer=321, id=0) from checkpoint /mnt/ais-c1/dataset/zds/4.20/1 (step=-1, location=)
INFO:megatron.core.transformer.moe.bsr_integration:BSR-MoE: loading expert (layer=322, id=0) from checkpoint /mnt/ais-c1/dataset/zds/4.20/1 (step=-1, location=)
INFO:megatron.core.transformer.moe.bsr_integration:BSR-MoE: loading expert (layer=323, id=0) from checkpoint /mnt/ais-c1/dataset/zds/4.20/1 (step=-1, location=)
INFO:megatron.core.transformer.moe.expert_health_manager:BSR-MoE layer 34: experts [0, 1] → STALE_RUNNABLE (step=60)
INFO:megatron.core.transformer.moe.bsr_integration:BSR-MoE: loading expert (layer=324, id=0) from checkpoint /mnt/ais-c1/dataset/zds/4.20/1 (step=-1, location=)
INFO:megatron.core.transformer.moe.bsr_integration:BSR-MoE: loading expert (layer=325, id=0) from checkpoint /mnt/ais-c1/dataset/zds/4.20/1 (step=-1, location=)
INFO:megatron.core.transformer.moe.bsr_integration:BSR-MoE: loading expert (layer=326, id=0) from checkpoint /mnt/ais-c1/dataset/zds/4.20/1 (step=-1, location=)
INFO:megatron.core.transformer.moe.expert_health:BSR-MoE: marked experts [0, 1, 2, 3, 4, 5, 6, 7] as HEALTHY
INFO:megatron.core.transformer.moe.expert_health:BSR-MoE: marked experts [0, 1, 2, 3, 4, 5, 6, 7] as HEALTHY
INFO:megatron.core.transformer.moe.expert_health:BSR-MoE: marked experts [0, 1, 2, 3, 4, 5, 6, 7] as HEALTHY
INFO:megatron.core.transformer.moe.expert_health:BSR-MoE: marked experts [0, 1, 2, 3, 4, 5, 6, 7] as HEALTHY
INFO:megatron.core.transformer.moe.expert_health:BSR-MoE: marked experts [0, 1, 2, 3, 4, 5, 6, 7] as HEALTHY
INFO:megatron.core.transformer.moe.expert_health:BSR-MoE: marked experts [0, 1, 2, 3, 4, 5, 6, 7] as HEALTHY
INFO:megatron.core.transformer.moe.expert_health:BSR-MoE: marked experts [0, 1, 2, 3, 4, 5, 6, 7] as HEALTHY
INFO:megatron.core.transformer.moe.expert_health:BSR-MoE: marked experts [0, 1, 2, 3, 4, 5, 6, 7] as HEALTHY
INFO:megatron.core.transformer.moe.expert_health:BSR-MoE: marked experts [0, 1, 2, 3, 4, 5, 6, 7] as HEALTHY
INFO:megatron.core.transformer.moe.expert_health:BSR-MoE: marked experts [0, 1, 2, 3, 4, 5, 6, 7] as HEALTHY
INFO:megatron.core.transformer.moe.expert_health:BSR-MoE: marked experts [0, 1, 2, 3, 4, 5, 6, 7] as HEALTHY
INFO:megatron.core.transformer.moe.expert_health:BSR-MoE: marked experts [0, 1, 2, 3, 4, 5, 6, 7] as HEALTHY
INFO:megatron.core.transformer.moe.expert_health:BSR-MoE: marked experts [0, 1, 2, 3, 4, 5, 6, 7] as HEALTHY
INFO:megatron.core.transformer.moe.expert_health:BSR-MoE: marked experts [0, 1, 2, 3, 4, 5, 6, 7] as HEALTHY
INFO:megatron.core.transformer.moe.expert_health:BSR-MoE: marked experts [0, 1, 2, 3, 4, 5, 6, 7] as HEALTHY
INFO:megatron.core.transformer.moe.expert_health:BSR-MoE: marked experts [0, 1, 2, 3, 4, 5, 6, 7] as HEALTHY
INFO:megatron.core.transformer.moe.expert_health:BSR-MoE: marked experts [0, 1, 2, 3, 4, 5, 6, 7] as HEALTHY
INFO:megatron.core.transformer.moe.expert_health:BSR-MoE: marked experts [0, 1, 2, 3, 4, 5, 6, 7] as HEALTHY
INFO:megatron.core.transformer.moe.expert_health:BSR-MoE: marked experts [0, 1, 2, 3, 4, 5, 6, 7] as HEALTHY
INFO:megatron.core.transformer.moe.expert_health:BSR-MoE: marked experts [0, 1, 2, 3, 4, 5, 6, 7] as HEALTHY
INFO:megatron.core.transformer.moe.expert_health:BSR-MoE: marked experts [0, 1, 2, 3, 4, 5, 6, 7] as HEALTHY
INFO:megatron.core.transformer.moe.expert_health:BSR-MoE: marked experts [0, 1, 2, 3, 4, 5, 6, 7] as HEALTHY
INFO:megatron.core.transformer.moe.expert_health:BSR-MoE: marked experts [0, 1, 2, 3, 4, 5, 6, 7] as HEALTHY
INFO:megatron.core.transformer.moe.expert_health:BSR-MoE: marked experts [0, 1, 2, 3, 4, 5, 6, 7] as HEALTHY
INFO:megatron.core.transformer.moe.expert_health:BSR-MoE: marked experts [0, 1, 2, 3, 4, 5, 6, 7] as HEALTHY
INFO:megatron.core.transformer.moe.expert_health:BSR-MoE: marked experts [0, 1, 2, 3, 4, 5, 6, 7] as HEALTHY
INFO:megatron.core.transformer.moe.expert_health:BSR-MoE: marked experts [0, 1, 2, 3, 4, 5, 6, 7] as HEALTHY
INFO:megatron.core.transformer.moe.expert_health:BSR-MoE: marked experts [0, 1, 2, 3, 4, 5, 6, 7] as HEALTHY
INFO:megatron.core.transformer.moe.expert_health:BSR-MoE: marked experts [0, 1, 2, 3, 4, 5, 6, 7] as HEALTHY
INFO:megatron.core.transformer.moe.expert_health:BSR-MoE: marked experts [0, 1, 2, 3, 4, 5, 6, 7] as HEALTHY
INFO:megatron.core.transformer.moe.expert_health:BSR-MoE: marked experts [0, 1, 2, 3, 4, 5, 6, 7] as HEALTHY
INFO:megatron.core.transformer.moe.expert_health:BSR-MoE: marked experts [0, 1, 2, 3, 4, 5, 6, 7] as HEALTHY
INFO:megatron.core.transformer.moe.expert_health:BSR-MoE: marked experts [0, 1, 2, 3, 4, 5, 6, 7] as HEALTHY
INFO:megatron.core.transformer.moe.expert_health:BSR-MoE: marked experts [0, 1, 2, 3, 4, 5, 6, 7] as HEALTHY
INFO:megatron.core.transformer.moe.expert_health:BSR-MoE: marked experts [0, 1, 2, 3, 4, 5, 6, 7] as HEALTHY
INFO:megatron.core.transformer.moe.expert_health:BSR-MoE: marked experts [0, 1, 2, 3, 4, 5, 6, 7] as HEALTHY
INFO:megatron.core.transformer.moe.expert_health:BSR-MoE: marked experts [0, 1, 2, 3, 4, 5, 6, 7] as HEALTHY
INFO:megatron.core.transformer.moe.expert_health:BSR-MoE: marked experts [0, 1, 2, 3, 4, 5, 6, 7] as HEALTHY
INFO:megatron.core.transformer.moe.expert_health:BSR-MoE: marked experts [0, 1, 2, 3, 4, 5, 6, 7] as HEALTHY
INFO:megatron.core.transformer.moe.expert_health:BSR-MoE: marked experts [0, 1, 2, 3, 4, 5, 6, 7] as HEALTHY
INFO:megatron.core.transformer.moe.expert_health:BSR-MoE: marked experts [0, 1, 2, 3, 4, 5, 6, 7] as HEALTHY
INFO:megatron.core.transformer.moe.expert_health:BSR-MoE: marked experts [0, 1, 2, 3, 4, 5, 6, 7] as HEALTHY
INFO:megatron.core.transformer.moe.expert_health:BSR-MoE: marked experts [0, 1, 2, 3, 4, 5, 6, 7] as HEALTHY
INFO:megatron.core.transformer.moe.expert_health:BSR-MoE: marked experts [0, 1, 2, 3, 4, 5, 6, 7] as HEALTHY
INFO:megatron.core.transformer.moe.expert_health:BSR-MoE: marked experts [0, 1, 2, 3, 4, 5, 6, 7] as HEALTHY
INFO:megatron.core.transformer.moe.expert_health:BSR-MoE: marked experts [0, 1, 2, 3, 4, 5, 6, 7] as HEALTHY
INFO:megatron.core.transformer.moe.expert_health:BSR-MoE: marked experts [0, 1, 2, 3, 4, 5, 6, 7] as HEALTHY
INFO:megatron.core.transformer.moe.expert_health:BSR-MoE: marked experts [0, 1, 2, 3, 4, 5, 6, 7] as HEALTHY
INFO:megatron.core.transformer.moe.expert_health:BSR-MoE: marked experts [0, 1, 2, 3, 4, 5, 6, 7] as HEALTHY
INFO:megatron.core.transformer.moe.expert_health:BSR-MoE: marked experts [0, 1, 2, 3, 4, 5, 6, 7] as HEALTHY
INFO:megatron.core.transformer.moe.expert_health:BSR-MoE: marked experts [0, 1, 2, 3, 4, 5, 6, 7] as HEALTHY
INFO:megatron.core.transformer.moe.expert_health:BSR-MoE: marked experts [0, 1, 2, 3, 4, 5, 6, 7] as HEALTHY
INFO:megatron.core.transformer.moe.expert_health:BSR-MoE: marked experts [0, 1, 2, 3, 4, 5, 6, 7] as HEALTHY
INFO:megatron.core.transformer.moe.expert_health:BSR-MoE: marked experts [0, 1, 2, 3, 4, 5, 6, 7] as HEALTHY
INFO:megatron.core.transformer.moe.expert_health:BSR-MoE: marked experts [0, 1, 2, 3, 4, 5, 6, 7] as HEALTHY
INFO:megatron.core.transformer.moe.expert_health:BSR-MoE: marked experts [0, 1, 2, 3, 4, 5, 6, 7] as HEALTHY
INFO:megatron.core.transformer.moe.expert_health:BSR-MoE: marked experts [0, 1, 2, 3, 4, 5, 6, 7] as HEALTHY
INFO:megatron.core.transformer.moe.expert_health:BSR-MoE: marked experts [0, 1, 2, 3, 4, 5, 6, 7] as HEALTHY
INFO:megatron.core.transformer.moe.expert_health:BSR-MoE: marked experts [0, 1, 2, 3, 4, 5, 6, 7] as HEALTHY
INFO:megatron.core.transformer.moe.expert_health:BSR-MoE: marked experts [0, 1, 2, 3, 4, 5, 6, 7] as HEALTHY
INFO:megatron.core.transformer.moe.expert_health:BSR-MoE: marked experts [0, 1, 2, 3, 4, 5, 6, 7] as HEALTHY
INFO:megatron.core.transformer.moe.expert_health:BSR-MoE: marked experts [0, 1, 2, 3, 4, 5, 6, 7] as HEALTHY
INFO:megatron.core.transformer.moe.expert_health:BSR-MoE: marked experts [0, 1, 2, 3, 4, 5, 6, 7] as HEALTHY
INFO:megatron.core.transformer.moe.expert_health:BSR-MoE: marked experts [0, 1, 2, 3, 4, 5, 6, 7] as HEALTHY
INFO:megatron.core.transformer.moe.expert_health:BSR-MoE: marked experts [0, 1, 2, 3, 4, 5, 6, 7] as HEALTHY
INFO:megatron.core.transformer.moe.expert_health:BSR-MoE: marked experts [0, 1, 2, 3, 4, 5, 6, 7] as HEALTHY
INFO:megatron.core.transformer.moe.expert_health:BSR-MoE: marked experts [0, 1, 2, 3, 4, 5, 6, 7] as HEALTHY
INFO:megatron.core.transformer.moe.expert_health:BSR-MoE: marked experts [0, 1, 2, 3, 4, 5, 6, 7] as HEALTHY
INFO:megatron.core.transformer.moe.expert_health:BSR-MoE: marked experts [0, 1, 2, 3, 4, 5, 6, 7] as HEALTHY
INFO:megatron.core.transformer.moe.expert_health:BSR-MoE: marked experts [0, 1, 2, 3, 4, 5, 6, 7] as HEALTHY
INFO:megatron.core.transformer.moe.expert_health:BSR-MoE: marked experts [0, 1, 2, 3, 4, 5, 6, 7] as HEALTHY
INFO:megatron.core.transformer.moe.expert_health:BSR-MoE: marked experts [0, 1, 2, 3, 4, 5, 6, 7] as HEALTHY
INFO:megatron.core.transformer.moe.expert_health:BSR-MoE: marked experts [0, 1, 2, 3, 4, 5, 6, 7] as HEALTHY
INFO:megatron.core.transformer.moe.expert_health:BSR-MoE: marked experts [0, 1, 2, 3, 4, 5, 6, 7] as HEALTHY
INFO:megatron.core.transformer.moe.expert_health:BSR-MoE: marked experts [0, 1, 2, 3, 4, 5, 6, 7] as HEALTHY
INFO:megatron.core.transformer.moe.expert_health:BSR-MoE: marked experts [0, 1, 2, 3, 4, 5, 6, 7] as HEALTHY
INFO:megatron.core.transformer.moe.expert_health:BSR-MoE: marked experts [0, 1, 2, 3, 4, 5, 6, 7] as HEALTHY
INFO:megatron.core.transformer.moe.expert_health:BSR-MoE: marked experts [0, 1, 2, 3, 4, 5, 6, 7] as HEALTHY
INFO:megatron.core.transformer.moe.expert_health:BSR-MoE: marked experts [0, 1, 2, 3, 4, 5, 6, 7] as HEALTHY
INFO:megatron.core.transformer.moe.expert_health:BSR-MoE: marked experts [0, 1, 2, 3, 4, 5, 6, 7] as HEALTHY
INFO:megatron.core.transformer.moe.expert_health:BSR-MoE: marked experts [0, 1, 2, 3, 4, 5, 6, 7] as HEALTHY
INFO:megatron.core.transformer.moe.expert_health:BSR-MoE: marked experts [0, 1, 2, 3, 4, 5, 6, 7] as HEALTHY
INFO:megatron.core.transformer.moe.expert_health:BSR-MoE: marked experts [0, 1, 2, 3, 4, 5, 6, 7] as HEALTHY
INFO:megatron.core.transformer.moe.expert_health:BSR-MoE: marked experts [0, 1, 2, 3, 4, 5, 6, 7] as HEALTHY
INFO:megatron.core.transformer.moe.expert_health:BSR-MoE: marked experts [0, 1, 2, 3, 4, 5, 6, 7] as HEALTHY
INFO:megatron.core.transformer.moe.expert_health:BSR-MoE: marked experts [0, 1, 2, 3, 4, 5, 6, 7] as HEALTHY
INFO:megatron.core.transformer.moe.expert_health:BSR-MoE: marked experts [0, 1, 2, 3, 4, 5, 6, 7] as HEALTHY
INFO:megatron.core.transformer.moe.expert_health:BSR-MoE: marked experts [0, 1, 2, 3, 4, 5, 6, 7] as HEALTHY
INFO:megatron.core.transformer.moe.expert_health:BSR-MoE: marked experts [0, 1, 2, 3, 4, 5, 6, 7] as HEALTHY
INFO:megatron.core.transformer.moe.expert_health:BSR-MoE: marked experts [0, 1, 2, 3, 4, 5, 6, 7] as HEALTHY
INFO:megatron.core.transformer.moe.expert_health:BSR-MoE: marked experts [0, 1, 2, 3, 4, 5, 6, 7] as HEALTHY
INFO:megatron.core.transformer.moe.expert_health:BSR-MoE: marked experts [0, 1, 2, 3, 4, 5, 6, 7] as HEALTHY
INFO:megatron.core.transformer.moe.expert_health:BSR-MoE: marked experts [0, 1, 2, 3, 4, 5, 6, 7] as HEALTHY
INFO:megatron.core.transformer.moe.expert_health:BSR-MoE: marked experts [0, 1, 2, 3, 4, 5, 6, 7] as HEALTHY
INFO:megatron.core.transformer.moe.expert_health:BSR-MoE: marked experts [0, 1, 2, 3, 4, 5, 6, 7] as HEALTHY
INFO:megatron.core.transformer.moe.expert_health:BSR-MoE: marked experts [0, 1, 2, 3, 4, 5, 6, 7] as HEALTHY
INFO:megatron.core.transformer.moe.expert_health:BSR-MoE: marked experts [0, 1, 2, 3, 4, 5, 6, 7] as HEALTHY
INFO:megatron.core.transformer.moe.expert_health:BSR-MoE: marked experts [0, 1, 2, 3, 4, 5, 6, 7] as HEALTHY
INFO:megatron.core.transformer.moe.expert_health:BSR-MoE: marked experts [0, 1, 2, 3, 4, 5, 6, 7] as HEALTHY
INFO:megatron.core.transformer.moe.expert_health:BSR-MoE: marked experts [0, 1, 2, 3, 4, 5, 6, 7] as HEALTHY
INFO:megatron.core.transformer.moe.expert_health:BSR-MoE: marked experts [0, 1, 2, 3, 4, 5, 6, 7] as HEALTHY
INFO:megatron.core.transformer.moe.expert_health:BSR-MoE: marked experts [0, 1, 2, 3, 4, 5, 6, 7] as HEALTHY
INFO:megatron.core.transformer.moe.expert_health:BSR-MoE: marked experts [0, 1, 2, 3, 4, 5, 6, 7] as HEALTHY
INFO:megatron.core.transformer.moe.expert_health:BSR-MoE: marked experts [0, 1, 2, 3, 4, 5, 6, 7] as HEALTHY
INFO:megatron.core.transformer.moe.expert_health:BSR-MoE: marked experts [0, 1, 2, 3, 4, 5, 6, 7] as HEALTHY
INFO:megatron.core.transformer.moe.expert_health:BSR-MoE: marked experts [0, 1, 2, 3, 4, 5, 6, 7] as HEALTHY
INFO:megatron.core.transformer.moe.expert_health:BSR-MoE: marked experts [0, 1, 2, 3, 4, 5, 6, 7] as HEALTHY
INFO:megatron.core.transformer.moe.expert_health:BSR-MoE: marked experts [0, 1, 2, 3, 4, 5, 6, 7] as HEALTHY
INFO:megatron.core.transformer.moe.expert_health:BSR-MoE: marked experts [0, 1, 2, 3, 4, 5, 6, 7] as HEALTHY
INFO:megatron.core.transformer.moe.expert_health:BSR-MoE: marked experts [0, 1, 2, 3, 4, 5, 6, 7] as HEALTHY
INFO:megatron.core.transformer.moe.expert_health:BSR-MoE: marked experts [0, 1, 2, 3, 4, 5, 6, 7] as HEALTHY
INFO:megatron.core.transformer.moe.bsr_integration:BSR-MoE: loading expert (layer=327, id=0) from checkpoint /mnt/ais-c1/dataset/zds/4.20/1 (step=-1, location=)
INFO:megatron.core.transformer.moe.bsr_integration:BSR-MoE: loading expert (layer=328, id=0) from checkpoint /mnt/ais-c1/dataset/zds/4.20/1 (step=-1, location=)
INFO:megatron.core.transformer.moe.expert_health_manager:BSR-MoE layer 35: experts [0, 1] → STALE_RUNNABLE (step=60)
INFO:megatron.core.transformer.moe.bsr_integration:BSR-MoE: loading expert (layer=329, id=0) from checkpoint /mnt/ais-c1/dataset/zds/4.20/1 (step=-1, location=)
INFO:megatron.core.transformer.moe.bsr_integration:BSR-MoE: loading expert (layer=330, id=0) from checkpoint /mnt/ais-c1/dataset/zds/4.20/1 (step=-1, location=)
INFO:megatron.core.transformer.moe.bsr_integration:BSR-MoE: loading expert (layer=331, id=0) from checkpoint /mnt/ais-c1/dataset/zds/4.20/1 (step=-1, location=)
INFO:megatron.core.transformer.moe.bsr_integration:BSR-MoE: loading expert (layer=332, id=0) from checkpoint /mnt/ais-c1/dataset/zds/4.20/1 (step=-1, location=)
INFO:megatron.core.transformer.moe.bsr_integration:BSR-MoE: loading expert (layer=333, id=0) from checkpoint /mnt/ais-c1/dataset/zds/4.20/1 (step=-1, location=)
INFO:megatron.core.transformer.moe.bsr_integration:BSR-MoE: loading expert (layer=334, id=0) from checkpoint /mnt/ais-c1/dataset/zds/4.20/1 (step=-1, location=)
INFO:megatron.core.transformer.moe.bsr_integration:BSR-MoE: loading expert (layer=335, id=0) from checkpoint /mnt/ais-c1/dataset/zds/4.20/1 (step=-1, location=)
INFO:megatron.core.transformer.moe.bsr_integration:BSR-MoE: loading expert (layer=336, id=0) from checkpoint /mnt/ais-c1/dataset/zds/4.20/1 (step=-1, location=)
INFO:megatron.core.transformer.moe.bsr_integration:BSR-MoE: loading expert (layer=337, id=0) from checkpoint /mnt/ais-c1/dataset/zds/4.20/1 (step=-1, location=)
INFO:megatron.core.transformer.moe.bsr_integration:BSR-MoE: loading expert (layer=338, id=0) from checkpoint /mnt/ais-c1/dataset/zds/4.20/1 (step=-1, location=)
INFO:megatron.core.transformer.moe.bsr_integration:BSR-MoE: loading expert (layer=339, id=0) from checkpoint /mnt/ais-c1/dataset/zds/4.20/1 (step=-1, location=)
INFO:megatron.core.transformer.moe.bsr_integration:BSR-MoE: loading expert (layer=340, id=0) from checkpoint /mnt/ais-c1/dataset/zds/4.20/1 (step=-1, location=)
INFO:megatron.core.transformer.moe.expert_health_manager:BSR-MoE layer 36: experts [0, 1] → STALE_RUNNABLE (step=60)
INFO:megatron.core.transformer.moe.bsr_integration:BSR-MoE: loading expert (layer=341, id=0) from checkpoint /mnt/ais-c1/dataset/zds/4.20/1 (step=-1, location=)
INFO:megatron.core.transformer.moe.bsr_integration:BSR-MoE: loading expert (layer=342, id=0) from checkpoint /mnt/ais-c1/dataset/zds/4.20/1 (step=-1, location=)
INFO:megatron.core.transformer.moe.bsr_integration:BSR-MoE: loading expert (layer=343, id=0) from checkpoint /mnt/ais-c1/dataset/zds/4.20/1 (step=-1, location=)
INFO:megatron.core.transformer.moe.bsr_integration:BSR-MoE: loading expert (layer=344, id=0) from checkpoint /mnt/ais-c1/dataset/zds/4.20/1 (step=-1, location=)
INFO:megatron.core.transformer.moe.bsr_integration:BSR-MoE: loading expert (layer=345, id=0) from checkpoint /mnt/ais-c1/dataset/zds/4.20/1 (step=-1, location=)
INFO:megatron.core.transformer.moe.bsr_integration:BSR-MoE: loading expert (layer=346, id=0) from checkpoint /mnt/ais-c1/dataset/zds/4.20/1 (step=-1, location=)
INFO:megatron.core.transformer.moe.bsr_integration:BSR-MoE: loading expert (layer=347, id=0) from checkpoint /mnt/ais-c1/dataset/zds/4.20/1 (step=-1, location=)
INFO:megatron.core.transformer.moe.bsr_integration:BSR-MoE: loading expert (layer=348, id=0) from checkpoint /mnt/ais-c1/dataset/zds/4.20/1 (step=-1, location=)
INFO:megatron.core.transformer.moe.bsr_integration:BSR-MoE: loading expert (layer=349, id=0) from checkpoint /mnt/ais-c1/dataset/zds/4.20/1 (step=-1, location=)
INFO:megatron.core.transformer.moe.expert_health_manager:BSR-MoE layer 37: experts [0, 1] → STALE_RUNNABLE (step=60)
INFO:megatron.core.transformer.moe.expert_health:BSR-MoE: marked experts [0, 1, 2, 3, 4, 5, 6, 7] as HEALTHY
INFO:megatron.core.transformer.moe.expert_health:BSR-MoE: marked experts [0, 1, 2, 3, 4, 5, 6, 7] as HEALTHY
INFO:megatron.core.transformer.moe.expert_health:BSR-MoE: marked experts [0, 1, 2, 3, 4, 5, 6, 7] as HEALTHY
INFO:megatron.core.transformer.moe.expert_health:BSR-MoE: marked experts [0, 1, 2, 3, 4, 5, 6, 7] as HEALTHY
INFO:megatron.core.transformer.moe.expert_health:BSR-MoE: marked experts [0, 1, 2, 3, 4, 5, 6, 7] as HEALTHY
INFO:megatron.core.transformer.moe.expert_health:BSR-MoE: marked experts [0, 1, 2, 3, 4, 5, 6, 7] as HEALTHY
INFO:megatron.core.transformer.moe.expert_health:BSR-MoE: marked experts [0, 1, 2, 3, 4, 5, 6, 7] as HEALTHY
INFO:megatron.core.transformer.moe.expert_health:BSR-MoE: marked experts [0, 1, 2, 3, 4, 5, 6, 7] as HEALTHY
INFO:megatron.core.transformer.moe.expert_health:BSR-MoE: marked experts [0, 1, 2, 3, 4, 5, 6, 7] as HEALTHY
INFO:megatron.core.transformer.moe.expert_health:BSR-MoE: marked experts [0, 1, 2, 3, 4, 5, 6, 7] as HEALTHY
INFO:megatron.core.transformer.moe.expert_health:BSR-MoE: marked experts [0, 1, 2, 3, 4, 5, 6, 7] as HEALTHY
INFO:megatron.core.transformer.moe.expert_health:BSR-MoE: marked experts [0, 1, 2, 3, 4, 5, 6, 7] as HEALTHY
INFO:megatron.core.transformer.moe.expert_health:BSR-MoE: marked experts [0, 1, 2, 3, 4, 5, 6, 7] as HEALTHY
INFO:megatron.core.transformer.moe.expert_health:BSR-MoE: marked experts [0, 1, 2, 3, 4, 5, 6, 7] as HEALTHY
INFO:megatron.core.transformer.moe.expert_health:BSR-MoE: marked experts [0, 1, 2, 3, 4, 5, 6, 7] as HEALTHY
INFO:megatron.core.transformer.moe.expert_health:BSR-MoE: marked experts [0, 1, 2, 3, 4, 5, 6, 7] as HEALTHY