nohup: ignoring input
+ export NCCL_IB_DISABLE=1
+ NCCL_IB_DISABLE=1
+ export NCCL_DEBUG=WARN
+ NCCL_DEBUG=WARN
+ export PYTHONPATH=/opt/conda/lib/python3.10/site-packages/aistudio_notebook/public:/opt/conda/lib/python3.10/site-packages/aistudio_notebook/public::./Megatron-LM
+ PYTHONPATH=/opt/conda/lib/python3.10/site-packages/aistudio_notebook/public:/opt/conda/lib/python3.10/site-packages/aistudio_notebook/public::./Megatron-LM
+ export HF_HUB_OFFLINE=1
+ HF_HUB_OFFLINE=1
+ export TRANSFORMERS_OFFLINE=1
+ TRANSFORMERS_OFFLINE=1
+ export CUDA_DEVICE_MAX_CONNECTIONS=1
+ CUDA_DEVICE_MAX_CONNECTIONS=1
+ export PYTORCH_CUDA_ALLOC_CONF=expandable_segments:True
+ PYTORCH_CUDA_ALLOC_CONF=expandable_segments:True
+ export TORCH_NCCL_ASYNC_ERROR_HANDLING=1
+ TORCH_NCCL_ASYNC_ERROR_HANDLING=1
+ export TORCH_FORCE_NO_WEIGHTS_ONLY_LOAD=1
+ TORCH_FORCE_NO_WEIGHTS_ONLY_LOAD=1
+ export TORCH_CUDA_ARCH_LIST=9.0
+ TORCH_CUDA_ARCH_LIST=9.0
+ export BSR_FAULT_INJECT_TYPE=restart_in_place
+ BSR_FAULT_INJECT_TYPE=restart_in_place
+ export BSR_FAULT_INJECT_RANK=-1
+ BSR_FAULT_INJECT_RANK=-1
+ export BSR_FAULT_INJECT_STEP=70
+ BSR_FAULT_INJECT_STEP=70
+ export BSR_FAULT_INJECT_INTERVAL=40
+ BSR_FAULT_INJECT_INTERVAL=40
+ export BSR_FAULT_INJECT_SEED=42
+ BSR_FAULT_INJECT_SEED=42
+ export BSR_FAULT_REPLACEMENT_STEP=70
+ BSR_FAULT_REPLACEMENT_STEP=70
+ export BSR_FAULT_REPLACEMENT_RANK=-1
+ BSR_FAULT_REPLACEMENT_RANK=-1
+ export BSR_FAULT_ZERO_MEMORY=1
+ BSR_FAULT_ZERO_MEMORY=1
+ export BSR_FAULT_MEMORY_FILL=zero
+ BSR_FAULT_MEMORY_FILL=zero
+ export TRAIN_LOG_DIR=/mnt/ais-c1/dataset/zds/log/5.12
+ TRAIN_LOG_DIR=/mnt/ais-c1/dataset/zds/log/5.12
+ export LOG_ANALYZE_INTERVAL=100
+ LOG_ANALYZE_INTERVAL=100
+ export LOG_ANALYZE_ON_EXIT=1
+ LOG_ANALYZE_ON_EXIT=1
+++ dirname ./run_moe64.sh
++ cd .
++ pwd
+ SCRIPT_DIR=/root/workdir/antllm/bsr2
+ export LOG_ANALYZE_SCRIPT=/root/workdir/antllm/bsr2/log_analysis/analyze_train_log.py
+ LOG_ANALYZE_SCRIPT=/root/workdir/antllm/bsr2/log_analysis/analyze_train_log.py
+ export CKPT_DIR=/mnt/ais-c1/dataset/zds/5.12/bsr
+ CKPT_DIR=/mnt/ais-c1/dataset/zds/5.12/bsr
+ mkdir -p /mnt/ais-c1/dataset/zds/5.12/bsr
+ MAX_RETRIES=1
+ RETRY_DELAY=30
+ retry=0
+ SAVE_LOG_SCRIPT=/root/workdir/antllm/bsr2/log_analysis/save_train_log.sh
+ true
+ '[' -f /root/workdir/antllm/bsr2/log_analysis/save_train_log.sh ']'
++ declare -f run_training
+ bash /root/workdir/antllm/bsr2/log_analysis/save_train_log.sh bash -c 'run_training () 
{ 
    LOAD_ARGS=();
    if [ -f "${CKPT_DIR}/latest_checkpointed_iteration.txt" ] || ls "${CKPT_DIR}"/iter_* > /dev/null 2>&1; then
        LOAD_ARGS=(--load "${CKPT_DIR}");
    fi;
    torchrun --nproc_per_node=8 --nnodes=${NNODES:-8} --node_rank=${NODE_RANK:-0} --master_addr=${MASTER_ADDR:-127.0.0.1} --master_port=${MASTER_PORT:-20115} ./Megatron-LM/pretrain_gpt.py --use-mcore-models --transformer-impl transformer_engine --tensor-model-parallel-size 1 --pipeline-model-parallel-size 8 --expert-model-parallel-size 8 --sequence-parallel --legacy-tokenizer --tokenizer-type HuggingFaceTokenizer --tokenizer-model ./tokenizer --vocab-file "./tokenizer/vocab.json" --merge-file "./tokenizer/merges.txt" --num-layers 48 --hidden-size 2048 --ffn-hidden-size 6144 --num-attention-heads 32 --group-query-attention --num-query-groups 4 --kv-channels 128 --qk-layernorm --seq-length 4096 --max-position-embeddings 40960 --rotary-base 1000000 --rotary-percent 1.0 --micro-batch-size 8 --global-batch-size 64 --train-iters 20000 --lr 1e-4 --min-lr 1e-5 --lr-decay-style cosine --lr-warmup-iters 5 --weight-decay 0.1 --clip-grad 1.0 --adam-beta1 0.9 --adam-beta2 0.95 --init-method-std 0.02 --normalization RMSNorm --disable-bias-linear --position-embedding-type rope --no-rope-fusion --swiglu --no-bias-swiglu-fusion --untie-embeddings-and-output-weights --bf16 --num-experts 128 --moe-ffn-hidden-size 768 --moe-router-topk 8 --moe-router-dtype fp32 --moe-router-load-balancing-type aux_loss --moe-aux-loss-coeff 1e-3 --moe-token-dispatcher-type alltoall --moe-bsr-enable --moe-bsr-health-mask --moe-bsr-rank-quarantine --moe-bsr-dispatch-quarantine-assert --moe-bsr-dispatch-sanitize --moe-bsr-expert-directory --moe-bsr-replacement-protocol --moe-bsr-group-rebuild --moe-bsr-dispatch-topology-refresh --moe-bsr-dense-param-sync --moe-bsr-stale-expert-restore --moe-bsr-recovery-controller --moe-bsr-deferred-optimizer-load --moe-bsr-degraded-mode-policy --moe-bsr-reintegration-barrier --moe-bsr-fault-injection --moe-bsr-restart-in-place --moe-bsr-degraded-tau-c 0.5 --moe-bsr-degraded-t-max 1000 --moe-bsr-degraded-s-max 500 --data-path "/mnt/ais-c1/dataset/zds/bigdata/my_qwen3_data_text_document" --split 100,0,0 --ckpt-format torch --save "${CKPT_DIR}" --save-interval 40 --eval-interval 1000 --eval-iters 0 --log-interval 1 "${LOAD_ARGS[@]}"
}; run_training'
============================================================
 Megatron 训练日志保存
 run_id:       20260513_173837_2070
 最新日志:     /mnt/ais-c1/dataset/zds/log/5.12/train_latest.log (覆盖)
 完整日志:     /mnt/ais-c1/dataset/zds/log/5.12/train_full.log (追加)
 状态文件:     /mnt/ais-c1/dataset/zds/log/5.12/train_latest.status
 分析间隔:     100 iterations (0=仅结束时分析)
 结束时分析:   1
 信号后分析:   1
 分析脚本:     /root/workdir/antllm/bsr2/log_analysis/analyze_train_log.py
 启动命令:     bash -c run_training () 
{ 
    LOAD_ARGS=();
    if [ -f "${CKPT_DIR}/latest_checkpointed_iteration.txt" ] || ls "${CKPT_DIR}"/iter_* > /dev/null 2>&1; then
        LOAD_ARGS=(--load "${CKPT_DIR}");
    fi;
    torchrun --nproc_per_node=8 --nnodes=${NNODES:-8} --node_rank=${NODE_RANK:-0} --master_addr=${MASTER_ADDR:-127.0.0.1} --master_port=${MASTER_PORT:-20115} ./Megatron-LM/pretrain_gpt.py --use-mcore-models --transformer-impl transformer_engine --tensor-model-parallel-size 1 --pipeline-model-parallel-size 8 --expert-model-parallel-size 8 --sequence-parallel --legacy-tokenizer --tokenizer-type HuggingFaceTokenizer --tokenizer-model ./tokenizer --vocab-file "./tokenizer/vocab.json" --merge-file "./tokenizer/merges.txt" --num-layers 48 --hidden-size 2048 --ffn-hidden-size 6144 --num-attention-heads 32 --group-query-attention --num-query-groups 4 --kv-channels 128 --qk-layernorm --seq-length 4096 --max-position-embeddings 40960 --rotary-base 1000000 --rotary-percent 1.0 --micro-batch-size 8 --global-batch-size 64 --train-iters 20000 --lr 1e-4 --min-lr 1e-5 --lr-decay-style cosine --lr-warmup-iters 5 --weight-decay 0.1 --clip-grad 1.0 --adam-beta1 0.9 --adam-beta2 0.95 --init-method-std 0.02 --normalization RMSNorm --disable-bias-linear --position-embedding-type rope --no-rope-fusion --swiglu --no-bias-swiglu-fusion --untie-embeddings-and-output-weights --bf16 --num-experts 128 --moe-ffn-hidden-size 768 --moe-router-topk 8 --moe-router-dtype fp32 --moe-router-load-balancing-type aux_loss --moe-aux-loss-coeff 1e-3 --moe-token-dispatcher-type alltoall --moe-bsr-enable --moe-bsr-health-mask --moe-bsr-rank-quarantine --moe-bsr-dispatch-quarantine-assert --moe-bsr-dispatch-sanitize --moe-bsr-expert-directory --moe-bsr-replacement-protocol --moe-bsr-group-rebuild --moe-bsr-dispatch-topology-refresh --moe-bsr-dense-param-sync --moe-bsr-stale-expert-restore --moe-bsr-recovery-controller --moe-bsr-deferred-optimizer-load --moe-bsr-degraded-mode-policy --moe-bsr-reintegration-barrier --moe-bsr-fault-injection --moe-bsr-restart-in-place --moe-bsr-degraded-tau-c 0.5 --moe-bsr-degraded-t-max 1000 --moe-bsr-degraded-s-max 500 --data-path "/mnt/ais-c1/dataset/zds/bigdata/my_qwen3_data_text_document" --split 100,0,0 --ckpt-format torch --save "${CKPT_DIR}" --save-interval 40 --eval-interval 1000 --eval-iters 0 --log-interval 1 "${LOAD_ARGS[@]}"
}; run_training
 开始时间:     2026年 05月 13日 星期三 17:38:38 CST
============================================================
W0513 17:38:39.700000 2175 site-packages/torch/distributed/run.py:792] 
W0513 17:38:39.700000 2175 site-packages/torch/distributed/run.py:792] *****************************************
W0513 17:38:39.700000 2175 site-packages/torch/distributed/run.py:792] Setting OMP_NUM_THREADS environment variable for each process to be 1 in default, to avoid your system being overloaded, please further tune the variable for optimal performance in your application as needed. 
W0513 17:38:39.700000 2175 site-packages/torch/distributed/run.py:792] *****************************************
[save_train_log] 收到 INT，正在转发给训练进程并保留已写入日志...

============================================================
 训练结束
 退出码:   130
 结束时间: 2026年 05月 13日 星期三 17:39:06 CST
 最新日志: /mnt/ais-c1/dataset/zds/log/5.12/train_latest.log
 完整日志: /mnt/ais-c1/dataset/zds/log/5.12/train_full.log
============================================================

[save_train_log] 运行最终分析...
[save_train_log] final 分析失败(rc=1)，未覆盖正式报告；失败输出: /mnt/ais-c1/dataset/zds/log/5.12/analysis_latest/analysis_final.txt.failed.2070
[save_train_log] bsr-only 分析失败(rc=1)，未覆盖正式报告；失败输出: /mnt/ais-c1/dataset/zds/log/5.12/analysis_latest/analysis_bsr_only.txt.failed.2070
[save_train_log] 分析报告:
  完整报告: /mnt/ais-c1/dataset/zds/log/5.12/analysis_latest/analysis_final.txt
  BSR 报告: /mnt/ais-c1/dataset/zds/log/5.12/analysis_latest/analysis_bsr_only.txt
  CSV 数据: /mnt/ais-c1/dataset/zds/log/5.12/analysis_latest/analysis_final.csv

+ rc=130
+ '[' 130 -eq 0 ']'
+ retry=1
+ echo 'training failed with exit code 130, retry=1/1'
training failed with exit code 130, retry=1/1
+ '[' 1 -ge 1 ']'
+ echo 'reach max retries, exit'
reach max retries, exit
+ exit 130
nohup: ignoring input
+ export NCCL_IB_DISABLE=1
+ NCCL_IB_DISABLE=1
+ export NCCL_DEBUG=WARN
+ NCCL_DEBUG=WARN
+ export PYTHONPATH=/opt/conda/lib/python3.10/site-packages/aistudio_notebook/public:/opt/conda/lib/python3.10/site-packages/aistudio_notebook/public::./Megatron-LM
+ PYTHONPATH=/opt/conda/lib/python3.10/site-packages/aistudio_notebook/public:/opt/conda/lib/python3.10/site-packages/aistudio_notebook/public::./Megatron-LM
+ export HF_HUB_OFFLINE=1
+ HF_HUB_OFFLINE=1
+ export TRANSFORMERS_OFFLINE=1
+ TRANSFORMERS_OFFLINE=1
+ export CUDA_DEVICE_MAX_CONNECTIONS=1
+ CUDA_DEVICE_MAX_CONNECTIONS=1
+ export PYTORCH_CUDA_ALLOC_CONF=expandable_segments:True
+ PYTORCH_CUDA_ALLOC_CONF=expandable_segments:True
+ export TORCH_NCCL_ASYNC_ERROR_HANDLING=1
+ TORCH_NCCL_ASYNC_ERROR_HANDLING=1
+ export TORCH_FORCE_NO_WEIGHTS_ONLY_LOAD=1
+ TORCH_FORCE_NO_WEIGHTS_ONLY_LOAD=1
+ export TORCH_CUDA_ARCH_LIST=9.0
+ TORCH_CUDA_ARCH_LIST=9.0
+ export BSR_FAULT_INJECT_TYPE=restart_in_place
+ BSR_FAULT_INJECT_TYPE=restart_in_place
+ export BSR_FAULT_INJECT_RANK=-1
+ BSR_FAULT_INJECT_RANK=-1
+ export BSR_FAULT_INJECT_STEP=70
+ BSR_FAULT_INJECT_STEP=70
+ export BSR_FAULT_INJECT_INTERVAL=40
+ BSR_FAULT_INJECT_INTERVAL=40
+ export BSR_FAULT_INJECT_SEED=42
+ BSR_FAULT_INJECT_SEED=42
+ export BSR_FAULT_REPLACEMENT_STEP=70
+ BSR_FAULT_REPLACEMENT_STEP=70
+ export BSR_FAULT_REPLACEMENT_RANK=-1
+ BSR_FAULT_REPLACEMENT_RANK=-1
+ export BSR_FAULT_ZERO_MEMORY=1
+ BSR_FAULT_ZERO_MEMORY=1
+ export BSR_FAULT_MEMORY_FILL=zero
+ BSR_FAULT_MEMORY_FILL=zero
+ export TRAIN_LOG_DIR=/mnt/ais-c1/dataset/zds/log/5.12
+ TRAIN_LOG_DIR=/mnt/ais-c1/dataset/zds/log/5.12
+ export LOG_ANALYZE_INTERVAL=100
+ LOG_ANALYZE_INTERVAL=100
+ export LOG_ANALYZE_ON_EXIT=1
+ LOG_ANALYZE_ON_EXIT=1
+++ dirname ./run_moe64.sh
++ cd .
++ pwd
+ SCRIPT_DIR=/root/workdir/antllm/bsr2
+ export LOG_ANALYZE_SCRIPT=/root/workdir/antllm/bsr2/log_analysis/analyze_train_log.py
+ LOG_ANALYZE_SCRIPT=/root/workdir/antllm/bsr2/log_analysis/analyze_train_log.py
+ export CKPT_DIR=/mnt/ais-c1/dataset/zds/5.12/bsr
+ CKPT_DIR=/mnt/ais-c1/dataset/zds/5.12/bsr
+ mkdir -p /mnt/ais-c1/dataset/zds/5.12/bsr
+ MAX_RETRIES=1
+ RETRY_DELAY=30
+ retry=0
+ SAVE_LOG_SCRIPT=/root/workdir/antllm/bsr2/log_analysis/save_train_log.sh
+ true
+ '[' -f /root/workdir/antllm/bsr2/log_analysis/save_train_log.sh ']'
++ declare -f run_training
+ bash /root/workdir/antllm/bsr2/log_analysis/save_train_log.sh bash -c 'run_training () 
{ 
    LOAD_ARGS=();
    if [ -f "${CKPT_DIR}/latest_checkpointed_iteration.txt" ] || ls "${CKPT_DIR}"/iter_* > /dev/null 2>&1; then
        LOAD_ARGS=(--load "${CKPT_DIR}");
    fi;
    torchrun --nproc_per_node=8 --nnodes=${NNODES:-8} --node_rank=${NODE_RANK:-0} --master_addr=${MASTER_ADDR:-127.0.0.1} --master_port=${MASTER_PORT:-20115} ./Megatron-LM/pretrain_gpt.py --use-mcore-models --transformer-impl transformer_engine --tensor-model-parallel-size 1 --pipeline-model-parallel-size 8 --expert-model-parallel-size 8 --sequence-parallel --legacy-tokenizer --tokenizer-type HuggingFaceTokenizer --tokenizer-model ./tokenizer --vocab-file "./tokenizer/vocab.json" --merge-file "./tokenizer/merges.txt" --num-layers 48 --hidden-size 2048 --ffn-hidden-size 6144 --num-attention-heads 32 --group-query-attention --num-query-groups 4 --kv-channels 128 --qk-layernorm --seq-length 4096 --max-position-embeddings 40960 --rotary-base 1000000 --rotary-percent 1.0 --micro-batch-size 8 --global-batch-size 64 --train-iters 20000 --lr 1e-4 --min-lr 1e-5 --lr-decay-style cosine --lr-warmup-iters 5 --weight-decay 0.1 --clip-grad 1.0 --adam-beta1 0.9 --adam-beta2 0.95 --init-method-std 0.02 --normalization RMSNorm --disable-bias-linear --position-embedding-type rope --no-rope-fusion --swiglu --no-bias-swiglu-fusion --untie-embeddings-and-output-weights --bf16 --num-experts 128 --moe-ffn-hidden-size 768 --moe-router-topk 8 --moe-router-dtype fp32 --moe-router-load-balancing-type aux_loss --moe-aux-loss-coeff 1e-3 --moe-token-dispatcher-type alltoall --moe-bsr-enable --moe-bsr-health-mask --moe-bsr-rank-quarantine --moe-bsr-dispatch-quarantine-assert --moe-bsr-dispatch-sanitize --moe-bsr-expert-directory --moe-bsr-replacement-protocol --moe-bsr-group-rebuild --moe-bsr-dispatch-topology-refresh --moe-bsr-dense-param-sync --moe-bsr-stale-expert-restore --moe-bsr-recovery-controller --moe-bsr-deferred-optimizer-load --moe-bsr-degraded-mode-policy --moe-bsr-reintegration-barrier --moe-bsr-fault-injection --moe-bsr-restart-in-place --moe-bsr-degraded-tau-c 0.5 --moe-bsr-degraded-t-max 1000 --moe-bsr-degraded-s-max 500 --data-path "/mnt/ais-c1/dataset/zds/bigdata/my_qwen3_data_text_document" --split 100,0,0 --ckpt-format torch --save "${CKPT_DIR}" --save-interval 40 --eval-interval 1000 --eval-iters 0 --log-interval 1 "${LOAD_ARGS[@]}"
}; run_training'
============================================================
 Megatron 训练日志保存
 run_id:       20260513_173920_1850
 最新日志:     /mnt/ais-c1/dataset/zds/log/5.12/train_latest.log (覆盖)
 完整日志:     /mnt/ais-c1/dataset/zds/log/5.12/train_full.log (追加)
 状态文件:     /mnt/ais-c1/dataset/zds/log/5.12/train_latest.status
 分析间隔:     100 iterations (0=仅结束时分析)
 结束时分析:   1
 信号后分析:   1
 分析脚本:     /root/workdir/antllm/bsr2/log_analysis/analyze_train_log.py
 启动命令:     bash -c run_training () 
{ 
    LOAD_ARGS=();
    if [ -f "${CKPT_DIR}/latest_checkpointed_iteration.txt" ] || ls "${CKPT_DIR}"/iter_* > /dev/null 2>&1; then
        LOAD_ARGS=(--load "${CKPT_DIR}");
    fi;
    torchrun --nproc_per_node=8 --nnodes=${NNODES:-8} --node_rank=${NODE_RANK:-0} --master_addr=${MASTER_ADDR:-127.0.0.1} --master_port=${MASTER_PORT:-20115} ./Megatron-LM/pretrain_gpt.py --use-mcore-models --transformer-impl transformer_engine --tensor-model-parallel-size 1 --pipeline-model-parallel-size 8 --expert-model-parallel-size 8 --sequence-parallel --legacy-tokenizer --tokenizer-type HuggingFaceTokenizer --tokenizer-model ./tokenizer --vocab-file "./tokenizer/vocab.json" --merge-file "./tokenizer/merges.txt" --num-layers 48 --hidden-size 2048 --ffn-hidden-size 6144 --num-attention-heads 32 --group-query-attention --num-query-groups 4 --kv-channels 128 --qk-layernorm --seq-length 4096 --max-position-embeddings 40960 --rotary-base 1000000 --rotary-percent 1.0 --micro-batch-size 8 --global-batch-size 64 --train-iters 20000 --lr 1e-4 --min-lr 1e-5 --lr-decay-style cosine --lr-warmup-iters 5 --weight-decay 0.1 --clip-grad 1.0 --adam-beta1 0.9 --adam-beta2 0.95 --init-method-std 0.02 --normalization RMSNorm --disable-bias-linear --position-embedding-type rope --no-rope-fusion --swiglu --no-bias-swiglu-fusion --untie-embeddings-and-output-weights --bf16 --num-experts 128 --moe-ffn-hidden-size 768 --moe-router-topk 8 --moe-router-dtype fp32 --moe-router-load-balancing-type aux_loss --moe-aux-loss-coeff 1e-3 --moe-token-dispatcher-type alltoall --moe-bsr-enable --moe-bsr-health-mask --moe-bsr-rank-quarantine --moe-bsr-dispatch-quarantine-assert --moe-bsr-dispatch-sanitize --moe-bsr-expert-directory --moe-bsr-replacement-protocol --moe-bsr-group-rebuild --moe-bsr-dispatch-topology-refresh --moe-bsr-dense-param-sync --moe-bsr-stale-expert-restore --moe-bsr-recovery-controller --moe-bsr-deferred-optimizer-load --moe-bsr-degraded-mode-policy --moe-bsr-reintegration-barrier --moe-bsr-fault-injection --moe-bsr-restart-in-place --moe-bsr-degraded-tau-c 0.5 --moe-bsr-degraded-t-max 1000 --moe-bsr-degraded-s-max 500 --data-path "/mnt/ais-c1/dataset/zds/bigdata/my_qwen3_data_text_document" --split 100,0,0 --ckpt-format torch --save "${CKPT_DIR}" --save-interval 40 --eval-interval 1000 --eval-iters 0 --log-interval 1 "${LOAD_ARGS[@]}"
}; run_training
 开始时间:     2026年 05月 13日 星期三 17:39:20 CST
============================================================
W0513 17:39:24.624000 1954 site-packages/torch/distributed/run.py:792] 
W0513 17:39:24.624000 1954 site-packages/torch/distributed/run.py:792] *****************************************
W0513 17:39:24.624000 1954 site-packages/torch/distributed/run.py:792] Setting OMP_NUM_THREADS environment variable for each process to be 1 in default, to avoid your system being overloaded, please further tune the variable for optimal performance in your application as needed. 
W0513 17:39:24.624000 1954 site-packages/torch/distributed/run.py:792] *****************************************
fused_indices_to_multihot has reached end of life. Please migrate to a non-experimental function.
fused_indices_to_multihot has reached end of life. Please migrate to a non-experimental function.
fused_indices_to_multihot has reached end of life. Please migrate to a non-experimental function.
fused_indices_to_multihot has reached end of life. Please migrate to a non-experimental function.
fused_indices_to_multihot has reached end of life. Please migrate to a non-experimental function.
fused_indices_to_multihot has reached end of life. Please migrate to a non-experimental function.
fused_indices_to_multihot has reached end of life. Please migrate to a non-experimental function.
fused_indices_to_multihot has reached end of life. Please migrate to a non-experimental function.
WARNING: one_logger package is required to enable e2e metrics tracking. please go to https://confluence.nvidia.com/display/MLWFO/Package+Repositories for details to install it
[rank63]:[W513 17:41:24.147807695 ProcessGroupNCCL.cpp:4561] [PG ID 0 PG GUID 0 Rank 63]  using GPU 7 to perform barrier as devices used by this process are currently unknown. This can potentially cause a hang if this rank to GPU mapping is incorrect. Specify device_ids in barrier() to force use of a particular device, or call init_process_group() with a device_id.
[rank62]:[W513 17:41:24.147936169 ProcessGroupNCCL.cpp:4561] [PG ID 0 PG GUID 0 Rank 62]  using GPU 6 to perform barrier as devices used by this process are currently unknown. This can potentially cause a hang if this rank to GPU mapping is incorrect. Specify device_ids in barrier() to force use of a particular device, or call init_process_group() with a device_id.
[rank59]:[W513 17:41:24.148008536 ProcessGroupNCCL.cpp:4561] [PG ID 0 PG GUID 0 Rank 59]  using GPU 3 to perform barrier as devices used by this process are currently unknown. This can potentially cause a hang if this rank to GPU mapping is incorrect. Specify device_ids in barrier() to force use of a particular device, or call init_process_group() with a device_id.
[rank57]:[W513 17:41:24.148855798 ProcessGroupNCCL.cpp:4561] [PG ID 0 PG GUID 0 Rank 57]  using GPU 1 to perform barrier as devices used by this process are currently unknown. This can potentially cause a hang if this rank to GPU mapping is incorrect. Specify device_ids in barrier() to force use of a particular device, or call init_process_group() with a device_id.
[rank60]:[W513 17:41:24.149041796 ProcessGroupNCCL.cpp:4561] [PG ID 0 PG GUID 0 Rank 60]  using GPU 4 to perform barrier as devices used by this process are currently unknown. This can potentially cause a hang if this rank to GPU mapping is incorrect. Specify device_ids in barrier() to force use of a particular device, or call init_process_group() with a device_id.
[rank61]:[W513 17:41:24.149043050 ProcessGroupNCCL.cpp:4561] [PG ID 0 PG GUID 0 Rank 61]  using GPU 5 to perform barrier as devices used by this process are currently unknown. This can potentially cause a hang if this rank to GPU mapping is incorrect. Specify device_ids in barrier() to force use of a particular device, or call init_process_group() with a device_id.
[rank58]:[W513 17:41:24.149085088 ProcessGroupNCCL.cpp:4561] [PG ID 0 PG GUID 0 Rank 58]  using GPU 2 to perform barrier as devices used by this process are currently unknown. This can potentially cause a hang if this rank to GPU mapping is incorrect. Specify device_ids in barrier() to force use of a particular device, or call init_process_group() with a device_id.
[rank56]:[W513 17:41:24.262915948 ProcessGroupNCCL.cpp:4561] [PG ID 0 PG GUID 0 Rank 56]  using GPU 0 to perform barrier as devices used by this process are currently unknown. This can potentially cause a hang if this rank to GPU mapping is incorrect. Specify device_ids in barrier() to force use of a particular device, or call init_process_group() with a device_id.
 > number of parameters on (tensor, pipeline) model parallel rank (0, 7): 878472704
INFO:megatron.core.distributed.param_and_grad_buffer:Number of buckets for gradient all-reduce / reduce-scatter: 1
Params for bucket 1 (425487872 elements, 425487872 padded size):
	module.output_layer.weight
	module.decoder.layers.4.mlp.router.weight
	module.decoder.layers.4.self_attention.linear_qkv.weight
	module.decoder.layers.3.self_attention.linear_qkv.layer_norm_weight
	module.decoder.layers.2.self_attention.q_layernorm.weight
	module.decoder.layers.0.mlp.router.weight
	module.decoder.layers.0.self_attention.linear_qkv.layer_norm_weight
	module.decoder.layers.5.self_attention.linear_qkv.layer_norm_weight
	module.decoder.layers.4.pre_mlp_layernorm.weight
	module.decoder.layers.4.self_attention.q_layernorm.weight
	module.decoder.layers.1.self_attention.linear_proj.weight
	module.decoder.layers.4.self_attention.linear_proj.weight
	module.decoder.layers.3.mlp.router.weight
	module.decoder.layers.3.self_attention.linear_qkv.weight
	module.decoder.layers.2.mlp.router.weight
	module.decoder.layers.2.self_attention.k_layernorm.weight
	module.decoder.layers.0.self_attention.linear_proj.weight
	module.decoder.layers.5.mlp.router.weight
	module.decoder.layers.5.self_attention.linear_qkv.weight
	module.decoder.layers.4.self_attention.k_layernorm.weight
	module.decoder.layers.3.pre_mlp_layernorm.weight
	module.decoder.layers.3.self_attention.q_layernorm.weight
	module.decoder.layers.2.self_attention.linear_qkv.weight
	module.decoder.layers.2.self_attention.linear_qkv.layer_norm_weight
	module.decoder.layers.2.self_attention.linear_proj.weight
	module.decoder.layers.5.pre_mlp_layernorm.weight
	module.decoder.final_layernorm.weight
	module.decoder.layers.5.self_attention.q_layernorm.weight
	module.decoder.layers.3.self_attention.linear_proj.weight
	module.decoder.layers.2.pre_mlp_layernorm.weight
	module.decoder.layers.1.self_attention.q_layernorm.weight
	module.decoder.layers.1.self_attention.linear_qkv.layer_norm_weight
	module.decoder.layers.0.pre_mlp_layernorm.weight
	module.decoder.layers.0.self_attention.k_layernorm.weight
	module.decoder.layers.5.self_attention.linear_proj.weight
	module.decoder.layers.3.self_attention.k_layernorm.weight
	module.decoder.layers.1.pre_mlp_layernorm.weight
	module.decoder.layers.1.self_attention.linear_qkv.weight
	module.decoder.layers.0.self_attention.q_layernorm.weight
	module.decoder.layers.5.self_attention.k_layernorm.weight
	module.decoder.layers.4.self_attention.linear_qkv.layer_norm_weight
	module.decoder.layers.1.mlp.router.weight
	module.decoder.layers.1.self_attention.k_layernorm.weight
	module.decoder.layers.0.self_attention.linear_qkv.weight
INFO:megatron.core.distributed.param_and_grad_buffer:Number of buckets for gradient all-reduce / reduce-scatter: 1
Params for bucket 1 (452984832 elements, 452984832 padded size):
	module.decoder.layers.5.mlp.experts.local_experts.6.linear_fc1.weight
	module.decoder.layers.5.mlp.experts.local_experts.1.linear_fc2.weight
	module.decoder.layers.4.mlp.experts.local_experts.7.linear_fc1.weight
	module.decoder.layers.4.mlp.experts.local_experts.2.linear_fc2.weight
	module.decoder.layers.1.mlp.experts.local_experts.13.linear_fc2.weight
	module.decoder.layers.1.mlp.experts.local_experts.11.linear_fc2.weight
	module.decoder.layers.1.mlp.experts.local_experts.10.linear_fc1.weight
	module.decoder.layers.0.mlp.experts.local_experts.3.linear_fc1.weight
	module.decoder.layers.5.mlp.experts.local_experts.12.linear_fc2.weight
	module.decoder.layers.4.mlp.experts.local_experts.13.linear_fc2.weight
	module.decoder.layers.3.mlp.experts.local_experts.11.linear_fc2.weight
	module.decoder.layers.2.mlp.experts.local_experts.12.linear_fc2.weight
	module.decoder.layers.1.mlp.experts.local_experts.6.linear_fc1.weight
	module.decoder.layers.3.mlp.experts.local_experts.7.linear_fc1.weight
	module.decoder.layers.3.mlp.experts.local_experts.2.linear_fc2.weight
	module.decoder.layers.2.mlp.experts.local_experts.5.linear_fc1.weight
	module.decoder.layers.2.mlp.experts.local_experts.0.linear_fc2.weight
	module.decoder.layers.1.mlp.experts.local_experts.12.linear_fc1.weight
	module.decoder.layers.1.mlp.experts.local_experts.3.linear_fc2.weight
	module.decoder.layers.1.mlp.experts.local_experts.2.linear_fc1.weight
	module.decoder.layers.0.mlp.experts.local_experts.10.linear_fc1.weight
	module.decoder.layers.0.mlp.experts.local_experts.6.linear_fc2.weight
	module.decoder.layers.0.mlp.experts.local_experts.5.linear_fc1.weight
	module.decoder.layers.5.mlp.experts.local_experts.7.linear_fc1.weight
	module.decoder.layers.5.mlp.experts.local_experts.2.linear_fc2.weight
	module.decoder.layers.4.mlp.experts.local_experts.8.linear_fc1.weight
	module.decoder.layers.4.mlp.experts.local_experts.3.linear_fc2.weight
	module.decoder.layers.1.mlp.experts.local_experts.5.linear_fc2.weight
	module.decoder.layers.1.mlp.experts.local_experts.2.linear_fc2.weight
	module.decoder.layers.1.mlp.experts.local_experts.1.linear_fc2.weight
	module.decoder.layers.0.mlp.experts.local_experts.7.linear_fc1.weight
	module.decoder.layers.5.mlp.experts.local_experts.13.linear_fc2.weight
	module.decoder.layers.4.mlp.experts.local_experts.14.linear_fc2.weight
	module.decoder.layers.3.mlp.experts.local_experts.12.linear_fc2.weight
	module.decoder.layers.2.mlp.experts.local_experts.13.linear_fc2.weight
	module.decoder.layers.0.mlp.experts.local_experts.10.linear_fc2.weight
	module.decoder.layers.3.mlp.experts.local_experts.3.linear_fc2.weight
	module.decoder.layers.2.mlp.experts.local_experts.6.linear_fc1.weight
	module.decoder.layers.2.mlp.experts.local_experts.1.linear_fc2.weight
	module.decoder.layers.1.mlp.experts.local_experts.3.linear_fc1.weight
	module.decoder.layers.5.mlp.experts.local_experts.8.linear_fc1.weight
	module.decoder.layers.5.mlp.experts.local_experts.3.linear_fc2.weight
	module.decoder.layers.4.mlp.experts.local_experts.9.linear_fc1.weight
	module.decoder.layers.4.mlp.experts.local_experts.4.linear_fc2.weight
	module.decoder.layers.4.mlp.experts.local_experts.0.linear_fc1.weight
	module.decoder.layers.1.mlp.experts.local_experts.9.linear_fc2.weight
	module.decoder.layers.0.mlp.experts.local_experts.3.linear_fc2.weight
	module.decoder.layers.0.mlp.experts.local_experts.1.linear_fc1.weight
	module.decoder.layers.5.mlp.experts.local_experts.14.linear_fc2.weight
	module.decoder.layers.4.mlp.experts.local_experts.15.linear_fc2.weight
	module.decoder.layers.3.mlp.experts.local_experts.13.linear_fc2.weight
	module.decoder.layers.2.mlp.experts.local_experts.14.linear_fc2.weight
	module.decoder.layers.1.mlp.experts.local_experts.4.linear_fc1.weight
	module.decoder.layers.0.mlp.experts.local_experts.6.linear_fc1.weight
	module.decoder.layers.3.mlp.experts.local_experts.4.linear_fc2.weight
	module.decoder.layers.3.mlp.experts.local_experts.0.linear_fc1.weight
	module.decoder.layers.2.mlp.experts.local_experts.7.linear_fc1.weight
	module.decoder.layers.2.mlp.experts.local_experts.2.linear_fc2.weight
	module.decoder.layers.1.mlp.experts.local_experts.15.linear_fc1.weight
	module.decoder.layers.5.mlp.experts.local_experts.9.linear_fc1.weight
	module.decoder.layers.5.mlp.experts.local_experts.4.linear_fc2.weight
	module.decoder.layers.5.mlp.experts.local_experts.0.linear_fc1.weight
	module.decoder.layers.4.mlp.experts.local_experts.10.linear_fc1.weight
	module.decoder.layers.4.mlp.experts.local_experts.5.linear_fc2.weight
	module.decoder.layers.5.mlp.experts.local_experts.15.linear_fc2.weight
	module.decoder.layers.3.mlp.experts.local_experts.14.linear_fc2.weight
	module.decoder.layers.2.mlp.experts.local_experts.15.linear_fc2.weight
	module.decoder.layers.0.mlp.experts.local_experts.13.linear_fc1.weight
	module.decoder.layers.3.mlp.experts.local_experts.5.linear_fc2.weight
	module.decoder.layers.2.mlp.experts.local_experts.8.linear_fc1.weight
	module.decoder.layers.2.mlp.experts.local_experts.3.linear_fc2.weight
	module.decoder.layers.0.mlp.experts.local_experts.8.linear_fc2.weight
	module.decoder.layers.5.mlp.experts.local_experts.10.linear_fc1.weight
	module.decoder.layers.5.mlp.experts.local_experts.5.linear_fc2.weight
	module.decoder.layers.4.mlp.experts.local_experts.11.linear_fc1.weight
	module.decoder.layers.4.mlp.experts.local_experts.6.linear_fc2.weight
	module.decoder.layers.3.mlp.experts.local_experts.9.linear_fc1.weight
	module.decoder.layers.2.mlp.experts.local_experts.10.linear_fc1.weight
	module.decoder.layers.0.mlp.experts.local_experts.8.linear_fc1.weight
	module.decoder.layers.3.mlp.experts.local_experts.15.linear_fc2.weight
	module.decoder.layers.0.mlp.experts.local_experts.2.linear_fc1.weight
	module.decoder.layers.0.mlp.experts.local_experts.0.linear_fc1.weight
	module.decoder.layers.0.mlp.experts.local_experts.12.linear_fc1.weight
	module.decoder.layers.4.mlp.experts.local_experts.1.linear_fc1.weight
	module.decoder.layers.3.mlp.experts.local_experts.6.linear_fc2.weight
	module.decoder.layers.2.mlp.experts.local_experts.9.linear_fc1.weight
	module.decoder.layers.2.mlp.experts.local_experts.4.linear_fc2.weight
	module.decoder.layers.2.mlp.experts.local_experts.0.linear_fc1.weight
	module.decoder.layers.1.mlp.experts.local_experts.4.linear_fc2.weight
	module.decoder.layers.0.mlp.experts.local_experts.15.linear_fc2.weight
	module.decoder.layers.0.mlp.experts.local_experts.14.linear_fc2.weight
	module.decoder.layers.5.mlp.experts.local_experts.11.linear_fc1.weight
	module.decoder.layers.5.mlp.experts.local_experts.6.linear_fc2.weight
	module.decoder.layers.4.mlp.experts.local_experts.12.linear_fc1.weight
	module.decoder.layers.4.mlp.experts.local_experts.7.linear_fc2.weight
	module.decoder.layers.3.mlp.experts.local_experts.10.linear_fc1.weight
	module.decoder.layers.2.mlp.experts.local_experts.11.linear_fc1.weight
	module.decoder.layers.1.mlp.experts.local_experts.13.linear_fc1.weight
	module.decoder.layers.0.mlp.experts.local_experts.11.linear_fc1.weight
	module.decoder.layers.3.mlp.experts.local_experts.1.linear_fc1.weight
	module.decoder.layers.0.mlp.experts.local_experts.2.linear_fc2.weight
	module.decoder.layers.5.mlp.experts.local_experts.1.linear_fc1.weight
	module.decoder.layers.4.mlp.experts.local_experts.2.linear_fc1.weight
	module.decoder.layers.3.mlp.experts.local_experts.7.linear_fc2.weight
	module.decoder.layers.2.mlp.experts.local_experts.5.linear_fc2.weight
	module.decoder.layers.1.mlp.experts.local_experts.11.linear_fc1.weight
	module.decoder.layers.1.mlp.experts.local_experts.0.linear_fc1.weight
	module.decoder.layers.0.mlp.experts.local_experts.11.linear_fc2.weight
	module.decoder.layers.0.mlp.experts.local_experts.4.linear_fc2.weight
	module.decoder.layers.5.mlp.experts.local_experts.12.linear_fc1.weight
	module.decoder.layers.5.mlp.experts.local_experts.7.linear_fc2.weight
	module.decoder.layers.4.mlp.experts.local_experts.13.linear_fc1.weight
	module.decoder.layers.4.mlp.experts.local_experts.8.linear_fc2.weight
	module.decoder.layers.3.mlp.experts.local_experts.11.linear_fc1.weight
	module.decoder.layers.2.mlp.experts.local_experts.12.linear_fc1.weight
	module.decoder.layers.1.mlp.experts.local_experts.0.linear_fc2.weight
	module.decoder.layers.3.mlp.experts.local_experts.8.linear_fc1.weight
	module.decoder.layers.3.mlp.experts.local_experts.2.linear_fc1.weight
	module.decoder.layers.0.mlp.experts.local_experts.9.linear_fc1.weight
	module.decoder.layers.0.mlp.experts.local_experts.4.linear_fc1.weight
	module.decoder.layers.5.mlp.experts.local_experts.2.linear_fc1.weight
	module.decoder.layers.4.mlp.experts.local_experts.3.linear_fc1.weight
	module.decoder.layers.2.mlp.experts.local_experts.6.linear_fc2.weight
	module.decoder.layers.1.mlp.experts.local_experts.14.linear_fc2.weight
	module.decoder.layers.5.mlp.experts.local_experts.13.linear_fc1.weight
	module.decoder.layers.5.mlp.experts.local_experts.8.linear_fc2.weight
	module.decoder.layers.4.mlp.experts.local_experts.14.linear_fc1.weight
	module.decoder.layers.4.mlp.experts.local_experts.9.linear_fc2.weight
	module.decoder.layers.3.mlp.experts.local_experts.12.linear_fc1.weight
	module.decoder.layers.2.mlp.experts.local_experts.13.linear_fc1.weight
	module.decoder.layers.1.mlp.experts.local_experts.8.linear_fc1.weight
	module.decoder.layers.0.mlp.experts.local_experts.9.linear_fc2.weight
	module.decoder.layers.3.mlp.experts.local_experts.3.linear_fc1.weight
	module.decoder.layers.2.mlp.experts.local_experts.1.linear_fc1.weight
	module.decoder.layers.1.mlp.experts.local_experts.9.linear_fc1.weight
	module.decoder.layers.1.mlp.experts.local_experts.1.linear_fc1.weight
	module.decoder.layers.5.mlp.experts.local_experts.3.linear_fc1.weight
	module.decoder.layers.4.mlp.experts.local_experts.4.linear_fc1.weight
	module.decoder.layers.2.mlp.experts.local_experts.7.linear_fc2.weight
	module.decoder.layers.0.mlp.experts.local_experts.0.linear_fc2.weight
	module.decoder.layers.5.mlp.experts.local_experts.14.linear_fc1.weight
	module.decoder.layers.5.mlp.experts.local_experts.9.linear_fc2.weight
	module.decoder.layers.4.mlp.experts.local_experts.15.linear_fc1.weight
	module.decoder.layers.4.mlp.experts.local_experts.10.linear_fc2.weight
	module.decoder.layers.3.mlp.experts.local_experts.13.linear_fc1.weight
	module.decoder.layers.3.mlp.experts.local_experts.8.linear_fc2.weight
	module.decoder.layers.2.mlp.experts.local_experts.14.linear_fc1.weight
	module.decoder.layers.0.mlp.experts.local_experts.13.linear_fc2.weight
	module.decoder.layers.3.mlp.experts.local_experts.4.linear_fc1.weight
	module.decoder.layers.2.mlp.experts.local_experts.2.linear_fc1.weight
	module.decoder.layers.5.mlp.experts.local_experts.4.linear_fc1.weight
	module.decoder.layers.4.mlp.experts.local_experts.5.linear_fc1.weight
	module.decoder.layers.4.mlp.experts.local_experts.0.linear_fc2.weight
	module.decoder.layers.2.mlp.experts.local_experts.8.linear_fc2.weight
	module.decoder.layers.1.mlp.experts.local_experts.10.linear_fc2.weight
	module.decoder.layers.0.mlp.experts.local_experts.5.linear_fc2.weight
	module.decoder.layers.5.mlp.experts.local_experts.15.linear_fc1.weight
	module.decoder.layers.5.mlp.experts.local_experts.10.linear_fc2.weight
	module.decoder.layers.4.mlp.experts.local_experts.11.linear_fc2.weight
	module.decoder.layers.3.mlp.experts.local_experts.14.linear_fc1.weight
	module.decoder.layers.3.mlp.experts.local_experts.9.linear_fc2.weight
	module.decoder.layers.2.mlp.experts.local_experts.15.linear_fc1.weight
	module.decoder.layers.2.mlp.experts.local_experts.10.linear_fc2.weight
	module.decoder.layers.1.mlp.experts.local_experts.12.linear_fc2.weight
	module.decoder.layers.1.mlp.experts.local_experts.7.linear_fc2.weight
	module.decoder.layers.1.mlp.experts.local_experts.6.linear_fc2.weight
	module.decoder.layers.3.mlp.experts.local_experts.5.linear_fc1.weight
	module.decoder.layers.3.mlp.experts.local_experts.0.linear_fc2.weight
	module.decoder.layers.2.mlp.experts.local_experts.3.linear_fc1.weight
	module.decoder.layers.5.mlp.experts.local_experts.5.linear_fc1.weight
	module.decoder.layers.5.mlp.experts.local_experts.0.linear_fc2.weight
	module.decoder.layers.4.mlp.experts.local_experts.6.linear_fc1.weight
	module.decoder.layers.4.mlp.experts.local_experts.1.linear_fc2.weight
	module.decoder.layers.2.mlp.experts.local_experts.9.linear_fc2.weight
	module.decoder.layers.1.mlp.experts.local_experts.15.linear_fc2.weight
	module.decoder.layers.0.mlp.experts.local_experts.15.linear_fc1.weight
	module.decoder.layers.0.mlp.experts.local_experts.7.linear_fc2.weight
	module.decoder.layers.5.mlp.experts.local_experts.11.linear_fc2.weight
	module.decoder.layers.4.mlp.experts.local_experts.12.linear_fc2.weight
	module.decoder.layers.3.mlp.experts.local_experts.15.linear_fc1.weight
	module.decoder.layers.3.mlp.experts.local_experts.10.linear_fc2.weight
	module.decoder.layers.2.mlp.experts.local_experts.11.linear_fc2.weight
	module.decoder.layers.1.mlp.experts.local_experts.8.linear_fc2.weight
	module.decoder.layers.1.mlp.experts.local_experts.7.linear_fc1.weight
	module.decoder.layers.1.mlp.experts.local_experts.5.linear_fc1.weight
	module.decoder.layers.0.mlp.experts.local_experts.14.linear_fc1.weight
	module.decoder.layers.0.mlp.experts.local_experts.1.linear_fc2.weight
	module.decoder.layers.3.mlp.experts.local_experts.6.linear_fc1.weight
	module.decoder.layers.3.mlp.experts.local_experts.1.linear_fc2.weight
	module.decoder.layers.2.mlp.experts.local_experts.4.linear_fc1.weight
	module.decoder.layers.1.mlp.experts.local_experts.14.linear_fc1.weight
	module.decoder.layers.0.mlp.experts.local_experts.12.linear_fc2.weight
/root/workdir/antllm/bsr2/Megatron-LM/megatron/training/checkpointing.py:1137: UserWarning: Environment variable TORCH_FORCE_NO_WEIGHTS_ONLY_LOAD detected, since the`weights_only` argument was not explicitly passed to `torch.load`, forcing weights_only=False.
  state_dict = torch.load(checkpoint_name, map_location='cpu')
/root/workdir/antllm/bsr2/Megatron-LM/megatron/training/checkpointing.py:1137: UserWarning: Environment variable TORCH_FORCE_NO_WEIGHTS_ONLY_LOAD detected, since the`weights_only` argument was not explicitly passed to `torch.load`, forcing weights_only=False.
  state_dict = torch.load(checkpoint_name, map_location='cpu')
/root/workdir/antllm/bsr2/Megatron-LM/megatron/training/checkpointing.py:1137: UserWarning: Environment variable TORCH_FORCE_NO_WEIGHTS_ONLY_LOAD detected, since the`weights_only` argument was not explicitly passed to `torch.load`, forcing weights_only=False.
  state_dict = torch.load(checkpoint_name, map_location='cpu')
/root/workdir/antllm/bsr2/Megatron-LM/megatron/training/checkpointing.py:1137: UserWarning: Environment variable TORCH_FORCE_NO_WEIGHTS_ONLY_LOAD detected, since the`weights_only` argument was not explicitly passed to `torch.load`, forcing weights_only=False.
  state_dict = torch.load(checkpoint_name, map_location='cpu')
/root/workdir/antllm/bsr2/Megatron-LM/megatron/training/checkpointing.py:1137: UserWarning: Environment variable TORCH_FORCE_NO_WEIGHTS_ONLY_LOAD detected, since the`weights_only` argument was not explicitly passed to `torch.load`, forcing weights_only=False.
  state_dict = torch.load(checkpoint_name, map_location='cpu')
/root/workdir/antllm/bsr2/Megatron-LM/megatron/training/checkpointing.py:1137: UserWarning: Environment variable TORCH_FORCE_NO_WEIGHTS_ONLY_LOAD detected, since the`weights_only` argument was not explicitly passed to `torch.load`, forcing weights_only=False.
  state_dict = torch.load(checkpoint_name, map_location='cpu')
/root/workdir/antllm/bsr2/Megatron-LM/megatron/training/checkpointing.py:1137: UserWarning: Environment variable TORCH_FORCE_NO_WEIGHTS_ONLY_LOAD detected, since the`weights_only` argument was not explicitly passed to `torch.load`, forcing weights_only=False.
  state_dict = torch.load(checkpoint_name, map_location='cpu')
/root/workdir/antllm/bsr2/Megatron-LM/megatron/training/checkpointing.py:1137: UserWarning: Environment variable TORCH_FORCE_NO_WEIGHTS_ONLY_LOAD detected, since the`weights_only` argument was not explicitly passed to `torch.load`, forcing weights_only=False.
  state_dict = torch.load(checkpoint_name, map_location='cpu')
(min, max) time across ranks (ms):
    load-checkpoint ................................: (31634.40, 31635.47)
(min, max) time across ranks (ms):
    model-and-optimizer-setup ......................: (32790.63, 32824.81)
    train/valid/test-data-iterators-setup ..........: (35.22, 128.93)
WARNING:megatron.core.transformer.moe.bsr_integration:[2026-05-13 17:42:03] BSR-MoE: initializing on rank 62 ...
WARNING:megatron.core.transformer.moe.bsr_integration:[2026-05-13 17:42:03] BSR-MoE: initializing on rank 57 ...
WARNING:megatron.core.transformer.moe.bsr_integration:[2026-05-13 17:42:03] BSR-MoE: initializing on rank 60 ...
WARNING:megatron.core.transformer.moe.bsr_integration:[2026-05-13 17:42:03] BSR-MoE: initializing on rank 58 ...
WARNING:megatron.core.transformer.moe.bsr_integration:[2026-05-13 17:42:03] BSR-MoE: initializing on rank 59 ...
WARNING:megatron.core.transformer.moe.bsr_integration:[2026-05-13 17:42:03] BSR-MoE: initializing on rank 63 ...
WARNING:megatron.core.transformer.moe.bsr_integration:[2026-05-13 17:42:03] BSR-MoE: initializing on rank 56 ...
WARNING:megatron.core.transformer.moe.bsr_integration:[2026-05-13 17:42:03] BSR-MoE: initializing on rank 61 ...
WARNING:megatron.core.transformer.moe.bsr_integration:BSR-MoE: num_experts=128, num_layers=48, ep_size=8, ep_group_ranks=[56, 57, 58, 59, 60, 61, 62, 63], dp_group_ranks=[56, 57, 58, 59, 60, 61, 62, 63], global_ep_groups=8
WARNING:megatron.core.transformer.moe.bsr_integration:BSR-MoE: num_experts=128, num_layers=48, ep_size=8, ep_group_ranks=[56, 57, 58, 59, 60, 61, 62, 63], dp_group_ranks=[56, 57, 58, 59, 60, 61, 62, 63], global_ep_groups=8
WARNING:megatron.core.transformer.moe.bsr_integration:BSR-MoE: num_experts=128, num_layers=48, ep_size=8, ep_group_ranks=[56, 57, 58, 59, 60, 61, 62, 63], dp_group_ranks=[56, 57, 58, 59, 60, 61, 62, 63], global_ep_groups=8
WARNING:megatron.core.transformer.moe.bsr_integration:BSR-MoE: num_experts=128, num_layers=48, ep_size=8, ep_group_ranks=[56, 57, 58, 59, 60, 61, 62, 63], dp_group_ranks=[56, 57, 58, 59, 60, 61, 62, 63], global_ep_groups=8
WARNING:megatron.core.transformer.moe.bsr_integration:BSR-MoE: num_experts=128, num_layers=48, ep_size=8, ep_group_ranks=[56, 57, 58, 59, 60, 61, 62, 63], dp_group_ranks=[56, 57, 58, 59, 60, 61, 62, 63], global_ep_groups=8
WARNING:megatron.core.transformer.moe.bsr_integration:BSR-MoE: num_experts=128, num_layers=48, ep_size=8, ep_group_ranks=[56, 57, 58, 59, 60, 61, 62, 63], dp_group_ranks=[56, 57, 58, 59, 60, 61, 62, 63], global_ep_groups=8
WARNING:megatron.core.transformer.moe.bsr_integration:BSR-MoE: num_experts=128, num_layers=48, ep_size=8, ep_group_ranks=[56, 57, 58, 59, 60, 61, 62, 63], dp_group_ranks=[56, 57, 58, 59, 60, 61, 62, 63], global_ep_groups=8
WARNING:megatron.core.transformer.moe.bsr_integration:BSR-MoE: num_experts=128, num_layers=48, ep_size=8, ep_group_ranks=[56, 57, 58, 59, 60, 61, 62, 63], dp_group_ranks=[56, 57, 58, 59, 60, 61, 62, 63], global_ep_groups=8
INFO:megatron.core.transformer.moe.expert_directory:ActiveExpertDirectory: built 6144 entries (48 layers × 128 experts, ep_size=8, ranks=[56, 57, 58, 59, 60, 61, 62, 63])
INFO:megatron.core.transformer.moe.expert_directory:ActiveExpertDirectory: built 6144 entries (48 layers × 128 experts, ep_size=8, ranks=[56, 57, 58, 59, 60, 61, 62, 63])
INFO:megatron.core.transformer.moe.expert_directory:ActiveExpertDirectory: built 6144 entries (48 layers × 128 experts, ep_size=8, ranks=[56, 57, 58, 59, 60, 61, 62, 63])
INFO:megatron.core.transformer.moe.expert_directory:ActiveExpertDirectory: built 6144 entries (48 layers × 128 experts, ep_size=8, ranks=[56, 57, 58, 59, 60, 61, 62, 63])
INFO:megatron.core.transformer.moe.expert_directory:ActiveExpertDirectory: built 6144 entries (48 layers × 128 experts, ep_size=8, ranks=[56, 57, 58, 59, 60, 61, 62, 63])
INFO:megatron.core.transformer.moe.expert_directory:Global ActiveExpertDirectory set: ActiveExpertDirectory(layers=48, experts=128, ep_size=8, entries=6144)
WARNING:megatron.core.transformer.moe.bsr_integration:BSR-MoE: expert directory initialized
INFO:megatron.core.transformer.moe.expert_directory:ActiveExpertDirectory: built 6144 entries (48 layers × 128 experts, ep_size=8, ranks=[56, 57, 58, 59, 60, 61, 62, 63])
INFO:megatron.core.transformer.moe.expert_directory:ActiveExpertDirectory: built 6144 entries (48 layers × 128 experts, ep_size=8, ranks=[56, 57, 58, 59, 60, 61, 62, 63])
INFO:megatron.core.transformer.moe.dispatch_topology_refresh:DispatchTopologyManager: initialised — 48 layers, 128 experts, ep_size=8, ranks=[56, 57, 58, 59, 60, 61, 62, 63]
WARNING:megatron.core.transformer.moe.bsr_integration:BSR-MoE: dispatch topology manager initialized
INFO:megatron.core.transformer.moe.expert_directory:Global ActiveExpertDirectory set: ActiveExpertDirectory(layers=48, experts=128, ep_size=8, entries=6144)
WARNING:megatron.core.transformer.moe.bsr_integration:BSR-MoE: expert directory initialized
INFO:megatron.core.transformer.moe.dispatch_topology_refresh:DispatchTopologyManager: initialised — 48 layers, 128 experts, ep_size=8, ranks=[56, 57, 58, 59, 60, 61, 62, 63]
WARNING:megatron.core.transformer.moe.bsr_integration:BSR-MoE: dispatch topology manager initialized
INFO:megatron.core.transformer.moe.expert_directory:ActiveExpertDirectory: built 6144 entries (48 layers × 128 experts, ep_size=8, ranks=[56, 57, 58, 59, 60, 61, 62, 63])
INFO:megatron.core.transformer.moe.expert_directory:Global ActiveExpertDirectory set: ActiveExpertDirectory(layers=48, experts=128, ep_size=8, entries=6144)
WARNING:megatron.core.transformer.moe.bsr_integration:BSR-MoE: expert directory initialized
INFO:megatron.core.transformer.moe.dispatch_topology_refresh:DispatchTopologyManager: initialised — 48 layers, 128 experts, ep_size=8, ranks=[56, 57, 58, 59, 60, 61, 62, 63]
WARNING:megatron.core.transformer.moe.bsr_integration:BSR-MoE: dispatch topology manager initialized
INFO:megatron.core.transformer.moe.expert_directory:Global ActiveExpertDirectory set: ActiveExpertDirectory(layers=48, experts=128, ep_size=8, entries=6144)
WARNING:megatron.core.transformer.moe.bsr_integration:BSR-MoE: expert directory initialized
INFO:megatron.core.transformer.moe.dispatch_topology_refresh:DispatchTopologyManager: initialised — 48 layers, 128 experts, ep_size=8, ranks=[56, 57, 58, 59, 60, 61, 62, 63]
WARNING:megatron.core.transformer.moe.bsr_integration:BSR-MoE: dispatch topology manager initialized
INFO:megatron.core.transformer.moe.expert_directory:Global ActiveExpertDirectory set: ActiveExpertDirectory(layers=48, experts=128, ep_size=8, entries=6144)
WARNING:megatron.core.transformer.moe.bsr_integration:BSR-MoE: expert directory initialized
INFO:megatron.core.transformer.moe.dispatch_topology_refresh:DispatchTopologyManager: initialised — 48 layers, 128 experts, ep_size=8, ranks=[56, 57, 58, 59, 60, 61, 62, 63]
WARNING:megatron.core.transformer.moe.bsr_integration:BSR-MoE: dispatch topology manager initialized
INFO:megatron.core.transformer.moe.expert_directory:Global ActiveExpertDirectory set: ActiveExpertDirectory(layers=48, experts=128, ep_size=8, entries=6144)
WARNING:megatron.core.transformer.moe.bsr_integration:BSR-MoE: expert directory initialized
INFO:megatron.core.transformer.moe.dispatch_topology_refresh:DispatchTopologyManager: initialised — 48 layers, 128 experts, ep_size=8, ranks=[56, 57, 58, 59, 60, 61, 62, 63]
WARNING:megatron.core.transformer.moe.bsr_integration:BSR-MoE: dispatch topology manager initialized
INFO:megatron.core.transformer.moe.expert_directory:Global ActiveExpertDirectory set: ActiveExpertDirectory(layers=48, experts=128, ep_size=8, entries=6144)
WARNING:megatron.core.transformer.moe.bsr_integration:BSR-MoE: expert directory initialized
INFO:megatron.core.transformer.moe.dispatch_topology_refresh:DispatchTopologyManager: initialised — 48 layers, 128 experts, ep_size=8, ranks=[56, 57, 58, 59, 60, 61, 62, 63]
WARNING:megatron.core.transformer.moe.bsr_integration:BSR-MoE: dispatch topology manager initialized
INFO:megatron.core.transformer.moe.expert_directory:Global ActiveExpertDirectory set: ActiveExpertDirectory(layers=48, experts=128, ep_size=8, entries=6144)
WARNING:megatron.core.transformer.moe.bsr_integration:BSR-MoE: expert directory initialized
INFO:megatron.core.transformer.moe.dispatch_topology_refresh:DispatchTopologyManager: initialised — 48 layers, 128 experts, ep_size=8, ranks=[56, 57, 58, 59, 60, 61, 62, 63]
WARNING:megatron.core.transformer.moe.bsr_integration:BSR-MoE: dispatch topology manager initialized
WARNING:megatron.core.transformer.moe.bsr_integration:BSR-MoE: two-phase recovery coordinator initialized (defer_optimizer=True)
WARNING:megatron.core.transformer.moe.bsr_integration:BSR-MoE: two-phase recovery coordinator initialized (defer_optimizer=True)
WARNING:megatron.core.transformer.moe.bsr_integration:BSR-MoE: recovery controller initialized and callbacks wired
WARNING:megatron.core.transformer.moe.bsr_integration:BSR-MoE: reintegration barrier wired to recovery controller
WARNING:megatron.core.transformer.moe.bsr_integration:BSR-MoE: recovery controller initialized and callbacks wired
WARNING:megatron.core.transformer.moe.bsr_integration:BSR-MoE: two-phase recovery coordinator initialized (defer_optimizer=True)
WARNING:megatron.core.transformer.moe.bsr_integration:BSR-MoE: reintegration barrier wired to recovery controller
WARNING:megatron.core.transformer.moe.bsr_integration:BSR-MoE: recovery controller initialized and callbacks wired
WARNING:megatron.core.transformer.moe.bsr_integration:BSR-MoE: reintegration barrier wired to recovery controller
WARNING:megatron.core.transformer.moe.bsr_integration:BSR-MoE: two-phase recovery coordinator initialized (defer_optimizer=True)
WARNING:megatron.core.transformer.moe.bsr_integration:BSR-MoE: two-phase recovery coordinator initialized (defer_optimizer=True)
WARNING:megatron.core.transformer.moe.bsr_integration:BSR-MoE: two-phase recovery coordinator initialized (defer_optimizer=True)
WARNING:megatron.core.transformer.moe.bsr_integration:BSR-MoE: recovery controller initialized and callbacks wired
WARNING:megatron.core.transformer.moe.bsr_integration:BSR-MoE: reintegration barrier wired to recovery controller
WARNING:megatron.core.transformer.moe.bsr_integration:BSR-MoE: recovery controller initialized and callbacks wired
WARNING:megatron.core.transformer.moe.bsr_integration:BSR-MoE: reintegration barrier wired to recovery controller
WARNING:megatron.core.transformer.moe.bsr_integration:BSR-MoE: two-phase recovery coordinator initialized (defer_optimizer=True)
WARNING:megatron.core.transformer.moe.bsr_integration:BSR-MoE: recovery controller initialized and callbacks wired
WARNING:megatron.core.transformer.moe.bsr_integration:BSR-MoE: reintegration barrier wired to recovery controller
WARNING:megatron.core.transformer.moe.bsr_integration:BSR-MoE: recovery controller initialized and callbacks wired
WARNING:megatron.core.transformer.moe.bsr_integration:BSR-MoE: reintegration barrier wired to recovery controller
WARNING:megatron.core.transformer.moe.bsr_integration:BSR-MoE: two-phase recovery coordinator initialized (defer_optimizer=True)
WARNING:megatron.core.transformer.moe.bsr_integration:BSR-MoE: recovery controller initialized and callbacks wired
WARNING:megatron.core.transformer.moe.bsr_integration:BSR-MoE: reintegration barrier wired to recovery controller
WARNING:megatron.core.transformer.moe.bsr_integration:BSR-MoE: hard failure detector and iteration invalidator initialized
WARNING:megatron.core.transformer.moe.bsr_integration:BSR-MoE: hard failure detector and iteration invalidator initialized
WARNING:megatron.core.transformer.moe.bsr_integration:BSR-MoE: hard failure detector and iteration invalidator initialized
WARNING:megatron.core.transformer.moe.bsr_integration:BSR-MoE: hard failure detector and iteration invalidator initialized
WARNING:megatron.core.transformer.moe.bsr_integration:BSR-MoE: hard failure detector and iteration invalidator initialized
WARNING:megatron.core.transformer.moe.bsr_integration:BSR-MoE: hard failure detector and iteration invalidator initialized
WARNING:megatron.core.transformer.moe.bsr_integration:BSR-MoE: hard failure detector and iteration invalidator initialized
WARNING:megatron.core.transformer.moe.bsr_integration:BSR-MoE: hard failure detector and iteration invalidator initialized
WARNING:megatron.core.transformer.moe.bsr_integration:BSR-MoE: rollback/replay manager initialized
WARNING:megatron.core.transformer.moe.bsr_integration:BSR-MoE: rollback/replay manager initialized
WARNING:megatron.core.transformer.moe.bsr_integration:BSR-MoE: rollback/replay manager initialized
WARNING:megatron.core.transformer.moe.bsr_integration:BSR-MoE: rollback/replay manager initialized
WARNING:megatron.core.transformer.moe.bsr_integration:BSR-MoE: rollback/replay manager initialized
WARNING:megatron.core.transformer.moe.bsr_integration:BSR-MoE: rollback/replay manager initialized
WARNING:megatron.core.transformer.moe.bsr_integration:BSR-MoE: rollback/replay manager initialized
WARNING:megatron.core.transformer.moe.bsr_integration:BSR-MoE: rollback/replay manager initialized
WARNING:megatron.core.transformer.moe.bsr_integration:BSR-MoE: optimizer commit guard initialized
WARNING:megatron.core.transformer.moe.bsr_integration:BSR-MoE: optimizer commit guard initialized
WARNING:megatron.core.transformer.moe.bsr_integration:BSR-MoE: optimizer commit guard initialized
WARNING:megatron.core.transformer.moe.bsr_integration:BSR-MoE: optimizer commit guard initialized
WARNING:megatron.core.transformer.moe.bsr_integration:BSR-MoE: optimizer commit guard initialized
WARNING:megatron.core.transformer.moe.bsr_integration:BSR-MoE: optimizer commit guard initialized
WARNING:megatron.core.transformer.moe.bsr_integration:BSR-MoE: optimizer commit guard initialized
WARNING:megatron.core.transformer.moe.bsr_integration:BSR-MoE: optimizer commit guard initialized
WARNING:megatron.core.transformer.moe.bsr_integration:BSR-MoE: pipeline rollback coordinator initialized
WARNING:megatron.core.transformer.moe.bsr_integration:BSR-MoE: pipeline rollback coordinator initialized
WARNING:megatron.core.transformer.moe.bsr_integration:BSR-MoE: pipeline rollback coordinator initialized
WARNING:megatron.core.transformer.moe.bsr_integration:BSR-MoE: pipeline rollback coordinator initialized
WARNING:megatron.core.transformer.moe.bsr_integration:BSR-MoE: pipeline rollback coordinator initialized
WARNING:megatron.core.transformer.moe.bsr_integration:BSR-MoE: pipeline rollback coordinator initialized
WARNING:megatron.core.transformer.moe.bsr_integration:BSR-MoE: pipeline rollback coordinator initialized
WARNING:megatron.core.transformer.moe.bsr_integration:BSR-MoE: pipeline rollback coordinator initialized
INFO:megatron.core.transformer.moe.async_recovery_worker:BSR-MoE AsyncRecoveryWorker: started 2 worker threads
WARNING:megatron.core.transformer.moe.bsr_integration:BSR-MoE: async recovery worker initialized (workers=2, CUDA stream created)
INFO:megatron.core.transformer.moe.async_recovery_worker:BSR-MoE AsyncRecoveryWorker: started 2 worker threads
WARNING:megatron.core.transformer.moe.bsr_integration:BSR-MoE: fault injection configured — type=restart_in_place, rank=random, step=70, interval=40, random_rank=True, seed=42, zero_memory=True, memory_fill=zero
WARNING:megatron.core.transformer.moe.bsr_integration:BSR-MoE: async recovery worker initialized (workers=2, CUDA stream created)
INFO:megatron.core.transformer.moe.async_recovery_worker:BSR-MoE AsyncRecoveryWorker: started 2 worker threads
WARNING:megatron.core.transformer.moe.bsr_integration:BSR-MoE: fault injection configured — type=restart_in_place, rank=random, step=70, interval=40, random_rank=True, seed=42, zero_memory=True, memory_fill=zero
WARNING:megatron.core.transformer.moe.bsr_integration:BSR-MoE: async recovery worker initialized (workers=2, CUDA stream created)
INFO:megatron.core.transformer.moe.async_recovery_worker:BSR-MoE AsyncRecoveryWorker: started 2 worker threads
INFO:megatron.core.transformer.moe.async_recovery_worker:BSR-MoE AsyncRecoveryWorker: started 2 worker threads
WARNING:megatron.core.transformer.moe.bsr_integration:BSR-MoE: fault injection configured — type=restart_in_place, rank=random, step=70, interval=40, random_rank=True, seed=42, zero_memory=True, memory_fill=zero
WARNING:megatron.core.transformer.moe.bsr_integration:BSR-MoE: async recovery worker initialized (workers=2, CUDA stream created)
WARNING:megatron.core.transformer.moe.bsr_integration:BSR-MoE: async recovery worker initialized (workers=2, CUDA stream created)
WARNING:megatron.core.transformer.moe.bsr_integration:BSR-MoE: fault injection configured — type=restart_in_place, rank=random, step=70, interval=40, random_rank=True, seed=42, zero_memory=True, memory_fill=zero
INFO:megatron.core.transformer.moe.async_recovery_worker:BSR-MoE AsyncRecoveryWorker: started 2 worker threads
WARNING:megatron.core.transformer.moe.bsr_integration:BSR-MoE: fault injection configured — type=restart_in_place, rank=random, step=70, interval=40, random_rank=True, seed=42, zero_memory=True, memory_fill=zero
WARNING:megatron.core.transformer.moe.bsr_integration:BSR-MoE: async recovery worker initialized (workers=2, CUDA stream created)
WARNING:megatron.core.transformer.moe.bsr_integration:BSR-MoE: fault injection configured — type=restart_in_place, rank=random, step=70, interval=40, random_rank=True, seed=42, zero_memory=True, memory_fill=zero
INFO:megatron.core.transformer.moe.async_recovery_worker:BSR-MoE AsyncRecoveryWorker: started 2 worker threads
INFO:megatron.core.transformer.moe.async_recovery_worker:BSR-MoE AsyncRecoveryWorker: started 2 worker threads
WARNING:megatron.core.transformer.moe.bsr_integration:BSR-MoE: async recovery worker initialized (workers=2, CUDA stream created)
WARNING:megatron.core.transformer.moe.bsr_integration:BSR-MoE: async recovery worker initialized (workers=2, CUDA stream created)
WARNING:megatron.core.transformer.moe.bsr_integration:BSR-MoE: fault injection configured — type=restart_in_place, rank=random, step=70, interval=40, random_rank=True, seed=42, zero_memory=True, memory_fill=zero
WARNING:megatron.core.transformer.moe.bsr_integration:BSR-MoE: fault injection configured — type=restart_in_place, rank=random, step=70, interval=40, random_rank=True, seed=42, zero_memory=True, memory_fill=zero
WARNING:megatron.core.transformer.moe.bsr_integration:BSR-MoE: restart-in-place invalidate_tensor_fn wired (target rank only)
WARNING:megatron.core.transformer.moe.bsr_integration:[2026-05-13 17:42:03] BSR-MoE: initialization complete on rank 57
WARNING:megatron.core.transformer.moe.bsr_integration:[2026-05-13 17:42:03] BSR-MoE FAULT INJECTION #1: type=restart_in_place, rank=14, step=3600, experts=[96, 97, 98, 99, 100, 101, 102, 103, 104, 105, 106, 107, 108, 109, 110, 111], ep_group=[8, 9, 10, 11, 12, 13, 14, 15]
WARNING:megatron.core.transformer.moe.bsr_integration:BSR-MoE: restart-in-place invalidate_tensor_fn wired (target rank only)
WARNING:megatron.core.transformer.moe.bsr_integration:[2026-05-13 17:42:03] BSR-MoE: initialization complete on rank 56
WARNING:megatron.core.transformer.moe.recovery_controller:[2026-05-13 17:42:03] BSR-MoE controller: rank 14 HARD FAILURE (step=3600, reason=scheduled_restart_in_place_injection, experts=[96, 97, 98, 99, 100, 101, 102, 103, 104, 105, 106, 107, 108, 109, 110, 111], mid_iteration=False)
INFO:megatron.core.transformer.moe.recovery_controller:ExpertRecoveryTracker: experts [96, 97, 98, 99, 100, 101, 102, 103, 104, 105, 106, 107, 108, 109, 110, 111] → RECOVERING (step=3600)
WARNING:megatron.core.transformer.moe.bsr_integration:BSR-MoE: restart-in-place invalidate_tensor_fn wired (target rank only)
WARNING:megatron.core.transformer.moe.bsr_integration:[2026-05-13 17:42:03] BSR-MoE FAULT INJECTION #1: type=restart_in_place, rank=14, step=3600, experts=[96, 97, 98, 99, 100, 101, 102, 103, 104, 105, 106, 107, 108, 109, 110, 111], ep_group=[8, 9, 10, 11, 12, 13, 14, 15]
WARNING:megatron.core.transformer.moe.bsr_integration:[2026-05-13 17:42:03] BSR-MoE: initialization complete on rank 62
WARNING:megatron.core.transformer.moe.recovery_controller:[2026-05-13 17:42:03] BSR-MoE controller: rank 14 HARD FAILURE (step=3600, reason=scheduled_restart_in_place_injection, experts=[96, 97, 98, 99, 100, 101, 102, 103, 104, 105, 106, 107, 108, 109, 110, 111], mid_iteration=False)
INFO:megatron.core.transformer.moe.recovery_controller:ExpertRecoveryTracker: experts [96, 97, 98, 99, 100, 101, 102, 103, 104, 105, 106, 107, 108, 109, 110, 111] → RECOVERING (step=3600)
WARNING:megatron.core.transformer.moe.optimizer_commit_guard:OptimizerCommitGuard: commit BLOCKED (reason=hard_failure_rank_14_step_3600)
WARNING:megatron.core.transformer.moe.bsr_integration:BSR-MoE: optimizer commit blocked for step 3600 (hard failure of rank 14)
WARNING:megatron.core.transformer.moe.bsr_integration:BSR-MoE: entering waiting-for-replacement state (failed_rank=14, step=3600, experts=[96, 97, 98, 99, 100, 101, 102, 103, 104, 105, 106, 107, 108, 109, 110, 111])
WARNING:megatron.core.transformer.moe.bsr_integration:BSR-MoE: restart-in-place invalidate_tensor_fn wired (target rank only)
WARNING:megatron.core.transformer.moe.bsr_integration:[2026-05-13 17:42:03] BSR-MoE FAULT INJECTION #1: type=restart_in_place, rank=14, step=3600, experts=[96, 97, 98, 99, 100, 101, 102, 103, 104, 105, 106, 107, 108, 109, 110, 111], ep_group=[8, 9, 10, 11, 12, 13, 14, 15]
WARNING:megatron.core.transformer.moe.recovery_controller:[2026-05-13 17:42:03] BSR-MoE controller: HEALTHY_TRAINING → PENDING_GROUP_REPAIR (event=hard_rank_failure, step=3600)
WARNING:megatron.core.transformer.moe.bsr_integration:[2026-05-13 17:42:03] BSR-MoE: initialization complete on rank 63
WARNING:megatron.core.transformer.moe.recovery_controller:[2026-05-13 17:42:03] BSR-MoE controller: rank 14 HARD FAILURE (step=3600, reason=scheduled_restart_in_place_injection, experts=[96, 97, 98, 99, 100, 101, 102, 103, 104, 105, 106, 107, 108, 109, 110, 111], mid_iteration=False)
WARNING:megatron.core.transformer.moe.recovery_controller:[2026-05-13 17:42:03] BSR-MoE controller: replacement assigned — failed_rank=14, replacement_rank=14 (step=3600)
INFO:megatron.core.transformer.moe.recovery_controller:ExpertRecoveryTracker: experts [96, 97, 98, 99, 100, 101, 102, 103, 104, 105, 106, 107, 108, 109, 110, 111] → RECOVERING (step=3600)
WARNING:megatron.core.transformer.moe.optimizer_commit_guard:OptimizerCommitGuard: commit BLOCKED (reason=hard_failure_rank_14_step_3600)
INFO:megatron.core.transformer.moe.replacement_registry:BSR-MoE replacement: failed_rank=14, replacement_rank=14, NOT_PRESENT → BOOTSTRAPPING (step=3600)
WARNING:megatron.core.transformer.moe.bsr_integration:BSR-MoE: optimizer commit blocked for step 3600 (hard failure of rank 14)
WARNING:megatron.core.transformer.moe.replacement_registry:BSR-MoE: replacement announced — failed_rank=14 → replacement_rank=14 (step=3600, reason='')
WARNING:megatron.core.transformer.moe.bsr_integration:BSR-MoE: restart-in-place invalidate_tensor_fn wired (target rank only)
WARNING:megatron.core.transformer.moe.bsr_integration:BSR-MoE: entering waiting-for-replacement state (failed_rank=14, step=3600, experts=[96, 97, 98, 99, 100, 101, 102, 103, 104, 105, 106, 107, 108, 109, 110, 111])
WARNING:megatron.core.transformer.moe.recovery_controller:[2026-05-13 17:42:03] BSR-MoE controller: PENDING_GROUP_REPAIR → WAITING_FOR_REPLACEMENT (event=replacement_assigned, step=3600)
WARNING:megatron.core.transformer.moe.recovery_controller:[2026-05-13 17:42:03] BSR-MoE controller: replacement ready — failed_rank=14 (step=3600)
WARNING:megatron.core.transformer.moe.recovery_controller:[2026-05-13 17:42:03] BSR-MoE controller: HEALTHY_TRAINING → PENDING_GROUP_REPAIR (event=hard_rank_failure, step=3600)
WARNING:megatron.core.transformer.moe.bsr_integration:[2026-05-13 17:42:03] BSR-MoE: initialization complete on rank 59
WARNING:megatron.core.transformer.moe.recovery_controller:[2026-05-13 17:42:03] BSR-MoE controller: WAITING_FOR_REPLACEMENT → SAFE_POINT_REPAIR (event=replacement_ready, step=3600)
WARNING:megatron.core.transformer.moe.bsr_integration:[2026-05-13 17:42:03] BSR-MoE FAULT INJECTION #1: type=restart_in_place, rank=14, step=3600, experts=[96, 97, 98, 99, 100, 101, 102, 103, 104, 105, 106, 107, 108, 109, 110, 111], ep_group=[8, 9, 10, 11, 12, 13, 14, 15]
WARNING:megatron.core.transformer.moe.recovery_controller:BSR-MoE controller: restart-in-place fast path for rank 14 (replacement=self, step=3600)
WARNING:megatron.core.transformer.moe.recovery_controller:[2026-05-13 17:42:03] BSR-MoE controller: replacement assigned — failed_rank=14, replacement_rank=14 (step=3600)
WARNING:megatron.core.transformer.moe.bsr_integration:[2026-05-13 17:42:03] BSR-MoE FAULT INJECTION: next periodic fault scheduled at step 3640 (interval=40, total_injections=1)
WARNING:megatron.core.transformer.moe.recovery_controller:[2026-05-13 17:42:03] BSR-MoE controller: rank 14 HARD FAILURE (step=3600, reason=scheduled_restart_in_place_injection, experts=[96, 97, 98, 99, 100, 101, 102, 103, 104, 105, 106, 107, 108, 109, 110, 111], mid_iteration=False)
WARNING:megatron.core.transformer.moe.recovery_controller:[2026-05-13 17:42:03] BSR-MoE controller: ⏱️  START safe-point repair at step 3600 (failed=14, replacement=14)
INFO:megatron.core.transformer.moe.replacement_registry:BSR-MoE replacement: failed_rank=14, replacement_rank=14, NOT_PRESENT → BOOTSTRAPPING (step=3600)
WARNING:megatron.core.transformer.moe.recovery_controller:[2026-05-13 17:42:03] BSR-MoE controller: ⏱️  [Phase A] Starting infrastructure repair...
WARNING:megatron.core.transformer.moe.optimizer_commit_guard:OptimizerCommitGuard: commit BLOCKED (reason=hard_failure_rank_14_step_3600)
INFO:megatron.core.transformer.moe.recovery_controller:ExpertRecoveryTracker: experts [96, 97, 98, 99, 100, 101, 102, 103, 104, 105, 106, 107, 108, 109, 110, 111] → RECOVERING (step=3600)
WARNING:megatron.core.transformer.moe.replacement_registry:BSR-MoE: replacement announced — failed_rank=14 → replacement_rank=14 (step=3600, reason='')
WARNING:megatron.core.transformer.moe.bsr_integration:BSR-MoE: optimizer commit blocked for step 3600 (hard failure of rank 14)
INFO:megatron.core.transformer.moe.replacement_registry:BSR-MoE replacement: failed_rank=14, replacement_rank=14, BOOTSTRAPPING → READY_FOR_REPAIR (step=3600)
WARNING:megatron.core.transformer.moe.bsr_integration:BSR-MoE: entering waiting-for-replacement state (failed_rank=14, step=3600, experts=[96, 97, 98, 99, 100, 101, 102, 103, 104, 105, 106, 107, 108, 109, 110, 111])
WARNING:megatron.core.transformer.moe.recovery_controller:[2026-05-13 17:42:03] BSR-MoE controller: PENDING_GROUP_REPAIR → WAITING_FOR_REPLACEMENT (event=replacement_assigned, step=3600)
INFO:megatron.core.transformer.moe.replacement_registry:BSR-MoE replacement: failed_rank=14, replacement_rank=14, READY_FOR_REPAIR → INTEGRATED (step=3600)
WARNING:megatron.core.transformer.moe.recovery_controller:[2026-05-13 17:42:03] BSR-MoE controller: replacement ready — failed_rank=14 (step=3600)
WARNING:megatron.core.transformer.moe.replacement_registry:BSR-MoE: replacement INTEGRATED — failed_rank=14, replacement_rank=14 (step=3600)
WARNING:megatron.core.transformer.moe.bsr_integration:BSR-MoE: restart-in-place invalidate_tensor_fn wired (target rank only)
WARNING:megatron.core.transformer.moe.recovery_controller:[2026-05-13 17:42:03] BSR-MoE controller: step1 replacement_integrate elapsed=0.000s (step=3600)
WARNING:megatron.core.transformer.moe.recovery_controller:[2026-05-13 17:42:03] BSR-MoE controller: WAITING_FOR_REPLACEMENT → SAFE_POINT_REPAIR (event=replacement_ready, step=3600)
WARNING:megatron.core.transformer.moe.recovery_controller:[2026-05-13 17:42:03] BSR-MoE controller: HEALTHY_TRAINING → PENDING_GROUP_REPAIR (event=hard_rank_failure, step=3600)
WARNING:megatron.core.transformer.moe.bsr_integration:[2026-05-13 17:42:03] BSR-MoE FAULT INJECTION #1: type=restart_in_place, rank=14, step=3600, experts=[96, 97, 98, 99, 100, 101, 102, 103, 104, 105, 106, 107, 108, 109, 110, 111], ep_group=[8, 9, 10, 11, 12, 13, 14, 15]
WARNING:megatron.core.transformer.moe.recovery_controller:BSR-MoE controller: restart-in-place fast path for rank 14 (replacement=self, step=3600)
WARNING:megatron.core.transformer.moe.recovery_controller:[2026-05-13 17:42:03] BSR-MoE controller: step2 group_rebuild_request elapsed=0.000s (step=3600)
WARNING:megatron.core.transformer.moe.recovery_controller:[2026-05-13 17:42:03] BSR-MoE controller: step3 group_rebuild_execute elapsed=0.000s (step=3600)
WARNING:megatron.core.transformer.moe.bsr_integration:[2026-05-13 17:42:03] BSR-MoE FAULT INJECTION: next periodic fault scheduled at step 3640 (interval=40, total_injections=1)
WARNING:megatron.core.transformer.moe.bsr_integration:[2026-05-13 17:42:03] BSR-MoE: initialization complete on rank 60
WARNING:megatron.core.transformer.moe.recovery_controller:[2026-05-13 17:42:03] BSR-MoE controller: step4 group_rebuild_finish elapsed=0.000s (step=3600)
WARNING:megatron.core.transformer.moe.recovery_controller:[2026-05-13 17:42:03] BSR-MoE controller: replacement assigned — failed_rank=14, replacement_rank=14 (step=3600)
WARNING:megatron.core.transformer.moe.recovery_controller:[2026-05-13 17:42:03] BSR-MoE controller: ⏱️  START safe-point repair at step 3600 (failed=14, replacement=14)
WARNING:megatron.core.transformer.moe.recovery_controller:[2026-05-13 17:42:03] BSR-MoE controller: step5 topology_refresh elapsed=0.000s (step=3600)
WARNING:megatron.core.transformer.moe.recovery_controller:[2026-05-13 17:42:03] BSR-MoE controller: rank 14 HARD FAILURE (step=3600, reason=scheduled_restart_in_place_injection, experts=[96, 97, 98, 99, 100, 101, 102, 103, 104, 105, 106, 107, 108, 109, 110, 111], mid_iteration=False)
WARNING:megatron.core.transformer.moe.recovery_controller:[2026-05-13 17:42:03] BSR-MoE controller: ⏱️  [Phase A] Starting infrastructure repair...
WARNING:megatron.core.transformer.moe.recovery_controller:[2026-05-13 17:42:03] BSR-MoE controller: ⏱️  [Phase A] Infrastructure repair COMPLETED (elapsed=0.000s)
INFO:megatron.core.transformer.moe.replacement_registry:BSR-MoE replacement: failed_rank=14, replacement_rank=14, NOT_PRESENT → BOOTSTRAPPING (step=3600)
WARNING:megatron.core.transformer.moe.recovery_controller:[2026-05-13 17:42:03] BSR-MoE controller: ⏱️  [Phase B] Starting parameter recovery...
INFO:megatron.core.transformer.moe.recovery_controller:ExpertRecoveryTracker: experts [96, 97, 98, 99, 100, 101, 102, 103, 104, 105, 106, 107, 108, 109, 110, 111] → RECOVERING (step=3600)
WARNING:megatron.core.transformer.moe.optimizer_commit_guard:OptimizerCommitGuard: commit BLOCKED (reason=hard_failure_rank_14_step_3600)
INFO:megatron.core.transformer.moe.replacement_registry:BSR-MoE replacement: failed_rank=14, replacement_rank=14, BOOTSTRAPPING → READY_FOR_REPAIR (step=3600)
WARNING:megatron.core.transformer.moe.replacement_registry:BSR-MoE: replacement announced — failed_rank=14 → replacement_rank=14 (step=3600, reason='')
WARNING:megatron.core.transformer.moe.bsr_integration:BSR-MoE: optimizer commit blocked for step 3600 (hard failure of rank 14)
INFO:megatron.core.transformer.moe.replacement_registry:BSR-MoE replacement: failed_rank=14, replacement_rank=14, READY_FOR_REPAIR → INTEGRATED (step=3600)
WARNING:megatron.core.transformer.moe.replacement_registry:BSR-MoE: replacement INTEGRATED — failed_rank=14, replacement_rank=14 (step=3600)
WARNING:megatron.core.transformer.moe.bsr_integration:BSR-MoE: entering waiting-for-replacement state (failed_rank=14, step=3600, experts=[96, 97, 98, 99, 100, 101, 102, 103, 104, 105, 106, 107, 108, 109, 110, 111])
WARNING:megatron.core.transformer.moe.recovery_controller:[2026-05-13 17:42:03] BSR-MoE controller: PENDING_GROUP_REPAIR → WAITING_FOR_REPLACEMENT (event=replacement_assigned, step=3600)
WARNING:megatron.core.transformer.moe.recovery_controller:[2026-05-13 17:42:03] BSR-MoE controller: step1 replacement_integrate elapsed=0.000s (step=3600)
WARNING:megatron.core.transformer.moe.recovery_controller:[2026-05-13 17:42:03] BSR-MoE controller: replacement ready — failed_rank=14 (step=3600)
WARNING:megatron.core.transformer.moe.recovery_controller:[2026-05-13 17:42:03] BSR-MoE controller: step2 group_rebuild_request elapsed=0.000s (step=3600)
WARNING:megatron.core.transformer.moe.recovery_controller:[2026-05-13 17:42:03] BSR-MoE controller: WAITING_FOR_REPLACEMENT → SAFE_POINT_REPAIR (event=replacement_ready, step=3600)
WARNING:megatron.core.transformer.moe.recovery_controller:[2026-05-13 17:42:03] BSR-MoE controller: step3 group_rebuild_execute elapsed=0.000s (step=3600)
WARNING:megatron.core.transformer.moe.recovery_controller:BSR-MoE controller: restart-in-place fast path for rank 14 (replacement=self, step=3600)
WARNING:megatron.core.transformer.moe.recovery_controller:[2026-05-13 17:42:03] BSR-MoE controller: HEALTHY_TRAINING → PENDING_GROUP_REPAIR (event=hard_rank_failure, step=3600)
WARNING:megatron.core.transformer.moe.recovery_controller:[2026-05-13 17:42:03] BSR-MoE controller: step4 group_rebuild_finish elapsed=0.000s (step=3600)
WARNING:megatron.core.transformer.moe.bsr_integration:[2026-05-13 17:42:03] BSR-MoE FAULT INJECTION: next periodic fault scheduled at step 3640 (interval=40, total_injections=1)
WARNING:megatron.core.transformer.moe.recovery_controller:[2026-05-13 17:42:03] BSR-MoE controller: step5 topology_refresh elapsed=0.000s (step=3600)
WARNING:megatron.core.transformer.moe.bsr_integration:[2026-05-13 17:42:03] BSR-MoE FAULT INJECTION #1: type=restart_in_place, rank=14, step=3600, experts=[96, 97, 98, 99, 100, 101, 102, 103, 104, 105, 106, 107, 108, 109, 110, 111], ep_group=[8, 9, 10, 11, 12, 13, 14, 15]
WARNING:megatron.core.transformer.moe.recovery_controller:[2026-05-13 17:42:03] BSR-MoE controller: ⏱️  [Phase A] Infrastructure repair COMPLETED (elapsed=0.000s)
WARNING:megatron.core.transformer.moe.recovery_controller:[2026-05-13 17:42:03] BSR-MoE controller: ⏱️  START safe-point repair at step 3600 (failed=14, replacement=14)
WARNING:megatron.core.transformer.moe.recovery_controller:[2026-05-13 17:42:03] BSR-MoE controller: replacement assigned — failed_rank=14, replacement_rank=14 (step=3600)
WARNING:megatron.core.transformer.moe.recovery_controller:[2026-05-13 17:42:03] BSR-MoE controller: ⏱️  [Phase B] Starting parameter recovery...
WARNING:megatron.core.transformer.moe.recovery_controller:[2026-05-13 17:42:03] BSR-MoE controller: ⏱️  [Phase A] Starting infrastructure repair...
WARNING:megatron.core.transformer.moe.recovery_controller:[2026-05-13 17:42:03] BSR-MoE controller: rank 14 HARD FAILURE (step=3600, reason=scheduled_restart_in_place_injection, experts=[96, 97, 98, 99, 100, 101, 102, 103, 104, 105, 106, 107, 108, 109, 110, 111], mid_iteration=False)
INFO:megatron.core.transformer.moe.replacement_registry:BSR-MoE replacement: failed_rank=14, replacement_rank=14, NOT_PRESENT → BOOTSTRAPPING (step=3600)
INFO:megatron.core.transformer.moe.replacement_registry:BSR-MoE replacement: failed_rank=14, replacement_rank=14, BOOTSTRAPPING → READY_FOR_REPAIR (step=3600)
WARNING:megatron.core.transformer.moe.replacement_registry:BSR-MoE: replacement announced — failed_rank=14 → replacement_rank=14 (step=3600, reason='')
INFO:megatron.core.transformer.moe.replacement_registry:BSR-MoE replacement: failed_rank=14, replacement_rank=14, READY_FOR_REPAIR → INTEGRATED (step=3600)
WARNING:megatron.core.transformer.moe.optimizer_commit_guard:OptimizerCommitGuard: commit BLOCKED (reason=hard_failure_rank_14_step_3600)
INFO:megatron.core.transformer.moe.recovery_controller:ExpertRecoveryTracker: experts [96, 97, 98, 99, 100, 101, 102, 103, 104, 105, 106, 107, 108, 109, 110, 111] → RECOVERING (step=3600)
WARNING:megatron.core.transformer.moe.replacement_registry:BSR-MoE: replacement INTEGRATED — failed_rank=14, replacement_rank=14 (step=3600)
WARNING:megatron.core.transformer.moe.recovery_controller:[2026-05-13 17:42:03] BSR-MoE controller: PENDING_GROUP_REPAIR → WAITING_FOR_REPLACEMENT (event=replacement_assigned, step=3600)
WARNING:megatron.core.transformer.moe.bsr_integration:BSR-MoE: optimizer commit blocked for step 3600 (hard failure of rank 14)
WARNING:megatron.core.transformer.moe.recovery_controller:[2026-05-13 17:42:03] BSR-MoE controller: step1 replacement_integrate elapsed=0.000s (step=3600)
WARNING:megatron.core.transformer.moe.bsr_integration:BSR-MoE: entering waiting-for-replacement state (failed_rank=14, step=3600, experts=[96, 97, 98, 99, 100, 101, 102, 103, 104, 105, 106, 107, 108, 109, 110, 111])
WARNING:megatron.core.transformer.moe.recovery_controller:[2026-05-13 17:42:03] BSR-MoE controller: replacement ready — failed_rank=14 (step=3600)
WARNING:megatron.core.transformer.moe.recovery_controller:[2026-05-13 17:42:03] BSR-MoE controller: step2 group_rebuild_request elapsed=0.000s (step=3600)
WARNING:megatron.core.transformer.moe.recovery_controller:[2026-05-13 17:42:03] BSR-MoE controller: step3 group_rebuild_execute elapsed=0.000s (step=3600)
WARNING:megatron.core.transformer.moe.recovery_controller:[2026-05-13 17:42:03] BSR-MoE controller: WAITING_FOR_REPLACEMENT → SAFE_POINT_REPAIR (event=replacement_ready, step=3600)
WARNING:megatron.core.transformer.moe.recovery_controller:[2026-05-13 17:42:03] BSR-MoE controller: step4 group_rebuild_finish elapsed=0.000s (step=3600)
WARNING:megatron.core.transformer.moe.recovery_controller:BSR-MoE controller: restart-in-place fast path for rank 14 (replacement=self, step=3600)
WARNING:megatron.core.transformer.moe.recovery_controller:[2026-05-13 17:42:03] BSR-MoE controller: step5 topology_refresh elapsed=0.000s (step=3600)
WARNING:megatron.core.transformer.moe.bsr_integration:[2026-05-13 17:42:03] BSR-MoE FAULT INJECTION: next periodic fault scheduled at step 3640 (interval=40, total_injections=1)
WARNING:megatron.core.transformer.moe.recovery_controller:[2026-05-13 17:42:03] BSR-MoE controller: HEALTHY_TRAINING → PENDING_GROUP_REPAIR (event=hard_rank_failure, step=3600)
WARNING:megatron.core.transformer.moe.recovery_controller:[2026-05-13 17:42:03] BSR-MoE controller: ⏱️  [Phase A] Infrastructure repair COMPLETED (elapsed=0.000s)
WARNING:megatron.core.transformer.moe.recovery_controller:[2026-05-13 17:42:03] BSR-MoE controller: ⏱️  START safe-point repair at step 3600 (failed=14, replacement=14)
WARNING:megatron.core.transformer.moe.recovery_controller:[2026-05-13 17:42:03] BSR-MoE controller: ⏱️  [Phase B] Starting parameter recovery...
WARNING:megatron.core.transformer.moe.recovery_controller:[2026-05-13 17:42:03] BSR-MoE controller: ⏱️  [Phase A] Starting infrastructure repair...
WARNING:megatron.core.transformer.moe.recovery_controller:[2026-05-13 17:42:03] BSR-MoE controller: replacement assigned — failed_rank=14, replacement_rank=14 (step=3600)
INFO:megatron.core.transformer.moe.replacement_registry:BSR-MoE replacement: failed_rank=14, replacement_rank=14, BOOTSTRAPPING → READY_FOR_REPAIR (step=3600)
INFO:megatron.core.transformer.moe.replacement_registry:BSR-MoE replacement: failed_rank=14, replacement_rank=14, READY_FOR_REPAIR → INTEGRATED (step=3600)
INFO:megatron.core.transformer.moe.replacement_registry:BSR-MoE replacement: failed_rank=14, replacement_rank=14, NOT_PRESENT → BOOTSTRAPPING (step=3600)
WARNING:megatron.core.transformer.moe.replacement_registry:BSR-MoE: replacement INTEGRATED — failed_rank=14, replacement_rank=14 (step=3600)
WARNING:megatron.core.transformer.moe.replacement_registry:BSR-MoE: replacement announced — failed_rank=14 → replacement_rank=14 (step=3600, reason='')
WARNING:megatron.core.transformer.moe.recovery_controller:[2026-05-13 17:42:03] BSR-MoE controller: step1 replacement_integrate elapsed=0.000s (step=3600)
WARNING:megatron.core.transformer.moe.optimizer_commit_guard:OptimizerCommitGuard: commit BLOCKED (reason=hard_failure_rank_14_step_3600)
WARNING:megatron.core.transformer.moe.recovery_controller:[2026-05-13 17:42:03] BSR-MoE controller: step2 group_rebuild_request elapsed=0.000s (step=3600)
WARNING:megatron.core.transformer.moe.recovery_controller:[2026-05-13 17:42:03] BSR-MoE controller: PENDING_GROUP_REPAIR → WAITING_FOR_REPLACEMENT (event=replacement_assigned, step=3600)
WARNING:megatron.core.transformer.moe.bsr_integration:BSR-MoE: optimizer commit blocked for step 3600 (hard failure of rank 14)
WARNING:megatron.core.transformer.moe.recovery_controller:[2026-05-13 17:42:03] BSR-MoE controller: step3 group_rebuild_execute elapsed=0.000s (step=3600)
WARNING:megatron.core.transformer.moe.recovery_controller:[2026-05-13 17:42:03] BSR-MoE controller: replacement ready — failed_rank=14 (step=3600)
WARNING:megatron.core.transformer.moe.bsr_integration:BSR-MoE: entering waiting-for-replacement state (failed_rank=14, step=3600, experts=[96, 97, 98, 99, 100, 101, 102, 103, 104, 105, 106, 107, 108, 109, 110, 111])
WARNING:megatron.core.transformer.moe.recovery_controller:[2026-05-13 17:42:03] BSR-MoE controller: step4 group_rebuild_finish elapsed=0.000s (step=3600)
WARNING:megatron.core.transformer.moe.recovery_controller:[2026-05-13 17:42:03] BSR-MoE controller: WAITING_FOR_REPLACEMENT → SAFE_POINT_REPAIR (event=replacement_ready, step=3600)
WARNING:megatron.core.transformer.moe.recovery_controller:[2026-05-13 17:42:03] BSR-MoE controller: step5 topology_refresh elapsed=0.000s (step=3600)
WARNING:megatron.core.transformer.moe.recovery_controller:BSR-MoE controller: restart-in-place fast path for rank 14 (replacement=self, step=3600)
WARNING:megatron.core.transformer.moe.recovery_controller:[2026-05-13 17:42:03] BSR-MoE controller: ⏱️  [Phase A] Infrastructure repair COMPLETED (elapsed=0.000s)
WARNING:megatron.core.transformer.moe.bsr_integration:[2026-05-13 17:42:03] BSR-MoE FAULT INJECTION: next periodic fault scheduled at step 3640 (interval=40, total_injections=1)
WARNING:megatron.core.transformer.moe.recovery_controller:[2026-05-13 17:42:03] BSR-MoE controller: HEALTHY_TRAINING → PENDING_GROUP_REPAIR (event=hard_rank_failure, step=3600)
WARNING:megatron.core.transformer.moe.recovery_controller:[2026-05-13 17:42:03] BSR-MoE controller: ⏱️  [Phase B] Starting parameter recovery...
WARNING:megatron.core.transformer.moe.recovery_controller:[2026-05-13 17:42:03] BSR-MoE controller: ⏱️  START safe-point repair at step 3600 (failed=14, replacement=14)
WARNING:megatron.core.transformer.moe.recovery_controller:[2026-05-13 17:42:03] BSR-MoE controller: ⏱️  [Phase A] Starting infrastructure repair...
WARNING:megatron.core.transformer.moe.recovery_controller:[2026-05-13 17:42:03] BSR-MoE controller: replacement assigned — failed_rank=14, replacement_rank=14 (step=3600)
INFO:megatron.core.transformer.moe.replacement_registry:BSR-MoE replacement: failed_rank=14, replacement_rank=14, BOOTSTRAPPING → READY_FOR_REPAIR (step=3600)
INFO:megatron.core.transformer.moe.replacement_registry:BSR-MoE replacement: failed_rank=14, replacement_rank=14, READY_FOR_REPAIR → INTEGRATED (step=3600)
WARNING:megatron.core.transformer.moe.replacement_registry:BSR-MoE: replacement INTEGRATED — failed_rank=14, replacement_rank=14 (step=3600)
INFO:megatron.core.transformer.moe.replacement_registry:BSR-MoE replacement: failed_rank=14, replacement_rank=14, NOT_PRESENT → BOOTSTRAPPING (step=3600)
WARNING:megatron.core.transformer.moe.recovery_controller:[2026-05-13 17:42:03] BSR-MoE controller: step1 replacement_integrate elapsed=0.000s (step=3600)
WARNING:megatron.core.transformer.moe.replacement_registry:BSR-MoE: replacement announced — failed_rank=14 → replacement_rank=14 (step=3600, reason='')
WARNING:megatron.core.transformer.moe.recovery_controller:[2026-05-13 17:42:03] BSR-MoE controller: step2 group_rebuild_request elapsed=0.000s (step=3600)
WARNING:megatron.core.transformer.moe.recovery_controller:[2026-05-13 17:42:03] BSR-MoE controller: PENDING_GROUP_REPAIR → WAITING_FOR_REPLACEMENT (event=replacement_assigned, step=3600)
WARNING:megatron.core.transformer.moe.recovery_controller:[2026-05-13 17:42:03] BSR-MoE controller: step3 group_rebuild_execute elapsed=0.000s (step=3600)
WARNING:megatron.core.transformer.moe.recovery_controller:[2026-05-13 17:42:03] BSR-MoE controller: step4 group_rebuild_finish elapsed=0.000s (step=3600)
WARNING:megatron.core.transformer.moe.recovery_controller:[2026-05-13 17:42:03] BSR-MoE controller: replacement ready — failed_rank=14 (step=3600)
WARNING:megatron.core.transformer.moe.recovery_controller:[2026-05-13 17:42:03] BSR-MoE controller: step5 topology_refresh elapsed=0.000s (step=3600)
WARNING:megatron.core.transformer.moe.recovery_controller:[2026-05-13 17:42:03] BSR-MoE controller: WAITING_FOR_REPLACEMENT → SAFE_POINT_REPAIR (event=replacement_ready, step=3600)
WARNING:megatron.core.transformer.moe.recovery_controller:[2026-05-13 17:42:03] BSR-MoE controller: ⏱️  [Phase A] Infrastructure repair COMPLETED (elapsed=0.000s)
WARNING:megatron.core.transformer.moe.recovery_controller:BSR-MoE controller: restart-in-place fast path for rank 14 (replacement=self, step=3600)
WARNING:megatron.core.transformer.moe.recovery_controller:[2026-05-13 17:42:03] BSR-MoE controller: ⏱️  [Phase B] Starting parameter recovery...
WARNING:megatron.core.transformer.moe.bsr_integration:[2026-05-13 17:42:03] BSR-MoE FAULT INJECTION: next periodic fault scheduled at step 3640 (interval=40, total_injections=1)
WARNING:megatron.core.transformer.moe.bsr_integration:BSR-MoE: restart-in-place invalidate_tensor_fn wired (target rank only)
WARNING:megatron.core.transformer.moe.recovery_controller:[2026-05-13 17:42:03] BSR-MoE controller: ⏱️  START safe-point repair at step 3600 (failed=14, replacement=14)
WARNING:megatron.core.transformer.moe.recovery_controller:[2026-05-13 17:42:03] BSR-MoE controller: ⏱️  [Phase A] Starting infrastructure repair...
WARNING:megatron.core.transformer.moe.bsr_integration:[2026-05-13 17:42:03] BSR-MoE: initialization complete on rank 61
INFO:megatron.core.transformer.moe.replacement_registry:BSR-MoE replacement: failed_rank=14, replacement_rank=14, BOOTSTRAPPING → READY_FOR_REPAIR (step=3600)
INFO:megatron.core.transformer.moe.replacement_registry:BSR-MoE replacement: failed_rank=14, replacement_rank=14, READY_FOR_REPAIR → INTEGRATED (step=3600)
WARNING:megatron.core.transformer.moe.replacement_registry:BSR-MoE: replacement INTEGRATED — failed_rank=14, replacement_rank=14 (step=3600)
WARNING:megatron.core.transformer.moe.recovery_controller:[2026-05-13 17:42:03] BSR-MoE controller: step1 replacement_integrate elapsed=0.000s (step=3600)
WARNING:megatron.core.transformer.moe.recovery_controller:[2026-05-13 17:42:03] BSR-MoE controller: step2 group_rebuild_request elapsed=0.000s (step=3600)
WARNING:megatron.core.transformer.moe.recovery_controller:[2026-05-13 17:42:03] BSR-MoE controller: step3 group_rebuild_execute elapsed=0.000s (step=3600)
WARNING:megatron.core.transformer.moe.recovery_controller:[2026-05-13 17:42:03] BSR-MoE controller: step4 group_rebuild_finish elapsed=0.000s (step=3600)
WARNING:megatron.core.transformer.moe.recovery_controller:[2026-05-13 17:42:03] BSR-MoE controller: step5 topology_refresh elapsed=0.000s (step=3600)
WARNING:megatron.core.transformer.moe.recovery_controller:[2026-05-13 17:42:03] BSR-MoE controller: ⏱️  [Phase A] Infrastructure repair COMPLETED (elapsed=0.000s)
WARNING:megatron.core.transformer.moe.recovery_controller:[2026-05-13 17:42:03] BSR-MoE controller: ⏱️  [Phase B] Starting parameter recovery...
WARNING:megatron.core.transformer.moe.bsr_integration:[2026-05-13 17:42:03] BSR-MoE FAULT INJECTION #1: type=restart_in_place, rank=14, step=3600, experts=[96, 97, 98, 99, 100, 101, 102, 103, 104, 105, 106, 107, 108, 109, 110, 111], ep_group=[8, 9, 10, 11, 12, 13, 14, 15]
WARNING:megatron.core.transformer.moe.recovery_controller:[2026-05-13 17:42:03] BSR-MoE controller: rank 14 HARD FAILURE (step=3600, reason=scheduled_restart_in_place_injection, experts=[96, 97, 98, 99, 100, 101, 102, 103, 104, 105, 106, 107, 108, 109, 110, 111], mid_iteration=False)
INFO:megatron.core.transformer.moe.recovery_controller:ExpertRecoveryTracker: experts [96, 97, 98, 99, 100, 101, 102, 103, 104, 105, 106, 107, 108, 109, 110, 111] → RECOVERING (step=3600)
WARNING:megatron.core.transformer.moe.optimizer_commit_guard:OptimizerCommitGuard: commit BLOCKED (reason=hard_failure_rank_14_step_3600)
WARNING:megatron.core.transformer.moe.bsr_integration:BSR-MoE: optimizer commit blocked for step 3600 (hard failure of rank 14)
WARNING:megatron.core.transformer.moe.bsr_integration:BSR-MoE: entering waiting-for-replacement state (failed_rank=14, step=3600, experts=[96, 97, 98, 99, 100, 101, 102, 103, 104, 105, 106, 107, 108, 109, 110, 111])
WARNING:megatron.core.transformer.moe.recovery_controller:[2026-05-13 17:42:03] BSR-MoE controller: HEALTHY_TRAINING → PENDING_GROUP_REPAIR (event=hard_rank_failure, step=3600)
WARNING:megatron.core.transformer.moe.recovery_controller:[2026-05-13 17:42:03] BSR-MoE controller: replacement assigned — failed_rank=14, replacement_rank=14 (step=3600)
INFO:megatron.core.transformer.moe.replacement_registry:BSR-MoE replacement: failed_rank=14, replacement_rank=14, NOT_PRESENT → BOOTSTRAPPING (step=3600)
WARNING:megatron.core.transformer.moe.replacement_registry:BSR-MoE: replacement announced — failed_rank=14 → replacement_rank=14 (step=3600, reason='')
WARNING:megatron.core.transformer.moe.recovery_controller:[2026-05-13 17:42:03] BSR-MoE controller: PENDING_GROUP_REPAIR → WAITING_FOR_REPLACEMENT (event=replacement_assigned, step=3600)
WARNING:megatron.core.transformer.moe.recovery_controller:[2026-05-13 17:42:03] BSR-MoE controller: replacement ready — failed_rank=14 (step=3600)
WARNING:megatron.core.transformer.moe.recovery_controller:[2026-05-13 17:42:03] BSR-MoE controller: WAITING_FOR_REPLACEMENT → SAFE_POINT_REPAIR (event=replacement_ready, step=3600)
WARNING:megatron.core.transformer.moe.recovery_controller:BSR-MoE controller: restart-in-place fast path for rank 14 (replacement=self, step=3600)
WARNING:megatron.core.transformer.moe.bsr_integration:[2026-05-13 17:42:03] BSR-MoE FAULT INJECTION: next periodic fault scheduled at step 3640 (interval=40, total_injections=1)
WARNING:megatron.core.transformer.moe.recovery_controller:[2026-05-13 17:42:03] BSR-MoE controller: ⏱️  START safe-point repair at step 3600 (failed=14, replacement=14)
WARNING:megatron.core.transformer.moe.recovery_controller:[2026-05-13 17:42:03] BSR-MoE controller: ⏱️  [Phase A] Starting infrastructure repair...
INFO:megatron.core.transformer.moe.replacement_registry:BSR-MoE replacement: failed_rank=14, replacement_rank=14, BOOTSTRAPPING → READY_FOR_REPAIR (step=3600)
INFO:megatron.core.transformer.moe.replacement_registry:BSR-MoE replacement: failed_rank=14, replacement_rank=14, READY_FOR_REPAIR → INTEGRATED (step=3600)
WARNING:megatron.core.transformer.moe.replacement_registry:BSR-MoE: replacement INTEGRATED — failed_rank=14, replacement_rank=14 (step=3600)
WARNING:megatron.core.transformer.moe.recovery_controller:[2026-05-13 17:42:03] BSR-MoE controller: step1 replacement_integrate elapsed=0.000s (step=3600)
WARNING:megatron.core.transformer.moe.recovery_controller:[2026-05-13 17:42:03] BSR-MoE controller: step2 group_rebuild_request elapsed=0.000s (step=3600)
WARNING:megatron.core.transformer.moe.recovery_controller:[2026-05-13 17:42:03] BSR-MoE controller: step3 group_rebuild_execute elapsed=0.000s (step=3600)
WARNING:megatron.core.transformer.moe.recovery_controller:[2026-05-13 17:42:03] BSR-MoE controller: step4 group_rebuild_finish elapsed=0.000s (step=3600)
WARNING:megatron.core.transformer.moe.recovery_controller:[2026-05-13 17:42:03] BSR-MoE controller: step5 topology_refresh elapsed=0.000s (step=3600)
WARNING:megatron.core.transformer.moe.recovery_controller:[2026-05-13 17:42:03] BSR-MoE controller: ⏱️  [Phase A] Infrastructure repair COMPLETED (elapsed=0.000s)
WARNING:megatron.core.transformer.moe.recovery_controller:[2026-05-13 17:42:03] BSR-MoE controller: ⏱️  [Phase B] Starting parameter recovery...
WARNING:megatron.core.transformer.moe.bsr_integration:BSR-MoE: restart-in-place invalidate_tensor_fn wired (target rank only)
WARNING:megatron.core.transformer.moe.bsr_integration:[2026-05-13 17:42:03] BSR-MoE: initialization complete on rank 58
WARNING:megatron.core.transformer.moe.bsr_integration:[2026-05-13 17:42:03] BSR-MoE FAULT INJECTION #1: type=restart_in_place, rank=14, step=3600, experts=[96, 97, 98, 99, 100, 101, 102, 103, 104, 105, 106, 107, 108, 109, 110, 111], ep_group=[8, 9, 10, 11, 12, 13, 14, 15]
WARNING:megatron.core.transformer.moe.recovery_controller:[2026-05-13 17:42:03] BSR-MoE controller: rank 14 HARD FAILURE (step=3600, reason=scheduled_restart_in_place_injection, experts=[96, 97, 98, 99, 100, 101, 102, 103, 104, 105, 106, 107, 108, 109, 110, 111], mid_iteration=False)
INFO:megatron.core.transformer.moe.recovery_controller:ExpertRecoveryTracker: experts [96, 97, 98, 99, 100, 101, 102, 103, 104, 105, 106, 107, 108, 109, 110, 111] → RECOVERING (step=3600)
WARNING:megatron.core.transformer.moe.optimizer_commit_guard:OptimizerCommitGuard: commit BLOCKED (reason=hard_failure_rank_14_step_3600)
WARNING:megatron.core.transformer.moe.bsr_integration:BSR-MoE: optimizer commit blocked for step 3600 (hard failure of rank 14)
WARNING:megatron.core.transformer.moe.bsr_integration:BSR-MoE: entering waiting-for-replacement state (failed_rank=14, step=3600, experts=[96, 97, 98, 99, 100, 101, 102, 103, 104, 105, 106, 107, 108, 109, 110, 111])
WARNING:megatron.core.transformer.moe.recovery_controller:[2026-05-13 17:42:03] BSR-MoE controller: HEALTHY_TRAINING → PENDING_GROUP_REPAIR (event=hard_rank_failure, step=3600)
WARNING:megatron.core.transformer.moe.recovery_controller:[2026-05-13 17:42:03] BSR-MoE controller: replacement assigned — failed_rank=14, replacement_rank=14 (step=3600)
INFO:megatron.core.transformer.moe.replacement_registry:BSR-MoE replacement: failed_rank=14, replacement_rank=14, NOT_PRESENT → BOOTSTRAPPING (step=3600)
WARNING:megatron.core.transformer.moe.replacement_registry:BSR-MoE: replacement announced — failed_rank=14 → replacement_rank=14 (step=3600, reason='')
WARNING:megatron.core.transformer.moe.recovery_controller:[2026-05-13 17:42:03] BSR-MoE controller: PENDING_GROUP_REPAIR → WAITING_FOR_REPLACEMENT (event=replacement_assigned, step=3600)
WARNING:megatron.core.transformer.moe.recovery_controller:[2026-05-13 17:42:03] BSR-MoE controller: replacement ready — failed_rank=14 (step=3600)
WARNING:megatron.core.transformer.moe.recovery_controller:[2026-05-13 17:42:03] BSR-MoE controller: WAITING_FOR_REPLACEMENT → SAFE_POINT_REPAIR (event=replacement_ready, step=3600)
WARNING:megatron.core.transformer.moe.recovery_controller:BSR-MoE controller: restart-in-place fast path for rank 14 (replacement=self, step=3600)
WARNING:megatron.core.transformer.moe.bsr_integration:[2026-05-13 17:42:03] BSR-MoE FAULT INJECTION: next periodic fault scheduled at step 3640 (interval=40, total_injections=1)
WARNING:megatron.core.transformer.moe.recovery_controller:[2026-05-13 17:42:03] BSR-MoE controller: ⏱️  START safe-point repair at step 3600 (failed=14, replacement=14)
WARNING:megatron.core.transformer.moe.recovery_controller:[2026-05-13 17:42:03] BSR-MoE controller: ⏱️  [Phase A] Starting infrastructure repair...
INFO:megatron.core.transformer.moe.replacement_registry:BSR-MoE replacement: failed_rank=14, replacement_rank=14, BOOTSTRAPPING → READY_FOR_REPAIR (step=3600)
INFO:megatron.core.transformer.moe.replacement_registry:BSR-MoE replacement: failed_rank=14, replacement_rank=14, READY_FOR_REPAIR → INTEGRATED (step=3600)
WARNING:megatron.core.transformer.moe.replacement_registry:BSR-MoE: replacement INTEGRATED — failed_rank=14, replacement_rank=14 (step=3600)
WARNING:megatron.core.transformer.moe.recovery_controller:[2026-05-13 17:42:03] BSR-MoE controller: step1 replacement_integrate elapsed=0.000s (step=3600)
WARNING:megatron.core.transformer.moe.recovery_controller:[2026-05-13 17:42:03] BSR-MoE controller: step2 group_rebuild_request elapsed=0.000s (step=3600)
WARNING:megatron.core.transformer.moe.recovery_controller:[2026-05-13 17:42:03] BSR-MoE controller: step3 group_rebuild_execute elapsed=0.000s (step=3600)
WARNING:megatron.core.transformer.moe.recovery_controller:[2026-05-13 17:42:03] BSR-MoE controller: step4 group_rebuild_finish elapsed=0.000s (step=3600)
WARNING:megatron.core.transformer.moe.recovery_controller:[2026-05-13 17:42:03] BSR-MoE controller: step5 topology_refresh elapsed=0.000s (step=3600)
WARNING:megatron.core.transformer.moe.recovery_controller:[2026-05-13 17:42:03] BSR-MoE controller: ⏱️  [Phase A] Infrastructure repair COMPLETED (elapsed=0.000s)
WARNING:megatron.core.transformer.moe.recovery_controller:[2026-05-13 17:42:03] BSR-MoE controller: ⏱️  [Phase B] Starting parameter recovery...
INFO:megatron.core.transformer.moe.bsr_integration:BSR-MoE: found latest checkpoint with BSR manifest at /mnt/ais-c1/dataset/zds/5.12/bsr/iter_0003600 (step=3600)
INFO:megatron.core.transformer.moe.bsr_integration:BSR-MoE: found latest checkpoint with BSR manifest at /mnt/ais-c1/dataset/zds/5.12/bsr/iter_0003600 (step=3600)
INFO:megatron.core.transformer.moe.bsr_integration:BSR-MoE: found latest checkpoint with BSR manifest at /mnt/ais-c1/dataset/zds/5.12/bsr/iter_0003600 (step=3600)
INFO:megatron.core.transformer.moe.bsr_integration:BSR-MoE: found latest checkpoint with BSR manifest at /mnt/ais-c1/dataset/zds/5.12/bsr/iter_0003600 (step=3600)
INFO:megatron.core.transformer.moe.bsr_integration:BSR-MoE: found latest checkpoint with BSR manifest at /mnt/ais-c1/dataset/zds/5.12/bsr/iter_0003600 (step=3600)
INFO:megatron.core.transformer.moe.bsr_integration:BSR-MoE: found latest checkpoint with BSR manifest at /mnt/ais-c1/dataset/zds/5.12/bsr/iter_0003600 (step=3600)
INFO:megatron.core.transformer.moe.bsr_integration:BSR-MoE: found latest checkpoint with BSR manifest at /mnt/ais-c1/dataset/zds/5.12/bsr/iter_0003600 (step=3600)
INFO:megatron.core.transformer.moe.bsr_integration:BSR-MoE: found latest checkpoint with BSR manifest at /mnt/ais-c1/dataset/zds/5.12/bsr/iter_0003600 (step=3600)
WARNING:megatron.core.transformer.moe.recovery_controller:[2026-05-13 17:42:03] BSR-MoE controller: HYBRID_RECOVERY path — dense from DP peer, experts from checkpoint (step=3600, failed=14, replacement=14)
WARNING:megatron.core.transformer.moe.recovery_controller:[2026-05-13 17:42:03] BSR-MoE controller: dense_sync elapsed=0.000s (step=3600)
WARNING:megatron.core.transformer.moe.recovery_controller:[2026-05-13 17:42:03] BSR-MoE controller: expert_restore (sync weights, deferred optimizer) elapsed=0.000s (step=3600)
WARNING:megatron.core.transformer.moe.recovery_controller:[2026-05-13 17:42:03] BSR-MoE controller: ⏱️  [Phase B] Parameter recovery COMPLETED (path=HYBRID_RECOVERY, elapsed=0.162s)
WARNING:megatron.core.transformer.moe.recovery_controller:[2026-05-13 17:42:03] BSR-MoE controller: HYBRID_RECOVERY path — dense from DP peer, experts from checkpoint (step=3600, failed=14, replacement=14)
WARNING:megatron.core.transformer.moe.recovery_controller:[2026-05-13 17:42:03] BSR-MoE controller: dense_sync elapsed=0.000s (step=3600)
WARNING:megatron.core.transformer.moe.recovery_controller:[2026-05-13 17:42:03] BSR-MoE controller: expert_restore (sync weights, deferred optimizer) elapsed=0.000s (step=3600)
INFO:megatron.core.transformer.moe.bsr_integration:BSR-MoE post-recovery convergence: views consistent after HYBRID_RECOVERY path (step=3600)
WARNING:megatron.core.transformer.moe.recovery_controller:[2026-05-13 17:42:03] BSR-MoE controller: HYBRID_RECOVERY path — dense from DP peer, experts from checkpoint (step=3600, failed=14, replacement=14)
WARNING:megatron.core.transformer.moe.recovery_controller:[2026-05-13 17:42:06] BSR-MoE controller: dense_sync elapsed=0.000s (step=3600)
WARNING:megatron.core.transformer.moe.recovery_controller:[2026-05-13 17:42:06] BSR-MoE controller: expert_restore (sync weights, deferred optimizer) elapsed=0.000s (step=3600)
WARNING:megatron.core.transformer.moe.recovery_controller:[2026-05-13 17:42:06] BSR-MoE controller: ⏱️  [Phase B] Parameter recovery COMPLETED (path=HYBRID_RECOVERY, elapsed=3.308s)
INFO:megatron.core.transformer.moe.bsr_integration:BSR-MoE post-recovery convergence: views consistent after HYBRID_RECOVERY path (step=3600)
WARNING:megatron.core.transformer.moe.recovery_controller:[2026-05-13 17:42:06] BSR-MoE controller: ⏱️  [Phase B→C] Post-recovery convergence completed (path=HYBRID_RECOVERY, elapsed=0.001s, step=3600)
WARNING:megatron.core.transformer.moe.recovery_controller:[2026-05-13 17:42:06] BSR-MoE controller: ⏱️  [Phase C] Starting post-repair...
INFO:megatron.core.transformer.moe.reintegration_barrier:BSR-MoE barrier: begin reintegration for rank 14 -> 14 (experts=[96, 97, 98, 99, 100, 101, 102, 103, 104, 105, 106, 107, 108, 109, 110, 111], step=3600)
INFO:megatron.core.transformer.moe.reintegration_barrier:BSR-MoE barrier: rank 14 -> REPAIRED_NOT_ROUTED (all preconditions met, step=3600)
WARNING:megatron.core.transformer.moe.recovery_controller:[2026-05-13 17:42:06] BSR-MoE controller: reintegration barrier initialized for rank 14 (all preconditions marked, step=3600)
WARNING:megatron.core.transformer.moe.recovery_controller:[2026-05-13 17:42:06] BSR-MoE controller: SAFE_POINT_REPAIR → REINTEGRATED (event=safe_point_repair_completed, step=3600)
WARNING:megatron.core.transformer.moe.recovery_controller:[2026-05-13 17:42:06] BSR-MoE controller: ⏱️  ✅ SAFE-POINT REPAIR COMPLETED (path=HYBRID_RECOVERY, step=3600, failed=14, replacement=14) | Total=3.309s | Breakdown: PhaseA=0.000s, PhaseB=3.308s, PhaseC=0.000s
WARNING:megatron.core.transformer.moe.recovery_controller:[2026-05-13 17:42:03] BSR-MoE controller: HYBRID_RECOVERY path — dense from DP peer, experts from checkpoint (step=3600, failed=14, replacement=14)
WARNING:megatron.core.transformer.moe.recovery_controller:[2026-05-13 17:42:13] BSR-MoE controller: dense_sync elapsed=0.000s (step=3600)
WARNING:megatron.core.transformer.moe.recovery_controller:[2026-05-13 17:42:13] BSR-MoE controller: expert_restore (sync weights, deferred optimizer) elapsed=0.000s (step=3600)
WARNING:megatron.core.transformer.moe.recovery_controller:[2026-05-13 17:42:13] BSR-MoE controller: ⏱️  [Phase B] Parameter recovery COMPLETED (path=HYBRID_RECOVERY, elapsed=10.495s)
INFO:megatron.core.transformer.moe.bsr_integration:BSR-MoE post-recovery convergence: views consistent after HYBRID_RECOVERY path (step=3600)
WARNING:megatron.core.transformer.moe.recovery_controller:[2026-05-13 17:42:13] BSR-MoE controller: ⏱️  [Phase B→C] Post-recovery convergence completed (path=HYBRID_RECOVERY, elapsed=0.002s, step=3600)
WARNING:megatron.core.transformer.moe.recovery_controller:[2026-05-13 17:42:13] BSR-MoE controller: ⏱️  [Phase C] Starting post-repair...
INFO:megatron.core.transformer.moe.reintegration_barrier:BSR-MoE barrier: begin reintegration for rank 14 -> 14 (experts=[96, 97, 98, 99, 100, 101, 102, 103, 104, 105, 106, 107, 108, 109, 110, 111], step=3600)
INFO:megatron.core.transformer.moe.reintegration_barrier:BSR-MoE barrier: rank 14 -> REPAIRED_NOT_ROUTED (all preconditions met, step=3600)
WARNING:megatron.core.transformer.moe.recovery_controller:[2026-05-13 17:42:13] BSR-MoE controller: reintegration barrier initialized for rank 14 (all preconditions marked, step=3600)
WARNING:megatron.core.transformer.moe.recovery_controller:[2026-05-13 17:42:13] BSR-MoE controller: SAFE_POINT_REPAIR → REINTEGRATED (event=safe_point_repair_completed, step=3600)
WARNING:megatron.core.transformer.moe.recovery_controller:[2026-05-13 17:42:13] BSR-MoE controller: ⏱️  ✅ SAFE-POINT REPAIR COMPLETED (path=HYBRID_RECOVERY, step=3600, failed=14, replacement=14) | Total=10.497s | Breakdown: PhaseA=0.000s, PhaseB=10.495s, PhaseC=0.000s
WARNING:megatron.core.transformer.moe.recovery_controller:[2026-05-13 17:42:03] BSR-MoE controller: ⏱️  [Phase B] Parameter recovery COMPLETED (path=HYBRID_RECOVERY, elapsed=0.162s)
INFO:megatron.core.transformer.moe.bsr_integration:BSR-MoE post-recovery convergence: views consistent after HYBRID_RECOVERY path (step=3600)
WARNING:megatron.core.transformer.moe.recovery_controller:[2026-05-13 17:42:16] BSR-MoE controller: ⏱️  [Phase B→C] Post-recovery convergence completed (path=HYBRID_RECOVERY, elapsed=0.001s, step=3600)
WARNING:megatron.core.transformer.moe.recovery_controller:[2026-05-13 17:42:16] BSR-MoE controller: ⏱️  [Phase C] Starting post-repair...
INFO:megatron.core.transformer.moe.reintegration_barrier:BSR-MoE barrier: begin reintegration for rank 14 -> 14 (experts=[96, 97, 98, 99, 100, 101, 102, 103, 104, 105, 106, 107, 108, 109, 110, 111], step=3600)
INFO:megatron.core.transformer.moe.reintegration_barrier:BSR-MoE barrier: rank 14 -> REPAIRED_NOT_ROUTED (all preconditions met, step=3600)
WARNING:megatron.core.transformer.moe.recovery_controller:[2026-05-13 17:42:16] BSR-MoE controller: reintegration barrier initialized for rank 14 (all preconditions marked, step=3600)
WARNING:megatron.core.transformer.moe.recovery_controller:[2026-05-13 17:42:16] BSR-MoE controller: SAFE_POINT_REPAIR → REINTEGRATED (event=safe_point_repair_completed, step=3600)
WARNING:megatron.core.transformer.moe.recovery_controller:[2026-05-13 17:42:16] BSR-MoE controller: ⏱️  ✅ SAFE-POINT REPAIR COMPLETED (path=HYBRID_RECOVERY, step=3600, failed=14, replacement=14) | Total=13.654s | Breakdown: PhaseA=0.000s, PhaseB=0.162s, PhaseC=0.000s
WARNING:megatron.core.transformer.moe.recovery_controller:[2026-05-13 17:42:03] BSR-MoE controller: HYBRID_RECOVERY path — dense from DP peer, experts from checkpoint (step=3600, failed=14, replacement=14)
WARNING:megatron.core.transformer.moe.recovery_controller:[2026-05-13 17:42:30] BSR-MoE controller: dense_sync elapsed=0.000s (step=3600)
WARNING:megatron.core.transformer.moe.recovery_controller:[2026-05-13 17:42:30] BSR-MoE controller: expert_restore (sync weights, deferred optimizer) elapsed=0.000s (step=3600)
WARNING:megatron.core.transformer.moe.recovery_controller:[2026-05-13 17:42:30] BSR-MoE controller: ⏱️  [Phase B] Parameter recovery COMPLETED (path=HYBRID_RECOVERY, elapsed=27.405s)
INFO:megatron.core.transformer.moe.bsr_integration:BSR-MoE post-recovery convergence: views consistent after HYBRID_RECOVERY path (step=3600)
WARNING:megatron.core.transformer.moe.recovery_controller:[2026-05-13 17:42:30] BSR-MoE controller: ⏱️  [Phase B→C] Post-recovery convergence completed (path=HYBRID_RECOVERY, elapsed=0.001s, step=3600)
WARNING:megatron.core.transformer.moe.recovery_controller:[2026-05-13 17:42:30] BSR-MoE controller: ⏱️  [Phase C] Starting post-repair...
INFO:megatron.core.transformer.moe.reintegration_barrier:BSR-MoE barrier: begin reintegration for rank 14 -> 14 (experts=[96, 97, 98, 99, 100, 101, 102, 103, 104, 105, 106, 107, 108, 109, 110, 111], step=3600)
INFO:megatron.core.transformer.moe.reintegration_barrier:BSR-MoE barrier: rank 14 -> REPAIRED_NOT_ROUTED (all preconditions met, step=3600)
WARNING:megatron.core.transformer.moe.recovery_controller:[2026-05-13 17:42:30] BSR-MoE controller: reintegration barrier initialized for rank 14 (all preconditions marked, step=3600)
WARNING:megatron.core.transformer.moe.recovery_controller:[2026-05-13 17:42:30] BSR-MoE controller: SAFE_POINT_REPAIR → REINTEGRATED (event=safe_point_repair_completed, step=3600)
WARNING:megatron.core.transformer.moe.recovery_controller:[2026-05-13 17:42:30] BSR-MoE controller: ⏱️  ✅ SAFE-POINT REPAIR COMPLETED (path=HYBRID_RECOVERY, step=3600, failed=14, replacement=14) | Total=27.407s | Breakdown: PhaseA=0.000s, PhaseB=27.405s, PhaseC=0.000s
WARNING:megatron.core.transformer.moe.recovery_controller:[2026-05-13 17:42:03] BSR-MoE controller: ⏱️  [Phase B→C] Post-recovery convergence completed (path=HYBRID_RECOVERY, elapsed=0.002s, step=3600)
WARNING:megatron.core.transformer.moe.recovery_controller:[2026-05-13 17:42:33] BSR-MoE controller: ⏱️  [Phase C] Starting post-repair...
INFO:megatron.core.transformer.moe.reintegration_barrier:BSR-MoE barrier: begin reintegration for rank 14 -> 14 (experts=[96, 97, 98, 99, 100, 101, 102, 103, 104, 105, 106, 107, 108, 109, 110, 111], step=3600)
INFO:megatron.core.transformer.moe.reintegration_barrier:BSR-MoE barrier: rank 14 -> REPAIRED_NOT_ROUTED (all preconditions met, step=3600)
WARNING:megatron.core.transformer.moe.recovery_controller:[2026-05-13 17:42:33] BSR-MoE controller: reintegration barrier initialized for rank 14 (all preconditions marked, step=3600)
WARNING:megatron.core.transformer.moe.recovery_controller:[2026-05-13 17:42:33] BSR-MoE controller: SAFE_POINT_REPAIR → REINTEGRATED (event=safe_point_repair_completed, step=3600)
WARNING:megatron.core.transformer.moe.recovery_controller:[2026-05-13 17:42:33] BSR-MoE controller: ⏱️  ✅ SAFE-POINT REPAIR COMPLETED (path=HYBRID_RECOVERY, step=3600, failed=14, replacement=14) | Total=30.340s | Breakdown: PhaseA=0.000s, PhaseB=0.162s, PhaseC=0.001s
WARNING:megatron.core.transformer.moe.recovery_controller:[2026-05-13 17:42:03] BSR-MoE controller: HYBRID_RECOVERY path — dense from DP peer, experts from checkpoint (step=3600, failed=14, replacement=14)
WARNING:megatron.core.transformer.moe.recovery_controller:[2026-05-13 17:42:35] BSR-MoE controller: dense_sync elapsed=0.000s (step=3600)
WARNING:megatron.core.transformer.moe.recovery_controller:[2026-05-13 17:42:35] BSR-MoE controller: expert_restore (sync weights, deferred optimizer) elapsed=0.000s (step=3600)
WARNING:megatron.core.transformer.moe.recovery_controller:[2026-05-13 17:42:35] BSR-MoE controller: ⏱️  [Phase B] Parameter recovery COMPLETED (path=HYBRID_RECOVERY, elapsed=32.684s)
INFO:megatron.core.transformer.moe.bsr_integration:BSR-MoE post-recovery convergence: views consistent after HYBRID_RECOVERY path (step=3600)
WARNING:megatron.core.transformer.moe.recovery_controller:[2026-05-13 17:42:35] BSR-MoE controller: ⏱️  [Phase B→C] Post-recovery convergence completed (path=HYBRID_RECOVERY, elapsed=0.001s, step=3600)
WARNING:megatron.core.transformer.moe.recovery_controller:[2026-05-13 17:42:35] BSR-MoE controller: ⏱️  [Phase C] Starting post-repair...
INFO:megatron.core.transformer.moe.reintegration_barrier:BSR-MoE barrier: begin reintegration for rank 14 -> 14 (experts=[96, 97, 98, 99, 100, 101, 102, 103, 104, 105, 106, 107, 108, 109, 110, 111], step=3600)
INFO:megatron.core.transformer.moe.reintegration_barrier:BSR-MoE barrier: rank 14 -> REPAIRED_NOT_ROUTED (all preconditions met, step=3600)
WARNING:megatron.core.transformer.moe.recovery_controller:[2026-05-13 17:42:35] BSR-MoE controller: reintegration barrier initialized for rank 14 (all preconditions marked, step=3600)
WARNING:megatron.core.transformer.moe.recovery_controller:[2026-05-13 17:42:35] BSR-MoE controller: SAFE_POINT_REPAIR → REINTEGRATED (event=safe_point_repair_completed, step=3600)
WARNING:megatron.core.transformer.moe.recovery_controller:[2026-05-13 17:42:35] BSR-MoE controller: ⏱️  ✅ SAFE-POINT REPAIR COMPLETED (path=HYBRID_RECOVERY, step=3600, failed=14, replacement=14) | Total=32.686s | Breakdown: PhaseA=0.000s, PhaseB=32.684s, PhaseC=0.000s
WARNING:megatron.core.transformer.moe.recovery_controller:[2026-05-13 17:42:03] BSR-MoE controller: HYBRID_RECOVERY path — dense from DP peer, experts from checkpoint (step=3600, failed=14, replacement=14)
WARNING:megatron.core.transformer.moe.recovery_controller:[2026-05-13 17:42:38] BSR-MoE controller: dense_sync elapsed=0.000s (step=3600)
WARNING:megatron.core.transformer.moe.recovery_controller:[2026-05-13 17:42:38] BSR-MoE controller: expert_restore (sync weights, deferred optimizer) elapsed=0.000s (step=3600)
WARNING:megatron.core.transformer.moe.recovery_controller:[2026-05-13 17:42:38] BSR-MoE controller: ⏱️  [Phase B] Parameter recovery COMPLETED (path=HYBRID_RECOVERY, elapsed=35.449s)
INFO:megatron.core.transformer.moe.bsr_integration:BSR-MoE post-recovery convergence: views consistent after HYBRID_RECOVERY path (step=3600)
WARNING:megatron.core.transformer.moe.recovery_controller:[2026-05-13 17:42:38] BSR-MoE controller: ⏱️  [Phase B→C] Post-recovery convergence completed (path=HYBRID_RECOVERY, elapsed=0.001s, step=3600)
WARNING:megatron.core.transformer.moe.recovery_controller:[2026-05-13 17:42:38] BSR-MoE controller: ⏱️  [Phase C] Starting post-repair...
INFO:megatron.core.transformer.moe.reintegration_barrier:BSR-MoE barrier: begin reintegration for rank 14 -> 14 (experts=[96, 97, 98, 99, 100, 101, 102, 103, 104, 105, 106, 107, 108, 109, 110, 111], step=3600)
INFO:megatron.core.transformer.moe.reintegration_barrier:BSR-MoE barrier: rank 14 -> REPAIRED_NOT_ROUTED (all preconditions met, step=3600)
WARNING:megatron.core.transformer.moe.recovery_controller:[2026-05-13 17:42:38] BSR-MoE controller: reintegration barrier initialized for rank 14 (all preconditions marked, step=3600)
WARNING:megatron.core.transformer.moe.recovery_controller:[2026-05-13 17:42:38] BSR-MoE controller: SAFE_POINT_REPAIR → REINTEGRATED (event=safe_point_repair_completed, step=3600)
WARNING:megatron.core.transformer.moe.recovery_controller:[2026-05-13 17:42:38] BSR-MoE controller: ⏱️  ✅ SAFE-POINT REPAIR COMPLETED (path=HYBRID_RECOVERY, step=3600, failed=14, replacement=14) | Total=35.451s | Breakdown: PhaseA=0.000s, PhaseB=35.449s, PhaseC=0.000s
WARNING:megatron.core.transformer.moe.recovery_controller:[2026-05-13 17:42:03] BSR-MoE controller: HYBRID_RECOVERY path — dense from DP peer, experts from checkpoint (step=3600, failed=14, replacement=14)
WARNING:megatron.core.transformer.moe.recovery_controller:[2026-05-13 17:42:40] BSR-MoE controller: dense_sync elapsed=0.000s (step=3600)
WARNING:megatron.core.transformer.moe.recovery_controller:[2026-05-13 17:42:40] BSR-MoE controller: expert_restore (sync weights, deferred optimizer) elapsed=0.000s (step=3600)
WARNING:megatron.core.transformer.moe.recovery_controller:[2026-05-13 17:42:40] BSR-MoE controller: ⏱️  [Phase B] Parameter recovery COMPLETED (path=HYBRID_RECOVERY, elapsed=37.273s)
INFO:megatron.core.transformer.moe.bsr_integration:BSR-MoE post-recovery convergence: views consistent after HYBRID_RECOVERY path (step=3600)
WARNING:megatron.core.transformer.moe.recovery_controller:[2026-05-13 17:42:40] BSR-MoE controller: ⏱️  [Phase B→C] Post-recovery convergence completed (path=HYBRID_RECOVERY, elapsed=0.001s, step=3600)
WARNING:megatron.core.transformer.moe.recovery_controller:[2026-05-13 17:42:40] BSR-MoE controller: ⏱️  [Phase C] Starting post-repair...
INFO:megatron.core.transformer.moe.reintegration_barrier:BSR-MoE barrier: begin reintegration for rank 14 -> 14 (experts=[96, 97, 98, 99, 100, 101, 102, 103, 104, 105, 106, 107, 108, 109, 110, 111], step=3600)
INFO:megatron.core.transformer.moe.reintegration_barrier:BSR-MoE barrier: rank 14 -> REPAIRED_NOT_ROUTED (all preconditions met, step=3600)
WARNING:megatron.core.transformer.moe.recovery_controller:[2026-05-13 17:42:40] BSR-MoE controller: reintegration barrier initialized for rank 14 (all preconditions marked, step=3600)
WARNING:megatron.core.transformer.moe.recovery_controller:[2026-05-13 17:42:40] BSR-MoE controller: SAFE_POINT_REPAIR → REINTEGRATED (event=safe_point_repair_completed, step=3600)
WARNING:megatron.core.transformer.moe.recovery_controller:[2026-05-13 17:42:40] BSR-MoE controller: ⏱️  ✅ SAFE-POINT REPAIR COMPLETED (path=HYBRID_RECOVERY, step=3600, failed=14, replacement=14) | Total=37.275s | Breakdown: PhaseA=0.000s, PhaseB=37.273s, PhaseC=0.000s
NCCL version 2.21.5+cuda12.4
NCCL version 2.21.5+cuda12.4
NCCL version 2.21.5+cuda12.4
NCCL version 2.21.5+cuda12.4
NCCL version 2.21.5+cuda12.4
NCCL version 2.21.5+cuda12.4
NCCL version 2.21.5+cuda12.4
NCCL version 2.21.5+cuda12.4
WARNING:megatron.core.transformer.moe.optimizer_commit_guard:BSR-MoE OptimizerCommitGuard: BLOCKING optimizer.step() at step 3600 — explicitly blocked (reason=hard_failure_rank_14_step_3600)
INFO:megatron.core.transformer.moe.optimizer_commit_guard:BSR-MoE OptimizerCommitGuard: optimizer.step() SKIPPED at step 3600 (reason: iteration_invalidated)
WARNING:megatron.core.transformer.moe.optimizer_commit_guard:BSR-MoE OptimizerCommitGuard: BLOCKING optimizer.step() at step 3600 — explicitly blocked (reason=hard_failure_rank_14_step_3600)
WARNING:megatron.core.transformer.moe.optimizer_commit_guard:BSR-MoE OptimizerCommitGuard: BLOCKING optimizer.step() at step 3600 — explicitly blocked (reason=hard_failure_rank_14_step_3600)
INFO:megatron.core.transformer.moe.optimizer_commit_guard:BSR-MoE OptimizerCommitGuard: optimizer.step() SKIPPED at step 3600 (reason: iteration_invalidated)
WARNING:megatron.core.transformer.moe.optimizer_commit_guard:BSR-MoE OptimizerCommitGuard: BLOCKING optimizer.step() at step 3600 — explicitly blocked (reason=hard_failure_rank_14_step_3600)
INFO:megatron.core.transformer.moe.optimizer_commit_guard:BSR-MoE OptimizerCommitGuard: optimizer.step() SKIPPED at step 3600 (reason: iteration_invalidated)
INFO:megatron.core.transformer.moe.optimizer_commit_guard:BSR-MoE OptimizerCommitGuard: optimizer.step() SKIPPED at step 3600 (reason: iteration_invalidated)
WARNING:megatron.core.transformer.moe.optimizer_commit_guard:BSR-MoE OptimizerCommitGuard: BLOCKING optimizer.step() at step 3600 — explicitly blocked (reason=hard_failure_rank_14_step_3600)
INFO:megatron.core.transformer.moe.optimizer_commit_guard:BSR-MoE OptimizerCommitGuard: optimizer.step() SKIPPED at step 3600 (reason: iteration_invalidated)
WARNING:megatron.core.transformer.moe.optimizer_commit_guard:BSR-MoE OptimizerCommitGuard: BLOCKING optimizer.step() at step 3600 — explicitly blocked (reason=hard_failure_rank_14_step_3600)
INFO:megatron.core.transformer.moe.optimizer_commit_guard:BSR-MoE OptimizerCommitGuard: optimizer.step() SKIPPED at step 3600 (reason: iteration_invalidated)
WARNING:megatron.core.transformer.moe.optimizer_commit_guard:BSR-MoE OptimizerCommitGuard: BLOCKING optimizer.step() at step 3600 — explicitly blocked (reason=hard_failure_rank_14_step_3600)
INFO:megatron.core.transformer.moe.optimizer_commit_guard:BSR-MoE OptimizerCommitGuard: optimizer.step() SKIPPED at step 3600 (reason: iteration_invalidated)
WARNING:megatron.core.transformer.moe.optimizer_commit_guard:BSR-MoE OptimizerCommitGuard: BLOCKING optimizer.step() at step 3600 — explicitly blocked (reason=hard_failure_rank_14_step_3600)
INFO:megatron.core.transformer.moe.optimizer_commit_guard:BSR-MoE OptimizerCommitGuard: optimizer.step() SKIPPED at step 3600 (reason: iteration_invalidated)
 [2026-05-13 17:45:27] iteration     3601/   20000 | consumed samples:       230464 | elapsed time per iteration (ms): 204128.3 | learning rate: 9.330262E-05 | global batch size:    64 | load_balancing_loss: 1.030939E+00 | loss scale: 1.0 | number of skipped iterations:   1 | number of nan iterations:   0 |
[Rank 56] (after 3601 iterations) memory (MB) | allocated: 16203.49169921875 | max allocated: 76457.72119140625 | reserved: 82702.0 | max reserved: 82702.0
WARNING:megatron.core.transformer.moe.reintegration_barrier:BSR-MoE barrier: rank 14 reintegrated at step 3601 (replacement=14, experts=[96, 97, 98, 99, 100, 101, 102, 103, 104, 105, 106, 107, 108, 109, 110, 111])
INFO:megatron.core.transformer.moe.recovery_controller:BSR-MoE controller: barrier reintegration executed for rank 14 at step 3601
WARNING:megatron.core.transformer.moe.reintegration_barrier:BSR-MoE barrier: rank 14 reintegrated at step 3601 (replacement=14, experts=[96, 97, 98, 99, 100, 101, 102, 103, 104, 105, 106, 107, 108, 109, 110, 111])
WARNING:megatron.core.transformer.moe.reintegration_barrier:BSR-MoE barrier: rank 14 reintegrated at step 3601 (replacement=14, experts=[96, 97, 98, 99, 100, 101, 102, 103, 104, 105, 106, 107, 108, 109, 110, 111])
INFO:megatron.core.transformer.moe.recovery_controller:BSR-MoE controller: barrier reintegration executed for rank 14 at step 3601
WARNING:megatron.core.transformer.moe.reintegration_barrier:BSR-MoE barrier: rank 14 reintegrated at step 3601 (replacement=14, experts=[96, 97, 98, 99, 100, 101, 102, 103, 104, 105, 106, 107, 108, 109, 110, 111])
INFO:megatron.core.transformer.moe.recovery_controller:BSR-MoE controller: barrier reintegration executed for rank 14 at step 3601
INFO:megatron.core.transformer.moe.recovery_controller:BSR-MoE controller: barrier reintegration executed for rank 14 at step 3601
WARNING:megatron.core.transformer.moe.recovery_controller:[2026-05-13 17:45:27] BSR-MoE controller: REINTEGRATED → HEALTHY_TRAINING (event=reintegration_finalized, step=3601)
WARNING:megatron.core.transformer.moe.recovery_controller:[2026-05-13 17:45:27] BSR-MoE controller: reintegration finalized at step 3601 (1 recoveries completed)
WARNING:megatron.core.transformer.moe.recovery_controller:[2026-05-13 17:45:27] BSR-MoE controller: REINTEGRATED → HEALTHY_TRAINING (event=reintegration_finalized, step=3601)
WARNING:megatron.core.transformer.moe.recovery_controller:[2026-05-13 17:45:27] BSR-MoE controller: reintegration finalized at step 3601 (1 recoveries completed)
WARNING:megatron.core.transformer.moe.recovery_controller:[2026-05-13 17:45:27] BSR-MoE controller: REINTEGRATED → HEALTHY_TRAINING (event=reintegration_finalized, step=3601)
WARNING:megatron.core.transformer.moe.recovery_controller:[2026-05-13 17:45:27] BSR-MoE controller: REINTEGRATED → HEALTHY_TRAINING (event=reintegration_finalized, step=3601)
WARNING:megatron.core.transformer.moe.recovery_controller:[2026-05-13 17:45:27] BSR-MoE controller: reintegration finalized at step 3601 (1 recoveries completed)
WARNING:megatron.core.transformer.moe.recovery_controller:[2026-05-13 17:45:27] BSR-MoE controller: reintegration finalized at step 3601 (1 recoveries completed)
WARNING:megatron.core.transformer.moe.reintegration_barrier:BSR-MoE barrier: rank 14 reintegrated at step 3601 (replacement=14, experts=[96, 97, 98, 99, 100, 101, 102, 103, 104, 105, 106, 107, 108, 109, 110, 111])
WARNING:megatron.core.transformer.moe.reintegration_barrier:BSR-MoE barrier: rank 14 reintegrated at step 3601 (replacement=14, experts=[96, 97, 98, 99, 100, 101, 102, 103, 104, 105, 106, 107, 108, 109, 110, 111])
WARNING:megatron.core.transformer.moe.reintegration_barrier:BSR-MoE barrier: rank 14 reintegrated at step 3601 (replacement=14, experts=[96, 97, 98, 99, 100, 101, 102, 103, 104, 105, 106, 107, 108, 109, 110, 111])
INFO:megatron.core.transformer.moe.recovery_controller:BSR-MoE controller: barrier reintegration executed for rank 14 at step 3601
INFO:megatron.core.transformer.moe.recovery_controller:BSR-MoE controller: barrier reintegration executed for rank 14 at step 3601
INFO:megatron.core.transformer.moe.recovery_controller:BSR-MoE controller: barrier reintegration executed for rank 14 at step 3601
WARNING:megatron.core.transformer.moe.recovery_controller:[2026-05-13 17:45:27] BSR-MoE controller: REINTEGRATED → HEALTHY_TRAINING (event=reintegration_finalized, step=3601)
WARNING:megatron.core.transformer.moe.recovery_controller:[2026-05-13 17:45:27] BSR-MoE controller: REINTEGRATED → HEALTHY_TRAINING (event=reintegration_finalized, step=3601)
WARNING:megatron.core.transformer.moe.recovery_controller:[2026-05-13 17:45:27] BSR-MoE controller: REINTEGRATED → HEALTHY_TRAINING (event=reintegration_finalized, step=3601)
WARNING:megatron.core.transformer.moe.recovery_controller:[2026-05-13 17:45:27] BSR-MoE controller: reintegration finalized at step 3601 (1 recoveries completed)
WARNING:megatron.core.transformer.moe.recovery_controller:[2026-05-13 17:45:27] BSR-MoE controller: reintegration finalized at step 3601 (1 recoveries completed)
WARNING:megatron.core.transformer.moe.recovery_controller:[2026-05-13 17:45:27] BSR-MoE controller: reintegration finalized at step 3601 (1 recoveries completed)
WARNING:megatron.core.transformer.moe.reintegration_barrier:BSR-MoE barrier: rank 14 reintegrated at step 3601 (replacement=14, experts=[96, 97, 98, 99, 100, 101, 102, 103, 104, 105, 106, 107, 108, 109, 110, 111])
INFO:megatron.core.transformer.moe.recovery_controller:BSR-MoE controller: barrier reintegration executed for rank 14 at step 3601
WARNING:megatron.core.transformer.moe.recovery_controller:[2026-05-13 17:45:27] BSR-MoE controller: REINTEGRATED → HEALTHY_TRAINING (event=reintegration_finalized, step=3601)
WARNING:megatron.core.transformer.moe.recovery_controller:[2026-05-13 17:45:27] BSR-MoE controller: reintegration finalized at step 3601 (1 recoveries completed)
 [2026-05-13 17:45:38] iteration     3602/   20000 | consumed samples:       230528 | elapsed time per iteration (ms): 11374.9 | learning rate: 9.329891E-05 | global batch size:    64 | load_balancing_loss: 1.032267E+00 | lm loss: 3.199728E+00 | loss scale: 1.0 | grad norm: 0.203 | number of skipped iterations:   0 | number of nan iterations:   0 |
 [2026-05-13 17:45:49] iteration     3603/   20000 | consumed samples:       230592 | elapsed time per iteration (ms): 10502.7 | learning rate: 9.329520E-05 | global batch size:    64 | load_balancing_loss: 1.033832E+00 | lm loss: 3.167423E+00 | loss scale: 1.0 | grad norm: 0.193 | number of skipped iterations:   0 | number of nan iterations:   0 |
 [2026-05-13 17:45:59] iteration     3604/   20000 | consumed samples:       230656 | elapsed time per iteration (ms): 10550.1 | learning rate: 9.329148E-05 | global batch size:    64 | load_balancing_loss: 1.033280E+00 | lm loss: 3.144844E+00 | loss scale: 1.0 | grad norm: 0.198 | number of skipped iterations:   0 | number of nan iterations:   0 |
 [2026-05-13 17:46:10] iteration     3605/   20000 | consumed samples:       230720 | elapsed time per iteration (ms): 10656.2 | learning rate: 9.328777E-05 | global batch size:    64 | load_balancing_loss: 1.035877E+00 | lm loss: 3.088267E+00 | loss scale: 1.0 | grad norm: 0.194 | number of skipped iterations:   0 | number of nan iterations:   0 |
 [2026-05-13 17:46:20] iteration     3606/   20000 | consumed samples:       230784 | elapsed time per iteration (ms): 10479.5 | learning rate: 9.328406E-05 | global batch size:    64 | load_balancing_loss: 1.033616E+00 | lm loss: 3.188408E+00 | loss scale: 1.0 | grad norm: 0.198 | number of skipped iterations:   0 | number of nan iterations:   0 |
 [2026-05-13 17:46:31] iteration     3607/   20000 | consumed samples:       230848 | elapsed time per iteration (ms): 10495.0 | learning rate: 9.328034E-05 | global batch size:    64 | load_balancing_loss: 1.036176E+00 | lm loss: 3.172428E+00 | loss scale: 1.0 | grad norm: 0.204 | number of skipped iterations:   0 | number of nan iterations:   0 |
 [2026-05-13 17:46:41] iteration     3608/   20000 | consumed samples:       230912 | elapsed time per iteration (ms): 10515.9 | learning rate: 9.327662E-05 | global batch size:    64 | load_balancing_loss: 1.029451E+00 | lm loss: 3.149621E+00 | loss scale: 1.0 | grad norm: 0.195 | number of skipped iterations:   0 | number of nan iterations:   0 |
 [2026-05-13 17:46:52] iteration     3609/   20000 | consumed samples:       230976 | elapsed time per iteration (ms): 10546.8 | learning rate: 9.327290E-05 | global batch size:    64 | load_balancing_loss: 1.029528E+00 | lm loss: 3.206020E+00 | loss scale: 1.0 | grad norm: 0.195 | number of skipped iterations:   0 | number of nan iterations:   0 |
 [2026-05-13 17:47:03] iteration     3610/   20000 | consumed samples:       231040 | elapsed time per iteration (ms): 10666.3 | learning rate: 9.326918E-05 | global batch size:    64 | load_balancing_loss: 1.030238E+00 | lm loss: 3.154497E+00 | loss scale: 1.0 | grad norm: 0.202 | number of skipped iterations:   0 | number of nan iterations:   0 |
 [2026-05-13 17:47:13] iteration     3611/   20000 | consumed samples:       231104 | elapsed time per iteration (ms): 10506.4 | learning rate: 9.326547E-05 | global batch size:    64 | load_balancing_loss: 1.032717E+00 | lm loss: 3.130046E+00 | loss scale: 1.0 | grad norm: 0.198 | number of skipped iterations:   0 | number of nan iterations:   0 |
 [2026-05-13 17:47:24] iteration     3612/   20000 | consumed samples:       231168 | elapsed time per iteration (ms): 10499.0 | learning rate: 9.326174E-05 | global batch size:    64 | load_balancing_loss: 1.039775E+00 | lm loss: 3.165554E+00 | loss scale: 1.0 | grad norm: 0.198 | number of skipped iterations:   0 | number of nan iterations:   0 |
 [2026-05-13 17:47:34] iteration     3613/   20000 | consumed samples:       231232 | elapsed time per iteration (ms): 10488.8 | learning rate: 9.325802E-05 | global batch size:    64 | load_balancing_loss: 1.041486E+00 | lm loss: 3.204970E+00 | loss scale: 1.0 | grad norm: 0.203 | number of skipped iterations:   0 | number of nan iterations:   0 |
 [2026-05-13 17:47:45] iteration     3614/   20000 | consumed samples:       231296 | elapsed time per iteration (ms): 10517.3 | learning rate: 9.325430E-05 | global batch size:    64 | load_balancing_loss: 1.028244E+00 | lm loss: 3.186898E+00 | loss scale: 1.0 | grad norm: 0.194 | number of skipped iterations:   0 | number of nan iterations:   0 |
 [2026-05-13 17:47:55] iteration     3615/   20000 | consumed samples:       231360 | elapsed time per iteration (ms): 10522.8 | learning rate: 9.325057E-05 | global batch size:    64 | load_balancing_loss: 1.040164E+00 | lm loss: 3.246680E+00 | loss scale: 1.0 | grad norm: 0.210 | number of skipped iterations:   0 | number of nan iterations:   0 |
 [2026-05-13 17:48:06] iteration     3616/   20000 | consumed samples:       231424 | elapsed time per iteration (ms): 10486.1 | learning rate: 9.324685E-05 | global batch size:    64 | load_balancing_loss: 1.030703E+00 | lm loss: 3.160159E+00 | loss scale: 1.0 | grad norm: 0.194 | number of skipped iterations:   0 | number of nan iterations:   0 |
 [2026-05-13 17:48:16] iteration     3617/   20000 | consumed samples:       231488 | elapsed time per iteration (ms): 10512.0 | learning rate: 9.324312E-05 | global batch size:    64 | load_balancing_loss: 1.029851E+00 | lm loss: 3.184710E+00 | loss scale: 1.0 | grad norm: 0.195 | number of skipped iterations:   0 | number of nan iterations:   0 |
 [2026-05-13 17:48:27] iteration     3618/   20000 | consumed samples:       231552 | elapsed time per iteration (ms): 10480.9 | learning rate: 9.323940E-05 | global batch size:    64 | load_balancing_loss: 1.038838E+00 | lm loss: 3.257864E+00 | loss scale: 1.0 | grad norm: 0.207 | number of skipped iterations:   0 | number of nan iterations:   0 |
 [2026-05-13 17:48:37] iteration     3619/   20000 | consumed samples:       231616 | elapsed time per iteration (ms): 10538.6 | learning rate: 9.323567E-05 | global batch size:    64 | load_balancing_loss: 1.036096E+00 | lm loss: 3.176892E+00 | loss scale: 1.0 | grad norm: 0.209 | number of skipped iterations:   0 | number of nan iterations:   0 |
 [2026-05-13 17:48:48] iteration     3620/   20000 | consumed samples:       231680 | elapsed time per iteration (ms): 10488.5 | learning rate: 9.323194E-05 | global batch size:    64 | load_balancing_loss: 1.033914E+00 | lm loss: 3.221420E+00 | loss scale: 1.0 | grad norm: 0.202 | number of skipped iterations:   0 | number of nan iterations:   0 |
 [2026-05-13 17:48:58] iteration     3621/   20000 | consumed samples:       231744 | elapsed time per iteration (ms): 10483.9 | learning rate: 9.322821E-05 | global batch size:    64 | load_balancing_loss: 1.032867E+00 | lm loss: 3.176279E+00 | loss scale: 1.0 | grad norm: 0.195 | number of skipped iterations:   0 | number of nan iterations:   0 |
 [2026-05-13 17:49:09] iteration     3622/   20000 | consumed samples:       231808 | elapsed time per iteration (ms): 10503.8 | learning rate: 9.322448E-05 | global batch size:    64 | load_balancing_loss: 1.037857E+00 | lm loss: 3.170123E+00 | loss scale: 1.0 | grad norm: 0.208 | number of skipped iterations:   0 | number of nan iterations:   0 |
 [2026-05-13 17:49:19] iteration     3623/   20000 | consumed samples:       231872 | elapsed time per iteration (ms): 10504.8 | learning rate: 9.322075E-05 | global batch size:    64 | load_balancing_loss: 1.034317E+00 | lm loss: 3.224683E+00 | loss scale: 1.0 | grad norm: 0.202 | number of skipped iterations:   0 | number of nan iterations:   0 |
 [2026-05-13 17:49:30] iteration     3624/   20000 | consumed samples:       231936 | elapsed time per iteration (ms): 10511.8 | learning rate: 9.321702E-05 | global batch size:    64 | load_balancing_loss: 1.037466E+00 | lm loss: 3.212360E+00 | loss scale: 1.0 | grad norm: 0.207 | number of skipped iterations:   0 | number of nan iterations:   0 |
 [2026-05-13 17:49:40] iteration     3625/   20000 | consumed samples:       232000 | elapsed time per iteration (ms): 10486.3 | learning rate: 9.321328E-05 | global batch size:    64 | load_balancing_loss: 1.033339E+00 | lm loss: 3.208259E+00 | loss scale: 1.0 | grad norm: 0.199 | number of skipped iterations:   0 | number of nan iterations:   0 |
 [2026-05-13 17:49:51] iteration     3626/   20000 | consumed samples:       232064 | elapsed time per iteration (ms): 10510.8 | learning rate: 9.320955E-05 | global batch size:    64 | load_balancing_loss: 1.038387E+00 | lm loss: 3.133643E+00 | loss scale: 1.0 | grad norm: 0.194 | number of skipped iterations:   0 | number of nan iterations:   0 |
 [2026-05-13 17:50:01] iteration     3627/   20000 | consumed samples:       232128 | elapsed time per iteration (ms): 10518.8 | learning rate: 9.320581E-05 | global batch size:    64 | load_balancing_loss: 1.030007E+00 | lm loss: 3.187150E+00 | loss scale: 1.0 | grad norm: 0.194 | number of skipped iterations:   0 | number of nan iterations:   0 |
 [2026-05-13 17:50:12] iteration     3628/   20000 | consumed samples:       232192 | elapsed time per iteration (ms): 10490.4 | learning rate: 9.320208E-05 | global batch size:    64 | load_balancing_loss: 1.037017E+00 | lm loss: 3.211524E+00 | loss scale: 1.0 | grad norm: 0.195 | number of skipped iterations:   0 | number of nan iterations:   0 |
 [2026-05-13 17:50:22] iteration     3629/   20000 | consumed samples:       232256 | elapsed time per iteration (ms): 10500.6 | learning rate: 9.319834E-05 | global batch size:    64 | load_balancing_loss: 1.030975E+00 | lm loss: 3.226620E+00 | loss scale: 1.0 | grad norm: 0.199 | number of skipped iterations:   0 | number of nan iterations:   0 |
 [2026-05-13 17:50:33] iteration     3630/   20000 | consumed samples:       232320 | elapsed time per iteration (ms): 10467.1 | learning rate: 9.319460E-05 | global batch size:    64 | load_balancing_loss: 1.035735E+00 | lm loss: 3.221099E+00 | loss scale: 1.0 | grad norm: 0.208 | number of skipped iterations:   0 | number of nan iterations:   0 |
 [2026-05-13 17:50:43] iteration     3631/   20000 | consumed samples:       232384 | elapsed time per iteration (ms): 10497.5 | learning rate: 9.319086E-05 | global batch size:    64 | load_balancing_loss: 1.033023E+00 | lm loss: 3.144456E+00 | loss scale: 1.0 | grad norm: 0.198 | number of skipped iterations:   0 | number of nan iterations:   0 |
 [2026-05-13 17:50:54] iteration     3632/   20000 | consumed samples:       232448 | elapsed time per iteration (ms): 10460.3 | learning rate: 9.318712E-05 | global batch size:    64 | load_balancing_loss: 1.029669E+00 | lm loss: 3.205236E+00 | loss scale: 1.0 | grad norm: 0.200 | number of skipped iterations:   0 | number of nan iterations:   0 |
 [2026-05-13 17:51:04] iteration     3633/   20000 | consumed samples:       232512 | elapsed time per iteration (ms): 10526.8 | learning rate: 9.318338E-05 | global batch size:    64 | load_balancing_loss: 1.031752E+00 | lm loss: 3.198763E+00 | loss scale: 1.0 | grad norm: 0.199 | number of skipped iterations:   0 | number of nan iterations:   0 |
 [2026-05-13 17:51:15] iteration     3634/   20000 | consumed samples:       232576 | elapsed time per iteration (ms): 10495.1 | learning rate: 9.317964E-05 | global batch size:    64 | load_balancing_loss: 1.035791E+00 | lm loss: 3.233419E+00 | loss scale: 1.0 | grad norm: 0.201 | number of skipped iterations:   0 | number of nan iterations:   0 |
 [2026-05-13 17:51:25] iteration     3635/   20000 | consumed samples:       232640 | elapsed time per iteration (ms): 10504.3 | learning rate: 9.317590E-05 | global batch size:    64 | load_balancing_loss: 1.031473E+00 | lm loss: 3.171501E+00 | loss scale: 1.0 | grad norm: 0.197 | number of skipped iterations:   0 | number of nan iterations:   0 |
 [2026-05-13 17:51:36] iteration     3636/   20000 | consumed samples:       232704 | elapsed time per iteration (ms): 10496.4 | learning rate: 9.317215E-05 | global batch size:    64 | load_balancing_loss: 1.032866E+00 | lm loss: 3.190619E+00 | loss scale: 1.0 | grad norm: 0.196 | number of skipped iterations:   0 | number of nan iterations:   0 |
 [2026-05-13 17:51:46] iteration     3637/   20000 | consumed samples:       232768 | elapsed time per iteration (ms): 10524.7 | learning rate: 9.316840E-05 | global batch size:    64 | load_balancing_loss: 1.030249E+00 | lm loss: 3.225282E+00 | loss scale: 1.0 | grad norm: 0.198 | number of skipped iterations:   0 | number of nan iterations:   0 |
 [2026-05-13 17:51:57] iteration     3638/   20000 | consumed samples:       232832 | elapsed time per iteration (ms): 10526.3 | learning rate: 9.316466E-05 | global batch size:    64 | load_balancing_loss: 1.037080E+00 | lm loss: 3.117570E+00 | loss scale: 1.0 | grad norm: 0.200 | number of skipped iterations:   0 | number of nan iterations:   0 |
 [2026-05-13 17:52:07] iteration     3639/   20000 | consumed samples:       232896 | elapsed time per iteration (ms): 10525.6 | learning rate: 9.316092E-05 | global batch size:    64 | load_balancing_loss: 1.035264E+00 | lm loss: 3.161815E+00 | loss scale: 1.0 | grad norm: 0.198 | number of skipped iterations:   0 | number of nan iterations:   0 |
 [2026-05-13 17:52:18] iteration     3640/   20000 | consumed samples:       232960 | elapsed time per iteration (ms): 10522.2 | learning rate: 9.315717E-05 | global batch size:    64 | load_balancing_loss: 1.030705E+00 | lm loss: 3.152940E+00 | loss scale: 1.0 | grad norm: 0.190 | number of skipped iterations:   0 | number of nan iterations:   0 |
INFO:megatron.core.transformer.moe.bsr_integration:BSR-MoE: checkpoint metadata injected (iteration=3640, phase=HEALTHY_TRAINING)
INFO:megatron.core.transformer.moe.bsr_integration:BSR-MoE: checkpoint metadata injected (iteration=3640, phase=HEALTHY_TRAINING)
INFO:megatron.core.transformer.moe.bsr_integration:BSR-MoE: checkpoint metadata injected (iteration=3640, phase=HEALTHY_TRAINING)
INFO:megatron.core.transformer.moe.bsr_integration:BSR-MoE: checkpoint metadata injected (iteration=3640, phase=HEALTHY_TRAINING)
INFO:megatron.core.transformer.moe.bsr_integration:BSR-MoE: checkpoint metadata injected (iteration=3640, phase=HEALTHY_TRAINING)
INFO:megatron.core.transformer.moe.bsr_integration:BSR-MoE: checkpoint metadata injected (iteration=3640, phase=HEALTHY_TRAINING)
INFO:megatron.core.transformer.moe.bsr_integration:BSR-MoE: checkpoint metadata injected (iteration=3640, phase=HEALTHY_TRAINING)
INFO:megatron.core.transformer.moe.bsr_integration:BSR-MoE: checkpoint metadata injected (iteration=3640, phase=HEALTHY_TRAINING)
(min, max) time across ranks (ms):
    save-checkpoint ................................: (32103.30, 32104.02)
WARNING:megatron.core.transformer.moe.bsr_integration:[2026-05-13 17:52:50] BSR-MoE FAULT INJECTION #2: type=restart_in_place, rank=3, step=3640, experts=[48, 49, 50, 51, 52, 53, 54, 55, 56, 57, 58, 59, 60, 61, 62, 63], ep_group=[0, 1, 2, 3, 4, 5, 6, 7]
WARNING:megatron.core.transformer.moe.bsr_integration:[2026-05-13 17:52:50] BSR-MoE FAULT INJECTION #2: type=restart_in_place, rank=3, step=3640, experts=[48, 49, 50, 51, 52, 53, 54, 55, 56, 57, 58, 59, 60, 61, 62, 63], ep_group=[0, 1, 2, 3, 4, 5, 6, 7]
WARNING:megatron.core.transformer.moe.recovery_controller:[2026-05-13 17:52:50] BSR-MoE controller: rank 3 HARD FAILURE (step=3640, reason=scheduled_restart_in_place_injection, experts=[48, 49, 50, 51, 52, 53, 54, 55, 56, 57, 58, 59, 60, 61, 62, 63], mid_iteration=False)
WARNING:megatron.core.transformer.moe.recovery_controller:[2026-05-13 17:52:50] BSR-MoE controller: rank 3 HARD FAILURE (step=3640, reason=scheduled_restart_in_place_injection, experts=[48, 49, 50, 51, 52, 53, 54, 55, 56, 57, 58, 59, 60, 61, 62, 63], mid_iteration=False)
INFO:megatron.core.transformer.moe.recovery_controller:ExpertRecoveryTracker: experts [48, 49, 50, 51, 52, 53, 54, 55, 56, 57, 58, 59, 60, 61, 62, 63] → RECOVERING (step=3640)
INFO:megatron.core.transformer.moe.recovery_controller:ExpertRecoveryTracker: experts [48, 49, 50, 51, 52, 53, 54, 55, 56, 57, 58, 59, 60, 61, 62, 63] → RECOVERING (step=3640)
WARNING:megatron.core.transformer.moe.bsr_integration:[2026-05-13 17:52:50] BSR-MoE FAULT INJECTION #2: type=restart_in_place, rank=3, step=3640, experts=[48, 49, 50, 51, 52, 53, 54, 55, 56, 57, 58, 59, 60, 61, 62, 63], ep_group=[0, 1, 2, 3, 4, 5, 6, 7]
WARNING:megatron.core.transformer.moe.optimizer_commit_guard:OptimizerCommitGuard: commit BLOCKED (reason=hard_failure_rank_3_step_3640)
WARNING:megatron.core.transformer.moe.bsr_integration:BSR-MoE: optimizer commit blocked for step 3640 (hard failure of rank 3)
WARNING:megatron.core.transformer.moe.bsr_integration:[2026-05-13 17:52:50] BSR-MoE FAULT INJECTION #2: type=restart_in_place, rank=3, step=3640, experts=[48, 49, 50, 51, 52, 53, 54, 55, 56, 57, 58, 59, 60, 61, 62, 63], ep_group=[0, 1, 2, 3, 4, 5, 6, 7]
WARNING:megatron.core.transformer.moe.bsr_integration:BSR-MoE: entering waiting-for-replacement state (failed_rank=3, step=3640, experts=[48, 49, 50, 51, 52, 53, 54, 55, 56, 57, 58, 59, 60, 61, 62, 63])
WARNING:megatron.core.transformer.moe.optimizer_commit_guard:OptimizerCommitGuard: commit BLOCKED (reason=hard_failure_rank_3_step_3640)
WARNING:megatron.core.transformer.moe.bsr_integration:BSR-MoE: optimizer commit blocked for step 3640 (hard failure of rank 3)
WARNING:megatron.core.transformer.moe.bsr_integration:BSR-MoE: entering waiting-for-replacement state (failed_rank=3, step=3640, experts=[48, 49, 50, 51, 52, 53, 54, 55, 56, 57, 58, 59, 60, 61, 62, 63])
WARNING:megatron.core.transformer.moe.recovery_controller:[2026-05-13 17:52:50] BSR-MoE controller: HEALTHY_TRAINING → PENDING_GROUP_REPAIR (event=hard_rank_failure, step=3640)
WARNING:megatron.core.transformer.moe.recovery_controller:[2026-05-13 17:52:50] BSR-MoE controller: rank 3 HARD FAILURE (step=3640, reason=scheduled_restart_in_place_injection, experts=[48, 49, 50, 51, 52, 53, 54, 55, 56, 57, 58, 59, 60, 61, 62, 63], mid_iteration=False)
WARNING:megatron.core.transformer.moe.recovery_controller:[2026-05-13 17:52:50] BSR-MoE controller: rank 3 HARD FAILURE (step=3640, reason=scheduled_restart_in_place_injection, experts=[48, 49, 50, 51, 52, 53, 54, 55, 56, 57, 58, 59, 60, 61, 62, 63], mid_iteration=False)
WARNING:megatron.core.transformer.moe.recovery_controller:[2026-05-13 17:52:50] BSR-MoE controller: HEALTHY_TRAINING → PENDING_GROUP_REPAIR (event=hard_rank_failure, step=3640)
WARNING:megatron.core.transformer.moe.recovery_controller:[2026-05-13 17:52:50] BSR-MoE controller: replacement assigned — failed_rank=3, replacement_rank=3 (step=3640)
INFO:megatron.core.transformer.moe.recovery_controller:ExpertRecoveryTracker: experts [48, 49, 50, 51, 52, 53, 54, 55, 56, 57, 58, 59, 60, 61, 62, 63] → RECOVERING (step=3640)
INFO:megatron.core.transformer.moe.recovery_controller:ExpertRecoveryTracker: experts [48, 49, 50, 51, 52, 53, 54, 55, 56, 57, 58, 59, 60, 61, 62, 63] → RECOVERING (step=3640)
WARNING:megatron.core.transformer.moe.recovery_controller:[2026-05-13 17:52:50] BSR-MoE controller: replacement assigned — failed_rank=3, replacement_rank=3 (step=3640)
WARNING:megatron.core.transformer.moe.optimizer_commit_guard:OptimizerCommitGuard: commit BLOCKED (reason=hard_failure_rank_3_step_3640)
INFO:megatron.core.transformer.moe.replacement_registry:BSR-MoE replacement: failed_rank=3, replacement_rank=3, NOT_PRESENT → BOOTSTRAPPING (step=3640)
WARNING:megatron.core.transformer.moe.bsr_integration:BSR-MoE: optimizer commit blocked for step 3640 (hard failure of rank 3)
WARNING:megatron.core.transformer.moe.optimizer_commit_guard:OptimizerCommitGuard: commit BLOCKED (reason=hard_failure_rank_3_step_3640)
WARNING:megatron.core.transformer.moe.replacement_registry:BSR-MoE: replacement announced — failed_rank=3 → replacement_rank=3 (step=3640, reason='')
WARNING:megatron.core.transformer.moe.bsr_integration:BSR-MoE: entering waiting-for-replacement state (failed_rank=3, step=3640, experts=[48, 49, 50, 51, 52, 53, 54, 55, 56, 57, 58, 59, 60, 61, 62, 63])
WARNING:megatron.core.transformer.moe.bsr_integration:BSR-MoE: optimizer commit blocked for step 3640 (hard failure of rank 3)
WARNING:megatron.core.transformer.moe.recovery_controller:[2026-05-13 17:52:50] BSR-MoE controller: PENDING_GROUP_REPAIR → WAITING_FOR_REPLACEMENT (event=replacement_assigned, step=3640)
WARNING:megatron.core.transformer.moe.bsr_integration:BSR-MoE: entering waiting-for-replacement state (failed_rank=3, step=3640, experts=[48, 49, 50, 51, 52, 53, 54, 55, 56, 57, 58, 59, 60, 61, 62, 63])
INFO:megatron.core.transformer.moe.replacement_registry:BSR-MoE replacement: failed_rank=3, replacement_rank=3, NOT_PRESENT → BOOTSTRAPPING (step=3640)
WARNING:megatron.core.transformer.moe.recovery_controller:[2026-05-13 17:52:50] BSR-MoE controller: replacement ready — failed_rank=3 (step=3640)
WARNING:megatron.core.transformer.moe.replacement_registry:BSR-MoE: replacement announced — failed_rank=3 → replacement_rank=3 (step=3640, reason='')
WARNING:megatron.core.transformer.moe.recovery_controller:[2026-05-13 17:52:50] BSR-MoE controller: WAITING_FOR_REPLACEMENT → SAFE_POINT_REPAIR (event=replacement_ready, step=3640)
WARNING:megatron.core.transformer.moe.recovery_controller:[2026-05-13 17:52:50] BSR-MoE controller: PENDING_GROUP_REPAIR → WAITING_FOR_REPLACEMENT (event=replacement_assigned, step=3640)
WARNING:megatron.core.transformer.moe.recovery_controller:BSR-MoE controller: restart-in-place fast path for rank 3 (replacement=self, step=3640)
WARNING:megatron.core.transformer.moe.recovery_controller:[2026-05-13 17:52:50] BSR-MoE controller: HEALTHY_TRAINING → PENDING_GROUP_REPAIR (event=hard_rank_failure, step=3640)
WARNING:megatron.core.transformer.moe.recovery_controller:[2026-05-13 17:52:50] BSR-MoE controller: replacement ready — failed_rank=3 (step=3640)
WARNING:megatron.core.transformer.moe.bsr_integration:[2026-05-13 17:52:50] BSR-MoE FAULT INJECTION: next periodic fault scheduled at step 3680 (interval=40, total_injections=2)
WARNING:megatron.core.transformer.moe.recovery_controller:[2026-05-13 17:52:50] BSR-MoE controller: HEALTHY_TRAINING → PENDING_GROUP_REPAIR (event=hard_rank_failure, step=3640)
WARNING:megatron.core.transformer.moe.recovery_controller:[2026-05-13 17:52:50] BSR-MoE controller: WAITING_FOR_REPLACEMENT → SAFE_POINT_REPAIR (event=replacement_ready, step=3640)
WARNING:megatron.core.transformer.moe.recovery_controller:[2026-05-13 17:52:50] BSR-MoE controller: ⏱️  START safe-point repair at step 3640 (failed=3, replacement=3)
WARNING:megatron.core.transformer.moe.recovery_controller:BSR-MoE controller: restart-in-place fast path for rank 3 (replacement=self, step=3640)
WARNING:megatron.core.transformer.moe.recovery_controller:[2026-05-13 17:52:50] BSR-MoE controller: replacement assigned — failed_rank=3, replacement_rank=3 (step=3640)
WARNING:megatron.core.transformer.moe.recovery_controller:[2026-05-13 17:52:50] BSR-MoE controller: ⏱️  [Phase A] Starting infrastructure repair...
WARNING:megatron.core.transformer.moe.bsr_integration:[2026-05-13 17:52:50] BSR-MoE FAULT INJECTION: next periodic fault scheduled at step 3680 (interval=40, total_injections=2)
WARNING:megatron.core.transformer.moe.recovery_controller:[2026-05-13 17:52:50] BSR-MoE controller: replacement assigned — failed_rank=3, replacement_rank=3 (step=3640)
INFO:megatron.core.transformer.moe.replacement_registry:BSR-MoE replacement: failed_rank=3, replacement_rank=3, BOOTSTRAPPING → READY_FOR_REPAIR (step=3640)
WARNING:megatron.core.transformer.moe.recovery_controller:[2026-05-13 17:52:50] BSR-MoE controller: ⏱️  START safe-point repair at step 3640 (failed=3, replacement=3)
INFO:megatron.core.transformer.moe.replacement_registry:BSR-MoE replacement: failed_rank=3, replacement_rank=3, READY_FOR_REPAIR → INTEGRATED (step=3640)
WARNING:megatron.core.transformer.moe.recovery_controller:[2026-05-13 17:52:50] BSR-MoE controller: ⏱️  [Phase A] Starting infrastructure repair...
WARNING:megatron.core.transformer.moe.replacement_registry:BSR-MoE: replacement INTEGRATED — failed_rank=3, replacement_rank=3 (step=3640)
INFO:megatron.core.transformer.moe.replacement_registry:BSR-MoE replacement: failed_rank=3, replacement_rank=3, NOT_PRESENT → BOOTSTRAPPING (step=3640)
WARNING:megatron.core.transformer.moe.replacement_registry:BSR-MoE: replacement announced — failed_rank=3 → replacement_rank=3 (step=3640, reason='')
WARNING:megatron.core.transformer.moe.recovery_controller:[2026-05-13 17:52:50] BSR-MoE controller: step1 replacement_integrate elapsed=0.000s (step=3640)
INFO:megatron.core.transformer.moe.replacement_registry:BSR-MoE replacement: failed_rank=3, replacement_rank=3, NOT_PRESENT → BOOTSTRAPPING (step=3640)
INFO:megatron.core.transformer.moe.replacement_registry:BSR-MoE replacement: failed_rank=3, replacement_rank=3, BOOTSTRAPPING → READY_FOR_REPAIR (step=3640)
WARNING:megatron.core.transformer.moe.recovery_controller:[2026-05-13 17:52:50] BSR-MoE controller: step2 group_rebuild_request elapsed=0.000s (step=3640)
WARNING:megatron.core.transformer.moe.replacement_registry:BSR-MoE: replacement announced — failed_rank=3 → replacement_rank=3 (step=3640, reason='')
WARNING:megatron.core.transformer.moe.recovery_controller:[2026-05-13 17:52:50] BSR-MoE controller: PENDING_GROUP_REPAIR → WAITING_FOR_REPLACEMENT (event=replacement_assigned, step=3640)
WARNING:megatron.core.transformer.moe.recovery_controller:[2026-05-13 17:52:50] BSR-MoE controller: step3 group_rebuild_execute elapsed=0.000s (step=3640)
INFO:megatron.core.transformer.moe.replacement_registry:BSR-MoE replacement: failed_rank=3, replacement_rank=3, READY_FOR_REPAIR → INTEGRATED (step=3640)
WARNING:megatron.core.transformer.moe.recovery_controller:[2026-05-13 17:52:50] BSR-MoE controller: step4 group_rebuild_finish elapsed=0.000s (step=3640)
WARNING:megatron.core.transformer.moe.replacement_registry:BSR-MoE: replacement INTEGRATED — failed_rank=3, replacement_rank=3 (step=3640)
WARNING:megatron.core.transformer.moe.recovery_controller:[2026-05-13 17:52:50] BSR-MoE controller: replacement ready — failed_rank=3 (step=3640)
WARNING:megatron.core.transformer.moe.recovery_controller:[2026-05-13 17:52:50] BSR-MoE controller: PENDING_GROUP_REPAIR → WAITING_FOR_REPLACEMENT (event=replacement_assigned, step=3640)
WARNING:megatron.core.transformer.moe.bsr_integration:[2026-05-13 17:52:50] BSR-MoE FAULT INJECTION #2: type=restart_in_place, rank=3, step=3640, experts=[48, 49, 50, 51, 52, 53, 54, 55, 56, 57, 58, 59, 60, 61, 62, 63], ep_group=[0, 1, 2, 3, 4, 5, 6, 7]
WARNING:megatron.core.transformer.moe.recovery_controller:[2026-05-13 17:52:50] BSR-MoE controller: step5 topology_refresh elapsed=0.000s (step=3640)
WARNING:megatron.core.transformer.moe.recovery_controller:[2026-05-13 17:52:50] BSR-MoE controller: step1 replacement_integrate elapsed=0.000s (step=3640)
WARNING:megatron.core.transformer.moe.recovery_controller:[2026-05-13 17:52:50] BSR-MoE controller: WAITING_FOR_REPLACEMENT → SAFE_POINT_REPAIR (event=replacement_ready, step=3640)
WARNING:megatron.core.transformer.moe.recovery_controller:[2026-05-13 17:52:50] BSR-MoE controller: replacement ready — failed_rank=3 (step=3640)
WARNING:megatron.core.transformer.moe.recovery_controller:[2026-05-13 17:52:50] BSR-MoE controller: ⏱️  [Phase A] Infrastructure repair COMPLETED (elapsed=0.000s)
WARNING:megatron.core.transformer.moe.recovery_controller:BSR-MoE controller: restart-in-place fast path for rank 3 (replacement=self, step=3640)
WARNING:megatron.core.transformer.moe.recovery_controller:[2026-05-13 17:52:50] BSR-MoE controller: step2 group_rebuild_request elapsed=0.000s (step=3640)
WARNING:megatron.core.transformer.moe.recovery_controller:[2026-05-13 17:52:50] BSR-MoE controller: ⏱️  [Phase B] Starting parameter recovery...
WARNING:megatron.core.transformer.moe.bsr_integration:[2026-05-13 17:52:50] BSR-MoE FAULT INJECTION #2: type=restart_in_place, rank=3, step=3640, experts=[48, 49, 50, 51, 52, 53, 54, 55, 56, 57, 58, 59, 60, 61, 62, 63], ep_group=[0, 1, 2, 3, 4, 5, 6, 7]
WARNING:megatron.core.transformer.moe.recovery_controller:[2026-05-13 17:52:50] BSR-MoE controller: WAITING_FOR_REPLACEMENT → SAFE_POINT_REPAIR (event=replacement_ready, step=3640)
WARNING:megatron.core.transformer.moe.bsr_integration:[2026-05-13 17:52:50] BSR-MoE FAULT INJECTION #2: type=restart_in_place, rank=3, step=3640, experts=[48, 49, 50, 51, 52, 53, 54, 55, 56, 57, 58, 59, 60, 61, 62, 63], ep_group=[0, 1, 2, 3, 4, 5, 6, 7]
WARNING:megatron.core.transformer.moe.bsr_integration:[2026-05-13 17:52:50] BSR-MoE FAULT INJECTION: next periodic fault scheduled at step 3680 (interval=40, total_injections=2)
WARNING:megatron.core.transformer.moe.recovery_controller:[2026-05-13 17:52:50] BSR-MoE controller: step3 group_rebuild_execute elapsed=0.000s (step=3640)
WARNING:megatron.core.transformer.moe.recovery_controller:BSR-MoE controller: restart-in-place fast path for rank 3 (replacement=self, step=3640)
WARNING:megatron.core.transformer.moe.recovery_controller:[2026-05-13 17:52:50] BSR-MoE controller: step4 group_rebuild_finish elapsed=0.000s (step=3640)
WARNING:megatron.core.transformer.moe.bsr_integration:[2026-05-13 17:52:50] BSR-MoE FAULT INJECTION: next periodic fault scheduled at step 3680 (interval=40, total_injections=2)
WARNING:megatron.core.transformer.moe.recovery_controller:[2026-05-13 17:52:50] BSR-MoE controller: ⏱️  START safe-point repair at step 3640 (failed=3, replacement=3)
WARNING:megatron.core.transformer.moe.recovery_controller:[2026-05-13 17:52:50] BSR-MoE controller: step5 topology_refresh elapsed=0.000s (step=3640)
WARNING:megatron.core.transformer.moe.recovery_controller:[2026-05-13 17:52:50] BSR-MoE controller: ⏱️  [Phase A] Infrastructure repair COMPLETED (elapsed=0.000s)
WARNING:megatron.core.transformer.moe.recovery_controller:[2026-05-13 17:52:50] BSR-MoE controller: ⏱️  [Phase A] Starting infrastructure repair...
WARNING:megatron.core.transformer.moe.recovery_controller:[2026-05-13 17:52:50] BSR-MoE controller: ⏱️  START safe-point repair at step 3640 (failed=3, replacement=3)
WARNING:megatron.core.transformer.moe.recovery_controller:[2026-05-13 17:52:50] BSR-MoE controller: ⏱️  [Phase B] Starting parameter recovery...
WARNING:megatron.core.transformer.moe.recovery_controller:[2026-05-13 17:52:50] BSR-MoE controller: ⏱️  [Phase A] Starting infrastructure repair...
WARNING:megatron.core.transformer.moe.recovery_controller:[2026-05-13 17:52:50] BSR-MoE controller: rank 3 HARD FAILURE (step=3640, reason=scheduled_restart_in_place_injection, experts=[48, 49, 50, 51, 52, 53, 54, 55, 56, 57, 58, 59, 60, 61, 62, 63], mid_iteration=False)
INFO:megatron.core.transformer.moe.replacement_registry:BSR-MoE replacement: failed_rank=3, replacement_rank=3, BOOTSTRAPPING → READY_FOR_REPAIR (step=3640)
WARNING:megatron.core.transformer.moe.recovery_controller:[2026-05-13 17:52:50] BSR-MoE controller: rank 3 HARD FAILURE (step=3640, reason=scheduled_restart_in_place_injection, experts=[48, 49, 50, 51, 52, 53, 54, 55, 56, 57, 58, 59, 60, 61, 62, 63], mid_iteration=False)
WARNING:megatron.core.transformer.moe.recovery_controller:[2026-05-13 17:52:50] BSR-MoE controller: rank 3 HARD FAILURE (step=3640, reason=scheduled_restart_in_place_injection, experts=[48, 49, 50, 51, 52, 53, 54, 55, 56, 57, 58, 59, 60, 61, 62, 63], mid_iteration=False)
INFO:megatron.core.transformer.moe.replacement_registry:BSR-MoE replacement: failed_rank=3, replacement_rank=3, READY_FOR_REPAIR → INTEGRATED (step=3640)
INFO:megatron.core.transformer.moe.replacement_registry:BSR-MoE replacement: failed_rank=3, replacement_rank=3, BOOTSTRAPPING → READY_FOR_REPAIR (step=3640)
WARNING:megatron.core.transformer.moe.replacement_registry:BSR-MoE: replacement INTEGRATED — failed_rank=3, replacement_rank=3 (step=3640)
INFO:megatron.core.transformer.moe.replacement_registry:BSR-MoE replacement: failed_rank=3, replacement_rank=3, READY_FOR_REPAIR → INTEGRATED (step=3640)
WARNING:megatron.core.transformer.moe.recovery_controller:[2026-05-13 17:52:50] BSR-MoE controller: step1 replacement_integrate elapsed=0.000s (step=3640)
INFO:megatron.core.transformer.moe.recovery_controller:ExpertRecoveryTracker: experts [48, 49, 50, 51, 52, 53, 54, 55, 56, 57, 58, 59, 60, 61, 62, 63] → RECOVERING (step=3640)
WARNING:megatron.core.transformer.moe.replacement_registry:BSR-MoE: replacement INTEGRATED — failed_rank=3, replacement_rank=3 (step=3640)
INFO:megatron.core.transformer.moe.recovery_controller:ExpertRecoveryTracker: experts [48, 49, 50, 51, 52, 53, 54, 55, 56, 57, 58, 59, 60, 61, 62, 63] → RECOVERING (step=3640)
WARNING:megatron.core.transformer.moe.recovery_controller:[2026-05-13 17:52:50] BSR-MoE controller: step2 group_rebuild_request elapsed=0.000s (step=3640)
WARNING:megatron.core.transformer.moe.recovery_controller:[2026-05-13 17:52:50] BSR-MoE controller: step1 replacement_integrate elapsed=0.000s (step=3640)
INFO:megatron.core.transformer.moe.recovery_controller:ExpertRecoveryTracker: experts [48, 49, 50, 51, 52, 53, 54, 55, 56, 57, 58, 59, 60, 61, 62, 63] → RECOVERING (step=3640)
WARNING:megatron.core.transformer.moe.recovery_controller:[2026-05-13 17:52:50] BSR-MoE controller: step3 group_rebuild_execute elapsed=0.000s (step=3640)
WARNING:megatron.core.transformer.moe.recovery_controller:[2026-05-13 17:52:50] BSR-MoE controller: step2 group_rebuild_request elapsed=0.000s (step=3640)
WARNING:megatron.core.transformer.moe.recovery_controller:[2026-05-13 17:52:50] BSR-MoE controller: step4 group_rebuild_finish elapsed=0.000s (step=3640)
WARNING:megatron.core.transformer.moe.recovery_controller:[2026-05-13 17:52:50] BSR-MoE controller: step3 group_rebuild_execute elapsed=0.000s (step=3640)
WARNING:megatron.core.transformer.moe.recovery_controller:[2026-05-13 17:52:50] BSR-MoE controller: step5 topology_refresh elapsed=0.000s (step=3640)
WARNING:megatron.core.transformer.moe.recovery_controller:[2026-05-13 17:52:50] BSR-MoE controller: step4 group_rebuild_finish elapsed=0.000s (step=3640)
WARNING:megatron.core.transformer.moe.optimizer_commit_guard:OptimizerCommitGuard: commit BLOCKED (reason=hard_failure_rank_3_step_3640)
WARNING:megatron.core.transformer.moe.optimizer_commit_guard:OptimizerCommitGuard: commit BLOCKED (reason=hard_failure_rank_3_step_3640)
WARNING:megatron.core.transformer.moe.recovery_controller:[2026-05-13 17:52:50] BSR-MoE controller: ⏱️  [Phase A] Infrastructure repair COMPLETED (elapsed=0.000s)
WARNING:megatron.core.transformer.moe.recovery_controller:[2026-05-13 17:52:50] BSR-MoE controller: step5 topology_refresh elapsed=0.000s (step=3640)
WARNING:megatron.core.transformer.moe.optimizer_commit_guard:OptimizerCommitGuard: commit BLOCKED (reason=hard_failure_rank_3_step_3640)
WARNING:megatron.core.transformer.moe.bsr_integration:BSR-MoE: optimizer commit blocked for step 3640 (hard failure of rank 3)
WARNING:megatron.core.transformer.moe.recovery_controller:[2026-05-13 17:52:50] BSR-MoE controller: ⏱️  [Phase B] Starting parameter recovery...
WARNING:megatron.core.transformer.moe.bsr_integration:BSR-MoE: optimizer commit blocked for step 3640 (hard failure of rank 3)
WARNING:megatron.core.transformer.moe.recovery_controller:[2026-05-13 17:52:50] BSR-MoE controller: ⏱️  [Phase A] Infrastructure repair COMPLETED (elapsed=0.000s)
WARNING:megatron.core.transformer.moe.bsr_integration:BSR-MoE: optimizer commit blocked for step 3640 (hard failure of rank 3)
WARNING:megatron.core.transformer.moe.bsr_integration:BSR-MoE: entering waiting-for-replacement state (failed_rank=3, step=3640, experts=[48, 49, 50, 51, 52, 53, 54, 55, 56, 57, 58, 59, 60, 61, 62, 63])
WARNING:megatron.core.transformer.moe.bsr_integration:BSR-MoE: entering waiting-for-replacement state (failed_rank=3, step=3640, experts=[48, 49, 50, 51, 52, 53, 54, 55, 56, 57, 58, 59, 60, 61, 62, 63])
WARNING:megatron.core.transformer.moe.recovery_controller:[2026-05-13 17:52:50] BSR-MoE controller: ⏱️  [Phase B] Starting parameter recovery...
WARNING:megatron.core.transformer.moe.bsr_integration:BSR-MoE: entering waiting-for-replacement state (failed_rank=3, step=3640, experts=[48, 49, 50, 51, 52, 53, 54, 55, 56, 57, 58, 59, 60, 61, 62, 63])
WARNING:megatron.core.transformer.moe.bsr_integration:[2026-05-13 17:52:50] BSR-MoE FAULT INJECTION #2: type=restart_in_place, rank=3, step=3640, experts=[48, 49, 50, 51, 52, 53, 54, 55, 56, 57, 58, 59, 60, 61, 62, 63], ep_group=[0, 1, 2, 3, 4, 5, 6, 7]
WARNING:megatron.core.transformer.moe.recovery_controller:[2026-05-13 17:52:50] BSR-MoE controller: HEALTHY_TRAINING → PENDING_GROUP_REPAIR (event=hard_rank_failure, step=3640)
WARNING:megatron.core.transformer.moe.recovery_controller:[2026-05-13 17:52:50] BSR-MoE controller: HEALTHY_TRAINING → PENDING_GROUP_REPAIR (event=hard_rank_failure, step=3640)
WARNING:megatron.core.transformer.moe.recovery_controller:[2026-05-13 17:52:50] BSR-MoE controller: HEALTHY_TRAINING → PENDING_GROUP_REPAIR (event=hard_rank_failure, step=3640)
WARNING:megatron.core.transformer.moe.recovery_controller:[2026-05-13 17:52:50] BSR-MoE controller: replacement assigned — failed_rank=3, replacement_rank=3 (step=3640)
WARNING:megatron.core.transformer.moe.recovery_controller:[2026-05-13 17:52:50] BSR-MoE controller: replacement assigned — failed_rank=3, replacement_rank=3 (step=3640)
WARNING:megatron.core.transformer.moe.recovery_controller:[2026-05-13 17:52:50] BSR-MoE controller: replacement assigned — failed_rank=3, replacement_rank=3 (step=3640)
WARNING:megatron.core.transformer.moe.recovery_controller:[2026-05-13 17:52:50] BSR-MoE controller: rank 3 HARD FAILURE (step=3640, reason=scheduled_restart_in_place_injection, experts=[48, 49, 50, 51, 52, 53, 54, 55, 56, 57, 58, 59, 60, 61, 62, 63], mid_iteration=False)
INFO:megatron.core.transformer.moe.recovery_controller:ExpertRecoveryTracker: experts [48, 49, 50, 51, 52, 53, 54, 55, 56, 57, 58, 59, 60, 61, 62, 63] → RECOVERING (step=3640)
INFO:megatron.core.transformer.moe.replacement_registry:BSR-MoE replacement: failed_rank=3, replacement_rank=3, NOT_PRESENT → BOOTSTRAPPING (step=3640)
INFO:megatron.core.transformer.moe.replacement_registry:BSR-MoE replacement: failed_rank=3, replacement_rank=3, NOT_PRESENT → BOOTSTRAPPING (step=3640)
INFO:megatron.core.transformer.moe.replacement_registry:BSR-MoE replacement: failed_rank=3, replacement_rank=3, NOT_PRESENT → BOOTSTRAPPING (step=3640)
WARNING:megatron.core.transformer.moe.replacement_registry:BSR-MoE: replacement announced — failed_rank=3 → replacement_rank=3 (step=3640, reason='')
WARNING:megatron.core.transformer.moe.replacement_registry:BSR-MoE: replacement announced — failed_rank=3 → replacement_rank=3 (step=3640, reason='')
WARNING:megatron.core.transformer.moe.replacement_registry:BSR-MoE: replacement announced — failed_rank=3 → replacement_rank=3 (step=3640, reason='')
WARNING:megatron.core.transformer.moe.optimizer_commit_guard:OptimizerCommitGuard: commit BLOCKED (reason=hard_failure_rank_3_step_3640)
WARNING:megatron.core.transformer.moe.recovery_controller:[2026-05-13 17:52:50] BSR-MoE controller: PENDING_GROUP_REPAIR → WAITING_FOR_REPLACEMENT (event=replacement_assigned, step=3640)
WARNING:megatron.core.transformer.moe.recovery_controller:[2026-05-13 17:52:50] BSR-MoE controller: PENDING_GROUP_REPAIR → WAITING_FOR_REPLACEMENT (event=replacement_assigned, step=3640)
WARNING:megatron.core.transformer.moe.recovery_controller:[2026-05-13 17:52:50] BSR-MoE controller: PENDING_GROUP_REPAIR → WAITING_FOR_REPLACEMENT (event=replacement_assigned, step=3640)
WARNING:megatron.core.transformer.moe.bsr_integration:BSR-MoE: optimizer commit blocked for step 3640 (hard failure of rank 3)
WARNING:megatron.core.transformer.moe.recovery_controller:[2026-05-13 17:52:50] BSR-MoE controller: replacement ready — failed_rank=3 (step=3640)
WARNING:megatron.core.transformer.moe.recovery_controller:[2026-05-13 17:52:50] BSR-MoE controller: replacement ready — failed_rank=3 (step=3640)
WARNING:megatron.core.transformer.moe.recovery_controller:[2026-05-13 17:52:50] BSR-MoE controller: replacement ready — failed_rank=3 (step=3640)
WARNING:megatron.core.transformer.moe.bsr_integration:BSR-MoE: entering waiting-for-replacement state (failed_rank=3, step=3640, experts=[48, 49, 50, 51, 52, 53, 54, 55, 56, 57, 58, 59, 60, 61, 62, 63])
WARNING:megatron.core.transformer.moe.recovery_controller:[2026-05-13 17:52:50] BSR-MoE controller: WAITING_FOR_REPLACEMENT → SAFE_POINT_REPAIR (event=replacement_ready, step=3640)
WARNING:megatron.core.transformer.moe.recovery_controller:[2026-05-13 17:52:50] BSR-MoE controller: WAITING_FOR_REPLACEMENT → SAFE_POINT_REPAIR (event=replacement_ready, step=3640)
WARNING:megatron.core.transformer.moe.recovery_controller:[2026-05-13 17:52:50] BSR-MoE controller: WAITING_FOR_REPLACEMENT → SAFE_POINT_REPAIR (event=replacement_ready, step=3640)
WARNING:megatron.core.transformer.moe.recovery_controller:BSR-MoE controller: restart-in-place fast path for rank 3 (replacement=self, step=3640)
WARNING:megatron.core.transformer.moe.recovery_controller:BSR-MoE controller: restart-in-place fast path for rank 3 (replacement=self, step=3640)
WARNING:megatron.core.transformer.moe.recovery_controller:BSR-MoE controller: restart-in-place fast path for rank 3 (replacement=self, step=3640)
WARNING:megatron.core.transformer.moe.bsr_integration:[2026-05-13 17:52:50] BSR-MoE FAULT INJECTION: next periodic fault scheduled at step 3680 (interval=40, total_injections=2)
WARNING:megatron.core.transformer.moe.bsr_integration:[2026-05-13 17:52:50] BSR-MoE FAULT INJECTION: next periodic fault scheduled at step 3680 (interval=40, total_injections=2)
WARNING:megatron.core.transformer.moe.bsr_integration:[2026-05-13 17:52:50] BSR-MoE FAULT INJECTION: next periodic fault scheduled at step 3680 (interval=40, total_injections=2)
WARNING:megatron.core.transformer.moe.recovery_controller:[2026-05-13 17:52:50] BSR-MoE controller: ⏱️  START safe-point repair at step 3640 (failed=3, replacement=3)
WARNING:megatron.core.transformer.moe.recovery_controller:[2026-05-13 17:52:50] BSR-MoE controller: ⏱️  START safe-point repair at step 3640 (failed=3, replacement=3)
WARNING:megatron.core.transformer.moe.recovery_controller:[2026-05-13 17:52:50] BSR-MoE controller: ⏱️  START safe-point repair at step 3640 (failed=3, replacement=3)
WARNING:megatron.core.transformer.moe.recovery_controller:[2026-05-13 17:52:50] BSR-MoE controller: ⏱️  [Phase A] Starting infrastructure repair...
WARNING:megatron.core.transformer.moe.recovery_controller:[2026-05-13 17:52:50] BSR-MoE controller: HEALTHY_TRAINING → PENDING_GROUP_REPAIR (event=hard_rank_failure, step=3640)
WARNING:megatron.core.transformer.moe.recovery_controller:[2026-05-13 17:52:50] BSR-MoE controller: ⏱️  [Phase A] Starting infrastructure repair...
WARNING:megatron.core.transformer.moe.recovery_controller:[2026-05-13 17:52:50] BSR-MoE controller: ⏱️  [Phase A] Starting infrastructure repair...
INFO:megatron.core.transformer.moe.replacement_registry:BSR-MoE replacement: failed_rank=3, replacement_rank=3, BOOTSTRAPPING → READY_FOR_REPAIR (step=3640)
INFO:megatron.core.transformer.moe.replacement_registry:BSR-MoE replacement: failed_rank=3, replacement_rank=3, BOOTSTRAPPING → READY_FOR_REPAIR (step=3640)
INFO:megatron.core.transformer.moe.replacement_registry:BSR-MoE replacement: failed_rank=3, replacement_rank=3, BOOTSTRAPPING → READY_FOR_REPAIR (step=3640)
WARNING:megatron.core.transformer.moe.recovery_controller:[2026-05-13 17:52:50] BSR-MoE controller: replacement assigned — failed_rank=3, replacement_rank=3 (step=3640)
INFO:megatron.core.transformer.moe.replacement_registry:BSR-MoE replacement: failed_rank=3, replacement_rank=3, READY_FOR_REPAIR → INTEGRATED (step=3640)
WARNING:megatron.core.transformer.moe.replacement_registry:BSR-MoE: replacement INTEGRATED — failed_rank=3, replacement_rank=3 (step=3640)
INFO:megatron.core.transformer.moe.replacement_registry:BSR-MoE replacement: failed_rank=3, replacement_rank=3, READY_FOR_REPAIR → INTEGRATED (step=3640)
INFO:megatron.core.transformer.moe.replacement_registry:BSR-MoE replacement: failed_rank=3, replacement_rank=3, READY_FOR_REPAIR → INTEGRATED (step=3640)
WARNING:megatron.core.transformer.moe.replacement_registry:BSR-MoE: replacement INTEGRATED — failed_rank=3, replacement_rank=3 (step=3640)
WARNING:megatron.core.transformer.moe.recovery_controller:[2026-05-13 17:52:50] BSR-MoE controller: step1 replacement_integrate elapsed=0.000s (step=3640)
WARNING:megatron.core.transformer.moe.replacement_registry:BSR-MoE: replacement INTEGRATED — failed_rank=3, replacement_rank=3 (step=3640)
WARNING:megatron.core.transformer.moe.recovery_controller:[2026-05-13 17:52:50] BSR-MoE controller: step2 group_rebuild_request elapsed=0.000s (step=3640)
WARNING:megatron.core.transformer.moe.recovery_controller:[2026-05-13 17:52:50] BSR-MoE controller: step1 replacement_integrate elapsed=0.000s (step=3640)
WARNING:megatron.core.transformer.moe.recovery_controller:[2026-05-13 17:52:50] BSR-MoE controller: step1 replacement_integrate elapsed=0.000s (step=3640)
WARNING:megatron.core.transformer.moe.recovery_controller:[2026-05-13 17:52:50] BSR-MoE controller: step3 group_rebuild_execute elapsed=0.000s (step=3640)
WARNING:megatron.core.transformer.moe.recovery_controller:[2026-05-13 17:52:50] BSR-MoE controller: step2 group_rebuild_request elapsed=0.000s (step=3640)
WARNING:megatron.core.transformer.moe.recovery_controller:[2026-05-13 17:52:50] BSR-MoE controller: step2 group_rebuild_request elapsed=0.000s (step=3640)
WARNING:megatron.core.transformer.moe.recovery_controller:[2026-05-13 17:52:50] BSR-MoE controller: step4 group_rebuild_finish elapsed=0.000s (step=3640)
WARNING:megatron.core.transformer.moe.recovery_controller:[2026-05-13 17:52:50] BSR-MoE controller: step3 group_rebuild_execute elapsed=0.000s (step=3640)
WARNING:megatron.core.transformer.moe.recovery_controller:[2026-05-13 17:52:50] BSR-MoE controller: step3 group_rebuild_execute elapsed=0.000s (step=3640)
INFO:megatron.core.transformer.moe.replacement_registry:BSR-MoE replacement: failed_rank=3, replacement_rank=3, NOT_PRESENT → BOOTSTRAPPING (step=3640)
WARNING:megatron.core.transformer.moe.recovery_controller:[2026-05-13 17:52:50] BSR-MoE controller: step5 topology_refresh elapsed=0.000s (step=3640)
WARNING:megatron.core.transformer.moe.recovery_controller:[2026-05-13 17:52:50] BSR-MoE controller: step4 group_rebuild_finish elapsed=0.000s (step=3640)
WARNING:megatron.core.transformer.moe.recovery_controller:[2026-05-13 17:52:50] BSR-MoE controller: step4 group_rebuild_finish elapsed=0.000s (step=3640)
WARNING:megatron.core.transformer.moe.replacement_registry:BSR-MoE: replacement announced — failed_rank=3 → replacement_rank=3 (step=3640, reason='')
WARNING:megatron.core.transformer.moe.recovery_controller:[2026-05-13 17:52:50] BSR-MoE controller: ⏱️  [Phase A] Infrastructure repair COMPLETED (elapsed=0.000s)
WARNING:megatron.core.transformer.moe.recovery_controller:[2026-05-13 17:52:50] BSR-MoE controller: step5 topology_refresh elapsed=0.000s (step=3640)
WARNING:megatron.core.transformer.moe.recovery_controller:[2026-05-13 17:52:50] BSR-MoE controller: step5 topology_refresh elapsed=0.000s (step=3640)
WARNING:megatron.core.transformer.moe.recovery_controller:[2026-05-13 17:52:50] BSR-MoE controller: ⏱️  [Phase B] Starting parameter recovery...
WARNING:megatron.core.transformer.moe.recovery_controller:[2026-05-13 17:52:50] BSR-MoE controller: ⏱️  [Phase A] Infrastructure repair COMPLETED (elapsed=0.000s)
WARNING:megatron.core.transformer.moe.recovery_controller:[2026-05-13 17:52:50] BSR-MoE controller: ⏱️  [Phase A] Infrastructure repair COMPLETED (elapsed=0.000s)
WARNING:megatron.core.transformer.moe.recovery_controller:[2026-05-13 17:52:50] BSR-MoE controller: PENDING_GROUP_REPAIR → WAITING_FOR_REPLACEMENT (event=replacement_assigned, step=3640)
WARNING:megatron.core.transformer.moe.recovery_controller:[2026-05-13 17:52:50] BSR-MoE controller: ⏱️  [Phase B] Starting parameter recovery...
WARNING:megatron.core.transformer.moe.recovery_controller:[2026-05-13 17:52:50] BSR-MoE controller: ⏱️  [Phase B] Starting parameter recovery...
WARNING:megatron.core.transformer.moe.recovery_controller:[2026-05-13 17:52:50] BSR-MoE controller: replacement ready — failed_rank=3 (step=3640)
WARNING:megatron.core.transformer.moe.recovery_controller:[2026-05-13 17:52:50] BSR-MoE controller: WAITING_FOR_REPLACEMENT → SAFE_POINT_REPAIR (event=replacement_ready, step=3640)
WARNING:megatron.core.transformer.moe.recovery_controller:BSR-MoE controller: restart-in-place fast path for rank 3 (replacement=self, step=3640)
WARNING:megatron.core.transformer.moe.bsr_integration:[2026-05-13 17:52:50] BSR-MoE FAULT INJECTION: next periodic fault scheduled at step 3680 (interval=40, total_injections=2)
WARNING:megatron.core.transformer.moe.recovery_controller:[2026-05-13 17:52:50] BSR-MoE controller: ⏱️  START safe-point repair at step 3640 (failed=3, replacement=3)
WARNING:megatron.core.transformer.moe.recovery_controller:[2026-05-13 17:52:50] BSR-MoE controller: ⏱️  [Phase A] Starting infrastructure repair...
INFO:megatron.core.transformer.moe.replacement_registry:BSR-MoE replacement: failed_rank=3, replacement_rank=3, BOOTSTRAPPING → READY_FOR_REPAIR (step=3640)
INFO:megatron.core.transformer.moe.replacement_registry:BSR-MoE replacement: failed_rank=3, replacement_rank=3, READY_FOR_REPAIR → INTEGRATED (step=3640)
WARNING:megatron.core.transformer.moe.replacement_registry:BSR-MoE: replacement INTEGRATED — failed_rank=3, replacement_rank=3 (step=3640)
WARNING:megatron.core.transformer.moe.recovery_controller:[2026-05-13 17:52:50] BSR-MoE controller: step1 replacement_integrate elapsed=0.000s (step=3640)
WARNING:megatron.core.transformer.moe.recovery_controller:[2026-05-13 17:52:50] BSR-MoE controller: step2 group_rebuild_request elapsed=0.000s (step=3640)
WARNING:megatron.core.transformer.moe.recovery_controller:[2026-05-13 17:52:50] BSR-MoE controller: step3 group_rebuild_execute elapsed=0.000s (step=3640)
WARNING:megatron.core.transformer.moe.recovery_controller:[2026-05-13 17:52:50] BSR-MoE controller: step4 group_rebuild_finish elapsed=0.000s (step=3640)
WARNING:megatron.core.transformer.moe.recovery_controller:[2026-05-13 17:52:50] BSR-MoE controller: step5 topology_refresh elapsed=0.000s (step=3640)
WARNING:megatron.core.transformer.moe.recovery_controller:[2026-05-13 17:52:50] BSR-MoE controller: ⏱️  [Phase A] Infrastructure repair COMPLETED (elapsed=0.000s)
WARNING:megatron.core.transformer.moe.recovery_controller:[2026-05-13 17:52:50] BSR-MoE controller: ⏱️  [Phase B] Starting parameter recovery...
INFO:megatron.core.transformer.moe.bsr_integration:BSR-MoE: found latest checkpoint with BSR manifest at /mnt/ais-c1/dataset/zds/5.12/bsr/iter_0003640 (step=3640)
INFO:megatron.core.transformer.moe.bsr_integration:BSR-MoE: found latest checkpoint with BSR manifest at /mnt/ais-c1/dataset/zds/5.12/bsr/iter_0003640 (step=3640)
INFO:megatron.core.transformer.moe.bsr_integration:BSR-MoE: found latest checkpoint with BSR manifest at /mnt/ais-c1/dataset/zds/5.12/bsr/iter_0003640 (step=3640)
INFO:megatron.core.transformer.moe.bsr_integration:BSR-MoE: found latest checkpoint with BSR manifest at /mnt/ais-c1/dataset/zds/5.12/bsr/iter_0003640 (step=3640)
INFO:megatron.core.transformer.moe.bsr_integration:BSR-MoE: found latest checkpoint with BSR manifest at /mnt/ais-c1/dataset/zds/5.12/bsr/iter_0003640 (step=3640)
INFO:megatron.core.transformer.moe.bsr_integration:BSR-MoE: found latest checkpoint with BSR manifest at /mnt/ais-c1/dataset/zds/5.12/bsr/iter_0003640 (step=3640)
INFO:megatron.core.transformer.moe.bsr_integration:BSR-MoE: found latest checkpoint with BSR manifest at /mnt/ais-c1/dataset/zds/5.12/bsr/iter_0003640 (step=3640)
INFO:megatron.core.transformer.moe.bsr_integration:BSR-MoE: found latest checkpoint with BSR manifest at /mnt/ais-c1/dataset/zds/5.12/bsr/iter_0003640 (step=3640)
WARNING:megatron.core.transformer.moe.recovery_controller:[2026-05-13 17:52:50] BSR-MoE controller: HYBRID_RECOVERY path — dense from DP peer, experts from checkpoint (step=3640, failed=3, replacement=3)
WARNING:megatron.core.transformer.moe.recovery_controller:[2026-05-13 17:52:50] BSR-MoE controller: dense_sync elapsed=0.000s (step=3640)
WARNING:megatron.core.transformer.moe.recovery_controller:[2026-05-13 17:52:50] BSR-MoE controller: HYBRID_RECOVERY path — dense from DP peer, experts from checkpoint (step=3640, failed=3, replacement=3)
WARNING:megatron.core.transformer.moe.recovery_controller:[2026-05-13 17:52:50] BSR-MoE controller: expert_restore (sync weights, deferred optimizer) elapsed=0.000s (step=3640)
WARNING:megatron.core.transformer.moe.recovery_controller:[2026-05-13 17:52:50] BSR-MoE controller: ⏱️  [Phase B] Parameter recovery COMPLETED (path=HYBRID_RECOVERY, elapsed=0.163s)
WARNING:megatron.core.transformer.moe.recovery_controller:[2026-05-13 17:52:50] BSR-MoE controller: dense_sync elapsed=0.000s (step=3640)
INFO:megatron.core.transformer.moe.bsr_integration:BSR-MoE post-recovery convergence: views consistent after HYBRID_RECOVERY path (step=3640)
WARNING:megatron.core.transformer.moe.recovery_controller:[2026-05-13 17:52:50] BSR-MoE controller: expert_restore (sync weights, deferred optimizer) elapsed=0.000s (step=3640)
WARNING:megatron.core.transformer.moe.recovery_controller:[2026-05-13 17:52:50] BSR-MoE controller: ⏱️  [Phase B→C] Post-recovery convergence completed (path=HYBRID_RECOVERY, elapsed=0.000s, step=3640)
WARNING:megatron.core.transformer.moe.recovery_controller:[2026-05-13 17:52:50] BSR-MoE controller: ⏱️  [Phase B] Parameter recovery COMPLETED (path=HYBRID_RECOVERY, elapsed=0.163s)
WARNING:megatron.core.transformer.moe.recovery_controller:[2026-05-13 17:52:50] BSR-MoE controller: HYBRID_RECOVERY path — dense from DP peer, experts from checkpoint (step=3640, failed=3, replacement=3)
WARNING:megatron.core.transformer.moe.recovery_controller:[2026-05-13 17:52:50] BSR-MoE controller: ⏱️  [Phase C] Starting post-repair...
INFO:megatron.core.transformer.moe.reintegration_barrier:BSR-MoE barrier: begin reintegration for rank 3 -> 3 (experts=[48, 49, 50, 51, 52, 53, 54, 55, 56, 57, 58, 59, 60, 61, 62, 63], step=3640)
INFO:megatron.core.transformer.moe.bsr_integration:BSR-MoE post-recovery convergence: views consistent after HYBRID_RECOVERY path (step=3640)
WARNING:megatron.core.transformer.moe.recovery_controller:[2026-05-13 17:52:50] BSR-MoE controller: ⏱️  [Phase B→C] Post-recovery convergence completed (path=HYBRID_RECOVERY, elapsed=0.000s, step=3640)
WARNING:megatron.core.transformer.moe.recovery_controller:[2026-05-13 17:52:50] BSR-MoE controller: dense_sync elapsed=0.000s (step=3640)
WARNING:megatron.core.transformer.moe.recovery_controller:[2026-05-13 17:52:50] BSR-MoE controller: ⏱️  [Phase C] Starting post-repair...
INFO:megatron.core.transformer.moe.reintegration_barrier:BSR-MoE barrier: rank 3 -> REPAIRED_NOT_ROUTED (all preconditions met, step=3640)
WARNING:megatron.core.transformer.moe.recovery_controller:[2026-05-13 17:52:50] BSR-MoE controller: reintegration barrier initialized for rank 3 (all preconditions marked, step=3640)
WARNING:megatron.core.transformer.moe.recovery_controller:[2026-05-13 17:52:50] BSR-MoE controller: expert_restore (sync weights, deferred optimizer) elapsed=0.000s (step=3640)
WARNING:megatron.core.transformer.moe.recovery_controller:[2026-05-13 17:52:50] BSR-MoE controller: SAFE_POINT_REPAIR → REINTEGRATED (event=safe_point_repair_completed, step=3640)
WARNING:megatron.core.transformer.moe.recovery_controller:[2026-05-13 17:52:50] BSR-MoE controller: ⏱️  [Phase B] Parameter recovery COMPLETED (path=HYBRID_RECOVERY, elapsed=0.163s)
INFO:megatron.core.transformer.moe.reintegration_barrier:BSR-MoE barrier: begin reintegration for rank 3 -> 3 (experts=[48, 49, 50, 51, 52, 53, 54, 55, 56, 57, 58, 59, 60, 61, 62, 63], step=3640)
WARNING:megatron.core.transformer.moe.recovery_controller:[2026-05-13 17:52:50] BSR-MoE controller: ⏱️  ✅ SAFE-POINT REPAIR COMPLETED (path=HYBRID_RECOVERY, step=3640, failed=3, replacement=3) | Total=0.163s | Breakdown: PhaseA=0.000s, PhaseB=0.163s, PhaseC=0.000s
INFO:megatron.core.transformer.moe.reintegration_barrier:BSR-MoE barrier: rank 3 -> REPAIRED_NOT_ROUTED (all preconditions met, step=3640)
WARNING:megatron.core.transformer.moe.recovery_controller:[2026-05-13 17:52:50] BSR-MoE controller: reintegration barrier initialized for rank 3 (all preconditions marked, step=3640)
INFO:megatron.core.transformer.moe.bsr_integration:BSR-MoE post-recovery convergence: views consistent after HYBRID_RECOVERY path (step=3640)
WARNING:megatron.core.transformer.moe.recovery_controller:[2026-05-13 17:52:50] BSR-MoE controller: SAFE_POINT_REPAIR → REINTEGRATED (event=safe_point_repair_completed, step=3640)
WARNING:megatron.core.transformer.moe.recovery_controller:[2026-05-13 17:52:50] BSR-MoE controller: ⏱️  [Phase B→C] Post-recovery convergence completed (path=HYBRID_RECOVERY, elapsed=0.000s, step=3640)
WARNING:megatron.core.transformer.moe.recovery_controller:[2026-05-13 17:52:50] BSR-MoE controller: HYBRID_RECOVERY path — dense from DP peer, experts from checkpoint (step=3640, failed=3, replacement=3)
WARNING:megatron.core.transformer.moe.recovery_controller:[2026-05-13 17:52:50] BSR-MoE controller: ⏱️  ✅ SAFE-POINT REPAIR COMPLETED (path=HYBRID_RECOVERY, step=3640, failed=3, replacement=3) | Total=0.163s | Breakdown: PhaseA=0.000s, PhaseB=0.163s, PhaseC=0.000s
WARNING:megatron.core.transformer.moe.recovery_controller:[2026-05-13 17:52:50] BSR-MoE controller: ⏱️  [Phase C] Starting post-repair...
INFO:megatron.core.transformer.moe.reintegration_barrier:BSR-MoE barrier: begin reintegration for rank 3 -> 3 (experts=[48, 49, 50, 51, 52, 53, 54, 55, 56, 57, 58, 59, 60, 61, 62, 63], step=3640)
WARNING:megatron.core.transformer.moe.recovery_controller:[2026-05-13 17:52:50] BSR-MoE controller: dense_sync elapsed=0.000s (step=3640)
WARNING:megatron.core.transformer.moe.recovery_controller:[2026-05-13 17:52:50] BSR-MoE controller: HYBRID_RECOVERY path — dense from DP peer, experts from checkpoint (step=3640, failed=3, replacement=3)
INFO:megatron.core.transformer.moe.reintegration_barrier:BSR-MoE barrier: rank 3 -> REPAIRED_NOT_ROUTED (all preconditions met, step=3640)
WARNING:megatron.core.transformer.moe.recovery_controller:[2026-05-13 17:52:50] BSR-MoE controller: expert_restore (sync weights, deferred optimizer) elapsed=0.000s (step=3640)
WARNING:megatron.core.transformer.moe.recovery_controller:[2026-05-13 17:52:50] BSR-MoE controller: reintegration barrier initialized for rank 3 (all preconditions marked, step=3640)
WARNING:megatron.core.transformer.moe.recovery_controller:[2026-05-13 17:52:50] BSR-MoE controller: HYBRID_RECOVERY path — dense from DP peer, experts from checkpoint (step=3640, failed=3, replacement=3)
WARNING:megatron.core.transformer.moe.recovery_controller:[2026-05-13 17:52:50] BSR-MoE controller: ⏱️  [Phase B] Parameter recovery COMPLETED (path=HYBRID_RECOVERY, elapsed=0.162s)
WARNING:megatron.core.transformer.moe.recovery_controller:[2026-05-13 17:52:50] BSR-MoE controller: HYBRID_RECOVERY path — dense from DP peer, experts from checkpoint (step=3640, failed=3, replacement=3)
WARNING:megatron.core.transformer.moe.recovery_controller:[2026-05-13 17:52:50] BSR-MoE controller: SAFE_POINT_REPAIR → REINTEGRATED (event=safe_point_repair_completed, step=3640)
WARNING:megatron.core.transformer.moe.recovery_controller:[2026-05-13 17:52:50] BSR-MoE controller: ⏱️  ✅ SAFE-POINT REPAIR COMPLETED (path=HYBRID_RECOVERY, step=3640, failed=3, replacement=3) | Total=0.163s | Breakdown: PhaseA=0.000s, PhaseB=0.163s, PhaseC=0.000s
WARNING:megatron.core.transformer.moe.recovery_controller:[2026-05-13 17:52:50] BSR-MoE controller: dense_sync elapsed=0.000s (step=3640)
WARNING:megatron.core.transformer.moe.recovery_controller:[2026-05-13 17:52:50] BSR-MoE controller: HYBRID_RECOVERY path — dense from DP peer, experts from checkpoint (step=3640, failed=3, replacement=3)
INFO:megatron.core.transformer.moe.bsr_integration:BSR-MoE post-recovery convergence: views consistent after HYBRID_RECOVERY path (step=3640)
WARNING:megatron.core.transformer.moe.recovery_controller:[2026-05-13 17:52:50] BSR-MoE controller: dense_sync elapsed=0.000s (step=3640)
WARNING:megatron.core.transformer.moe.recovery_controller:[2026-05-13 17:52:50] BSR-MoE controller: expert_restore (sync weights, deferred optimizer) elapsed=0.000s (step=3640)
WARNING:megatron.core.transformer.moe.recovery_controller:[2026-05-13 17:52:50] BSR-MoE controller: ⏱️  [Phase B→C] Post-recovery convergence completed (path=HYBRID_RECOVERY, elapsed=0.000s, step=3640)
WARNING:megatron.core.transformer.moe.recovery_controller:[2026-05-13 17:52:50] BSR-MoE controller: dense_sync elapsed=0.000s (step=3640)
WARNING:megatron.core.transformer.moe.recovery_controller:[2026-05-13 17:52:50] BSR-MoE controller: ⏱️  [Phase B] Parameter recovery COMPLETED (path=HYBRID_RECOVERY, elapsed=0.163s)
WARNING:megatron.core.transformer.moe.recovery_controller:[2026-05-13 17:52:50] BSR-MoE controller: ⏱️  [Phase C] Starting post-repair...
WARNING:megatron.core.transformer.moe.recovery_controller:[2026-05-13 17:52:50] BSR-MoE controller: expert_restore (sync weights, deferred optimizer) elapsed=0.000s (step=3640)
WARNING:megatron.core.transformer.moe.recovery_controller:[2026-05-13 17:52:50] BSR-MoE controller: dense_sync elapsed=0.000s (step=3640)
WARNING:megatron.core.transformer.moe.recovery_controller:[2026-05-13 17:52:50] BSR-MoE controller: ⏱️  [Phase B] Parameter recovery COMPLETED (path=HYBRID_RECOVERY, elapsed=0.163s)
WARNING:megatron.core.transformer.moe.recovery_controller:[2026-05-13 17:52:50] BSR-MoE controller: expert_restore (sync weights, deferred optimizer) elapsed=0.000s (step=3640)
WARNING:megatron.core.transformer.moe.recovery_controller:[2026-05-13 17:52:50] BSR-MoE controller: ⏱️  [Phase B] Parameter recovery COMPLETED (path=HYBRID_RECOVERY, elapsed=0.163s)
INFO:megatron.core.transformer.moe.bsr_integration:BSR-MoE post-recovery convergence: views consistent after HYBRID_RECOVERY path (step=3640)
WARNING:megatron.core.transformer.moe.recovery_controller:[2026-05-13 17:52:50] BSR-MoE controller: expert_restore (sync weights, deferred optimizer) elapsed=0.000s (step=3640)
INFO:megatron.core.transformer.moe.reintegration_barrier:BSR-MoE barrier: begin reintegration for rank 3 -> 3 (experts=[48, 49, 50, 51, 52, 53, 54, 55, 56, 57, 58, 59, 60, 61, 62, 63], step=3640)
WARNING:megatron.core.transformer.moe.recovery_controller:[2026-05-13 17:52:50] BSR-MoE controller: ⏱️  [Phase B→C] Post-recovery convergence completed (path=HYBRID_RECOVERY, elapsed=0.000s, step=3640)
WARNING:megatron.core.transformer.moe.recovery_controller:[2026-05-13 17:52:50] BSR-MoE controller: ⏱️  [Phase B] Parameter recovery COMPLETED (path=HYBRID_RECOVERY, elapsed=0.163s)
WARNING:megatron.core.transformer.moe.recovery_controller:[2026-05-13 17:52:50] BSR-MoE controller: ⏱️  [Phase C] Starting post-repair...
INFO:megatron.core.transformer.moe.bsr_integration:BSR-MoE post-recovery convergence: views consistent after HYBRID_RECOVERY path (step=3640)
INFO:megatron.core.transformer.moe.bsr_integration:BSR-MoE post-recovery convergence: views consistent after HYBRID_RECOVERY path (step=3640)
WARNING:megatron.core.transformer.moe.recovery_controller:[2026-05-13 17:52:50] BSR-MoE controller: ⏱️  [Phase B→C] Post-recovery convergence completed (path=HYBRID_RECOVERY, elapsed=0.000s, step=3640)
INFO:megatron.core.transformer.moe.reintegration_barrier:BSR-MoE barrier: rank 3 -> REPAIRED_NOT_ROUTED (all preconditions met, step=3640)
WARNING:megatron.core.transformer.moe.recovery_controller:[2026-05-13 17:52:50] BSR-MoE controller: ⏱️  [Phase B→C] Post-recovery convergence completed (path=HYBRID_RECOVERY, elapsed=0.000s, step=3640)
WARNING:megatron.core.transformer.moe.recovery_controller:[2026-05-13 17:52:50] BSR-MoE controller: ⏱️  [Phase C] Starting post-repair...
WARNING:megatron.core.transformer.moe.recovery_controller:[2026-05-13 17:52:50] BSR-MoE controller: reintegration barrier initialized for rank 3 (all preconditions marked, step=3640)
INFO:megatron.core.transformer.moe.bsr_integration:BSR-MoE post-recovery convergence: views consistent after HYBRID_RECOVERY path (step=3640)
WARNING:megatron.core.transformer.moe.recovery_controller:[2026-05-13 17:52:50] BSR-MoE controller: ⏱️  [Phase C] Starting post-repair...
WARNING:megatron.core.transformer.moe.recovery_controller:[2026-05-13 17:52:50] BSR-MoE controller: ⏱️  [Phase B→C] Post-recovery convergence completed (path=HYBRID_RECOVERY, elapsed=0.000s, step=3640)
WARNING:megatron.core.transformer.moe.recovery_controller:[2026-05-13 17:52:50] BSR-MoE controller: SAFE_POINT_REPAIR → REINTEGRATED (event=safe_point_repair_completed, step=3640)
INFO:megatron.core.transformer.moe.reintegration_barrier:BSR-MoE barrier: begin reintegration for rank 3 -> 3 (experts=[48, 49, 50, 51, 52, 53, 54, 55, 56, 57, 58, 59, 60, 61, 62, 63], step=3640)
WARNING:megatron.core.transformer.moe.recovery_controller:[2026-05-13 17:52:50] BSR-MoE controller: ⏱️  [Phase C] Starting post-repair...
WARNING:megatron.core.transformer.moe.recovery_controller:[2026-05-13 17:52:50] BSR-MoE controller: ⏱️  ✅ SAFE-POINT REPAIR COMPLETED (path=HYBRID_RECOVERY, step=3640, failed=3, replacement=3) | Total=0.163s | Breakdown: PhaseA=0.000s, PhaseB=0.162s, PhaseC=0.000s
INFO:megatron.core.transformer.moe.reintegration_barrier:BSR-MoE barrier: begin reintegration for rank 3 -> 3 (experts=[48, 49, 50, 51, 52, 53, 54, 55, 56, 57, 58, 59, 60, 61, 62, 63], step=3640)
INFO:megatron.core.transformer.moe.reintegration_barrier:BSR-MoE barrier: rank 3 -> REPAIRED_NOT_ROUTED (all preconditions met, step=3640)
INFO:megatron.core.transformer.moe.reintegration_barrier:BSR-MoE barrier: begin reintegration for rank 3 -> 3 (experts=[48, 49, 50, 51, 52, 53, 54, 55, 56, 57, 58, 59, 60, 61, 62, 63], step=3640)
WARNING:megatron.core.transformer.moe.recovery_controller:[2026-05-13 17:52:50] BSR-MoE controller: reintegration barrier initialized for rank 3 (all preconditions marked, step=3640)
INFO:megatron.core.transformer.moe.reintegration_barrier:BSR-MoE barrier: begin reintegration for rank 3 -> 3 (experts=[48, 49, 50, 51, 52, 53, 54, 55, 56, 57, 58, 59, 60, 61, 62, 63], step=3640)
WARNING:megatron.core.transformer.moe.recovery_controller:[2026-05-13 17:52:50] BSR-MoE controller: SAFE_POINT_REPAIR → REINTEGRATED (event=safe_point_repair_completed, step=3640)
INFO:megatron.core.transformer.moe.reintegration_barrier:BSR-MoE barrier: rank 3 -> REPAIRED_NOT_ROUTED (all preconditions met, step=3640)
INFO:megatron.core.transformer.moe.reintegration_barrier:BSR-MoE barrier: rank 3 -> REPAIRED_NOT_ROUTED (all preconditions met, step=3640)
WARNING:megatron.core.transformer.moe.recovery_controller:[2026-05-13 17:52:50] BSR-MoE controller: reintegration barrier initialized for rank 3 (all preconditions marked, step=3640)
WARNING:megatron.core.transformer.moe.recovery_controller:[2026-05-13 17:52:50] BSR-MoE controller: ⏱️  ✅ SAFE-POINT REPAIR COMPLETED (path=HYBRID_RECOVERY, step=3640, failed=3, replacement=3) | Total=0.163s | Breakdown: PhaseA=0.000s, PhaseB=0.163s, PhaseC=0.000s
WARNING:megatron.core.transformer.moe.recovery_controller:[2026-05-13 17:52:50] BSR-MoE controller: reintegration barrier initialized for rank 3 (all preconditions marked, step=3640)
INFO:megatron.core.transformer.moe.reintegration_barrier:BSR-MoE barrier: rank 3 -> REPAIRED_NOT_ROUTED (all preconditions met, step=3640)
WARNING:megatron.core.transformer.moe.recovery_controller:[2026-05-13 17:52:50] BSR-MoE controller: SAFE_POINT_REPAIR → REINTEGRATED (event=safe_point_repair_completed, step=3640)
WARNING:megatron.core.transformer.moe.recovery_controller:[2026-05-13 17:52:50] BSR-MoE controller: reintegration barrier initialized for rank 3 (all preconditions marked, step=3640)
WARNING:megatron.core.transformer.moe.recovery_controller:[2026-05-13 17:52:50] BSR-MoE controller: SAFE_POINT_REPAIR → REINTEGRATED (event=safe_point_repair_completed, step=3640)
WARNING:megatron.core.transformer.moe.recovery_controller:[2026-05-13 17:52:50] BSR-MoE controller: ⏱️  ✅ SAFE-POINT REPAIR COMPLETED (path=HYBRID_RECOVERY, step=3640, failed=3, replacement=3) | Total=0.163s | Breakdown: PhaseA=0.000s, PhaseB=0.163s, PhaseC=0.000s
WARNING:megatron.core.transformer.moe.recovery_controller:[2026-05-13 17:52:50] BSR-MoE controller: ⏱️  ✅ SAFE-POINT REPAIR COMPLETED (path=HYBRID_RECOVERY, step=3640, failed=3, replacement=3) | Total=0.164s | Breakdown: PhaseA=0.000s, PhaseB=0.163s, PhaseC=0.000s
WARNING:megatron.core.transformer.moe.recovery_controller:[2026-05-13 17:52:50] BSR-MoE controller: SAFE_POINT_REPAIR → REINTEGRATED (event=safe_point_repair_completed, step=3640)
WARNING:megatron.core.transformer.moe.recovery_controller:[2026-05-13 17:52:50] BSR-MoE controller: ⏱️  ✅ SAFE-POINT REPAIR COMPLETED (path=HYBRID_RECOVERY, step=3640, failed=3, replacement=3) | Total=0.163s | Breakdown: PhaseA=0.000s, PhaseB=0.163s, PhaseC=0.000s
WARNING:megatron.core.transformer.moe.optimizer_commit_guard:BSR-MoE OptimizerCommitGuard: BLOCKING optimizer.step() at step 3640 — explicitly blocked (reason=hard_failure_rank_3_step_3640)
INFO:megatron.core.transformer.moe.optimizer_commit_guard:BSR-MoE OptimizerCommitGuard: optimizer.step() SKIPPED at step 3640 (reason: iteration_invalidated)
WARNING:megatron.core.transformer.moe.optimizer_commit_guard:BSR-MoE OptimizerCommitGuard: BLOCKING optimizer.step() at step 3640 — explicitly blocked (reason=hard_failure_rank_3_step_3640)
INFO:megatron.core.transformer.moe.optimizer_commit_guard:BSR-MoE OptimizerCommitGuard: optimizer.step() SKIPPED at step 3640 (reason: iteration_invalidated)
WARNING:megatron.core.transformer.moe.optimizer_commit_guard:BSR-MoE OptimizerCommitGuard: BLOCKING optimizer.step() at step 3640 — explicitly blocked (reason=hard_failure_rank_3_step_3640)
INFO:megatron.core.transformer.moe.optimizer_commit_guard:BSR-MoE OptimizerCommitGuard: optimizer.step() SKIPPED at step 3640 (reason: iteration_invalidated)
WARNING:megatron.core.transformer.moe.optimizer_commit_guard:BSR-MoE OptimizerCommitGuard: BLOCKING optimizer.step() at step 3640 — explicitly blocked (reason=hard_failure_rank_3_step_3640)
WARNING:megatron.core.transformer.moe.optimizer_commit_guard:BSR-MoE OptimizerCommitGuard: BLOCKING optimizer.step() at step 3640 — explicitly blocked (reason=hard_failure_rank_3_step_3640)
INFO:megatron.core.transformer.moe.optimizer_commit_guard:BSR-MoE OptimizerCommitGuard: optimizer.step() SKIPPED at step 3640 (reason: iteration_invalidated)
INFO:megatron.core.transformer.moe.optimizer_commit_guard:BSR-MoE OptimizerCommitGuard: optimizer.step() SKIPPED at step 3640 (reason: iteration_invalidated)
WARNING:megatron.core.transformer.moe.optimizer_commit_guard:BSR-MoE OptimizerCommitGuard: BLOCKING optimizer.step() at step 3640 — explicitly blocked (reason=hard_failure_rank_3_step_3640)
WARNING:megatron.core.transformer.moe.optimizer_commit_guard:BSR-MoE OptimizerCommitGuard: BLOCKING optimizer.step() at step 3640 — explicitly blocked (reason=hard_failure_rank_3_step_3640)
INFO:megatron.core.transformer.moe.optimizer_commit_guard:BSR-MoE OptimizerCommitGuard: optimizer.step() SKIPPED at step 3640 (reason: iteration_invalidated)
WARNING:megatron.core.transformer.moe.optimizer_commit_guard:BSR-MoE OptimizerCommitGuard: BLOCKING optimizer.step() at step 3640 — explicitly blocked (reason=hard_failure_rank_3_step_3640)
INFO:megatron.core.transformer.moe.optimizer_commit_guard:BSR-MoE OptimizerCommitGuard: optimizer.step() SKIPPED at step 3640 (reason: iteration_invalidated)
INFO:megatron.core.transformer.moe.optimizer_commit_guard:BSR-MoE OptimizerCommitGuard: optimizer.step() SKIPPED at step 3640 (reason: iteration_invalidated)
 [2026-05-13 17:53:31] iteration     3641/   20000 | consumed samples:       233024 | elapsed time per iteration (ms): 41617.5 | learning rate: 9.315717E-05 | global batch size:    64 | load_balancing_loss: 1.028629E+00 | loss scale: 1.0 | number of skipped iterations:   1 | number of nan iterations:   0 |
WARNING:megatron.core.transformer.moe.reintegration_barrier:BSR-MoE barrier: rank 3 reintegrated at step 3641 (replacement=3, experts=[48, 49, 50, 51, 52, 53, 54, 55, 56, 57, 58, 59, 60, 61, 62, 63])
INFO:megatron.core.transformer.moe.recovery_controller:BSR-MoE controller: barrier reintegration executed for rank 3 at step 3641
WARNING:megatron.core.transformer.moe.reintegration_barrier:BSR-MoE barrier: rank 3 reintegrated at step 3641 (replacement=3, experts=[48, 49, 50, 51, 52, 53, 54, 55, 56, 57, 58, 59, 60, 61, 62, 63])
INFO:megatron.core.transformer.moe.recovery_controller:BSR-MoE controller: barrier reintegration executed for rank 3 at step 3641
WARNING:megatron.core.transformer.moe.recovery_controller:[2026-05-13 17:53:31] BSR-MoE controller: REINTEGRATED → HEALTHY_TRAINING (event=reintegration_finalized, step=3641)
WARNING:megatron.core.transformer.moe.recovery_controller:[2026-05-13 17:53:31] BSR-MoE controller: reintegration finalized at step 3641 (1 recoveries completed)
WARNING:megatron.core.transformer.moe.recovery_controller:[2026-05-13 17:53:31] BSR-MoE controller: REINTEGRATED → HEALTHY_TRAINING (event=reintegration_finalized, step=3641)
WARNING:megatron.core.transformer.moe.reintegration_barrier:BSR-MoE barrier: rank 3 reintegrated at step 3641 (replacement=3, experts=[48, 49, 50, 51, 52, 53, 54, 55, 56, 57, 58, 59, 60, 61, 62, 63])
WARNING:megatron.core.transformer.moe.recovery_controller:[2026-05-13 17:53:31] BSR-MoE controller: reintegration finalized at step 3641 (1 recoveries completed)
INFO:megatron.core.transformer.moe.recovery_controller:BSR-MoE controller: barrier reintegration executed for rank 3 at step 3641
WARNING:megatron.core.transformer.moe.recovery_controller:[2026-05-13 17:53:31] BSR-MoE controller: REINTEGRATED → HEALTHY_TRAINING (event=reintegration_finalized, step=3641)
WARNING:megatron.core.transformer.moe.recovery_controller:[2026-05-13 17:53:31] BSR-MoE controller: reintegration finalized at step 3641 (1 recoveries completed)
WARNING:megatron.core.transformer.moe.reintegration_barrier:BSR-MoE barrier: rank 3 reintegrated at step 3641 (replacement=3, experts=[48, 49, 50, 51, 52, 53, 54, 55, 56, 57, 58, 59, 60, 61, 62, 63])
INFO:megatron.core.transformer.moe.recovery_controller:BSR-MoE controller: barrier reintegration executed for rank 3 at step 3641
WARNING:megatron.core.transformer.moe.reintegration_barrier:BSR-MoE barrier: rank 3 reintegrated at step 3641 (replacement=3, experts=[48, 49, 50, 51, 52, 53, 54, 55, 56, 57, 58, 59, 60, 61, 62, 63])
INFO:megatron.core.transformer.moe.recovery_controller:BSR-MoE controller: barrier reintegration executed for rank 3 at step 3641
WARNING:megatron.core.transformer.moe.recovery_controller:[2026-05-13 17:53:31] BSR-MoE controller: REINTEGRATED → HEALTHY_TRAINING (event=reintegration_finalized, step=3641)
WARNING:megatron.core.transformer.moe.recovery_controller:[2026-05-13 17:53:31] BSR-MoE controller: reintegration finalized at step 3641 (1 recoveries completed)
WARNING:megatron.core.transformer.moe.recovery_controller:[2026-05-13 17:53:31] BSR-MoE controller: REINTEGRATED → HEALTHY_TRAINING (event=reintegration_finalized, step=3641)
WARNING:megatron.core.transformer.moe.recovery_controller:[2026-05-13 17:53:31] BSR-MoE controller: reintegration finalized at step 3641 (1 recoveries completed)
WARNING:megatron.core.transformer.moe.reintegration_barrier:BSR-MoE barrier: rank 3 reintegrated at step 3641 (replacement=3, experts=[48, 49, 50, 51, 52, 53, 54, 55, 56, 57, 58, 59, 60, 61, 62, 63])
WARNING:megatron.core.transformer.moe.reintegration_barrier:BSR-MoE barrier: rank 3 reintegrated at step 3641 (replacement=3, experts=[48, 49, 50, 51, 52, 53, 54, 55, 56, 57, 58, 59, 60, 61, 62, 63])
INFO:megatron.core.transformer.moe.recovery_controller:BSR-MoE controller: barrier reintegration executed for rank 3 at step 3641
INFO:megatron.core.transformer.moe.recovery_controller:BSR-MoE controller: barrier reintegration executed for rank 3 at step 3641
WARNING:megatron.core.transformer.moe.reintegration_barrier:BSR-MoE barrier: rank 3 reintegrated at step 3641 (replacement=3, experts=[48, 49, 50, 51, 52, 53, 54, 55, 56, 57, 58, 59, 60, 61, 62, 63])
INFO:megatron.core.transformer.moe.recovery_controller:BSR-MoE controller: barrier reintegration executed for rank 3 at step 3641
WARNING:megatron.core.transformer.moe.recovery_controller:[2026-05-13 17:53:31] BSR-MoE controller: REINTEGRATED → HEALTHY_TRAINING (event=reintegration_finalized, step=3641)
WARNING:megatron.core.transformer.moe.recovery_controller:[2026-05-13 17:53:31] BSR-MoE controller: REINTEGRATED → HEALTHY_TRAINING (event=reintegration_finalized, step=3641)
WARNING:megatron.core.transformer.moe.recovery_controller:[2026-05-13 17:53:31] BSR-MoE controller: reintegration finalized at step 3641 (1 recoveries completed)
WARNING:megatron.core.transformer.moe.recovery_controller:[2026-05-13 17:53:31] BSR-MoE controller: reintegration finalized at step 3641 (1 recoveries completed)
WARNING:megatron.core.transformer.moe.recovery_controller:[2026-05-13 17:53:31] BSR-MoE controller: REINTEGRATED → HEALTHY_TRAINING (event=reintegration_finalized, step=3641)
WARNING:megatron.core.transformer.moe.recovery_controller:[2026-05-13 17:53:31] BSR-MoE controller: reintegration finalized at step 3641 (1 recoveries completed)
 [2026-05-13 17:53:53] iteration     3642/   20000 | consumed samples:       233088 | elapsed time per iteration (ms): 21473.9 | learning rate: 9.315342E-05 | global batch size:    64 | load_balancing_loss: 1.030863E+00 | lm loss: 3.091429E+00 | loss scale: 1.0 | grad norm: 0.201 | number of skipped iterations:   0 | number of nan iterations:   0 |
 [2026-05-13 17:54:03] iteration     3643/   20000 | consumed samples:       233152 | elapsed time per iteration (ms): 10527.0 | learning rate: 9.314967E-05 | global batch size:    64 | load_balancing_loss: 1.037251E+00 | lm loss: 3.175809E+00 | loss scale: 1.0 | grad norm: 0.192 | number of skipped iterations:   0 | number of nan iterations:   0 |
 [2026-05-13 17:54:14] iteration     3644/   20000 | consumed samples:       233216 | elapsed time per iteration (ms): 10543.9 | learning rate: 9.314592E-05 | global batch size:    64 | load_balancing_loss: 1.031621E+00 | lm loss: 3.232733E+00 | loss scale: 1.0 | grad norm: 0.196 | number of skipped iterations:   0 | number of nan iterations:   0 |
 [2026-05-13 17:54:25] iteration     3645/   20000 | consumed samples:       233280 | elapsed time per iteration (ms): 10542.6 | learning rate: 9.314217E-05 | global batch size:    64 | load_balancing_loss: 1.037350E+00 | lm loss: 3.153904E+00 | loss scale: 1.0 | grad norm: 0.193 | number of skipped iterations:   0 | number of nan iterations:   0 |
 [2026-05-13 17:54:35] iteration     3646/   20000 | consumed samples:       233344 | elapsed time per iteration (ms): 10544.2 | learning rate: 9.313841E-05 | global batch size:    64 | load_balancing_loss: 1.034133E+00 | lm loss: 3.171695E+00 | loss scale: 1.0 | grad norm: 0.193 | number of skipped iterations:   0 | number of nan iterations:   0 |
 [2026-05-13 17:54:46] iteration     3647/   20000 | consumed samples:       233408 | elapsed time per iteration (ms): 10543.2 | learning rate: 9.313467E-05 | global batch size:    64 | load_balancing_loss: 1.036191E+00 | lm loss: 3.194876E+00 | loss scale: 1.0 | grad norm: 0.198 | number of skipped iterations:   0 | number of nan iterations:   0 |
 [2026-05-13 17:54:56] iteration     3648/   20000 | consumed samples:       233472 | elapsed time per iteration (ms): 10545.1 | learning rate: 9.313091E-05 | global batch size:    64 | load_balancing_loss: 1.034662E+00 | lm loss: 3.252152E+00 | loss scale: 1.0 | grad norm: 0.200 | number of skipped iterations:   0 | number of nan iterations:   0 |
 [2026-05-13 17:55:07] iteration     3649/   20000 | consumed samples:       233536 | elapsed time per iteration (ms): 10534.8 | learning rate: 9.312716E-05 | global batch size:    64 | load_balancing_loss: 1.034030E+00 | lm loss: 3.148126E+00 | loss scale: 1.0 | grad norm: 0.213 | number of skipped iterations:   0 | number of nan iterations:   0 |
 [2026-05-13 17:55:17] iteration     3650/   20000 | consumed samples:       233600 | elapsed time per iteration (ms): 10502.8 | learning rate: 9.312340E-05 | global batch size:    64 | load_balancing_loss: 1.035223E+00 | lm loss: 3.281457E+00 | loss scale: 1.0 | grad norm: 0.208 | number of skipped iterations:   0 | number of nan iterations:   0 |
 [2026-05-13 17:55:28] iteration     3651/   20000 | consumed samples:       233664 | elapsed time per iteration (ms): 10570.2 | learning rate: 9.311964E-05 | global batch size:    64 | load_balancing_loss: 1.039517E+00 | lm loss: 3.154514E+00 | loss scale: 1.0 | grad norm: 0.207 | number of skipped iterations:   0 | number of nan iterations:   0 |
 [2026-05-13 17:55:38] iteration     3652/   20000 | consumed samples:       233728 | elapsed time per iteration (ms): 10532.7 | learning rate: 9.311589E-05 | global batch size:    64 | load_balancing_loss: 1.037656E+00 | lm loss: 3.125444E+00 | loss scale: 1.0 | grad norm: 0.200 | number of skipped iterations:   0 | number of nan iterations:   0 |
 [2026-05-13 17:55:49] iteration     3653/   20000 | consumed samples:       233792 | elapsed time per iteration (ms): 10743.9 | learning rate: 9.311212E-05 | global batch size:    64 | load_balancing_loss: 1.033019E+00 | lm loss: 3.095282E+00 | loss scale: 1.0 | grad norm: 0.192 | number of skipped iterations:   0 | number of nan iterations:   0 |
 [2026-05-13 17:56:00] iteration     3654/   20000 | consumed samples:       233856 | elapsed time per iteration (ms): 10562.0 | learning rate: 9.310836E-05 | global batch size:    64 | load_balancing_loss: 1.035877E+00 | lm loss: 3.238098E+00 | loss scale: 1.0 | grad norm: 0.206 | number of skipped iterations:   0 | number of nan iterations:   0 |
 [2026-05-13 17:56:10] iteration     3655/   20000 | consumed samples:       233920 | elapsed time per iteration (ms): 10538.3 | learning rate: 9.310460E-05 | global batch size:    64 | load_balancing_loss: 1.043544E+00 | lm loss: 3.159439E+00 | loss scale: 1.0 | grad norm: 0.195 | number of skipped iterations:   0 | number of nan iterations:   0 |
 [2026-05-13 17:56:21] iteration     3656/   20000 | consumed samples:       233984 | elapsed time per iteration (ms): 10551.0 | learning rate: 9.310084E-05 | global batch size:    64 | load_balancing_loss: 1.038365E+00 | lm loss: 3.173351E+00 | loss scale: 1.0 | grad norm: 0.247 | number of skipped iterations:   0 | number of nan iterations:   0 |
 [2026-05-13 17:56:31] iteration     3657/   20000 | consumed samples:       234048 | elapsed time per iteration (ms): 10537.4 | learning rate: 9.309708E-05 | global batch size:    64 | load_balancing_loss: 1.030670E+00 | lm loss: 3.141285E+00 | loss scale: 1.0 | grad norm: 0.194 | number of skipped iterations:   0 | number of nan iterations:   0 |
 [2026-05-13 17:56:42] iteration     3658/   20000 | consumed samples:       234112 | elapsed time per iteration (ms): 10546.4 | learning rate: 9.309332E-05 | global batch size:    64 | load_balancing_loss: 1.036133E+00 | lm loss: 3.172892E+00 | loss scale: 1.0 | grad norm: 0.198 | number of skipped iterations:   0 | number of nan iterations:   0 |
 [2026-05-13 17:56:52] iteration     3659/   20000 | consumed samples:       234176 | elapsed time per iteration (ms): 10552.8 | learning rate: 9.308955E-05 | global batch size:    64 | load_balancing_loss: 1.036375E+00 | lm loss: 3.138036E+00 | loss scale: 1.0 | grad norm: 0.196 | number of skipped iterations:   0 | number of nan iterations:   0 |
 [2026-05-13 17:57:03] iteration     3660/   20000 | consumed samples:       234240 | elapsed time per iteration (ms): 10538.1 | learning rate: 9.308579E-05 | global batch size:    64 | load_balancing_loss: 1.032902E+00 | lm loss: 3.222856E+00 | loss scale: 1.0 | grad norm: 0.193 | number of skipped iterations:   0 | number of nan iterations:   0 |
 [2026-05-13 17:57:13] iteration     3661/   20000 | consumed samples:       234304 | elapsed time per iteration (ms): 10542.8 | learning rate: 9.308202E-05 | global batch size:    64 | load_balancing_loss: 1.045201E+00 | lm loss: 3.188563E+00 | loss scale: 1.0 | grad norm: 0.194 | number of skipped iterations:   0 | number of nan iterations:   0 |
 [2026-05-13 17:57:24] iteration     3662/   20000 | consumed samples:       234368 | elapsed time per iteration (ms): 10559.2 | learning rate: 9.307826E-05 | global batch size:    64 | load_balancing_loss: 1.033970E+00 | lm loss: 3.083203E+00 | loss scale: 1.0 | grad norm: 0.198 | number of skipped iterations:   0 | number of nan iterations:   0 |
 [2026-05-13 17:57:35] iteration     3663/   20000 | consumed samples:       234432 | elapsed time per iteration (ms): 10627.6 | learning rate: 9.307449E-05 | global batch size:    64 | load_balancing_loss: 1.034147E+00 | lm loss: 3.145437E+00 | loss scale: 1.0 | grad norm: 0.195 | number of skipped iterations:   0 | number of nan iterations:   0 |
 [2026-05-13 17:57:45] iteration     3664/   20000 | consumed samples:       234496 | elapsed time per iteration (ms): 10567.7 | learning rate: 9.307072E-05 | global batch size:    64 | load_balancing_loss: 1.039568E+00 | lm loss: 3.199298E+00 | loss scale: 1.0 | grad norm: 0.565 | number of skipped iterations:   0 | number of nan iterations:   0 |
 [2026-05-13 17:57:56] iteration     3665/   20000 | consumed samples:       234560 | elapsed time per iteration (ms): 10552.2 | learning rate: 9.306695E-05 | global batch size:    64 | load_balancing_loss: 1.037323E+00 | lm loss: 3.180586E+00 | loss scale: 1.0 | grad norm: 0.192 | number of skipped iterations:   0 | number of nan iterations:   0 |
 [2026-05-13 17:58:06] iteration     3666/   20000 | consumed samples:       234624 | elapsed time per iteration (ms): 10550.6 | learning rate: 9.306317E-05 | global batch size:    64 | load_balancing_loss: 1.029443E+00 | lm loss: 3.171074E+00 | loss scale: 1.0 | grad norm: 0.193 | number of skipped iterations:   0 | number of nan iterations:   0 |
 [2026-05-13 17:58:17] iteration     3667/   20000 | consumed samples:       234688 | elapsed time per iteration (ms): 10556.3 | learning rate: 9.305940E-05 | global batch size:    64 | load_balancing_loss: 1.034472E+00 | lm loss: 3.243474E+00 | loss scale: 1.0 | grad norm: 0.195 | number of skipped iterations:   0 | number of nan iterations:   0 |
 [2026-05-13 17:58:27] iteration     3668/   20000 | consumed samples:       234752 | elapsed time per iteration (ms): 10570.4 | learning rate: 9.305563E-05 | global batch size:    64 | load_balancing_loss: 1.032637E+00 | lm loss: 3.174634E+00 | loss scale: 1.0 | grad norm: 0.206 | number of skipped iterations:   0 | number of nan iterations:   0 |
 [2026-05-13 17:58:38] iteration     3669/   20000 | consumed samples:       234816 | elapsed time per iteration (ms): 10572.5 | learning rate: 9.305186E-05 | global batch size:    64 | load_balancing_loss: 1.032752E+00 | lm loss: 3.181105E+00 | loss scale: 1.0 | grad norm: 0.227 | number of skipped iterations:   0 | number of nan iterations:   0 |
 [2026-05-13 17:58:49] iteration     3670/   20000 | consumed samples:       234880 | elapsed time per iteration (ms): 10569.2 | learning rate: 9.304808E-05 | global batch size:    64 | load_balancing_loss: 1.033844E+00 | lm loss: 3.145377E+00 | loss scale: 1.0 | grad norm: 0.190 | number of skipped iterations:   0 | number of nan iterations:   0 |
 [2026-05-13 17:58:59] iteration     3671/   20000 | consumed samples:       234944 | elapsed time per iteration (ms): 10567.6 | learning rate: 9.304431E-05 | global batch size:    64 | load_balancing_loss: 1.037931E+00 | lm loss: 3.200838E+00 | loss scale: 1.0 | grad norm: 0.193 | number of skipped iterations:   0 | number of nan iterations:   0 |
 [2026-05-13 17:59:10] iteration     3672/   20000 | consumed samples:       235008 | elapsed time per iteration (ms): 10787.3 | learning rate: 9.304053E-05 | global batch size:    64 | load_balancing_loss: 1.036591E+00 | lm loss: 3.086987E+00 | loss scale: 1.0 | grad norm: 0.199 | number of skipped iterations:   0 | number of nan iterations:   0 |
 [2026-05-13 17:59:21] iteration     3673/   20000 | consumed samples:       235072 | elapsed time per iteration (ms): 10551.7 | learning rate: 9.303675E-05 | global batch size:    64 | load_balancing_loss: 1.037002E+00 | lm loss: 3.162315E+00 | loss scale: 1.0 | grad norm: 0.196 | number of skipped iterations:   0 | number of nan iterations:   0 |
 [2026-05-13 17:59:31] iteration     3674/   20000 | consumed samples:       235136 | elapsed time per iteration (ms): 10575.7 | learning rate: 9.303297E-05 | global batch size:    64 | load_balancing_loss: 1.035784E+00 | lm loss: 3.127138E+00 | loss scale: 1.0 | grad norm: 0.195 | number of skipped iterations:   0 | number of nan iterations:   0 |
 [2026-05-13 17:59:42] iteration     3675/   20000 | consumed samples:       235200 | elapsed time per iteration (ms): 10567.6 | learning rate: 9.302919E-05 | global batch size:    64 | load_balancing_loss: 1.038746E+00 | lm loss: 3.205624E+00 | loss scale: 1.0 | grad norm: 0.196 | number of skipped iterations:   0 | number of nan iterations:   0 |
 [2026-05-13 17:59:52] iteration     3676/   20000 | consumed samples:       235264 | elapsed time per iteration (ms): 10572.3 | learning rate: 9.302541E-05 | global batch size:    64 | load_balancing_loss: 1.037414E+00 | lm loss: 3.222250E+00 | loss scale: 1.0 | grad norm: 0.206 | number of skipped iterations:   0 | number of nan iterations:   0 |
 [2026-05-13 18:00:03] iteration     3677/   20000 | consumed samples:       235328 | elapsed time per iteration (ms): 10557.3 | learning rate: 9.302163E-05 | global batch size:    64 | load_balancing_loss: 1.035074E+00 | lm loss: 3.167840E+00 | loss scale: 1.0 | grad norm: 0.200 | number of skipped iterations:   0 | number of nan iterations:   0 |
 [2026-05-13 18:00:13] iteration     3678/   20000 | consumed samples:       235392 | elapsed time per iteration (ms): 10564.0 | learning rate: 9.301785E-05 | global batch size:    64 | load_balancing_loss: 1.036709E+00 | lm loss: 3.197970E+00 | loss scale: 1.0 | grad norm: 0.206 | number of skipped iterations:   0 | number of nan iterations:   0 |
 [2026-05-13 18:00:24] iteration     3679/   20000 | consumed samples:       235456 | elapsed time per iteration (ms): 10600.6 | learning rate: 9.301407E-05 | global batch size:    64 | load_balancing_loss: 1.035114E+00 | lm loss: 3.229029E+00 | loss scale: 1.0 | grad norm: 0.200 | number of skipped iterations:   0 | number of nan iterations:   0 |
 [2026-05-13 18:00:35] iteration     3680/   20000 | consumed samples:       235520 | elapsed time per iteration (ms): 10559.5 | learning rate: 9.301028E-05 | global batch size:    64 | load_balancing_loss: 1.037741E+00 | lm loss: 3.214888E+00 | loss scale: 1.0 | grad norm: 0.204 | number of skipped iterations:   0 | number of nan iterations:   0 |
INFO:megatron.core.transformer.moe.bsr_integration:BSR-MoE: checkpoint metadata injected (iteration=3680, phase=HEALTHY_TRAINING)
INFO:megatron.core.transformer.moe.bsr_integration:BSR-MoE: checkpoint metadata injected (iteration=3680, phase=HEALTHY_TRAINING)
INFO:megatron.core.transformer.moe.bsr_integration:BSR-MoE: checkpoint metadata injected (iteration=3680, phase=HEALTHY_TRAINING)
INFO:megatron.core.transformer.moe.bsr_integration:BSR-MoE: checkpoint metadata injected (iteration=3680, phase=HEALTHY_TRAINING)
INFO:megatron.core.transformer.moe.bsr_integration:BSR-MoE: checkpoint metadata injected (iteration=3680, phase=HEALTHY_TRAINING)
INFO:megatron.core.transformer.moe.bsr_integration:BSR-MoE: checkpoint metadata injected (iteration=3680, phase=HEALTHY_TRAINING)
INFO:megatron.core.transformer.moe.bsr_integration:BSR-MoE: checkpoint metadata injected (iteration=3680, phase=HEALTHY_TRAINING)
INFO:megatron.core.transformer.moe.bsr_integration:BSR-MoE: checkpoint metadata injected (iteration=3680, phase=HEALTHY_TRAINING)
(min, max) time across ranks (ms):
    save-checkpoint ................................: (37344.54, 37345.11)
WARNING:megatron.core.transformer.moe.bsr_integration:[2026-05-13 18:01:12] BSR-MoE FAULT INJECTION #3: type=restart_in_place, rank=35, step=3680, experts=[48, 49, 50, 51, 52, 53, 54, 55, 56, 57, 58, 59, 60, 61, 62, 63], ep_group=[32, 33, 34, 35, 36, 37, 38, 39]
WARNING:megatron.core.transformer.moe.bsr_integration:[2026-05-13 18:01:12] BSR-MoE FAULT INJECTION #3: type=restart_in_place, rank=35, step=3680, experts=[48, 49, 50, 51, 52, 53, 54, 55, 56, 57, 58, 59, 60, 61, 62, 63], ep_group=[32, 33, 34, 35, 36, 37, 38, 39]
WARNING:megatron.core.transformer.moe.recovery_controller:[2026-05-13 18:01:12] BSR-MoE controller: rank 35 HARD FAILURE (step=3680, reason=scheduled_restart_in_place_injection, experts=[48, 49, 50, 51, 52, 53, 54, 55, 56, 57, 58, 59, 60, 61, 62, 63], mid_iteration=False)
WARNING:megatron.core.transformer.moe.recovery_controller:[2026-05-13 18:01:12] BSR-MoE controller: rank 35 HARD FAILURE (step=3680, reason=scheduled_restart_in_place_injection, experts=[48, 49, 50, 51, 52, 53, 54, 55, 56, 57, 58, 59, 60, 61, 62, 63], mid_iteration=False)
INFO:megatron.core.transformer.moe.recovery_controller:ExpertRecoveryTracker: experts [48, 49, 50, 51, 52, 53, 54, 55, 56, 57, 58, 59, 60, 61, 62, 63] → RECOVERING (step=3680)
INFO:megatron.core.transformer.moe.recovery_controller:ExpertRecoveryTracker: experts [48, 49, 50, 51, 52, 53, 54, 55, 56, 57, 58, 59, 60, 61, 62, 63] → RECOVERING (step=3680)
WARNING:megatron.core.transformer.moe.optimizer_commit_guard:OptimizerCommitGuard: commit BLOCKED (reason=hard_failure_rank_35_step_3680)
WARNING:megatron.core.transformer.moe.bsr_integration:BSR-MoE: optimizer commit blocked for step 3680 (hard failure of rank 35)
WARNING:megatron.core.transformer.moe.optimizer_commit_guard:OptimizerCommitGuard: commit BLOCKED (reason=hard_failure_rank_35_step_3680)
WARNING:megatron.core.transformer.moe.bsr_integration:BSR-MoE: entering waiting-for-replacement state (failed_rank=35, step=3680, experts=[48, 49, 50, 51, 52, 53, 54, 55, 56, 57, 58, 59, 60, 61, 62, 63])
WARNING:megatron.core.transformer.moe.bsr_integration:BSR-MoE: optimizer commit blocked for step 3680 (hard failure of rank 35)
WARNING:megatron.core.transformer.moe.bsr_integration:BSR-MoE: entering waiting-for-replacement state (failed_rank=35, step=3680, experts=[48, 49, 50, 51, 52, 53, 54, 55, 56, 57, 58, 59, 60, 61, 62, 63])
WARNING:megatron.core.transformer.moe.recovery_controller:[2026-05-13 18:01:12] BSR-MoE controller: HEALTHY_TRAINING → PENDING_GROUP_REPAIR (event=hard_rank_failure, step=3680)
WARNING:megatron.core.transformer.moe.bsr_integration:[2026-05-13 18:01:12] BSR-MoE FAULT INJECTION #3: type=restart_in_place, rank=35, step=3680, experts=[48, 49, 50, 51, 52, 53, 54, 55, 56, 57, 58, 59, 60, 61, 62, 63], ep_group=[32, 33, 34, 35, 36, 37, 38, 39]
WARNING:megatron.core.transformer.moe.recovery_controller:[2026-05-13 18:01:12] BSR-MoE controller: HEALTHY_TRAINING → PENDING_GROUP_REPAIR (event=hard_rank_failure, step=3680)
WARNING:megatron.core.transformer.moe.bsr_integration:[2026-05-13 18:01:12] BSR-MoE FAULT INJECTION #3: type=restart_in_place, rank=35, step=3680, experts=[48, 49, 50, 51, 52, 53, 54, 55, 56, 57, 58, 59, 60, 61, 62, 63], ep_group=[32, 33, 34, 35, 36, 37, 38, 39]
WARNING:megatron.core.transformer.moe.recovery_controller:[2026-05-13 18:01:12] BSR-MoE controller: replacement assigned — failed_rank=35, replacement_rank=35 (step=3680)
WARNING:megatron.core.transformer.moe.recovery_controller:[2026-05-13 18:01:12] BSR-MoE controller: replacement assigned — failed_rank=35, replacement_rank=35 (step=3680)
WARNING:megatron.core.transformer.moe.recovery_controller:[2026-05-13 18:01:12] BSR-MoE controller: rank 35 HARD FAILURE (step=3680, reason=scheduled_restart_in_place_injection, experts=[48, 49, 50, 51, 52, 53, 54, 55, 56, 57, 58, 59, 60, 61, 62, 63], mid_iteration=False)
WARNING:megatron.core.transformer.moe.bsr_integration:[2026-05-13 18:01:12] BSR-MoE FAULT INJECTION #3: type=restart_in_place, rank=35, step=3680, experts=[48, 49, 50, 51, 52, 53, 54, 55, 56, 57, 58, 59, 60, 61, 62, 63], ep_group=[32, 33, 34, 35, 36, 37, 38, 39]
WARNING:megatron.core.transformer.moe.bsr_integration:[2026-05-13 18:01:12] BSR-MoE FAULT INJECTION #3: type=restart_in_place, rank=35, step=3680, experts=[48, 49, 50, 51, 52, 53, 54, 55, 56, 57, 58, 59, 60, 61, 62, 63], ep_group=[32, 33, 34, 35, 36, 37, 38, 39]
INFO:megatron.core.transformer.moe.replacement_registry:BSR-MoE replacement: failed_rank=35, replacement_rank=35, NOT_PRESENT → BOOTSTRAPPING (step=3680)
INFO:megatron.core.transformer.moe.replacement_registry:BSR-MoE replacement: failed_rank=35, replacement_rank=35, NOT_PRESENT → BOOTSTRAPPING (step=3680)
WARNING:megatron.core.transformer.moe.replacement_registry:BSR-MoE: replacement announced — failed_rank=35 → replacement_rank=35 (step=3680, reason='')
WARNING:megatron.core.transformer.moe.replacement_registry:BSR-MoE: replacement announced — failed_rank=35 → replacement_rank=35 (step=3680, reason='')
WARNING:megatron.core.transformer.moe.recovery_controller:[2026-05-13 18:01:12] BSR-MoE controller: rank 35 HARD FAILURE (step=3680, reason=scheduled_restart_in_place_injection, experts=[48, 49, 50, 51, 52, 53, 54, 55, 56, 57, 58, 59, 60, 61, 62, 63], mid_iteration=False)
INFO:megatron.core.transformer.moe.recovery_controller:ExpertRecoveryTracker: experts [48, 49, 50, 51, 52, 53, 54, 55, 56, 57, 58, 59, 60, 61, 62, 63] → RECOVERING (step=3680)
WARNING:megatron.core.transformer.moe.recovery_controller:[2026-05-13 18:01:12] BSR-MoE controller: PENDING_GROUP_REPAIR → WAITING_FOR_REPLACEMENT (event=replacement_assigned, step=3680)
WARNING:megatron.core.transformer.moe.recovery_controller:[2026-05-13 18:01:12] BSR-MoE controller: PENDING_GROUP_REPAIR → WAITING_FOR_REPLACEMENT (event=replacement_assigned, step=3680)
WARNING:megatron.core.transformer.moe.recovery_controller:[2026-05-13 18:01:12] BSR-MoE controller: replacement ready — failed_rank=35 (step=3680)
WARNING:megatron.core.transformer.moe.recovery_controller:[2026-05-13 18:01:12] BSR-MoE controller: replacement ready — failed_rank=35 (step=3680)
INFO:megatron.core.transformer.moe.recovery_controller:ExpertRecoveryTracker: experts [48, 49, 50, 51, 52, 53, 54, 55, 56, 57, 58, 59, 60, 61, 62, 63] → RECOVERING (step=3680)
WARNING:megatron.core.transformer.moe.bsr_integration:[2026-05-13 18:01:12] BSR-MoE FAULT INJECTION #3: type=restart_in_place, rank=35, step=3680, experts=[48, 49, 50, 51, 52, 53, 54, 55, 56, 57, 58, 59, 60, 61, 62, 63], ep_group=[32, 33, 34, 35, 36, 37, 38, 39]
WARNING:megatron.core.transformer.moe.recovery_controller:[2026-05-13 18:01:12] BSR-MoE controller: WAITING_FOR_REPLACEMENT → SAFE_POINT_REPAIR (event=replacement_ready, step=3680)
WARNING:megatron.core.transformer.moe.recovery_controller:[2026-05-13 18:01:12] BSR-MoE controller: WAITING_FOR_REPLACEMENT → SAFE_POINT_REPAIR (event=replacement_ready, step=3680)
WARNING:megatron.core.transformer.moe.optimizer_commit_guard:OptimizerCommitGuard: commit BLOCKED (reason=hard_failure_rank_35_step_3680)
WARNING:megatron.core.transformer.moe.recovery_controller:[2026-05-13 18:01:12] BSR-MoE controller: rank 35 HARD FAILURE (step=3680, reason=scheduled_restart_in_place_injection, experts=[48, 49, 50, 51, 52, 53, 54, 55, 56, 57, 58, 59, 60, 61, 62, 63], mid_iteration=False)
WARNING:megatron.core.transformer.moe.recovery_controller:BSR-MoE controller: restart-in-place fast path for rank 35 (replacement=self, step=3680)
WARNING:megatron.core.transformer.moe.recovery_controller:BSR-MoE controller: restart-in-place fast path for rank 35 (replacement=self, step=3680)
WARNING:megatron.core.transformer.moe.recovery_controller:[2026-05-13 18:01:12] BSR-MoE controller: rank 35 HARD FAILURE (step=3680, reason=scheduled_restart_in_place_injection, experts=[48, 49, 50, 51, 52, 53, 54, 55, 56, 57, 58, 59, 60, 61, 62, 63], mid_iteration=False)
WARNING:megatron.core.transformer.moe.bsr_integration:BSR-MoE: optimizer commit blocked for step 3680 (hard failure of rank 35)
WARNING:megatron.core.transformer.moe.bsr_integration:[2026-05-13 18:01:12] BSR-MoE FAULT INJECTION: next periodic fault scheduled at step 3720 (interval=40, total_injections=3)
WARNING:megatron.core.transformer.moe.bsr_integration:[2026-05-13 18:01:12] BSR-MoE FAULT INJECTION: next periodic fault scheduled at step 3720 (interval=40, total_injections=3)
WARNING:megatron.core.transformer.moe.bsr_integration:BSR-MoE: entering waiting-for-replacement state (failed_rank=35, step=3680, experts=[48, 49, 50, 51, 52, 53, 54, 55, 56, 57, 58, 59, 60, 61, 62, 63])
WARNING:megatron.core.transformer.moe.optimizer_commit_guard:OptimizerCommitGuard: commit BLOCKED (reason=hard_failure_rank_35_step_3680)
INFO:megatron.core.transformer.moe.recovery_controller:ExpertRecoveryTracker: experts [48, 49, 50, 51, 52, 53, 54, 55, 56, 57, 58, 59, 60, 61, 62, 63] → RECOVERING (step=3680)
WARNING:megatron.core.transformer.moe.bsr_integration:BSR-MoE: optimizer commit blocked for step 3680 (hard failure of rank 35)
WARNING:megatron.core.transformer.moe.recovery_controller:[2026-05-13 18:01:12] BSR-MoE controller: ⏱️  START safe-point repair at step 3680 (failed=35, replacement=35)
WARNING:megatron.core.transformer.moe.recovery_controller:[2026-05-13 18:01:12] BSR-MoE controller: ⏱️  START safe-point repair at step 3680 (failed=35, replacement=35)
INFO:megatron.core.transformer.moe.recovery_controller:ExpertRecoveryTracker: experts [48, 49, 50, 51, 52, 53, 54, 55, 56, 57, 58, 59, 60, 61, 62, 63] → RECOVERING (step=3680)
WARNING:megatron.core.transformer.moe.bsr_integration:BSR-MoE: entering waiting-for-replacement state (failed_rank=35, step=3680, experts=[48, 49, 50, 51, 52, 53, 54, 55, 56, 57, 58, 59, 60, 61, 62, 63])
WARNING:megatron.core.transformer.moe.recovery_controller:[2026-05-13 18:01:12] BSR-MoE controller: ⏱️  [Phase A] Starting infrastructure repair...
WARNING:megatron.core.transformer.moe.recovery_controller:[2026-05-13 18:01:12] BSR-MoE controller: ⏱️  [Phase A] Starting infrastructure repair...
WARNING:megatron.core.transformer.moe.recovery_controller:[2026-05-13 18:01:12] BSR-MoE controller: rank 35 HARD FAILURE (step=3680, reason=scheduled_restart_in_place_injection, experts=[48, 49, 50, 51, 52, 53, 54, 55, 56, 57, 58, 59, 60, 61, 62, 63], mid_iteration=False)
WARNING:megatron.core.transformer.moe.recovery_controller:[2026-05-13 18:01:12] BSR-MoE controller: HEALTHY_TRAINING → PENDING_GROUP_REPAIR (event=hard_rank_failure, step=3680)
INFO:megatron.core.transformer.moe.replacement_registry:BSR-MoE replacement: failed_rank=35, replacement_rank=35, BOOTSTRAPPING → READY_FOR_REPAIR (step=3680)
WARNING:megatron.core.transformer.moe.optimizer_commit_guard:OptimizerCommitGuard: commit BLOCKED (reason=hard_failure_rank_35_step_3680)
INFO:megatron.core.transformer.moe.replacement_registry:BSR-MoE replacement: failed_rank=35, replacement_rank=35, BOOTSTRAPPING → READY_FOR_REPAIR (step=3680)
WARNING:megatron.core.transformer.moe.optimizer_commit_guard:OptimizerCommitGuard: commit BLOCKED (reason=hard_failure_rank_35_step_3680)
WARNING:megatron.core.transformer.moe.bsr_integration:BSR-MoE: optimizer commit blocked for step 3680 (hard failure of rank 35)
INFO:megatron.core.transformer.moe.replacement_registry:BSR-MoE replacement: failed_rank=35, replacement_rank=35, READY_FOR_REPAIR → INTEGRATED (step=3680)
WARNING:megatron.core.transformer.moe.bsr_integration:BSR-MoE: optimizer commit blocked for step 3680 (hard failure of rank 35)
INFO:megatron.core.transformer.moe.replacement_registry:BSR-MoE replacement: failed_rank=35, replacement_rank=35, READY_FOR_REPAIR → INTEGRATED (step=3680)
WARNING:megatron.core.transformer.moe.recovery_controller:[2026-05-13 18:01:12] BSR-MoE controller: HEALTHY_TRAINING → PENDING_GROUP_REPAIR (event=hard_rank_failure, step=3680)
WARNING:megatron.core.transformer.moe.replacement_registry:BSR-MoE: replacement INTEGRATED — failed_rank=35, replacement_rank=35 (step=3680)
INFO:megatron.core.transformer.moe.recovery_controller:ExpertRecoveryTracker: experts [48, 49, 50, 51, 52, 53, 54, 55, 56, 57, 58, 59, 60, 61, 62, 63] → RECOVERING (step=3680)
WARNING:megatron.core.transformer.moe.bsr_integration:BSR-MoE: entering waiting-for-replacement state (failed_rank=35, step=3680, experts=[48, 49, 50, 51, 52, 53, 54, 55, 56, 57, 58, 59, 60, 61, 62, 63])
WARNING:megatron.core.transformer.moe.recovery_controller:[2026-05-13 18:01:12] BSR-MoE controller: replacement assigned — failed_rank=35, replacement_rank=35 (step=3680)
WARNING:megatron.core.transformer.moe.bsr_integration:BSR-MoE: entering waiting-for-replacement state (failed_rank=35, step=3680, experts=[48, 49, 50, 51, 52, 53, 54, 55, 56, 57, 58, 59, 60, 61, 62, 63])
WARNING:megatron.core.transformer.moe.replacement_registry:BSR-MoE: replacement INTEGRATED — failed_rank=35, replacement_rank=35 (step=3680)
WARNING:megatron.core.transformer.moe.recovery_controller:[2026-05-13 18:01:12] BSR-MoE controller: step1 replacement_integrate elapsed=0.000s (step=3680)
WARNING:megatron.core.transformer.moe.recovery_controller:[2026-05-13 18:01:12] BSR-MoE controller: step1 replacement_integrate elapsed=0.000s (step=3680)
WARNING:megatron.core.transformer.moe.recovery_controller:[2026-05-13 18:01:12] BSR-MoE controller: step2 group_rebuild_request elapsed=0.000s (step=3680)
WARNING:megatron.core.transformer.moe.recovery_controller:[2026-05-13 18:01:12] BSR-MoE controller: step2 group_rebuild_request elapsed=0.000s (step=3680)
WARNING:megatron.core.transformer.moe.recovery_controller:[2026-05-13 18:01:12] BSR-MoE controller: replacement assigned — failed_rank=35, replacement_rank=35 (step=3680)
WARNING:megatron.core.transformer.moe.recovery_controller:[2026-05-13 18:01:12] BSR-MoE controller: step3 group_rebuild_execute elapsed=0.000s (step=3680)
WARNING:megatron.core.transformer.moe.optimizer_commit_guard:OptimizerCommitGuard: commit BLOCKED (reason=hard_failure_rank_35_step_3680)
WARNING:megatron.core.transformer.moe.recovery_controller:[2026-05-13 18:01:12] BSR-MoE controller: step3 group_rebuild_execute elapsed=0.000s (step=3680)
WARNING:megatron.core.transformer.moe.recovery_controller:[2026-05-13 18:01:12] BSR-MoE controller: step4 group_rebuild_finish elapsed=0.000s (step=3680)
WARNING:megatron.core.transformer.moe.recovery_controller:[2026-05-13 18:01:12] BSR-MoE controller: step4 group_rebuild_finish elapsed=0.000s (step=3680)
WARNING:megatron.core.transformer.moe.recovery_controller:[2026-05-13 18:01:12] BSR-MoE controller: step5 topology_refresh elapsed=0.000s (step=3680)
WARNING:megatron.core.transformer.moe.bsr_integration:BSR-MoE: optimizer commit blocked for step 3680 (hard failure of rank 35)
INFO:megatron.core.transformer.moe.replacement_registry:BSR-MoE replacement: failed_rank=35, replacement_rank=35, NOT_PRESENT → BOOTSTRAPPING (step=3680)
WARNING:megatron.core.transformer.moe.recovery_controller:[2026-05-13 18:01:12] BSR-MoE controller: HEALTHY_TRAINING → PENDING_GROUP_REPAIR (event=hard_rank_failure, step=3680)
WARNING:megatron.core.transformer.moe.bsr_integration:[2026-05-13 18:01:12] BSR-MoE FAULT INJECTION #3: type=restart_in_place, rank=35, step=3680, experts=[48, 49, 50, 51, 52, 53, 54, 55, 56, 57, 58, 59, 60, 61, 62, 63], ep_group=[32, 33, 34, 35, 36, 37, 38, 39]
WARNING:megatron.core.transformer.moe.replacement_registry:BSR-MoE: replacement announced — failed_rank=35 → replacement_rank=35 (step=3680, reason='')
WARNING:megatron.core.transformer.moe.recovery_controller:[2026-05-13 18:01:12] BSR-MoE controller: ⏱️  [Phase A] Infrastructure repair COMPLETED (elapsed=0.000s)
WARNING:megatron.core.transformer.moe.bsr_integration:BSR-MoE: entering waiting-for-replacement state (failed_rank=35, step=3680, experts=[48, 49, 50, 51, 52, 53, 54, 55, 56, 57, 58, 59, 60, 61, 62, 63])
WARNING:megatron.core.transformer.moe.recovery_controller:[2026-05-13 18:01:12] BSR-MoE controller: step5 topology_refresh elapsed=0.000s (step=3680)
WARNING:megatron.core.transformer.moe.recovery_controller:[2026-05-13 18:01:12] BSR-MoE controller: HEALTHY_TRAINING → PENDING_GROUP_REPAIR (event=hard_rank_failure, step=3680)
WARNING:megatron.core.transformer.moe.recovery_controller:[2026-05-13 18:01:12] BSR-MoE controller: ⏱️  [Phase B] Starting parameter recovery...
WARNING:megatron.core.transformer.moe.recovery_controller:[2026-05-13 18:01:12] BSR-MoE controller: ⏱️  [Phase A] Infrastructure repair COMPLETED (elapsed=0.000s)
WARNING:megatron.core.transformer.moe.recovery_controller:[2026-05-13 18:01:12] BSR-MoE controller: PENDING_GROUP_REPAIR → WAITING_FOR_REPLACEMENT (event=replacement_assigned, step=3680)
INFO:megatron.core.transformer.moe.replacement_registry:BSR-MoE replacement: failed_rank=35, replacement_rank=35, NOT_PRESENT → BOOTSTRAPPING (step=3680)
WARNING:megatron.core.transformer.moe.recovery_controller:[2026-05-13 18:01:12] BSR-MoE controller: ⏱️  [Phase B] Starting parameter recovery...
WARNING:megatron.core.transformer.moe.replacement_registry:BSR-MoE: replacement announced — failed_rank=35 → replacement_rank=35 (step=3680, reason='')
WARNING:megatron.core.transformer.moe.recovery_controller:[2026-05-13 18:01:12] BSR-MoE controller: replacement assigned — failed_rank=35, replacement_rank=35 (step=3680)
WARNING:megatron.core.transformer.moe.recovery_controller:[2026-05-13 18:01:12] BSR-MoE controller: replacement ready — failed_rank=35 (step=3680)
WARNING:megatron.core.transformer.moe.recovery_controller:[2026-05-13 18:01:12] BSR-MoE controller: replacement assigned — failed_rank=35, replacement_rank=35 (step=3680)
WARNING:megatron.core.transformer.moe.recovery_controller:[2026-05-13 18:01:12] BSR-MoE controller: WAITING_FOR_REPLACEMENT → SAFE_POINT_REPAIR (event=replacement_ready, step=3680)
WARNING:megatron.core.transformer.moe.recovery_controller:[2026-05-13 18:01:12] BSR-MoE controller: PENDING_GROUP_REPAIR → WAITING_FOR_REPLACEMENT (event=replacement_assigned, step=3680)
WARNING:megatron.core.transformer.moe.recovery_controller:BSR-MoE controller: restart-in-place fast path for rank 35 (replacement=self, step=3680)
WARNING:megatron.core.transformer.moe.recovery_controller:[2026-05-13 18:01:12] BSR-MoE controller: HEALTHY_TRAINING → PENDING_GROUP_REPAIR (event=hard_rank_failure, step=3680)
WARNING:megatron.core.transformer.moe.recovery_controller:[2026-05-13 18:01:12] BSR-MoE controller: replacement ready — failed_rank=35 (step=3680)
WARNING:megatron.core.transformer.moe.bsr_integration:[2026-05-13 18:01:12] BSR-MoE FAULT INJECTION: next periodic fault scheduled at step 3720 (interval=40, total_injections=3)
WARNING:megatron.core.transformer.moe.recovery_controller:[2026-05-13 18:01:12] BSR-MoE controller: WAITING_FOR_REPLACEMENT → SAFE_POINT_REPAIR (event=replacement_ready, step=3680)
INFO:megatron.core.transformer.moe.replacement_registry:BSR-MoE replacement: failed_rank=35, replacement_rank=35, NOT_PRESENT → BOOTSTRAPPING (step=3680)
WARNING:megatron.core.transformer.moe.recovery_controller:BSR-MoE controller: restart-in-place fast path for rank 35 (replacement=self, step=3680)
INFO:megatron.core.transformer.moe.replacement_registry:BSR-MoE replacement: failed_rank=35, replacement_rank=35, NOT_PRESENT → BOOTSTRAPPING (step=3680)
WARNING:megatron.core.transformer.moe.recovery_controller:[2026-05-13 18:01:12] BSR-MoE controller: ⏱️  START safe-point repair at step 3680 (failed=35, replacement=35)
WARNING:megatron.core.transformer.moe.replacement_registry:BSR-MoE: replacement announced — failed_rank=35 → replacement_rank=35 (step=3680, reason='')
WARNING:megatron.core.transformer.moe.recovery_controller:[2026-05-13 18:01:12] BSR-MoE controller: replacement assigned — failed_rank=35, replacement_rank=35 (step=3680)
WARNING:megatron.core.transformer.moe.replacement_registry:BSR-MoE: replacement announced — failed_rank=35 → replacement_rank=35 (step=3680, reason='')
WARNING:megatron.core.transformer.moe.recovery_controller:[2026-05-13 18:01:12] BSR-MoE controller: rank 35 HARD FAILURE (step=3680, reason=scheduled_restart_in_place_injection, experts=[48, 49, 50, 51, 52, 53, 54, 55, 56, 57, 58, 59, 60, 61, 62, 63], mid_iteration=False)
WARNING:megatron.core.transformer.moe.bsr_integration:[2026-05-13 18:01:12] BSR-MoE FAULT INJECTION: next periodic fault scheduled at step 3720 (interval=40, total_injections=3)
WARNING:megatron.core.transformer.moe.recovery_controller:[2026-05-13 18:01:12] BSR-MoE controller: ⏱️  [Phase A] Starting infrastructure repair...
WARNING:megatron.core.transformer.moe.recovery_controller:[2026-05-13 18:01:12] BSR-MoE controller: PENDING_GROUP_REPAIR → WAITING_FOR_REPLACEMENT (event=replacement_assigned, step=3680)
WARNING:megatron.core.transformer.moe.recovery_controller:[2026-05-13 18:01:12] BSR-MoE controller: PENDING_GROUP_REPAIR → WAITING_FOR_REPLACEMENT (event=replacement_assigned, step=3680)
WARNING:megatron.core.transformer.moe.recovery_controller:[2026-05-13 18:01:12] BSR-MoE controller: ⏱️  START safe-point repair at step 3680 (failed=35, replacement=35)
WARNING:megatron.core.transformer.moe.recovery_controller:[2026-05-13 18:01:12] BSR-MoE controller: replacement ready — failed_rank=35 (step=3680)
INFO:megatron.core.transformer.moe.replacement_registry:BSR-MoE replacement: failed_rank=35, replacement_rank=35, BOOTSTRAPPING → READY_FOR_REPAIR (step=3680)
WARNING:megatron.core.transformer.moe.recovery_controller:[2026-05-13 18:01:12] BSR-MoE controller: replacement ready — failed_rank=35 (step=3680)
WARNING:megatron.core.transformer.moe.recovery_controller:[2026-05-13 18:01:12] BSR-MoE controller: ⏱️  [Phase A] Starting infrastructure repair...
WARNING:megatron.core.transformer.moe.recovery_controller:[2026-05-13 18:01:12] BSR-MoE controller: WAITING_FOR_REPLACEMENT → SAFE_POINT_REPAIR (event=replacement_ready, step=3680)
INFO:megatron.core.transformer.moe.replacement_registry:BSR-MoE replacement: failed_rank=35, replacement_rank=35, READY_FOR_REPAIR → INTEGRATED (step=3680)
WARNING:megatron.core.transformer.moe.recovery_controller:BSR-MoE controller: restart-in-place fast path for rank 35 (replacement=self, step=3680)
WARNING:megatron.core.transformer.moe.recovery_controller:[2026-05-13 18:01:12] BSR-MoE controller: WAITING_FOR_REPLACEMENT → SAFE_POINT_REPAIR (event=replacement_ready, step=3680)
INFO:megatron.core.transformer.moe.replacement_registry:BSR-MoE replacement: failed_rank=35, replacement_rank=35, NOT_PRESENT → BOOTSTRAPPING (step=3680)
WARNING:megatron.core.transformer.moe.replacement_registry:BSR-MoE: replacement INTEGRATED — failed_rank=35, replacement_rank=35 (step=3680)
INFO:megatron.core.transformer.moe.recovery_controller:ExpertRecoveryTracker: experts [48, 49, 50, 51, 52, 53, 54, 55, 56, 57, 58, 59, 60, 61, 62, 63] → RECOVERING (step=3680)
WARNING:megatron.core.transformer.moe.recovery_controller:BSR-MoE controller: restart-in-place fast path for rank 35 (replacement=self, step=3680)
WARNING:megatron.core.transformer.moe.bsr_integration:[2026-05-13 18:01:12] BSR-MoE FAULT INJECTION: next periodic fault scheduled at step 3720 (interval=40, total_injections=3)
WARNING:megatron.core.transformer.moe.replacement_registry:BSR-MoE: replacement announced — failed_rank=35 → replacement_rank=35 (step=3680, reason='')
INFO:megatron.core.transformer.moe.replacement_registry:BSR-MoE replacement: failed_rank=35, replacement_rank=35, BOOTSTRAPPING → READY_FOR_REPAIR (step=3680)
WARNING:megatron.core.transformer.moe.recovery_controller:[2026-05-13 18:01:12] BSR-MoE controller: step1 replacement_integrate elapsed=0.000s (step=3680)
WARNING:megatron.core.transformer.moe.bsr_integration:[2026-05-13 18:01:12] BSR-MoE FAULT INJECTION: next periodic fault scheduled at step 3720 (interval=40, total_injections=3)
WARNING:megatron.core.transformer.moe.recovery_controller:[2026-05-13 18:01:12] BSR-MoE controller: step2 group_rebuild_request elapsed=0.000s (step=3680)
INFO:megatron.core.transformer.moe.replacement_registry:BSR-MoE replacement: failed_rank=35, replacement_rank=35, READY_FOR_REPAIR → INTEGRATED (step=3680)
WARNING:megatron.core.transformer.moe.recovery_controller:[2026-05-13 18:01:12] BSR-MoE controller: ⏱️  START safe-point repair at step 3680 (failed=35, replacement=35)
WARNING:megatron.core.transformer.moe.recovery_controller:[2026-05-13 18:01:12] BSR-MoE controller: PENDING_GROUP_REPAIR → WAITING_FOR_REPLACEMENT (event=replacement_assigned, step=3680)
WARNING:megatron.core.transformer.moe.replacement_registry:BSR-MoE: replacement INTEGRATED — failed_rank=35, replacement_rank=35 (step=3680)
WARNING:megatron.core.transformer.moe.recovery_controller:[2026-05-13 18:01:12] BSR-MoE controller: step3 group_rebuild_execute elapsed=0.000s (step=3680)
WARNING:megatron.core.transformer.moe.recovery_controller:[2026-05-13 18:01:12] BSR-MoE controller: ⏱️  START safe-point repair at step 3680 (failed=35, replacement=35)
WARNING:megatron.core.transformer.moe.recovery_controller:[2026-05-13 18:01:12] BSR-MoE controller: ⏱️  [Phase A] Starting infrastructure repair...
WARNING:megatron.core.transformer.moe.recovery_controller:[2026-05-13 18:01:12] BSR-MoE controller: step4 group_rebuild_finish elapsed=0.000s (step=3680)
WARNING:megatron.core.transformer.moe.recovery_controller:[2026-05-13 18:01:12] BSR-MoE controller: replacement ready — failed_rank=35 (step=3680)
WARNING:megatron.core.transformer.moe.recovery_controller:[2026-05-13 18:01:12] BSR-MoE controller: step1 replacement_integrate elapsed=0.000s (step=3680)
WARNING:megatron.core.transformer.moe.recovery_controller:[2026-05-13 18:01:12] BSR-MoE controller: ⏱️  [Phase A] Starting infrastructure repair...
WARNING:megatron.core.transformer.moe.recovery_controller:[2026-05-13 18:01:12] BSR-MoE controller: step5 topology_refresh elapsed=0.000s (step=3680)
WARNING:megatron.core.transformer.moe.optimizer_commit_guard:OptimizerCommitGuard: commit BLOCKED (reason=hard_failure_rank_35_step_3680)
WARNING:megatron.core.transformer.moe.recovery_controller:[2026-05-13 18:01:12] BSR-MoE controller: step2 group_rebuild_request elapsed=0.000s (step=3680)
WARNING:megatron.core.transformer.moe.recovery_controller:[2026-05-13 18:01:12] BSR-MoE controller: WAITING_FOR_REPLACEMENT → SAFE_POINT_REPAIR (event=replacement_ready, step=3680)
WARNING:megatron.core.transformer.moe.recovery_controller:[2026-05-13 18:01:12] BSR-MoE controller: ⏱️  [Phase A] Infrastructure repair COMPLETED (elapsed=0.000s)
WARNING:megatron.core.transformer.moe.bsr_integration:BSR-MoE: optimizer commit blocked for step 3680 (hard failure of rank 35)
WARNING:megatron.core.transformer.moe.recovery_controller:[2026-05-13 18:01:12] BSR-MoE controller: step3 group_rebuild_execute elapsed=0.000s (step=3680)
INFO:megatron.core.transformer.moe.replacement_registry:BSR-MoE replacement: failed_rank=35, replacement_rank=35, BOOTSTRAPPING → READY_FOR_REPAIR (step=3680)
WARNING:megatron.core.transformer.moe.recovery_controller:BSR-MoE controller: restart-in-place fast path for rank 35 (replacement=self, step=3680)
WARNING:megatron.core.transformer.moe.recovery_controller:[2026-05-13 18:01:12] BSR-MoE controller: ⏱️  [Phase B] Starting parameter recovery...
INFO:megatron.core.transformer.moe.replacement_registry:BSR-MoE replacement: failed_rank=35, replacement_rank=35, BOOTSTRAPPING → READY_FOR_REPAIR (step=3680)
WARNING:megatron.core.transformer.moe.bsr_integration:BSR-MoE: entering waiting-for-replacement state (failed_rank=35, step=3680, experts=[48, 49, 50, 51, 52, 53, 54, 55, 56, 57, 58, 59, 60, 61, 62, 63])
WARNING:megatron.core.transformer.moe.recovery_controller:[2026-05-13 18:01:12] BSR-MoE controller: step4 group_rebuild_finish elapsed=0.000s (step=3680)
INFO:megatron.core.transformer.moe.replacement_registry:BSR-MoE replacement: failed_rank=35, replacement_rank=35, READY_FOR_REPAIR → INTEGRATED (step=3680)
WARNING:megatron.core.transformer.moe.bsr_integration:[2026-05-13 18:01:12] BSR-MoE FAULT INJECTION: next periodic fault scheduled at step 3720 (interval=40, total_injections=3)
WARNING:megatron.core.transformer.moe.recovery_controller:[2026-05-13 18:01:12] BSR-MoE controller: step5 topology_refresh elapsed=0.000s (step=3680)
INFO:megatron.core.transformer.moe.replacement_registry:BSR-MoE replacement: failed_rank=35, replacement_rank=35, READY_FOR_REPAIR → INTEGRATED (step=3680)
WARNING:megatron.core.transformer.moe.replacement_registry:BSR-MoE: replacement INTEGRATED — failed_rank=35, replacement_rank=35 (step=3680)
WARNING:megatron.core.transformer.moe.recovery_controller:[2026-05-13 18:01:12] BSR-MoE controller: ⏱️  [Phase A] Infrastructure repair COMPLETED (elapsed=0.000s)
WARNING:megatron.core.transformer.moe.replacement_registry:BSR-MoE: replacement INTEGRATED — failed_rank=35, replacement_rank=35 (step=3680)
WARNING:megatron.core.transformer.moe.recovery_controller:[2026-05-13 18:01:12] BSR-MoE controller: ⏱️  START safe-point repair at step 3680 (failed=35, replacement=35)
WARNING:megatron.core.transformer.moe.recovery_controller:[2026-05-13 18:01:12] BSR-MoE controller: step1 replacement_integrate elapsed=0.000s (step=3680)
WARNING:megatron.core.transformer.moe.recovery_controller:[2026-05-13 18:01:12] BSR-MoE controller: ⏱️  [Phase B] Starting parameter recovery...
WARNING:megatron.core.transformer.moe.recovery_controller:[2026-05-13 18:01:12] BSR-MoE controller: step1 replacement_integrate elapsed=0.000s (step=3680)
WARNING:megatron.core.transformer.moe.recovery_controller:[2026-05-13 18:01:12] BSR-MoE controller: ⏱️  [Phase A] Starting infrastructure repair...
WARNING:megatron.core.transformer.moe.recovery_controller:[2026-05-13 18:01:12] BSR-MoE controller: step2 group_rebuild_request elapsed=0.000s (step=3680)
WARNING:megatron.core.transformer.moe.recovery_controller:[2026-05-13 18:01:12] BSR-MoE controller: step2 group_rebuild_request elapsed=0.000s (step=3680)
WARNING:megatron.core.transformer.moe.recovery_controller:[2026-05-13 18:01:12] BSR-MoE controller: step3 group_rebuild_execute elapsed=0.000s (step=3680)
WARNING:megatron.core.transformer.moe.recovery_controller:[2026-05-13 18:01:12] BSR-MoE controller: step3 group_rebuild_execute elapsed=0.000s (step=3680)
WARNING:megatron.core.transformer.moe.recovery_controller:[2026-05-13 18:01:12] BSR-MoE controller: step4 group_rebuild_finish elapsed=0.000s (step=3680)
WARNING:megatron.core.transformer.moe.recovery_controller:[2026-05-13 18:01:12] BSR-MoE controller: step4 group_rebuild_finish elapsed=0.000s (step=3680)
INFO:megatron.core.transformer.moe.replacement_registry:BSR-MoE replacement: failed_rank=35, replacement_rank=35, BOOTSTRAPPING → READY_FOR_REPAIR (step=3680)
WARNING:megatron.core.transformer.moe.recovery_controller:[2026-05-13 18:01:12] BSR-MoE controller: HEALTHY_TRAINING → PENDING_GROUP_REPAIR (event=hard_rank_failure, step=3680)
WARNING:megatron.core.transformer.moe.recovery_controller:[2026-05-13 18:01:12] BSR-MoE controller: step5 topology_refresh elapsed=0.000s (step=3680)
WARNING:megatron.core.transformer.moe.recovery_controller:[2026-05-13 18:01:12] BSR-MoE controller: step5 topology_refresh elapsed=0.000s (step=3680)
WARNING:megatron.core.transformer.moe.recovery_controller:[2026-05-13 18:01:12] BSR-MoE controller: ⏱️  [Phase A] Infrastructure repair COMPLETED (elapsed=0.000s)
INFO:megatron.core.transformer.moe.replacement_registry:BSR-MoE replacement: failed_rank=35, replacement_rank=35, READY_FOR_REPAIR → INTEGRATED (step=3680)
WARNING:megatron.core.transformer.moe.recovery_controller:[2026-05-13 18:01:12] BSR-MoE controller: ⏱️  [Phase A] Infrastructure repair COMPLETED (elapsed=0.000s)
WARNING:megatron.core.transformer.moe.replacement_registry:BSR-MoE: replacement INTEGRATED — failed_rank=35, replacement_rank=35 (step=3680)
WARNING:megatron.core.transformer.moe.recovery_controller:[2026-05-13 18:01:12] BSR-MoE controller: ⏱️  [Phase B] Starting parameter recovery...
WARNING:megatron.core.transformer.moe.recovery_controller:[2026-05-13 18:01:12] BSR-MoE controller: ⏱️  [Phase B] Starting parameter recovery...
WARNING:megatron.core.transformer.moe.recovery_controller:[2026-05-13 18:01:12] BSR-MoE controller: step1 replacement_integrate elapsed=0.000s (step=3680)
WARNING:megatron.core.transformer.moe.recovery_controller:[2026-05-13 18:01:12] BSR-MoE controller: replacement assigned — failed_rank=35, replacement_rank=35 (step=3680)
WARNING:megatron.core.transformer.moe.recovery_controller:[2026-05-13 18:01:12] BSR-MoE controller: step2 group_rebuild_request elapsed=0.000s (step=3680)
WARNING:megatron.core.transformer.moe.recovery_controller:[2026-05-13 18:01:12] BSR-MoE controller: step3 group_rebuild_execute elapsed=0.000s (step=3680)
WARNING:megatron.core.transformer.moe.recovery_controller:[2026-05-13 18:01:12] BSR-MoE controller: step4 group_rebuild_finish elapsed=0.000s (step=3680)
WARNING:megatron.core.transformer.moe.recovery_controller:[2026-05-13 18:01:12] BSR-MoE controller: step5 topology_refresh elapsed=0.000s (step=3680)
WARNING:megatron.core.transformer.moe.recovery_controller:[2026-05-13 18:01:12] BSR-MoE controller: ⏱️  [Phase A] Infrastructure repair COMPLETED (elapsed=0.000s)
WARNING:megatron.core.transformer.moe.recovery_controller:[2026-05-13 18:01:12] BSR-MoE controller: ⏱️  [Phase B] Starting parameter recovery...
INFO:megatron.core.transformer.moe.replacement_registry:BSR-MoE replacement: failed_rank=35, replacement_rank=35, NOT_PRESENT → BOOTSTRAPPING (step=3680)
WARNING:megatron.core.transformer.moe.replacement_registry:BSR-MoE: replacement announced — failed_rank=35 → replacement_rank=35 (step=3680, reason='')
WARNING:megatron.core.transformer.moe.recovery_controller:[2026-05-13 18:01:12] BSR-MoE controller: PENDING_GROUP_REPAIR → WAITING_FOR_REPLACEMENT (event=replacement_assigned, step=3680)
WARNING:megatron.core.transformer.moe.recovery_controller:[2026-05-13 18:01:12] BSR-MoE controller: replacement ready — failed_rank=35 (step=3680)
WARNING:megatron.core.transformer.moe.recovery_controller:[2026-05-13 18:01:12] BSR-MoE controller: WAITING_FOR_REPLACEMENT → SAFE_POINT_REPAIR (event=replacement_ready, step=3680)
WARNING:megatron.core.transformer.moe.recovery_controller:BSR-MoE controller: restart-in-place fast path for rank 35 (replacement=self, step=3680)
WARNING:megatron.core.transformer.moe.bsr_integration:[2026-05-13 18:01:12] BSR-MoE FAULT INJECTION: next periodic fault scheduled at step 3720 (interval=40, total_injections=3)
WARNING:megatron.core.transformer.moe.recovery_controller:[2026-05-13 18:01:12] BSR-MoE controller: ⏱️  START safe-point repair at step 3680 (failed=35, replacement=35)
WARNING:megatron.core.transformer.moe.recovery_controller:[2026-05-13 18:01:12] BSR-MoE controller: ⏱️  [Phase A] Starting infrastructure repair...
INFO:megatron.core.transformer.moe.replacement_registry:BSR-MoE replacement: failed_rank=35, replacement_rank=35, BOOTSTRAPPING → READY_FOR_REPAIR (step=3680)
INFO:megatron.core.transformer.moe.replacement_registry:BSR-MoE replacement: failed_rank=35, replacement_rank=35, READY_FOR_REPAIR → INTEGRATED (step=3680)
WARNING:megatron.core.transformer.moe.replacement_registry:BSR-MoE: replacement INTEGRATED — failed_rank=35, replacement_rank=35 (step=3680)
WARNING:megatron.core.transformer.moe.recovery_controller:[2026-05-13 18:01:12] BSR-MoE controller: step1 replacement_integrate elapsed=0.000s (step=3680)
WARNING:megatron.core.transformer.moe.recovery_controller:[2026-05-13 18:01:12] BSR-MoE controller: step2 group_rebuild_request elapsed=0.000s (step=3680)
WARNING:megatron.core.transformer.moe.recovery_controller:[2026-05-13 18:01:12] BSR-MoE controller: step3 group_rebuild_execute elapsed=0.000s (step=3680)
WARNING:megatron.core.transformer.moe.recovery_controller:[2026-05-13 18:01:12] BSR-MoE controller: step4 group_rebuild_finish elapsed=0.000s (step=3680)
WARNING:megatron.core.transformer.moe.recovery_controller:[2026-05-13 18:01:12] BSR-MoE controller: step5 topology_refresh elapsed=0.000s (step=3680)
WARNING:megatron.core.transformer.moe.recovery_controller:[2026-05-13 18:01:12] BSR-MoE controller: ⏱️  [Phase A] Infrastructure repair COMPLETED (elapsed=0.000s)
WARNING:megatron.core.transformer.moe.recovery_controller:[2026-05-13 18:01:12] BSR-MoE controller: ⏱️  [Phase B] Starting parameter recovery...
INFO:megatron.core.transformer.moe.bsr_integration:BSR-MoE: found latest checkpoint with BSR manifest at /mnt/ais-c1/dataset/zds/5.12/bsr/iter_0003680 (step=3680)
INFO:megatron.core.transformer.moe.bsr_integration:BSR-MoE: found latest checkpoint with BSR manifest at /mnt/ais-c1/dataset/zds/5.12/bsr/iter_0003680 (step=3680)
INFO:megatron.core.transformer.moe.bsr_integration:BSR-MoE: found latest checkpoint with BSR manifest at /mnt/ais-c1/dataset/zds/5.12/bsr/iter_0003680 (step=3680)
INFO:megatron.core.transformer.moe.bsr_integration:BSR-MoE: found latest checkpoint with BSR manifest at /mnt/ais-c1/dataset/zds/5.12/bsr/iter_0003680 (step=3680)
INFO:megatron.core.transformer.moe.bsr_integration:BSR-MoE: found latest checkpoint with BSR manifest at /mnt/ais-c1/dataset/zds/5.12/bsr/iter_0003680 (step=3680)
INFO:megatron.core.transformer.moe.bsr_integration:BSR-MoE: found latest checkpoint with BSR manifest at /mnt/ais-c1/dataset/zds/5.12/bsr/iter_0003680 (step=3680)
INFO:megatron.core.transformer.moe.bsr_integration:BSR-MoE: found latest checkpoint with BSR manifest at /mnt/ais-c1/dataset/zds/5.12/bsr/iter_0003680 (step=3680)
INFO:megatron.core.transformer.moe.bsr_integration:BSR-MoE: found latest checkpoint with BSR manifest at /mnt/ais-c1/dataset/zds/5.12/bsr/iter_0003680 (step=3680)
WARNING:megatron.core.transformer.moe.recovery_controller:[2026-05-13 18:01:12] BSR-MoE controller: HYBRID_RECOVERY path — dense from DP peer, experts from checkpoint (step=3680, failed=35, replacement=35)
WARNING:megatron.core.transformer.moe.recovery_controller:[2026-05-13 18:01:12] BSR-MoE controller: dense_sync elapsed=0.000s (step=3680)
WARNING:megatron.core.transformer.moe.recovery_controller:[2026-05-13 18:01:12] BSR-MoE controller: HYBRID_RECOVERY path — dense from DP peer, experts from checkpoint (step=3680, failed=35, replacement=35)
WARNING:megatron.core.transformer.moe.recovery_controller:[2026-05-13 18:01:12] BSR-MoE controller: expert_restore (sync weights, deferred optimizer) elapsed=0.000s (step=3680)
WARNING:megatron.core.transformer.moe.recovery_controller:[2026-05-13 18:01:12] BSR-MoE controller: ⏱️  [Phase B] Parameter recovery COMPLETED (path=HYBRID_RECOVERY, elapsed=0.141s)
WARNING:megatron.core.transformer.moe.recovery_controller:[2026-05-13 18:01:12] BSR-MoE controller: dense_sync elapsed=0.000s (step=3680)
WARNING:megatron.core.transformer.moe.recovery_controller:[2026-05-13 18:01:12] BSR-MoE controller: expert_restore (sync weights, deferred optimizer) elapsed=0.000s (step=3680)
INFO:megatron.core.transformer.moe.bsr_integration:BSR-MoE post-recovery convergence: views consistent after HYBRID_RECOVERY path (step=3680)
WARNING:megatron.core.transformer.moe.recovery_controller:[2026-05-13 18:01:12] BSR-MoE controller: ⏱️  [Phase B] Parameter recovery COMPLETED (path=HYBRID_RECOVERY, elapsed=0.141s)
WARNING:megatron.core.transformer.moe.recovery_controller:[2026-05-13 18:01:12] BSR-MoE controller: ⏱️  [Phase B→C] Post-recovery convergence completed (path=HYBRID_RECOVERY, elapsed=0.000s, step=3680)
WARNING:megatron.core.transformer.moe.recovery_controller:[2026-05-13 18:01:12] BSR-MoE controller: ⏱️  [Phase C] Starting post-repair...
WARNING:megatron.core.transformer.moe.recovery_controller:[2026-05-13 18:01:12] BSR-MoE controller: HYBRID_RECOVERY path — dense from DP peer, experts from checkpoint (step=3680, failed=35, replacement=35)
INFO:megatron.core.transformer.moe.bsr_integration:BSR-MoE post-recovery convergence: views consistent after HYBRID_RECOVERY path (step=3680)
INFO:megatron.core.transformer.moe.reintegration_barrier:BSR-MoE barrier: begin reintegration for rank 35 -> 35 (experts=[48, 49, 50, 51, 52, 53, 54, 55, 56, 57, 58, 59, 60, 61, 62, 63], step=3680)
WARNING:megatron.core.transformer.moe.recovery_controller:[2026-05-13 18:01:12] BSR-MoE controller: ⏱️  [Phase B→C] Post-recovery convergence completed (path=HYBRID_RECOVERY, elapsed=0.000s, step=3680)
WARNING:megatron.core.transformer.moe.recovery_controller:[2026-05-13 18:01:12] BSR-MoE controller: ⏱️  [Phase C] Starting post-repair...
WARNING:megatron.core.transformer.moe.recovery_controller:[2026-05-13 18:01:12] BSR-MoE controller: dense_sync elapsed=0.000s (step=3680)
INFO:megatron.core.transformer.moe.reintegration_barrier:BSR-MoE barrier: rank 35 -> REPAIRED_NOT_ROUTED (all preconditions met, step=3680)
WARNING:megatron.core.transformer.moe.recovery_controller:[2026-05-13 18:01:12] BSR-MoE controller: reintegration barrier initialized for rank 35 (all preconditions marked, step=3680)
WARNING:megatron.core.transformer.moe.recovery_controller:[2026-05-13 18:01:12] BSR-MoE controller: expert_restore (sync weights, deferred optimizer) elapsed=0.000s (step=3680)
INFO:megatron.core.transformer.moe.reintegration_barrier:BSR-MoE barrier: begin reintegration for rank 35 -> 35 (experts=[48, 49, 50, 51, 52, 53, 54, 55, 56, 57, 58, 59, 60, 61, 62, 63], step=3680)
WARNING:megatron.core.transformer.moe.recovery_controller:[2026-05-13 18:01:12] BSR-MoE controller: ⏱️  [Phase B] Parameter recovery COMPLETED (path=HYBRID_RECOVERY, elapsed=0.141s)
WARNING:megatron.core.transformer.moe.recovery_controller:[2026-05-13 18:01:12] BSR-MoE controller: SAFE_POINT_REPAIR → REINTEGRATED (event=safe_point_repair_completed, step=3680)
WARNING:megatron.core.transformer.moe.recovery_controller:[2026-05-13 18:01:12] BSR-MoE controller: ⏱️  ✅ SAFE-POINT REPAIR COMPLETED (path=HYBRID_RECOVERY, step=3680, failed=35, replacement=35) | Total=0.141s | Breakdown: PhaseA=0.000s, PhaseB=0.141s, PhaseC=0.000s
INFO:megatron.core.transformer.moe.reintegration_barrier:BSR-MoE barrier: rank 35 -> REPAIRED_NOT_ROUTED (all preconditions met, step=3680)
WARNING:megatron.core.transformer.moe.recovery_controller:[2026-05-13 18:01:12] BSR-MoE controller: HYBRID_RECOVERY path — dense from DP peer, experts from checkpoint (step=3680, failed=35, replacement=35)
WARNING:megatron.core.transformer.moe.recovery_controller:[2026-05-13 18:01:12] BSR-MoE controller: reintegration barrier initialized for rank 35 (all preconditions marked, step=3680)
INFO:megatron.core.transformer.moe.bsr_integration:BSR-MoE post-recovery convergence: views consistent after HYBRID_RECOVERY path (step=3680)
WARNING:megatron.core.transformer.moe.recovery_controller:[2026-05-13 18:01:12] BSR-MoE controller: SAFE_POINT_REPAIR → REINTEGRATED (event=safe_point_repair_completed, step=3680)
WARNING:megatron.core.transformer.moe.recovery_controller:[2026-05-13 18:01:12] BSR-MoE controller: ⏱️  [Phase B→C] Post-recovery convergence completed (path=HYBRID_RECOVERY, elapsed=0.000s, step=3680)
WARNING:megatron.core.transformer.moe.recovery_controller:[2026-05-13 18:01:12] BSR-MoE controller: ⏱️  ✅ SAFE-POINT REPAIR COMPLETED (path=HYBRID_RECOVERY, step=3680, failed=35, replacement=35) | Total=0.142s | Breakdown: PhaseA=0.000s, PhaseB=0.141s, PhaseC=0.000s
WARNING:megatron.core.transformer.moe.recovery_controller:[2026-05-13 18:01:12] BSR-MoE controller: ⏱️  [Phase C] Starting post-repair...
WARNING:megatron.core.transformer.moe.recovery_controller:[2026-05-13 18:01:12] BSR-MoE controller: dense_sync elapsed=0.000s (step=3680)
INFO:megatron.core.transformer.moe.reintegration_barrier:BSR-MoE barrier: begin reintegration for rank 35 -> 35 (experts=[48, 49, 50, 51, 52, 53, 54, 55, 56, 57, 58, 59, 60, 61, 62, 63], step=3680)
WARNING:megatron.core.transformer.moe.recovery_controller:[2026-05-13 18:01:12] BSR-MoE controller: expert_restore (sync weights, deferred optimizer) elapsed=0.000s (step=3680)
WARNING:megatron.core.transformer.moe.recovery_controller:[2026-05-13 18:01:12] BSR-MoE controller: ⏱️  [Phase B] Parameter recovery COMPLETED (path=HYBRID_RECOVERY, elapsed=0.142s)
WARNING:megatron.core.transformer.moe.recovery_controller:[2026-05-13 18:01:12] BSR-MoE controller: HYBRID_RECOVERY path — dense from DP peer, experts from checkpoint (step=3680, failed=35, replacement=35)
INFO:megatron.core.transformer.moe.reintegration_barrier:BSR-MoE barrier: rank 35 -> REPAIRED_NOT_ROUTED (all preconditions met, step=3680)
WARNING:megatron.core.transformer.moe.recovery_controller:[2026-05-13 18:01:12] BSR-MoE controller: HYBRID_RECOVERY path — dense from DP peer, experts from checkpoint (step=3680, failed=35, replacement=35)
WARNING:megatron.core.transformer.moe.recovery_controller:[2026-05-13 18:01:12] BSR-MoE controller: reintegration barrier initialized for rank 35 (all preconditions marked, step=3680)
WARNING:megatron.core.transformer.moe.recovery_controller:[2026-05-13 18:01:12] BSR-MoE controller: HYBRID_RECOVERY path — dense from DP peer, experts from checkpoint (step=3680, failed=35, replacement=35)
INFO:megatron.core.transformer.moe.bsr_integration:BSR-MoE post-recovery convergence: views consistent after HYBRID_RECOVERY path (step=3680)
WARNING:megatron.core.transformer.moe.recovery_controller:[2026-05-13 18:01:12] BSR-MoE controller: SAFE_POINT_REPAIR → REINTEGRATED (event=safe_point_repair_completed, step=3680)
WARNING:megatron.core.transformer.moe.recovery_controller:[2026-05-13 18:01:12] BSR-MoE controller: ⏱️  [Phase B→C] Post-recovery convergence completed (path=HYBRID_RECOVERY, elapsed=0.000s, step=3680)
WARNING:megatron.core.transformer.moe.recovery_controller:[2026-05-13 18:01:12] BSR-MoE controller: ⏱️  ✅ SAFE-POINT REPAIR COMPLETED (path=HYBRID_RECOVERY, step=3680, failed=35, replacement=35) | Total=0.142s | Breakdown: PhaseA=0.000s, PhaseB=0.141s, PhaseC=0.000s
WARNING:megatron.core.transformer.moe.recovery_controller:[2026-05-13 18:01:12] BSR-MoE controller: ⏱️  [Phase C] Starting post-repair...
WARNING:megatron.core.transformer.moe.recovery_controller:[2026-05-13 18:01:12] BSR-MoE controller: dense_sync elapsed=0.000s (step=3680)
WARNING:megatron.core.transformer.moe.recovery_controller:[2026-05-13 18:01:12] BSR-MoE controller: HYBRID_RECOVERY path — dense from DP peer, experts from checkpoint (step=3680, failed=35, replacement=35)
WARNING:megatron.core.transformer.moe.recovery_controller:[2026-05-13 18:01:12] BSR-MoE controller: dense_sync elapsed=0.000s (step=3680)
WARNING:megatron.core.transformer.moe.recovery_controller:[2026-05-13 18:01:12] BSR-MoE controller: dense_sync elapsed=0.000s (step=3680)
INFO:megatron.core.transformer.moe.reintegration_barrier:BSR-MoE barrier: begin reintegration for rank 35 -> 35 (experts=[48, 49, 50, 51, 52, 53, 54, 55, 56, 57, 58, 59, 60, 61, 62, 63], step=3680)
WARNING:megatron.core.transformer.moe.recovery_controller:[2026-05-13 18:01:12] BSR-MoE controller: expert_restore (sync weights, deferred optimizer) elapsed=0.000s (step=3680)
WARNING:megatron.core.transformer.moe.recovery_controller:[2026-05-13 18:01:12] BSR-MoE controller: ⏱️  [Phase B] Parameter recovery COMPLETED (path=HYBRID_RECOVERY, elapsed=0.141s)
WARNING:megatron.core.transformer.moe.recovery_controller:[2026-05-13 18:01:12] BSR-MoE controller: dense_sync elapsed=0.000s (step=3680)
WARNING:megatron.core.transformer.moe.recovery_controller:[2026-05-13 18:01:12] BSR-MoE controller: expert_restore (sync weights, deferred optimizer) elapsed=0.000s (step=3680)
INFO:megatron.core.transformer.moe.reintegration_barrier:BSR-MoE barrier: rank 35 -> REPAIRED_NOT_ROUTED (all preconditions met, step=3680)
WARNING:megatron.core.transformer.moe.recovery_controller:[2026-05-13 18:01:12] BSR-MoE controller: ⏱️  [Phase B] Parameter recovery COMPLETED (path=HYBRID_RECOVERY, elapsed=0.141s)
WARNING:megatron.core.transformer.moe.recovery_controller:[2026-05-13 18:01:12] BSR-MoE controller: reintegration barrier initialized for rank 35 (all preconditions marked, step=3680)
WARNING:megatron.core.transformer.moe.recovery_controller:[2026-05-13 18:01:12] BSR-MoE controller: expert_restore (sync weights, deferred optimizer) elapsed=0.000s (step=3680)
WARNING:megatron.core.transformer.moe.recovery_controller:[2026-05-13 18:01:12] BSR-MoE controller: expert_restore (sync weights, deferred optimizer) elapsed=0.000s (step=3680)
WARNING:megatron.core.transformer.moe.recovery_controller:[2026-05-13 18:01:12] BSR-MoE controller: ⏱️  [Phase B] Parameter recovery COMPLETED (path=HYBRID_RECOVERY, elapsed=0.142s)
INFO:megatron.core.transformer.moe.bsr_integration:BSR-MoE post-recovery convergence: views consistent after HYBRID_RECOVERY path (step=3680)
WARNING:megatron.core.transformer.moe.recovery_controller:[2026-05-13 18:01:12] BSR-MoE controller: SAFE_POINT_REPAIR → REINTEGRATED (event=safe_point_repair_completed, step=3680)
WARNING:megatron.core.transformer.moe.recovery_controller:[2026-05-13 18:01:12] BSR-MoE controller: ⏱️  [Phase B] Parameter recovery COMPLETED (path=HYBRID_RECOVERY, elapsed=0.142s)
WARNING:megatron.core.transformer.moe.recovery_controller:[2026-05-13 18:01:12] BSR-MoE controller: ⏱️  [Phase B→C] Post-recovery convergence completed (path=HYBRID_RECOVERY, elapsed=0.000s, step=3680)
WARNING:megatron.core.transformer.moe.recovery_controller:[2026-05-13 18:01:12] BSR-MoE controller: ⏱️  ✅ SAFE-POINT REPAIR COMPLETED (path=HYBRID_RECOVERY, step=3680, failed=35, replacement=35) | Total=0.142s | Breakdown: PhaseA=0.000s, PhaseB=0.142s, PhaseC=0.000s
WARNING:megatron.core.transformer.moe.recovery_controller:[2026-05-13 18:01:12] BSR-MoE controller: ⏱️  [Phase C] Starting post-repair...
INFO:megatron.core.transformer.moe.bsr_integration:BSR-MoE post-recovery convergence: views consistent after HYBRID_RECOVERY path (step=3680)
INFO:megatron.core.transformer.moe.bsr_integration:BSR-MoE post-recovery convergence: views consistent after HYBRID_RECOVERY path (step=3680)
INFO:megatron.core.transformer.moe.bsr_integration:BSR-MoE post-recovery convergence: views consistent after HYBRID_RECOVERY path (step=3680)
WARNING:megatron.core.transformer.moe.recovery_controller:[2026-05-13 18:01:12] BSR-MoE controller: ⏱️  [Phase B→C] Post-recovery convergence completed (path=HYBRID_RECOVERY, elapsed=0.000s, step=3680)
WARNING:megatron.core.transformer.moe.recovery_controller:[2026-05-13 18:01:12] BSR-MoE controller: ⏱️  [Phase B→C] Post-recovery convergence completed (path=HYBRID_RECOVERY, elapsed=0.000s, step=3680)
WARNING:megatron.core.transformer.moe.recovery_controller:[2026-05-13 18:01:12] BSR-MoE controller: ⏱️  [Phase B→C] Post-recovery convergence completed (path=HYBRID_RECOVERY, elapsed=0.000s, step=3680)
WARNING:megatron.core.transformer.moe.recovery_controller:[2026-05-13 18:01:12] BSR-MoE controller: ⏱️  [Phase C] Starting post-repair...
WARNING:megatron.core.transformer.moe.recovery_controller:[2026-05-13 18:01:12] BSR-MoE controller: ⏱️  [Phase C] Starting post-repair...
INFO:megatron.core.transformer.moe.reintegration_barrier:BSR-MoE barrier: begin reintegration for rank 35 -> 35 (experts=[48, 49, 50, 51, 52, 53, 54, 55, 56, 57, 58, 59, 60, 61, 62, 63], step=3680)
WARNING:megatron.core.transformer.moe.recovery_controller:[2026-05-13 18:01:12] BSR-MoE controller: ⏱️  [Phase C] Starting post-repair...
INFO:megatron.core.transformer.moe.reintegration_barrier:BSR-MoE barrier: rank 35 -> REPAIRED_NOT_ROUTED (all preconditions met, step=3680)
INFO:megatron.core.transformer.moe.reintegration_barrier:BSR-MoE barrier: begin reintegration for rank 35 -> 35 (experts=[48, 49, 50, 51, 52, 53, 54, 55, 56, 57, 58, 59, 60, 61, 62, 63], step=3680)
INFO:megatron.core.transformer.moe.reintegration_barrier:BSR-MoE barrier: begin reintegration for rank 35 -> 35 (experts=[48, 49, 50, 51, 52, 53, 54, 55, 56, 57, 58, 59, 60, 61, 62, 63], step=3680)
WARNING:megatron.core.transformer.moe.recovery_controller:[2026-05-13 18:01:12] BSR-MoE controller: reintegration barrier initialized for rank 35 (all preconditions marked, step=3680)
INFO:megatron.core.transformer.moe.reintegration_barrier:BSR-MoE barrier: begin reintegration for rank 35 -> 35 (experts=[48, 49, 50, 51, 52, 53, 54, 55, 56, 57, 58, 59, 60, 61, 62, 63], step=3680)
WARNING:megatron.core.transformer.moe.recovery_controller:[2026-05-13 18:01:12] BSR-MoE controller: SAFE_POINT_REPAIR → REINTEGRATED (event=safe_point_repair_completed, step=3680)
WARNING:megatron.core.transformer.moe.recovery_controller:[2026-05-13 18:01:12] BSR-MoE controller: ⏱️  ✅ SAFE-POINT REPAIR COMPLETED (path=HYBRID_RECOVERY, step=3680, failed=35, replacement=35) | Total=0.142s | Breakdown: PhaseA=0.000s, PhaseB=0.141s, PhaseC=0.000s
INFO:megatron.core.transformer.moe.reintegration_barrier:BSR-MoE barrier: rank 35 -> REPAIRED_NOT_ROUTED (all preconditions met, step=3680)
INFO:megatron.core.transformer.moe.reintegration_barrier:BSR-MoE barrier: rank 35 -> REPAIRED_NOT_ROUTED (all preconditions met, step=3680)
INFO:megatron.core.transformer.moe.reintegration_barrier:BSR-MoE barrier: rank 35 -> REPAIRED_NOT_ROUTED (all preconditions met, step=3680)
WARNING:megatron.core.transformer.moe.recovery_controller:[2026-05-13 18:01:12] BSR-MoE controller: reintegration barrier initialized for rank 35 (all preconditions marked, step=3680)
WARNING:megatron.core.transformer.moe.recovery_controller:[2026-05-13 18:01:12] BSR-MoE controller: reintegration barrier initialized for rank 35 (all preconditions marked, step=3680)
WARNING:megatron.core.transformer.moe.recovery_controller:[2026-05-13 18:01:12] BSR-MoE controller: reintegration barrier initialized for rank 35 (all preconditions marked, step=3680)
WARNING:megatron.core.transformer.moe.recovery_controller:[2026-05-13 18:01:12] BSR-MoE controller: SAFE_POINT_REPAIR → REINTEGRATED (event=safe_point_repair_completed, step=3680)
WARNING:megatron.core.transformer.moe.recovery_controller:[2026-05-13 18:01:12] BSR-MoE controller: SAFE_POINT_REPAIR → REINTEGRATED (event=safe_point_repair_completed, step=3680)
WARNING:megatron.core.transformer.moe.recovery_controller:[2026-05-13 18:01:12] BSR-MoE controller: SAFE_POINT_REPAIR → REINTEGRATED (event=safe_point_repair_completed, step=3680)
WARNING:megatron.core.transformer.moe.recovery_controller:[2026-05-13 18:01:12] BSR-MoE controller: ⏱️  ✅ SAFE-POINT REPAIR COMPLETED (path=HYBRID_RECOVERY, step=3680, failed=35, replacement=35) | Total=0.142s | Breakdown: PhaseA=0.000s, PhaseB=0.142s, PhaseC=0.000s
WARNING:megatron.core.transformer.moe.recovery_controller:[2026-05-13 18:01:12] BSR-MoE controller: ⏱️  ✅ SAFE-POINT REPAIR COMPLETED (path=HYBRID_RECOVERY, step=3680, failed=35, replacement=35) | Total=0.142s | Breakdown: PhaseA=0.000s, PhaseB=0.141s, PhaseC=0.000s
WARNING:megatron.core.transformer.moe.recovery_controller:[2026-05-13 18:01:12] BSR-MoE controller: ⏱️  ✅ SAFE-POINT REPAIR COMPLETED (path=HYBRID_RECOVERY, step=3680, failed=35, replacement=35) | Total=0.143s | Breakdown: PhaseA=0.000s, PhaseB=0.142s, PhaseC=0.000s
WARNING:megatron.core.transformer.moe.optimizer_commit_guard:BSR-MoE OptimizerCommitGuard: BLOCKING optimizer.step() at step 3680 — explicitly blocked (reason=hard_failure_rank_35_step_3680)
INFO:megatron.core.transformer.moe.optimizer_commit_guard:BSR-MoE OptimizerCommitGuard: optimizer.step() SKIPPED at step 3680 (reason: iteration_invalidated)
WARNING:megatron.core.transformer.moe.optimizer_commit_guard:BSR-MoE OptimizerCommitGuard: BLOCKING optimizer.step() at step 3680 — explicitly blocked (reason=hard_failure_rank_35_step_3680)
INFO:megatron.core.transformer.moe.optimizer_commit_guard:BSR-MoE OptimizerCommitGuard: optimizer.step() SKIPPED at step 3680 (reason: iteration_invalidated)
WARNING:megatron.core.transformer.moe.optimizer_commit_guard:BSR-MoE OptimizerCommitGuard: BLOCKING optimizer.step() at step 3680 — explicitly blocked (reason=hard_failure_rank_35_step_3680)
INFO:megatron.core.transformer.moe.optimizer_commit_guard:BSR-MoE OptimizerCommitGuard: optimizer.step() SKIPPED at step 3680 (reason: iteration_invalidated)
WARNING:megatron.core.transformer.moe.optimizer_commit_guard:BSR-MoE OptimizerCommitGuard: BLOCKING optimizer.step() at step 3680 — explicitly blocked (reason=hard_failure_rank_35_step_3680)
INFO:megatron.core.transformer.moe.optimizer_commit_guard:BSR-MoE OptimizerCommitGuard: optimizer.step() SKIPPED at step 3680 (reason: iteration_invalidated)
WARNING:megatron.core.transformer.moe.optimizer_commit_guard:BSR-MoE OptimizerCommitGuard: BLOCKING optimizer.step() at step 3680 — explicitly blocked (reason=hard_failure_rank_35_step_3680)
WARNING:megatron.core.transformer.moe.optimizer_commit_guard:BSR-MoE OptimizerCommitGuard: BLOCKING optimizer.step() at step 3680 — explicitly blocked (reason=hard_failure_rank_35_step_3680)
INFO:megatron.core.transformer.moe.optimizer_commit_guard:BSR-MoE OptimizerCommitGuard: optimizer.step() SKIPPED at step 3680 (reason: iteration_invalidated)
INFO:megatron.core.transformer.moe.optimizer_commit_guard:BSR-MoE OptimizerCommitGuard: optimizer.step() SKIPPED at step 3680 (reason: iteration_invalidated)
WARNING:megatron.core.transformer.moe.optimizer_commit_guard:BSR-MoE OptimizerCommitGuard: BLOCKING optimizer.step() at step 3680 — explicitly blocked (reason=hard_failure_rank_35_step_3680)
INFO:megatron.core.transformer.moe.optimizer_commit_guard:BSR-MoE OptimizerCommitGuard: optimizer.step() SKIPPED at step 3680 (reason: iteration_invalidated)
WARNING:megatron.core.transformer.moe.optimizer_commit_guard:BSR-MoE OptimizerCommitGuard: BLOCKING optimizer.step() at step 3680 — explicitly blocked (reason=hard_failure_rank_35_step_3680)
INFO:megatron.core.transformer.moe.optimizer_commit_guard:BSR-MoE OptimizerCommitGuard: optimizer.step() SKIPPED at step 3680 (reason: iteration_invalidated)
 [2026-05-13 18:01:28] iteration     3681/   20000 | consumed samples:       235584 | elapsed time per iteration (ms): 16025.2 | learning rate: 9.301028E-05 | global batch size:    64 | load_balancing_loss: 1.032043E+00 | loss scale: 1.0 | number of skipped iterations:   1 | number of nan iterations:   0 |
WARNING:megatron.core.transformer.moe.reintegration_barrier:BSR-MoE barrier: rank 35 reintegrated at step 3681 (replacement=35, experts=[48, 49, 50, 51, 52, 53, 54, 55, 56, 57, 58, 59, 60, 61, 62, 63])
INFO:megatron.core.transformer.moe.recovery_controller:BSR-MoE controller: barrier reintegration executed for rank 35 at step 3681
WARNING:megatron.core.transformer.moe.recovery_controller:[2026-05-13 18:01:28] BSR-MoE controller: REINTEGRATED → HEALTHY_TRAINING (event=reintegration_finalized, step=3681)
WARNING:megatron.core.transformer.moe.reintegration_barrier:BSR-MoE barrier: rank 35 reintegrated at step 3681 (replacement=35, experts=[48, 49, 50, 51, 52, 53, 54, 55, 56, 57, 58, 59, 60, 61, 62, 63])
WARNING:megatron.core.transformer.moe.recovery_controller:[2026-05-13 18:01:28] BSR-MoE controller: reintegration finalized at step 3681 (1 recoveries completed)
INFO:megatron.core.transformer.moe.recovery_controller:BSR-MoE controller: barrier reintegration executed for rank 35 at step 3681
WARNING:megatron.core.transformer.moe.reintegration_barrier:BSR-MoE barrier: rank 35 reintegrated at step 3681 (replacement=35, experts=[48, 49, 50, 51, 52, 53, 54, 55, 56, 57, 58, 59, 60, 61, 62, 63])
WARNING:megatron.core.transformer.moe.reintegration_barrier:BSR-MoE barrier: rank 35 reintegrated at step 3681 (replacement=35, experts=[48, 49, 50, 51, 52, 53, 54, 55, 56, 57, 58, 59, 60, 61, 62, 63])
WARNING:megatron.core.transformer.moe.reintegration_barrier:BSR-MoE barrier: rank 35 reintegrated at step 3681 (replacement=35, experts=[48, 49, 50, 51, 52, 53, 54, 55, 56, 57, 58, 59, 60, 61, 62, 63])
INFO:megatron.core.transformer.moe.recovery_controller:BSR-MoE controller: barrier reintegration executed for rank 35 at step 3681
INFO:megatron.core.transformer.moe.recovery_controller:BSR-MoE controller: barrier reintegration executed for rank 35 at step 3681
INFO:megatron.core.transformer.moe.recovery_controller:BSR-MoE controller: barrier reintegration executed for rank 35 at step 3681
WARNING:megatron.core.transformer.moe.recovery_controller:[2026-05-13 18:01:28] BSR-MoE controller: REINTEGRATED → HEALTHY_TRAINING (event=reintegration_finalized, step=3681)
WARNING:megatron.core.transformer.moe.reintegration_barrier:BSR-MoE barrier: rank 35 reintegrated at step 3681 (replacement=35, experts=[48, 49, 50, 51, 52, 53, 54, 55, 56, 57, 58, 59, 60, 61, 62, 63])
WARNING:megatron.core.transformer.moe.recovery_controller:[2026-05-13 18:01:28] BSR-MoE controller: reintegration finalized at step 3681 (1 recoveries completed)
WARNING:megatron.core.transformer.moe.recovery_controller:[2026-05-13 18:01:28] BSR-MoE controller: REINTEGRATED → HEALTHY_TRAINING (event=reintegration_finalized, step=3681)
WARNING:megatron.core.transformer.moe.recovery_controller:[2026-05-13 18:01:28] BSR-MoE controller: REINTEGRATED → HEALTHY_TRAINING (event=reintegration_finalized, step=3681)
INFO:megatron.core.transformer.moe.recovery_controller:BSR-MoE controller: barrier reintegration executed for rank 35 at step 3681
WARNING:megatron.core.transformer.moe.reintegration_barrier:BSR-MoE barrier: rank 35 reintegrated at step 3681 (replacement=35, experts=[48, 49, 50, 51, 52, 53, 54, 55, 56, 57, 58, 59, 60, 61, 62, 63])
WARNING:megatron.core.transformer.moe.recovery_controller:[2026-05-13 18:01:28] BSR-MoE controller: REINTEGRATED → HEALTHY_TRAINING (event=reintegration_finalized, step=3681)
WARNING:megatron.core.transformer.moe.recovery_controller:[2026-05-13 18:01:28] BSR-MoE controller: reintegration finalized at step 3681 (1 recoveries completed)
WARNING:megatron.core.transformer.moe.recovery_controller:[2026-05-13 18:01:28] BSR-MoE controller: reintegration finalized at step 3681 (1 recoveries completed)
WARNING:megatron.core.transformer.moe.recovery_controller:[2026-05-13 18:01:28] BSR-MoE controller: reintegration finalized at step 3681 (1 recoveries completed)
INFO:megatron.core.transformer.moe.recovery_controller:BSR-MoE controller: barrier reintegration executed for rank 35 at step 3681
WARNING:megatron.core.transformer.moe.recovery_controller:[2026-05-13 18:01:28] BSR-MoE controller: REINTEGRATED → HEALTHY_TRAINING (event=reintegration_finalized, step=3681)
WARNING:megatron.core.transformer.moe.recovery_controller:[2026-05-13 18:01:28] BSR-MoE controller: reintegration finalized at step 3681 (1 recoveries completed)
WARNING:megatron.core.transformer.moe.reintegration_barrier:BSR-MoE barrier: rank 35 reintegrated at step 3681 (replacement=35, experts=[48, 49, 50, 51, 52, 53, 54, 55, 56, 57, 58, 59, 60, 61, 62, 63])
INFO:megatron.core.transformer.moe.recovery_controller:BSR-MoE controller: barrier reintegration executed for rank 35 at step 3681
WARNING:megatron.core.transformer.moe.recovery_controller:[2026-05-13 18:01:28] BSR-MoE controller: REINTEGRATED → HEALTHY_TRAINING (event=reintegration_finalized, step=3681)
WARNING:megatron.core.transformer.moe.recovery_controller:[2026-05-13 18:01:28] BSR-MoE controller: reintegration finalized at step 3681 (1 recoveries completed)
WARNING:megatron.core.transformer.moe.recovery_controller:[2026-05-13 18:01:28] BSR-MoE controller: REINTEGRATED → HEALTHY_TRAINING (event=reintegration_finalized, step=3681)
WARNING:megatron.core.transformer.moe.recovery_controller:[2026-05-13 18:01:28] BSR-MoE controller: reintegration finalized at step 3681 (1 recoveries completed)
 [2026-05-13 18:01:52] iteration     3682/   20000 | consumed samples:       235648 | elapsed time per iteration (ms): 24197.8 | learning rate: 9.300650E-05 | global batch size:    64 | load_balancing_loss: 1.032868E+00 | lm loss: 3.238453E+00 | loss scale: 1.0 | grad norm: 0.204 | number of skipped iterations:   0 | number of nan iterations:   0 |
 [2026-05-13 18:02:03] iteration     3683/   20000 | consumed samples:       235712 | elapsed time per iteration (ms): 10587.3 | learning rate: 9.300271E-05 | global batch size:    64 | load_balancing_loss: 1.033009E+00 | lm loss: 3.165013E+00 | loss scale: 1.0 | grad norm: 0.194 | number of skipped iterations:   0 | number of nan iterations:   0 |
 [2026-05-13 18:02:13] iteration     3684/   20000 | consumed samples:       235776 | elapsed time per iteration (ms): 10585.9 | learning rate: 9.299893E-05 | global batch size:    64 | load_balancing_loss: 1.039382E+00 | lm loss: 3.133092E+00 | loss scale: 1.0 | grad norm: 0.207 | number of skipped iterations:   0 | number of nan iterations:   0 |
 [2026-05-13 18:02:24] iteration     3685/   20000 | consumed samples:       235840 | elapsed time per iteration (ms): 10572.0 | learning rate: 9.299513E-05 | global batch size:    64 | load_balancing_loss: 1.033394E+00 | lm loss: 3.155326E+00 | loss scale: 1.0 | grad norm: 0.196 | number of skipped iterations:   0 | number of nan iterations:   0 |
 [2026-05-13 18:02:34] iteration     3686/   20000 | consumed samples:       235904 | elapsed time per iteration (ms): 10628.6 | learning rate: 9.299134E-05 | global batch size:    64 | load_balancing_loss: 1.033200E+00 | lm loss: 3.159712E+00 | loss scale: 1.0 | grad norm: 0.196 | number of skipped iterations:   0 | number of nan iterations:   0 |
 [2026-05-13 18:02:45] iteration     3687/   20000 | consumed samples:       235968 | elapsed time per iteration (ms): 10556.3 | learning rate: 9.298755E-05 | global batch size:    64 | load_balancing_loss: 1.028162E+00 | lm loss: 3.220901E+00 | loss scale: 1.0 | grad norm: 0.195 | number of skipped iterations:   0 | number of nan iterations:   0 |
 [2026-05-13 18:02:56] iteration     3688/   20000 | consumed samples:       236032 | elapsed time per iteration (ms): 10553.0 | learning rate: 9.298377E-05 | global batch size:    64 | load_balancing_loss: 1.031475E+00 | lm loss: 3.226661E+00 | loss scale: 1.0 | grad norm: 0.190 | number of skipped iterations:   0 | number of nan iterations:   0 |
 [2026-05-13 18:03:06] iteration     3689/   20000 | consumed samples:       236096 | elapsed time per iteration (ms): 10564.3 | learning rate: 9.297997E-05 | global batch size:    64 | load_balancing_loss: 1.032014E+00 | lm loss: 3.124604E+00 | loss scale: 1.0 | grad norm: 0.196 | number of skipped iterations:   0 | number of nan iterations:   0 |
 [2026-05-13 18:03:17] iteration     3690/   20000 | consumed samples:       236160 | elapsed time per iteration (ms): 10559.8 | learning rate: 9.297618E-05 | global batch size:    64 | load_balancing_loss: 1.039243E+00 | lm loss: 3.240225E+00 | loss scale: 1.0 | grad norm: 0.194 | number of skipped iterations:   0 | number of nan iterations:   0 |
 [2026-05-13 18:03:28] iteration     3691/   20000 | consumed samples:       236224 | elapsed time per iteration (ms): 11327.1 | learning rate: 9.297239E-05 | global batch size:    64 | load_balancing_loss: 1.037753E+00 | lm loss: 3.171139E+00 | loss scale: 1.0 | grad norm: 0.200 | number of skipped iterations:   0 | number of nan iterations:   0 |
 [2026-05-13 18:03:39] iteration     3692/   20000 | consumed samples:       236288 | elapsed time per iteration (ms): 10585.5 | learning rate: 9.296859E-05 | global batch size:    64 | load_balancing_loss: 1.033413E+00 | lm loss: 3.177350E+00 | loss scale: 1.0 | grad norm: 0.201 | number of skipped iterations:   0 | number of nan iterations:   0 |
 [2026-05-13 18:03:49] iteration     3693/   20000 | consumed samples:       236352 | elapsed time per iteration (ms): 10590.1 | learning rate: 9.296480E-05 | global batch size:    64 | load_balancing_loss: 1.031543E+00 | lm loss: 3.183427E+00 | loss scale: 1.0 | grad norm: 0.196 | number of skipped iterations:   0 | number of nan iterations:   0 |
 [2026-05-13 18:04:00] iteration     3694/   20000 | consumed samples:       236416 | elapsed time per iteration (ms): 10582.6 | learning rate: 9.296100E-05 | global batch size:    64 | load_balancing_loss: 1.034025E+00 | lm loss: 3.216628E+00 | loss scale: 1.0 | grad norm: 0.198 | number of skipped iterations:   0 | number of nan iterations:   0 |
 [2026-05-13 18:04:11] iteration     3695/   20000 | consumed samples:       236480 | elapsed time per iteration (ms): 11227.3 | learning rate: 9.295721E-05 | global batch size:    64 | load_balancing_loss: 1.032635E+00 | lm loss: 3.158120E+00 | loss scale: 1.0 | grad norm: 0.193 | number of skipped iterations:   0 | number of nan iterations:   0 |
 [2026-05-13 18:04:22] iteration     3696/   20000 | consumed samples:       236544 | elapsed time per iteration (ms): 10563.8 | learning rate: 9.295341E-05 | global batch size:    64 | load_balancing_loss: 1.037491E+00 | lm loss: 3.123681E+00 | loss scale: 1.0 | grad norm: 0.194 | number of skipped iterations:   0 | number of nan iterations:   0 |
 [2026-05-13 18:04:32] iteration     3697/   20000 | consumed samples:       236608 | elapsed time per iteration (ms): 10556.4 | learning rate: 9.294961E-05 | global batch size:    64 | load_balancing_loss: 1.035013E+00 | lm loss: 3.160459E+00 | loss scale: 1.0 | grad norm: 0.195 | number of skipped iterations:   0 | number of nan iterations:   0 |
 [2026-05-13 18:04:43] iteration     3698/   20000 | consumed samples:       236672 | elapsed time per iteration (ms): 10590.4 | learning rate: 9.294580E-05 | global batch size:    64 | load_balancing_loss: 1.033809E+00 | lm loss: 3.110935E+00 | loss scale: 1.0 | grad norm: 0.194 | number of skipped iterations:   0 | number of nan iterations:   0 |
 [2026-05-13 18:04:53] iteration     3699/   20000 | consumed samples:       236736 | elapsed time per iteration (ms): 10566.8 | learning rate: 9.294201E-05 | global batch size:    64 | load_balancing_loss: 1.039524E+00 | lm loss: 3.144428E+00 | loss scale: 1.0 | grad norm: 0.201 | number of skipped iterations:   0 | number of nan iterations:   0 |
 [2026-05-13 18:05:04] iteration     3700/   20000 | consumed samples:       236800 | elapsed time per iteration (ms): 10581.4 | learning rate: 9.293821E-05 | global batch size:    64 | load_balancing_loss: 1.032802E+00 | lm loss: 3.131337E+00 | loss scale: 1.0 | grad norm: 0.197 | number of skipped iterations:   0 | number of nan iterations:   0 |
[save_train_log] 运行incremental分析 (iteration 3700)...
[save_train_log] incremental 分析完成: /mnt/ais-c1/dataset/zds/log/5.12/analysis_latest/analysis_incremental_iter3700.txt
 [2026-05-13 18:05:14] iteration     3701/   20000 | consumed samples:       236864 | elapsed time per iteration (ms): 10591.8 | learning rate: 9.293440E-05 | global batch size:    64 | load_balancing_loss: 1.035840E+00 | lm loss: 3.161972E+00 | loss scale: 1.0 | grad norm: 0.196 | number of skipped iterations:   0 | number of nan iterations:   0 |
 [2026-05-13 18:05:25] iteration     3702/   20000 | consumed samples:       236928 | elapsed time per iteration (ms): 10571.4 | learning rate: 9.293060E-05 | global batch size:    64 | load_balancing_loss: 1.033380E+00 | lm loss: 3.252973E+00 | loss scale: 1.0 | grad norm: 0.197 | number of skipped iterations:   0 | number of nan iterations:   0 |
 [2026-05-13 18:05:36] iteration     3703/   20000 | consumed samples:       236992 | elapsed time per iteration (ms): 10564.0 | learning rate: 9.292679E-05 | global batch size:    64 | load_balancing_loss: 1.036655E+00 | lm loss: 3.180635E+00 | loss scale: 1.0 | grad norm: 0.195 | number of skipped iterations:   0 | number of nan iterations:   0 |
 [2026-05-13 18:05:46] iteration     3704/   20000 | consumed samples:       237056 | elapsed time per iteration (ms): 10580.2 | learning rate: 9.292299E-05 | global batch size:    64 | load_balancing_loss: 1.036224E+00 | lm loss: 3.148963E+00 | loss scale: 1.0 | grad norm: 0.207 | number of skipped iterations:   0 | number of nan iterations:   0 |
 [2026-05-13 18:05:57] iteration     3705/   20000 | consumed samples:       237120 | elapsed time per iteration (ms): 10584.6 | learning rate: 9.291918E-05 | global batch size:    64 | load_balancing_loss: 1.034806E+00 | lm loss: 3.153061E+00 | loss scale: 1.0 | grad norm: 0.201 | number of skipped iterations:   0 | number of nan iterations:   0 |
 [2026-05-13 18:06:07] iteration     3706/   20000 | consumed samples:       237184 | elapsed time per iteration (ms): 10593.5 | learning rate: 9.291538E-05 | global batch size:    64 | load_balancing_loss: 1.036538E+00 | lm loss: 3.107243E+00 | loss scale: 1.0 | grad norm: 0.198 | number of skipped iterations:   0 | number of nan iterations:   0 |
 [2026-05-13 18:06:18] iteration     3707/   20000 | consumed samples:       237248 | elapsed time per iteration (ms): 10934.2 | learning rate: 9.291156E-05 | global batch size:    64 | load_balancing_loss: 1.034642E+00 | lm loss: 3.159415E+00 | loss scale: 1.0 | grad norm: 0.200 | number of skipped iterations:   0 | number of nan iterations:   0 |
 [2026-05-13 18:06:29] iteration     3708/   20000 | consumed samples:       237312 | elapsed time per iteration (ms): 10809.3 | learning rate: 9.290776E-05 | global batch size:    64 | load_balancing_loss: 1.031798E+00 | lm loss: 3.162650E+00 | loss scale: 1.0 | grad norm: 0.195 | number of skipped iterations:   0 | number of nan iterations:   0 |
 [2026-05-13 18:06:40] iteration     3709/   20000 | consumed samples:       237376 | elapsed time per iteration (ms): 10571.5 | learning rate: 9.290395E-05 | global batch size:    64 | load_balancing_loss: 1.031590E+00 | lm loss: 3.201146E+00 | loss scale: 1.0 | grad norm: 0.197 | number of skipped iterations:   0 | number of nan iterations:   0 |
 [2026-05-13 18:06:50] iteration     3710/   20000 | consumed samples:       237440 | elapsed time per iteration (ms): 10576.8 | learning rate: 9.290013E-05 | global batch size:    64 | load_balancing_loss: 1.053736E+00 | lm loss: 3.146268E+00 | loss scale: 1.0 | grad norm: 0.203 | number of skipped iterations:   0 | number of nan iterations:   0 |
 [2026-05-13 18:07:01] iteration     3711/   20000 | consumed samples:       237504 | elapsed time per iteration (ms): 10869.3 | learning rate: 9.289632E-05 | global batch size:    64 | load_balancing_loss: 1.033040E+00 | lm loss: 3.104431E+00 | loss scale: 1.0 | grad norm: 0.193 | number of skipped iterations:   0 | number of nan iterations:   0 |
 [2026-05-13 18:07:12] iteration     3712/   20000 | consumed samples:       237568 | elapsed time per iteration (ms): 10565.4 | learning rate: 9.289251E-05 | global batch size:    64 | load_balancing_loss: 1.037934E+00 | lm loss: 3.127422E+00 | loss scale: 1.0 | grad norm: 0.204 | number of skipped iterations:   0 | number of nan iterations:   0 |
 [2026-05-13 18:07:22] iteration     3713/   20000 | consumed samples:       237632 | elapsed time per iteration (ms): 10583.1 | learning rate: 9.288869E-05 | global batch size:    64 | load_balancing_loss: 1.038573E+00 | lm loss: 3.146821E+00 | loss scale: 1.0 | grad norm: 0.198 | number of skipped iterations:   0 | number of nan iterations:   0 |
 [2026-05-13 18:07:33] iteration     3714/   20000 | consumed samples:       237696 | elapsed time per iteration (ms): 10549.2 | learning rate: 9.288487E-05 | global batch size:    64 | load_balancing_loss: 1.036268E+00 | lm loss: 3.181296E+00 | loss scale: 1.0 | grad norm: 0.195 | number of skipped iterations:   0 | number of nan iterations:   0 |
 [2026-05-13 18:07:43] iteration     3715/   20000 | consumed samples:       237760 | elapsed time per iteration (ms): 10571.8 | learning rate: 9.288106E-05 | global batch size:    64 | load_balancing_loss: 1.034037E+00 | lm loss: 3.180511E+00 | loss scale: 1.0 | grad norm: 0.197 | number of skipped iterations:   0 | number of nan iterations:   0 |
 [2026-05-13 18:07:54] iteration     3716/   20000 | consumed samples:       237824 | elapsed time per iteration (ms): 11021.8 | learning rate: 9.287724E-05 | global batch size:    64 | load_balancing_loss: 1.035699E+00 | lm loss: 3.175761E+00 | loss scale: 1.0 | grad norm: 0.203 | number of skipped iterations:   0 | number of nan iterations:   0 |
 [2026-05-13 18:08:05] iteration     3717/   20000 | consumed samples:       237888 | elapsed time per iteration (ms): 10605.4 | learning rate: 9.287343E-05 | global batch size:    64 | load_balancing_loss: 1.040486E+00 | lm loss: 3.132411E+00 | loss scale: 1.0 | grad norm: 0.305 | number of skipped iterations:   0 | number of nan iterations:   0 |
 [2026-05-13 18:08:16] iteration     3718/   20000 | consumed samples:       237952 | elapsed time per iteration (ms): 10574.1 | learning rate: 9.286961E-05 | global batch size:    64 | load_balancing_loss: 1.034335E+00 | lm loss: 3.200621E+00 | loss scale: 1.0 | grad norm: 0.198 | number of skipped iterations:   0 | number of nan iterations:   0 |
 [2026-05-13 18:08:26] iteration     3719/   20000 | consumed samples:       238016 | elapsed time per iteration (ms): 10587.4 | learning rate: 9.286579E-05 | global batch size:    64 | load_balancing_loss: 1.035710E+00 | lm loss: 3.149794E+00 | loss scale: 1.0 | grad norm: 0.200 | number of skipped iterations:   0 | number of nan iterations:   0 |
 [2026-05-13 18:08:38] iteration     3720/   20000 | consumed samples:       238080 | elapsed time per iteration (ms): 11791.3 | learning rate: 9.286197E-05 | global batch size:    64 | load_balancing_loss: 1.036609E+00 | lm loss: 3.248304E+00 | loss scale: 1.0 | grad norm: 0.193 | number of skipped iterations:   0 | number of nan iterations:   0 |
INFO:megatron.core.transformer.moe.bsr_integration:BSR-MoE: checkpoint metadata injected (iteration=3720, phase=HEALTHY_TRAINING)
INFO:megatron.core.transformer.moe.bsr_integration:BSR-MoE: checkpoint metadata injected (iteration=3720, phase=HEALTHY_TRAINING)
INFO:megatron.core.transformer.moe.bsr_integration:BSR-MoE: checkpoint metadata injected (iteration=3720, phase=HEALTHY_TRAINING)
INFO:megatron.core.transformer.moe.bsr_integration:BSR-MoE: checkpoint metadata injected (iteration=3720, phase=HEALTHY_TRAINING)
INFO:megatron.core.transformer.moe.bsr_integration:BSR-MoE: checkpoint metadata injected (iteration=3720, phase=HEALTHY_TRAINING)
INFO:megatron.core.transformer.moe.bsr_integration:BSR-MoE: checkpoint metadata injected (iteration=3720, phase=HEALTHY_TRAINING)
INFO:megatron.core.transformer.moe.bsr_integration:BSR-MoE: checkpoint metadata injected (iteration=3720, phase=HEALTHY_TRAINING)
INFO:megatron.core.transformer.moe.bsr_integration:BSR-MoE: checkpoint metadata injected (iteration=3720, phase=HEALTHY_TRAINING)
(min, max) time across ranks (ms):
    save-checkpoint ................................: (36337.76, 36338.56)
WARNING:megatron.core.transformer.moe.bsr_integration:[2026-05-13 18:09:14] BSR-MoE FAULT INJECTION #4: type=restart_in_place, rank=31, step=3720, experts=[112, 113, 114, 115, 116, 117, 118, 119, 120, 121, 122, 123, 124, 125, 126, 127], ep_group=[24, 25, 26, 27, 28, 29, 30, 31]
WARNING:megatron.core.transformer.moe.bsr_integration:[2026-05-13 18:09:14] BSR-MoE FAULT INJECTION #4: type=restart_in_place, rank=31, step=3720, experts=[112, 113, 114, 115, 116, 117, 118, 119, 120, 121, 122, 123, 124, 125, 126, 127], ep_group=[24, 25, 26, 27, 28, 29, 30, 31]
WARNING:megatron.core.transformer.moe.recovery_controller:[2026-05-13 18:09:14] BSR-MoE controller: rank 31 HARD FAILURE (step=3720, reason=scheduled_restart_in_place_injection, experts=[112, 113, 114, 115, 116, 117, 118, 119, 120, 121, 122, 123, 124, 125, 126, 127], mid_iteration=False)
INFO:megatron.core.transformer.moe.recovery_controller:ExpertRecoveryTracker: experts [112, 113, 114, 115, 116, 117, 118, 119, 120, 121, 122, 123, 124, 125, 126, 127] → RECOVERING (step=3720)
WARNING:megatron.core.transformer.moe.recovery_controller:[2026-05-13 18:09:14] BSR-MoE controller: rank 31 HARD FAILURE (step=3720, reason=scheduled_restart_in_place_injection, experts=[112, 113, 114, 115, 116, 117, 118, 119, 120, 121, 122, 123, 124, 125, 126, 127], mid_iteration=False)
WARNING:megatron.core.transformer.moe.optimizer_commit_guard:OptimizerCommitGuard: commit BLOCKED (reason=hard_failure_rank_31_step_3720)
WARNING:megatron.core.transformer.moe.bsr_integration:BSR-MoE: optimizer commit blocked for step 3720 (hard failure of rank 31)
WARNING:megatron.core.transformer.moe.bsr_integration:BSR-MoE: entering waiting-for-replacement state (failed_rank=31, step=3720, experts=[112, 113, 114, 115, 116, 117, 118, 119, 120, 121, 122, 123, 124, 125, 126, 127])
INFO:megatron.core.transformer.moe.recovery_controller:ExpertRecoveryTracker: experts [112, 113, 114, 115, 116, 117, 118, 119, 120, 121, 122, 123, 124, 125, 126, 127] → RECOVERING (step=3720)
WARNING:megatron.core.transformer.moe.optimizer_commit_guard:OptimizerCommitGuard: commit BLOCKED (reason=hard_failure_rank_31_step_3720)
WARNING:megatron.core.transformer.moe.recovery_controller:[2026-05-13 18:09:14] BSR-MoE controller: HEALTHY_TRAINING → PENDING_GROUP_REPAIR (event=hard_rank_failure, step=3720)
WARNING:megatron.core.transformer.moe.bsr_integration:BSR-MoE: optimizer commit blocked for step 3720 (hard failure of rank 31)
WARNING:megatron.core.transformer.moe.bsr_integration:BSR-MoE: entering waiting-for-replacement state (failed_rank=31, step=3720, experts=[112, 113, 114, 115, 116, 117, 118, 119, 120, 121, 122, 123, 124, 125, 126, 127])
WARNING:megatron.core.transformer.moe.recovery_controller:[2026-05-13 18:09:14] BSR-MoE controller: replacement assigned — failed_rank=31, replacement_rank=31 (step=3720)
INFO:megatron.core.transformer.moe.replacement_registry:BSR-MoE replacement: failed_rank=31, replacement_rank=31, NOT_PRESENT → BOOTSTRAPPING (step=3720)
WARNING:megatron.core.transformer.moe.recovery_controller:[2026-05-13 18:09:14] BSR-MoE controller: HEALTHY_TRAINING → PENDING_GROUP_REPAIR (event=hard_rank_failure, step=3720)
WARNING:megatron.core.transformer.moe.replacement_registry:BSR-MoE: replacement announced — failed_rank=31 → replacement_rank=31 (step=3720, reason='')
WARNING:megatron.core.transformer.moe.recovery_controller:[2026-05-13 18:09:14] BSR-MoE controller: PENDING_GROUP_REPAIR → WAITING_FOR_REPLACEMENT (event=replacement_assigned, step=3720)
WARNING:megatron.core.transformer.moe.recovery_controller:[2026-05-13 18:09:14] BSR-MoE controller: replacement assigned — failed_rank=31, replacement_rank=31 (step=3720)
WARNING:megatron.core.transformer.moe.recovery_controller:[2026-05-13 18:09:14] BSR-MoE controller: replacement ready — failed_rank=31 (step=3720)
WARNING:megatron.core.transformer.moe.recovery_controller:[2026-05-13 18:09:14] BSR-MoE controller: WAITING_FOR_REPLACEMENT → SAFE_POINT_REPAIR (event=replacement_ready, step=3720)
WARNING:megatron.core.transformer.moe.recovery_controller:BSR-MoE controller: restart-in-place fast path for rank 31 (replacement=self, step=3720)
WARNING:megatron.core.transformer.moe.bsr_integration:[2026-05-13 18:09:14] BSR-MoE FAULT INJECTION: next periodic fault scheduled at step 3760 (interval=40, total_injections=4)
INFO:megatron.core.transformer.moe.replacement_registry:BSR-MoE replacement: failed_rank=31, replacement_rank=31, NOT_PRESENT → BOOTSTRAPPING (step=3720)
WARNING:megatron.core.transformer.moe.replacement_registry:BSR-MoE: replacement announced — failed_rank=31 → replacement_rank=31 (step=3720, reason='')
WARNING:megatron.core.transformer.moe.recovery_controller:[2026-05-13 18:09:14] BSR-MoE controller: ⏱️  START safe-point repair at step 3720 (failed=31, replacement=31)
WARNING:megatron.core.transformer.moe.recovery_controller:[2026-05-13 18:09:14] BSR-MoE controller: ⏱️  [Phase A] Starting infrastructure repair...
WARNING:megatron.core.transformer.moe.recovery_controller:[2026-05-13 18:09:14] BSR-MoE controller: PENDING_GROUP_REPAIR → WAITING_FOR_REPLACEMENT (event=replacement_assigned, step=3720)
INFO:megatron.core.transformer.moe.replacement_registry:BSR-MoE replacement: failed_rank=31, replacement_rank=31, BOOTSTRAPPING → READY_FOR_REPAIR (step=3720)
WARNING:megatron.core.transformer.moe.recovery_controller:[2026-05-13 18:09:14] BSR-MoE controller: replacement ready — failed_rank=31 (step=3720)
INFO:megatron.core.transformer.moe.replacement_registry:BSR-MoE replacement: failed_rank=31, replacement_rank=31, READY_FOR_REPAIR → INTEGRATED (step=3720)
WARNING:megatron.core.transformer.moe.recovery_controller:[2026-05-13 18:09:14] BSR-MoE controller: WAITING_FOR_REPLACEMENT → SAFE_POINT_REPAIR (event=replacement_ready, step=3720)
WARNING:megatron.core.transformer.moe.replacement_registry:BSR-MoE: replacement INTEGRATED — failed_rank=31, replacement_rank=31 (step=3720)
WARNING:megatron.core.transformer.moe.recovery_controller:BSR-MoE controller: restart-in-place fast path for rank 31 (replacement=self, step=3720)
WARNING:megatron.core.transformer.moe.recovery_controller:[2026-05-13 18:09:14] BSR-MoE controller: step1 replacement_integrate elapsed=0.000s (step=3720)
WARNING:megatron.core.transformer.moe.bsr_integration:[2026-05-13 18:09:14] BSR-MoE FAULT INJECTION: next periodic fault scheduled at step 3760 (interval=40, total_injections=4)
WARNING:megatron.core.transformer.moe.recovery_controller:[2026-05-13 18:09:14] BSR-MoE controller: step2 group_rebuild_request elapsed=0.000s (step=3720)
WARNING:megatron.core.transformer.moe.recovery_controller:[2026-05-13 18:09:14] BSR-MoE controller: step3 group_rebuild_execute elapsed=0.000s (step=3720)
WARNING:megatron.core.transformer.moe.recovery_controller:[2026-05-13 18:09:14] BSR-MoE controller: ⏱️  START safe-point repair at step 3720 (failed=31, replacement=31)
WARNING:megatron.core.transformer.moe.recovery_controller:[2026-05-13 18:09:14] BSR-MoE controller: step4 group_rebuild_finish elapsed=0.000s (step=3720)
WARNING:megatron.core.transformer.moe.recovery_controller:[2026-05-13 18:09:14] BSR-MoE controller: step5 topology_refresh elapsed=0.000s (step=3720)
WARNING:megatron.core.transformer.moe.recovery_controller:[2026-05-13 18:09:14] BSR-MoE controller: ⏱️  [Phase A] Starting infrastructure repair...
WARNING:megatron.core.transformer.moe.recovery_controller:[2026-05-13 18:09:14] BSR-MoE controller: ⏱️  [Phase A] Infrastructure repair COMPLETED (elapsed=0.000s)
WARNING:megatron.core.transformer.moe.recovery_controller:[2026-05-13 18:09:14] BSR-MoE controller: ⏱️  [Phase B] Starting parameter recovery...
INFO:megatron.core.transformer.moe.replacement_registry:BSR-MoE replacement: failed_rank=31, replacement_rank=31, BOOTSTRAPPING → READY_FOR_REPAIR (step=3720)
INFO:megatron.core.transformer.moe.replacement_registry:BSR-MoE replacement: failed_rank=31, replacement_rank=31, READY_FOR_REPAIR → INTEGRATED (step=3720)
WARNING:megatron.core.transformer.moe.replacement_registry:BSR-MoE: replacement INTEGRATED — failed_rank=31, replacement_rank=31 (step=3720)
WARNING:megatron.core.transformer.moe.recovery_controller:[2026-05-13 18:09:14] BSR-MoE controller: step1 replacement_integrate elapsed=0.000s (step=3720)
WARNING:megatron.core.transformer.moe.recovery_controller:[2026-05-13 18:09:14] BSR-MoE controller: step2 group_rebuild_request elapsed=0.000s (step=3720)
WARNING:megatron.core.transformer.moe.recovery_controller:[2026-05-13 18:09:14] BSR-MoE controller: step3 group_rebuild_execute elapsed=0.000s (step=3720)
WARNING:megatron.core.transformer.moe.recovery_controller:[2026-05-13 18:09:14] BSR-MoE controller: step4 group_rebuild_finish elapsed=0.000s (step=3720)
WARNING:megatron.core.transformer.moe.recovery_controller:[2026-05-13 18:09:14] BSR-MoE controller: step5 topology_refresh elapsed=0.000s (step=3720)
WARNING:megatron.core.transformer.moe.recovery_controller:[2026-05-13 18:09:14] BSR-MoE controller: ⏱️  [Phase A] Infrastructure repair COMPLETED (elapsed=0.000s)
WARNING:megatron.core.transformer.moe.recovery_controller:[2026-05-13 18:09:14] BSR-MoE controller: ⏱️  [Phase B] Starting parameter recovery...
WARNING:megatron.core.transformer.moe.bsr_integration:[2026-05-13 18:09:14] BSR-MoE FAULT INJECTION #4: type=restart_in_place, rank=31, step=3720, experts=[112, 113, 114, 115, 116, 117, 118, 119, 120, 121, 122, 123, 124, 125, 126, 127], ep_group=[24, 25, 26, 27, 28, 29, 30, 31]
WARNING:megatron.core.transformer.moe.bsr_integration:[2026-05-13 18:09:14] BSR-MoE FAULT INJECTION #4: type=restart_in_place, rank=31, step=3720, experts=[112, 113, 114, 115, 116, 117, 118, 119, 120, 121, 122, 123, 124, 125, 126, 127], ep_group=[24, 25, 26, 27, 28, 29, 30, 31]
WARNING:megatron.core.transformer.moe.bsr_integration:[2026-05-13 18:09:14] BSR-MoE FAULT INJECTION #4: type=restart_in_place, rank=31, step=3720, experts=[112, 113, 114, 115, 116, 117, 118, 119, 120, 121, 122, 123, 124, 125, 126, 127], ep_group=[24, 25, 26, 27, 28, 29, 30, 31]
WARNING:megatron.core.transformer.moe.recovery_controller:[2026-05-13 18:09:14] BSR-MoE controller: rank 31 HARD FAILURE (step=3720, reason=scheduled_restart_in_place_injection, experts=[112, 113, 114, 115, 116, 117, 118, 119, 120, 121, 122, 123, 124, 125, 126, 127], mid_iteration=False)
WARNING:megatron.core.transformer.moe.bsr_integration:[2026-05-13 18:09:14] BSR-MoE FAULT INJECTION #4: type=restart_in_place, rank=31, step=3720, experts=[112, 113, 114, 115, 116, 117, 118, 119, 120, 121, 122, 123, 124, 125, 126, 127], ep_group=[24, 25, 26, 27, 28, 29, 30, 31]
INFO:megatron.core.transformer.moe.recovery_controller:ExpertRecoveryTracker: experts [112, 113, 114, 115, 116, 117, 118, 119, 120, 121, 122, 123, 124, 125, 126, 127] → RECOVERING (step=3720)
WARNING:megatron.core.transformer.moe.recovery_controller:[2026-05-13 18:09:14] BSR-MoE controller: rank 31 HARD FAILURE (step=3720, reason=scheduled_restart_in_place_injection, experts=[112, 113, 114, 115, 116, 117, 118, 119, 120, 121, 122, 123, 124, 125, 126, 127], mid_iteration=False)
WARNING:megatron.core.transformer.moe.bsr_integration:[2026-05-13 18:09:14] BSR-MoE FAULT INJECTION #4: type=restart_in_place, rank=31, step=3720, experts=[112, 113, 114, 115, 116, 117, 118, 119, 120, 121, 122, 123, 124, 125, 126, 127], ep_group=[24, 25, 26, 27, 28, 29, 30, 31]
WARNING:megatron.core.transformer.moe.recovery_controller:[2026-05-13 18:09:14] BSR-MoE controller: rank 31 HARD FAILURE (step=3720, reason=scheduled_restart_in_place_injection, experts=[112, 113, 114, 115, 116, 117, 118, 119, 120, 121, 122, 123, 124, 125, 126, 127], mid_iteration=False)
WARNING:megatron.core.transformer.moe.optimizer_commit_guard:OptimizerCommitGuard: commit BLOCKED (reason=hard_failure_rank_31_step_3720)
INFO:megatron.core.transformer.moe.recovery_controller:ExpertRecoveryTracker: experts [112, 113, 114, 115, 116, 117, 118, 119, 120, 121, 122, 123, 124, 125, 126, 127] → RECOVERING (step=3720)
WARNING:megatron.core.transformer.moe.bsr_integration:BSR-MoE: optimizer commit blocked for step 3720 (hard failure of rank 31)
WARNING:megatron.core.transformer.moe.bsr_integration:[2026-05-13 18:09:14] BSR-MoE FAULT INJECTION #4: type=restart_in_place, rank=31, step=3720, experts=[112, 113, 114, 115, 116, 117, 118, 119, 120, 121, 122, 123, 124, 125, 126, 127], ep_group=[24, 25, 26, 27, 28, 29, 30, 31]
WARNING:megatron.core.transformer.moe.recovery_controller:[2026-05-13 18:09:14] BSR-MoE controller: rank 31 HARD FAILURE (step=3720, reason=scheduled_restart_in_place_injection, experts=[112, 113, 114, 115, 116, 117, 118, 119, 120, 121, 122, 123, 124, 125, 126, 127], mid_iteration=False)
INFO:megatron.core.transformer.moe.recovery_controller:ExpertRecoveryTracker: experts [112, 113, 114, 115, 116, 117, 118, 119, 120, 121, 122, 123, 124, 125, 126, 127] → RECOVERING (step=3720)
WARNING:megatron.core.transformer.moe.bsr_integration:BSR-MoE: entering waiting-for-replacement state (failed_rank=31, step=3720, experts=[112, 113, 114, 115, 116, 117, 118, 119, 120, 121, 122, 123, 124, 125, 126, 127])
WARNING:megatron.core.transformer.moe.optimizer_commit_guard:OptimizerCommitGuard: commit BLOCKED (reason=hard_failure_rank_31_step_3720)
INFO:megatron.core.transformer.moe.recovery_controller:ExpertRecoveryTracker: experts [112, 113, 114, 115, 116, 117, 118, 119, 120, 121, 122, 123, 124, 125, 126, 127] → RECOVERING (step=3720)
WARNING:megatron.core.transformer.moe.bsr_integration:BSR-MoE: optimizer commit blocked for step 3720 (hard failure of rank 31)
WARNING:megatron.core.transformer.moe.optimizer_commit_guard:OptimizerCommitGuard: commit BLOCKED (reason=hard_failure_rank_31_step_3720)
WARNING:megatron.core.transformer.moe.bsr_integration:BSR-MoE: entering waiting-for-replacement state (failed_rank=31, step=3720, experts=[112, 113, 114, 115, 116, 117, 118, 119, 120, 121, 122, 123, 124, 125, 126, 127])
WARNING:megatron.core.transformer.moe.recovery_controller:[2026-05-13 18:09:14] BSR-MoE controller: rank 31 HARD FAILURE (step=3720, reason=scheduled_restart_in_place_injection, experts=[112, 113, 114, 115, 116, 117, 118, 119, 120, 121, 122, 123, 124, 125, 126, 127], mid_iteration=False)
WARNING:megatron.core.transformer.moe.bsr_integration:BSR-MoE: optimizer commit blocked for step 3720 (hard failure of rank 31)
WARNING:megatron.core.transformer.moe.recovery_controller:[2026-05-13 18:09:14] BSR-MoE controller: HEALTHY_TRAINING → PENDING_GROUP_REPAIR (event=hard_rank_failure, step=3720)
WARNING:megatron.core.transformer.moe.bsr_integration:BSR-MoE: entering waiting-for-replacement state (failed_rank=31, step=3720, experts=[112, 113, 114, 115, 116, 117, 118, 119, 120, 121, 122, 123, 124, 125, 126, 127])
WARNING:megatron.core.transformer.moe.recovery_controller:[2026-05-13 18:09:14] BSR-MoE controller: rank 31 HARD FAILURE (step=3720, reason=scheduled_restart_in_place_injection, experts=[112, 113, 114, 115, 116, 117, 118, 119, 120, 121, 122, 123, 124, 125, 126, 127], mid_iteration=False)
WARNING:megatron.core.transformer.moe.optimizer_commit_guard:OptimizerCommitGuard: commit BLOCKED (reason=hard_failure_rank_31_step_3720)
WARNING:megatron.core.transformer.moe.bsr_integration:BSR-MoE: optimizer commit blocked for step 3720 (hard failure of rank 31)
INFO:megatron.core.transformer.moe.recovery_controller:ExpertRecoveryTracker: experts [112, 113, 114, 115, 116, 117, 118, 119, 120, 121, 122, 123, 124, 125, 126, 127] → RECOVERING (step=3720)
WARNING:megatron.core.transformer.moe.recovery_controller:[2026-05-13 18:09:14] BSR-MoE controller: replacement assigned — failed_rank=31, replacement_rank=31 (step=3720)
WARNING:megatron.core.transformer.moe.bsr_integration:BSR-MoE: entering waiting-for-replacement state (failed_rank=31, step=3720, experts=[112, 113, 114, 115, 116, 117, 118, 119, 120, 121, 122, 123, 124, 125, 126, 127])
INFO:megatron.core.transformer.moe.recovery_controller:ExpertRecoveryTracker: experts [112, 113, 114, 115, 116, 117, 118, 119, 120, 121, 122, 123, 124, 125, 126, 127] → RECOVERING (step=3720)
WARNING:megatron.core.transformer.moe.recovery_controller:[2026-05-13 18:09:14] BSR-MoE controller: HEALTHY_TRAINING → PENDING_GROUP_REPAIR (event=hard_rank_failure, step=3720)
WARNING:megatron.core.transformer.moe.recovery_controller:[2026-05-13 18:09:14] BSR-MoE controller: HEALTHY_TRAINING → PENDING_GROUP_REPAIR (event=hard_rank_failure, step=3720)
WARNING:megatron.core.transformer.moe.optimizer_commit_guard:OptimizerCommitGuard: commit BLOCKED (reason=hard_failure_rank_31_step_3720)
WARNING:megatron.core.transformer.moe.recovery_controller:[2026-05-13 18:09:14] BSR-MoE controller: replacement assigned — failed_rank=31, replacement_rank=31 (step=3720)
WARNING:megatron.core.transformer.moe.bsr_integration:BSR-MoE: optimizer commit blocked for step 3720 (hard failure of rank 31)
INFO:megatron.core.transformer.moe.replacement_registry:BSR-MoE replacement: failed_rank=31, replacement_rank=31, NOT_PRESENT → BOOTSTRAPPING (step=3720)
WARNING:megatron.core.transformer.moe.optimizer_commit_guard:OptimizerCommitGuard: commit BLOCKED (reason=hard_failure_rank_31_step_3720)
WARNING:megatron.core.transformer.moe.recovery_controller:[2026-05-13 18:09:14] BSR-MoE controller: replacement assigned — failed_rank=31, replacement_rank=31 (step=3720)
WARNING:megatron.core.transformer.moe.recovery_controller:[2026-05-13 18:09:14] BSR-MoE controller: HEALTHY_TRAINING → PENDING_GROUP_REPAIR (event=hard_rank_failure, step=3720)
WARNING:megatron.core.transformer.moe.replacement_registry:BSR-MoE: replacement announced — failed_rank=31 → replacement_rank=31 (step=3720, reason='')
WARNING:megatron.core.transformer.moe.bsr_integration:BSR-MoE: entering waiting-for-replacement state (failed_rank=31, step=3720, experts=[112, 113, 114, 115, 116, 117, 118, 119, 120, 121, 122, 123, 124, 125, 126, 127])
WARNING:megatron.core.transformer.moe.bsr_integration:BSR-MoE: optimizer commit blocked for step 3720 (hard failure of rank 31)
WARNING:megatron.core.transformer.moe.recovery_controller:[2026-05-13 18:09:14] BSR-MoE controller: PENDING_GROUP_REPAIR → WAITING_FOR_REPLACEMENT (event=replacement_assigned, step=3720)
WARNING:megatron.core.transformer.moe.bsr_integration:BSR-MoE: entering waiting-for-replacement state (failed_rank=31, step=3720, experts=[112, 113, 114, 115, 116, 117, 118, 119, 120, 121, 122, 123, 124, 125, 126, 127])
INFO:megatron.core.transformer.moe.replacement_registry:BSR-MoE replacement: failed_rank=31, replacement_rank=31, NOT_PRESENT → BOOTSTRAPPING (step=3720)
WARNING:megatron.core.transformer.moe.recovery_controller:[2026-05-13 18:09:14] BSR-MoE controller: replacement assigned — failed_rank=31, replacement_rank=31 (step=3720)
WARNING:megatron.core.transformer.moe.recovery_controller:[2026-05-13 18:09:14] BSR-MoE controller: replacement ready — failed_rank=31 (step=3720)
WARNING:megatron.core.transformer.moe.replacement_registry:BSR-MoE: replacement announced — failed_rank=31 → replacement_rank=31 (step=3720, reason='')
INFO:megatron.core.transformer.moe.replacement_registry:BSR-MoE replacement: failed_rank=31, replacement_rank=31, NOT_PRESENT → BOOTSTRAPPING (step=3720)
WARNING:megatron.core.transformer.moe.recovery_controller:[2026-05-13 18:09:14] BSR-MoE controller: WAITING_FOR_REPLACEMENT → SAFE_POINT_REPAIR (event=replacement_ready, step=3720)
WARNING:megatron.core.transformer.moe.replacement_registry:BSR-MoE: replacement announced — failed_rank=31 → replacement_rank=31 (step=3720, reason='')
WARNING:megatron.core.transformer.moe.recovery_controller:BSR-MoE controller: restart-in-place fast path for rank 31 (replacement=self, step=3720)
WARNING:megatron.core.transformer.moe.recovery_controller:[2026-05-13 18:09:14] BSR-MoE controller: PENDING_GROUP_REPAIR → WAITING_FOR_REPLACEMENT (event=replacement_assigned, step=3720)
WARNING:megatron.core.transformer.moe.recovery_controller:[2026-05-13 18:09:14] BSR-MoE controller: HEALTHY_TRAINING → PENDING_GROUP_REPAIR (event=hard_rank_failure, step=3720)
WARNING:megatron.core.transformer.moe.bsr_integration:[2026-05-13 18:09:14] BSR-MoE FAULT INJECTION: next periodic fault scheduled at step 3760 (interval=40, total_injections=4)
WARNING:megatron.core.transformer.moe.recovery_controller:[2026-05-13 18:09:14] BSR-MoE controller: replacement ready — failed_rank=31 (step=3720)
WARNING:megatron.core.transformer.moe.recovery_controller:[2026-05-13 18:09:14] BSR-MoE controller: PENDING_GROUP_REPAIR → WAITING_FOR_REPLACEMENT (event=replacement_assigned, step=3720)
WARNING:megatron.core.transformer.moe.recovery_controller:[2026-05-13 18:09:14] BSR-MoE controller: HEALTHY_TRAINING → PENDING_GROUP_REPAIR (event=hard_rank_failure, step=3720)
INFO:megatron.core.transformer.moe.replacement_registry:BSR-MoE replacement: failed_rank=31, replacement_rank=31, NOT_PRESENT → BOOTSTRAPPING (step=3720)
WARNING:megatron.core.transformer.moe.recovery_controller:[2026-05-13 18:09:14] BSR-MoE controller: WAITING_FOR_REPLACEMENT → SAFE_POINT_REPAIR (event=replacement_ready, step=3720)
WARNING:megatron.core.transformer.moe.recovery_controller:[2026-05-13 18:09:14] BSR-MoE controller: ⏱️  START safe-point repair at step 3720 (failed=31, replacement=31)
WARNING:megatron.core.transformer.moe.recovery_controller:[2026-05-13 18:09:14] BSR-MoE controller: replacement ready — failed_rank=31 (step=3720)
WARNING:megatron.core.transformer.moe.replacement_registry:BSR-MoE: replacement announced — failed_rank=31 → replacement_rank=31 (step=3720, reason='')
WARNING:megatron.core.transformer.moe.recovery_controller:[2026-05-13 18:09:14] BSR-MoE controller: replacement assigned — failed_rank=31, replacement_rank=31 (step=3720)
WARNING:megatron.core.transformer.moe.recovery_controller:BSR-MoE controller: restart-in-place fast path for rank 31 (replacement=self, step=3720)
WARNING:megatron.core.transformer.moe.recovery_controller:[2026-05-13 18:09:14] BSR-MoE controller: ⏱️  [Phase A] Starting infrastructure repair...
WARNING:megatron.core.transformer.moe.recovery_controller:[2026-05-13 18:09:14] BSR-MoE controller: WAITING_FOR_REPLACEMENT → SAFE_POINT_REPAIR (event=replacement_ready, step=3720)
WARNING:megatron.core.transformer.moe.bsr_integration:[2026-05-13 18:09:14] BSR-MoE FAULT INJECTION: next periodic fault scheduled at step 3760 (interval=40, total_injections=4)
WARNING:megatron.core.transformer.moe.recovery_controller:[2026-05-13 18:09:14] BSR-MoE controller: replacement assigned — failed_rank=31, replacement_rank=31 (step=3720)
WARNING:megatron.core.transformer.moe.recovery_controller:BSR-MoE controller: restart-in-place fast path for rank 31 (replacement=self, step=3720)
WARNING:megatron.core.transformer.moe.recovery_controller:[2026-05-13 18:09:14] BSR-MoE controller: PENDING_GROUP_REPAIR → WAITING_FOR_REPLACEMENT (event=replacement_assigned, step=3720)
WARNING:megatron.core.transformer.moe.bsr_integration:[2026-05-13 18:09:14] BSR-MoE FAULT INJECTION: next periodic fault scheduled at step 3760 (interval=40, total_injections=4)
INFO:megatron.core.transformer.moe.replacement_registry:BSR-MoE replacement: failed_rank=31, replacement_rank=31, BOOTSTRAPPING → READY_FOR_REPAIR (step=3720)
WARNING:megatron.core.transformer.moe.recovery_controller:[2026-05-13 18:09:14] BSR-MoE controller: replacement ready — failed_rank=31 (step=3720)
WARNING:megatron.core.transformer.moe.recovery_controller:[2026-05-13 18:09:14] BSR-MoE controller: ⏱️  START safe-point repair at step 3720 (failed=31, replacement=31)
INFO:megatron.core.transformer.moe.replacement_registry:BSR-MoE replacement: failed_rank=31, replacement_rank=31, READY_FOR_REPAIR → INTEGRATED (step=3720)
WARNING:megatron.core.transformer.moe.recovery_controller:[2026-05-13 18:09:14] BSR-MoE controller: ⏱️  [Phase A] Starting infrastructure repair...
WARNING:megatron.core.transformer.moe.recovery_controller:[2026-05-13 18:09:14] BSR-MoE controller: ⏱️  START safe-point repair at step 3720 (failed=31, replacement=31)
WARNING:megatron.core.transformer.moe.recovery_controller:[2026-05-13 18:09:14] BSR-MoE controller: WAITING_FOR_REPLACEMENT → SAFE_POINT_REPAIR (event=replacement_ready, step=3720)
INFO:megatron.core.transformer.moe.replacement_registry:BSR-MoE replacement: failed_rank=31, replacement_rank=31, NOT_PRESENT → BOOTSTRAPPING (step=3720)
WARNING:megatron.core.transformer.moe.replacement_registry:BSR-MoE: replacement INTEGRATED — failed_rank=31, replacement_rank=31 (step=3720)
WARNING:megatron.core.transformer.moe.recovery_controller:BSR-MoE controller: restart-in-place fast path for rank 31 (replacement=self, step=3720)
WARNING:megatron.core.transformer.moe.replacement_registry:BSR-MoE: replacement announced — failed_rank=31 → replacement_rank=31 (step=3720, reason='')
WARNING:megatron.core.transformer.moe.recovery_controller:[2026-05-13 18:09:14] BSR-MoE controller: ⏱️  [Phase A] Starting infrastructure repair...
WARNING:megatron.core.transformer.moe.recovery_controller:[2026-05-13 18:09:14] BSR-MoE controller: step1 replacement_integrate elapsed=0.000s (step=3720)
WARNING:megatron.core.transformer.moe.bsr_integration:[2026-05-13 18:09:14] BSR-MoE FAULT INJECTION: next periodic fault scheduled at step 3760 (interval=40, total_injections=4)
INFO:megatron.core.transformer.moe.replacement_registry:BSR-MoE replacement: failed_rank=31, replacement_rank=31, BOOTSTRAPPING → READY_FOR_REPAIR (step=3720)
WARNING:megatron.core.transformer.moe.recovery_controller:[2026-05-13 18:09:14] BSR-MoE controller: step2 group_rebuild_request elapsed=0.000s (step=3720)
INFO:megatron.core.transformer.moe.replacement_registry:BSR-MoE replacement: failed_rank=31, replacement_rank=31, NOT_PRESENT → BOOTSTRAPPING (step=3720)
WARNING:megatron.core.transformer.moe.recovery_controller:[2026-05-13 18:09:14] BSR-MoE controller: PENDING_GROUP_REPAIR → WAITING_FOR_REPLACEMENT (event=replacement_assigned, step=3720)
WARNING:megatron.core.transformer.moe.replacement_registry:BSR-MoE: replacement announced — failed_rank=31 → replacement_rank=31 (step=3720, reason='')
WARNING:megatron.core.transformer.moe.recovery_controller:[2026-05-13 18:09:14] BSR-MoE controller: step3 group_rebuild_execute elapsed=0.000s (step=3720)
INFO:megatron.core.transformer.moe.replacement_registry:BSR-MoE replacement: failed_rank=31, replacement_rank=31, READY_FOR_REPAIR → INTEGRATED (step=3720)
INFO:megatron.core.transformer.moe.replacement_registry:BSR-MoE replacement: failed_rank=31, replacement_rank=31, BOOTSTRAPPING → READY_FOR_REPAIR (step=3720)
WARNING:megatron.core.transformer.moe.recovery_controller:[2026-05-13 18:09:14] BSR-MoE controller: ⏱️  START safe-point repair at step 3720 (failed=31, replacement=31)
WARNING:megatron.core.transformer.moe.recovery_controller:[2026-05-13 18:09:14] BSR-MoE controller: replacement ready — failed_rank=31 (step=3720)
WARNING:megatron.core.transformer.moe.replacement_registry:BSR-MoE: replacement INTEGRATED — failed_rank=31, replacement_rank=31 (step=3720)
WARNING:megatron.core.transformer.moe.recovery_controller:[2026-05-13 18:09:14] BSR-MoE controller: step4 group_rebuild_finish elapsed=0.000s (step=3720)
INFO:megatron.core.transformer.moe.replacement_registry:BSR-MoE replacement: failed_rank=31, replacement_rank=31, READY_FOR_REPAIR → INTEGRATED (step=3720)
WARNING:megatron.core.transformer.moe.recovery_controller:[2026-05-13 18:09:14] BSR-MoE controller: ⏱️  [Phase A] Starting infrastructure repair...
WARNING:megatron.core.transformer.moe.recovery_controller:[2026-05-13 18:09:14] BSR-MoE controller: step5 topology_refresh elapsed=0.000s (step=3720)
WARNING:megatron.core.transformer.moe.recovery_controller:[2026-05-13 18:09:14] BSR-MoE controller: PENDING_GROUP_REPAIR → WAITING_FOR_REPLACEMENT (event=replacement_assigned, step=3720)
WARNING:megatron.core.transformer.moe.recovery_controller:[2026-05-13 18:09:14] BSR-MoE controller: WAITING_FOR_REPLACEMENT → SAFE_POINT_REPAIR (event=replacement_ready, step=3720)
WARNING:megatron.core.transformer.moe.recovery_controller:[2026-05-13 18:09:14] BSR-MoE controller: step1 replacement_integrate elapsed=0.000s (step=3720)
WARNING:megatron.core.transformer.moe.replacement_registry:BSR-MoE: replacement INTEGRATED — failed_rank=31, replacement_rank=31 (step=3720)
WARNING:megatron.core.transformer.moe.recovery_controller:BSR-MoE controller: restart-in-place fast path for rank 31 (replacement=self, step=3720)
WARNING:megatron.core.transformer.moe.recovery_controller:[2026-05-13 18:09:14] BSR-MoE controller: ⏱️  [Phase A] Infrastructure repair COMPLETED (elapsed=0.000s)
WARNING:megatron.core.transformer.moe.recovery_controller:[2026-05-13 18:09:14] BSR-MoE controller: replacement ready — failed_rank=31 (step=3720)
WARNING:megatron.core.transformer.moe.recovery_controller:[2026-05-13 18:09:14] BSR-MoE controller: step2 group_rebuild_request elapsed=0.000s (step=3720)
WARNING:megatron.core.transformer.moe.recovery_controller:[2026-05-13 18:09:14] BSR-MoE controller: step1 replacement_integrate elapsed=0.000s (step=3720)
WARNING:megatron.core.transformer.moe.recovery_controller:[2026-05-13 18:09:14] BSR-MoE controller: ⏱️  [Phase B] Starting parameter recovery...
WARNING:megatron.core.transformer.moe.bsr_integration:[2026-05-13 18:09:14] BSR-MoE FAULT INJECTION: next periodic fault scheduled at step 3760 (interval=40, total_injections=4)
WARNING:megatron.core.transformer.moe.recovery_controller:[2026-05-13 18:09:14] BSR-MoE controller: step3 group_rebuild_execute elapsed=0.000s (step=3720)
INFO:megatron.core.transformer.moe.replacement_registry:BSR-MoE replacement: failed_rank=31, replacement_rank=31, BOOTSTRAPPING → READY_FOR_REPAIR (step=3720)
WARNING:megatron.core.transformer.moe.recovery_controller:[2026-05-13 18:09:14] BSR-MoE controller: step2 group_rebuild_request elapsed=0.000s (step=3720)
WARNING:megatron.core.transformer.moe.recovery_controller:[2026-05-13 18:09:14] BSR-MoE controller: WAITING_FOR_REPLACEMENT → SAFE_POINT_REPAIR (event=replacement_ready, step=3720)
WARNING:megatron.core.transformer.moe.recovery_controller:[2026-05-13 18:09:14] BSR-MoE controller: step4 group_rebuild_finish elapsed=0.000s (step=3720)
INFO:megatron.core.transformer.moe.replacement_registry:BSR-MoE replacement: failed_rank=31, replacement_rank=31, READY_FOR_REPAIR → INTEGRATED (step=3720)
WARNING:megatron.core.transformer.moe.recovery_controller:BSR-MoE controller: restart-in-place fast path for rank 31 (replacement=self, step=3720)
WARNING:megatron.core.transformer.moe.recovery_controller:[2026-05-13 18:09:14] BSR-MoE controller: step3 group_rebuild_execute elapsed=0.000s (step=3720)
WARNING:megatron.core.transformer.moe.recovery_controller:[2026-05-13 18:09:14] BSR-MoE controller: step5 topology_refresh elapsed=0.000s (step=3720)
WARNING:megatron.core.transformer.moe.replacement_registry:BSR-MoE: replacement INTEGRATED — failed_rank=31, replacement_rank=31 (step=3720)
WARNING:megatron.core.transformer.moe.recovery_controller:[2026-05-13 18:09:14] BSR-MoE controller: ⏱️  START safe-point repair at step 3720 (failed=31, replacement=31)
WARNING:megatron.core.transformer.moe.recovery_controller:[2026-05-13 18:09:14] BSR-MoE controller: step4 group_rebuild_finish elapsed=0.000s (step=3720)
WARNING:megatron.core.transformer.moe.recovery_controller:[2026-05-13 18:09:14] BSR-MoE controller: ⏱️  [Phase A] Infrastructure repair COMPLETED (elapsed=0.000s)
WARNING:megatron.core.transformer.moe.bsr_integration:[2026-05-13 18:09:14] BSR-MoE FAULT INJECTION: next periodic fault scheduled at step 3760 (interval=40, total_injections=4)
WARNING:megatron.core.transformer.moe.recovery_controller:[2026-05-13 18:09:14] BSR-MoE controller: step1 replacement_integrate elapsed=0.000s (step=3720)
WARNING:megatron.core.transformer.moe.recovery_controller:[2026-05-13 18:09:14] BSR-MoE controller: step5 topology_refresh elapsed=0.000s (step=3720)
WARNING:megatron.core.transformer.moe.recovery_controller:[2026-05-13 18:09:14] BSR-MoE controller: ⏱️  [Phase A] Starting infrastructure repair...
WARNING:megatron.core.transformer.moe.recovery_controller:[2026-05-13 18:09:14] BSR-MoE controller: ⏱️  [Phase B] Starting parameter recovery...
WARNING:megatron.core.transformer.moe.recovery_controller:[2026-05-13 18:09:14] BSR-MoE controller: step2 group_rebuild_request elapsed=0.000s (step=3720)
WARNING:megatron.core.transformer.moe.recovery_controller:[2026-05-13 18:09:14] BSR-MoE controller: ⏱️  [Phase A] Infrastructure repair COMPLETED (elapsed=0.000s)
WARNING:megatron.core.transformer.moe.recovery_controller:[2026-05-13 18:09:14] BSR-MoE controller: step3 group_rebuild_execute elapsed=0.000s (step=3720)
WARNING:megatron.core.transformer.moe.recovery_controller:[2026-05-13 18:09:14] BSR-MoE controller: ⏱️  [Phase B] Starting parameter recovery...
WARNING:megatron.core.transformer.moe.recovery_controller:[2026-05-13 18:09:14] BSR-MoE controller: ⏱️  START safe-point repair at step 3720 (failed=31, replacement=31)
WARNING:megatron.core.transformer.moe.recovery_controller:[2026-05-13 18:09:14] BSR-MoE controller: step4 group_rebuild_finish elapsed=0.000s (step=3720)
INFO:megatron.core.transformer.moe.replacement_registry:BSR-MoE replacement: failed_rank=31, replacement_rank=31, BOOTSTRAPPING → READY_FOR_REPAIR (step=3720)
WARNING:megatron.core.transformer.moe.recovery_controller:[2026-05-13 18:09:14] BSR-MoE controller: ⏱️  [Phase A] Starting infrastructure repair...
WARNING:megatron.core.transformer.moe.recovery_controller:[2026-05-13 18:09:14] BSR-MoE controller: step5 topology_refresh elapsed=0.000s (step=3720)
INFO:megatron.core.transformer.moe.replacement_registry:BSR-MoE replacement: failed_rank=31, replacement_rank=31, READY_FOR_REPAIR → INTEGRATED (step=3720)
WARNING:megatron.core.transformer.moe.recovery_controller:[2026-05-13 18:09:14] BSR-MoE controller: ⏱️  [Phase A] Infrastructure repair COMPLETED (elapsed=0.000s)
WARNING:megatron.core.transformer.moe.replacement_registry:BSR-MoE: replacement INTEGRATED — failed_rank=31, replacement_rank=31 (step=3720)
WARNING:megatron.core.transformer.moe.recovery_controller:[2026-05-13 18:09:14] BSR-MoE controller: ⏱️  [Phase B] Starting parameter recovery...
INFO:megatron.core.transformer.moe.replacement_registry:BSR-MoE replacement: failed_rank=31, replacement_rank=31, BOOTSTRAPPING → READY_FOR_REPAIR (step=3720)
WARNING:megatron.core.transformer.moe.recovery_controller:[2026-05-13 18:09:14] BSR-MoE controller: step1 replacement_integrate elapsed=0.000s (step=3720)
WARNING:megatron.core.transformer.moe.recovery_controller:[2026-05-13 18:09:14] BSR-MoE controller: step2 group_rebuild_request elapsed=0.000s (step=3720)
INFO:megatron.core.transformer.moe.replacement_registry:BSR-MoE replacement: failed_rank=31, replacement_rank=31, READY_FOR_REPAIR → INTEGRATED (step=3720)
WARNING:megatron.core.transformer.moe.replacement_registry:BSR-MoE: replacement INTEGRATED — failed_rank=31, replacement_rank=31 (step=3720)
WARNING:megatron.core.transformer.moe.recovery_controller:[2026-05-13 18:09:14] BSR-MoE controller: step3 group_rebuild_execute elapsed=0.000s (step=3720)
WARNING:megatron.core.transformer.moe.recovery_controller:[2026-05-13 18:09:14] BSR-MoE controller: step4 group_rebuild_finish elapsed=0.000s (step=3720)
WARNING:megatron.core.transformer.moe.recovery_controller:[2026-05-13 18:09:14] BSR-MoE controller: step1 replacement_integrate elapsed=0.000s (step=3720)
WARNING:megatron.core.transformer.moe.recovery_controller:[2026-05-13 18:09:14] BSR-MoE controller: step5 topology_refresh elapsed=0.000s (step=3720)
WARNING:megatron.core.transformer.moe.recovery_controller:[2026-05-13 18:09:14] BSR-MoE controller: step2 group_rebuild_request elapsed=0.000s (step=3720)
WARNING:megatron.core.transformer.moe.recovery_controller:[2026-05-13 18:09:14] BSR-MoE controller: ⏱️  [Phase A] Infrastructure repair COMPLETED (elapsed=0.000s)
WARNING:megatron.core.transformer.moe.recovery_controller:[2026-05-13 18:09:14] BSR-MoE controller: step3 group_rebuild_execute elapsed=0.000s (step=3720)
WARNING:megatron.core.transformer.moe.recovery_controller:[2026-05-13 18:09:14] BSR-MoE controller: ⏱️  [Phase B] Starting parameter recovery...
WARNING:megatron.core.transformer.moe.recovery_controller:[2026-05-13 18:09:14] BSR-MoE controller: step4 group_rebuild_finish elapsed=0.000s (step=3720)
WARNING:megatron.core.transformer.moe.recovery_controller:[2026-05-13 18:09:14] BSR-MoE controller: step5 topology_refresh elapsed=0.000s (step=3720)
WARNING:megatron.core.transformer.moe.recovery_controller:[2026-05-13 18:09:14] BSR-MoE controller: ⏱️  [Phase A] Infrastructure repair COMPLETED (elapsed=0.000s)
WARNING:megatron.core.transformer.moe.recovery_controller:[2026-05-13 18:09:14] BSR-MoE controller: ⏱️  [Phase B] Starting parameter recovery...
INFO:megatron.core.transformer.moe.bsr_integration:BSR-MoE: found latest checkpoint with BSR manifest at /mnt/ais-c1/dataset/zds/5.12/bsr/iter_0003720 (step=3720)
INFO:megatron.core.transformer.moe.bsr_integration:BSR-MoE: found latest checkpoint with BSR manifest at /mnt/ais-c1/dataset/zds/5.12/bsr/iter_0003720 (step=3720)
INFO:megatron.core.transformer.moe.bsr_integration:BSR-MoE: found latest checkpoint with BSR manifest at /mnt/ais-c1/dataset/zds/5.12/bsr/iter_0003720 (step=3720)
INFO:megatron.core.transformer.moe.bsr_integration:BSR-MoE: found latest checkpoint with BSR manifest at /mnt/ais-c1/dataset/zds/5.12/bsr/iter_0003720 (step=3720)
INFO:megatron.core.transformer.moe.bsr_integration:BSR-MoE: found latest checkpoint with BSR manifest at /mnt/ais-c1/dataset/zds/5.12/bsr/iter_0003720 (step=3720)
INFO:megatron.core.transformer.moe.bsr_integration:BSR-MoE: found latest checkpoint with BSR manifest at /mnt/ais-c1/dataset/zds/5.12/bsr/iter_0003720 (step=3720)
INFO:megatron.core.transformer.moe.bsr_integration:BSR-MoE: found latest checkpoint with BSR manifest at /mnt/ais-c1/dataset/zds/5.12/bsr/iter_0003720 (step=3720)
INFO:megatron.core.transformer.moe.bsr_integration:BSR-MoE: found latest checkpoint with BSR manifest at /mnt/ais-c1/dataset/zds/5.12/bsr/iter_0003720 (step=3720)
WARNING:megatron.core.transformer.moe.recovery_controller:[2026-05-13 18:09:14] BSR-MoE controller: HYBRID_RECOVERY path — dense from DP peer, experts from checkpoint (step=3720, failed=31, replacement=31)
WARNING:megatron.core.transformer.moe.recovery_controller:[2026-05-13 18:09:14] BSR-MoE controller: HYBRID_RECOVERY path — dense from DP peer, experts from checkpoint (step=3720, failed=31, replacement=31)
WARNING:megatron.core.transformer.moe.recovery_controller:[2026-05-13 18:09:14] BSR-MoE controller: dense_sync elapsed=0.000s (step=3720)
WARNING:megatron.core.transformer.moe.recovery_controller:[2026-05-13 18:09:14] BSR-MoE controller: expert_restore (sync weights, deferred optimizer) elapsed=0.000s (step=3720)
WARNING:megatron.core.transformer.moe.recovery_controller:[2026-05-13 18:09:14] BSR-MoE controller: ⏱️  [Phase B] Parameter recovery COMPLETED (path=HYBRID_RECOVERY, elapsed=0.130s)
WARNING:megatron.core.transformer.moe.recovery_controller:[2026-05-13 18:09:14] BSR-MoE controller: dense_sync elapsed=0.000s (step=3720)
WARNING:megatron.core.transformer.moe.recovery_controller:[2026-05-13 18:09:14] BSR-MoE controller: expert_restore (sync weights, deferred optimizer) elapsed=0.000s (step=3720)
WARNING:megatron.core.transformer.moe.recovery_controller:[2026-05-13 18:09:14] BSR-MoE controller: ⏱️  [Phase B] Parameter recovery COMPLETED (path=HYBRID_RECOVERY, elapsed=0.129s)
INFO:megatron.core.transformer.moe.bsr_integration:BSR-MoE post-recovery convergence: views consistent after HYBRID_RECOVERY path (step=3720)
WARNING:megatron.core.transformer.moe.recovery_controller:[2026-05-13 18:09:14] BSR-MoE controller: ⏱️  [Phase B→C] Post-recovery convergence completed (path=HYBRID_RECOVERY, elapsed=0.000s, step=3720)
WARNING:megatron.core.transformer.moe.recovery_controller:[2026-05-13 18:09:14] BSR-MoE controller: ⏱️  [Phase C] Starting post-repair...
INFO:megatron.core.transformer.moe.bsr_integration:BSR-MoE post-recovery convergence: views consistent after HYBRID_RECOVERY path (step=3720)
WARNING:megatron.core.transformer.moe.recovery_controller:[2026-05-13 18:09:14] BSR-MoE controller: ⏱️  [Phase B→C] Post-recovery convergence completed (path=HYBRID_RECOVERY, elapsed=0.000s, step=3720)
WARNING:megatron.core.transformer.moe.recovery_controller:[2026-05-13 18:09:14] BSR-MoE controller: ⏱️  [Phase C] Starting post-repair...
INFO:megatron.core.transformer.moe.reintegration_barrier:BSR-MoE barrier: begin reintegration for rank 31 -> 31 (experts=[112, 113, 114, 115, 116, 117, 118, 119, 120, 121, 122, 123, 124, 125, 126, 127], step=3720)
WARNING:megatron.core.transformer.moe.recovery_controller:[2026-05-13 18:09:14] BSR-MoE controller: HYBRID_RECOVERY path — dense from DP peer, experts from checkpoint (step=3720, failed=31, replacement=31)
INFO:megatron.core.transformer.moe.reintegration_barrier:BSR-MoE barrier: rank 31 -> REPAIRED_NOT_ROUTED (all preconditions met, step=3720)
INFO:megatron.core.transformer.moe.reintegration_barrier:BSR-MoE barrier: begin reintegration for rank 31 -> 31 (experts=[112, 113, 114, 115, 116, 117, 118, 119, 120, 121, 122, 123, 124, 125, 126, 127], step=3720)
WARNING:megatron.core.transformer.moe.recovery_controller:[2026-05-13 18:09:14] BSR-MoE controller: reintegration barrier initialized for rank 31 (all preconditions marked, step=3720)
WARNING:megatron.core.transformer.moe.recovery_controller:[2026-05-13 18:09:14] BSR-MoE controller: SAFE_POINT_REPAIR → REINTEGRATED (event=safe_point_repair_completed, step=3720)
WARNING:megatron.core.transformer.moe.recovery_controller:[2026-05-13 18:09:14] BSR-MoE controller: ⏱️  ✅ SAFE-POINT REPAIR COMPLETED (path=HYBRID_RECOVERY, step=3720, failed=31, replacement=31) | Total=0.131s | Breakdown: PhaseA=0.000s, PhaseB=0.130s, PhaseC=0.000s
INFO:megatron.core.transformer.moe.reintegration_barrier:BSR-MoE barrier: rank 31 -> REPAIRED_NOT_ROUTED (all preconditions met, step=3720)
WARNING:megatron.core.transformer.moe.recovery_controller:[2026-05-13 18:09:14] BSR-MoE controller: reintegration barrier initialized for rank 31 (all preconditions marked, step=3720)
WARNING:megatron.core.transformer.moe.recovery_controller:[2026-05-13 18:09:14] BSR-MoE controller: dense_sync elapsed=0.000s (step=3720)
WARNING:megatron.core.transformer.moe.recovery_controller:[2026-05-13 18:09:14] BSR-MoE controller: HYBRID_RECOVERY path — dense from DP peer, experts from checkpoint (step=3720, failed=31, replacement=31)
WARNING:megatron.core.transformer.moe.recovery_controller:[2026-05-13 18:09:14] BSR-MoE controller: SAFE_POINT_REPAIR → REINTEGRATED (event=safe_point_repair_completed, step=3720)
WARNING:megatron.core.transformer.moe.recovery_controller:[2026-05-13 18:09:14] BSR-MoE controller: ⏱️  ✅ SAFE-POINT REPAIR COMPLETED (path=HYBRID_RECOVERY, step=3720, failed=31, replacement=31) | Total=0.130s | Breakdown: PhaseA=0.000s, PhaseB=0.129s, PhaseC=0.000s
WARNING:megatron.core.transformer.moe.recovery_controller:[2026-05-13 18:09:14] BSR-MoE controller: expert_restore (sync weights, deferred optimizer) elapsed=0.000s (step=3720)
WARNING:megatron.core.transformer.moe.recovery_controller:[2026-05-13 18:09:14] BSR-MoE controller: ⏱️  [Phase B] Parameter recovery COMPLETED (path=HYBRID_RECOVERY, elapsed=0.129s)
WARNING:megatron.core.transformer.moe.recovery_controller:[2026-05-13 18:09:14] BSR-MoE controller: dense_sync elapsed=0.000s (step=3720)
WARNING:megatron.core.transformer.moe.recovery_controller:[2026-05-13 18:09:14] BSR-MoE controller: expert_restore (sync weights, deferred optimizer) elapsed=0.000s (step=3720)
WARNING:megatron.core.transformer.moe.recovery_controller:[2026-05-13 18:09:14] BSR-MoE controller: HYBRID_RECOVERY path — dense from DP peer, experts from checkpoint (step=3720, failed=31, replacement=31)
INFO:megatron.core.transformer.moe.bsr_integration:BSR-MoE post-recovery convergence: views consistent after HYBRID_RECOVERY path (step=3720)
WARNING:megatron.core.transformer.moe.recovery_controller:[2026-05-13 18:09:14] BSR-MoE controller: ⏱️  [Phase B] Parameter recovery COMPLETED (path=HYBRID_RECOVERY, elapsed=0.131s)
WARNING:megatron.core.transformer.moe.recovery_controller:[2026-05-13 18:09:14] BSR-MoE controller: ⏱️  [Phase B→C] Post-recovery convergence completed (path=HYBRID_RECOVERY, elapsed=0.000s, step=3720)
WARNING:megatron.core.transformer.moe.recovery_controller:[2026-05-13 18:09:14] BSR-MoE controller: ⏱️  [Phase C] Starting post-repair...
WARNING:megatron.core.transformer.moe.recovery_controller:[2026-05-13 18:09:14] BSR-MoE controller: HYBRID_RECOVERY path — dense from DP peer, experts from checkpoint (step=3720, failed=31, replacement=31)
WARNING:megatron.core.transformer.moe.recovery_controller:[2026-05-13 18:09:14] BSR-MoE controller: dense_sync elapsed=0.000s (step=3720)
INFO:megatron.core.transformer.moe.bsr_integration:BSR-MoE post-recovery convergence: views consistent after HYBRID_RECOVERY path (step=3720)
WARNING:megatron.core.transformer.moe.recovery_controller:[2026-05-13 18:09:14] BSR-MoE controller: HYBRID_RECOVERY path — dense from DP peer, experts from checkpoint (step=3720, failed=31, replacement=31)
INFO:megatron.core.transformer.moe.reintegration_barrier:BSR-MoE barrier: begin reintegration for rank 31 -> 31 (experts=[112, 113, 114, 115, 116, 117, 118, 119, 120, 121, 122, 123, 124, 125, 126, 127], step=3720)
WARNING:megatron.core.transformer.moe.recovery_controller:[2026-05-13 18:09:14] BSR-MoE controller: ⏱️  [Phase B→C] Post-recovery convergence completed (path=HYBRID_RECOVERY, elapsed=0.000s, step=3720)
WARNING:megatron.core.transformer.moe.recovery_controller:[2026-05-13 18:09:14] BSR-MoE controller: expert_restore (sync weights, deferred optimizer) elapsed=0.000s (step=3720)
WARNING:megatron.core.transformer.moe.recovery_controller:[2026-05-13 18:09:14] BSR-MoE controller: dense_sync elapsed=0.000s (step=3720)
WARNING:megatron.core.transformer.moe.recovery_controller:[2026-05-13 18:09:14] BSR-MoE controller: ⏱️  [Phase C] Starting post-repair...
WARNING:megatron.core.transformer.moe.recovery_controller:[2026-05-13 18:09:14] BSR-MoE controller: ⏱️  [Phase B] Parameter recovery COMPLETED (path=HYBRID_RECOVERY, elapsed=0.130s)
INFO:megatron.core.transformer.moe.reintegration_barrier:BSR-MoE barrier: rank 31 -> REPAIRED_NOT_ROUTED (all preconditions met, step=3720)
WARNING:megatron.core.transformer.moe.recovery_controller:[2026-05-13 18:09:14] BSR-MoE controller: expert_restore (sync weights, deferred optimizer) elapsed=0.000s (step=3720)
WARNING:megatron.core.transformer.moe.recovery_controller:[2026-05-13 18:09:14] BSR-MoE controller: reintegration barrier initialized for rank 31 (all preconditions marked, step=3720)
WARNING:megatron.core.transformer.moe.recovery_controller:[2026-05-13 18:09:14] BSR-MoE controller: dense_sync elapsed=0.000s (step=3720)
WARNING:megatron.core.transformer.moe.recovery_controller:[2026-05-13 18:09:14] BSR-MoE controller: ⏱️  [Phase B] Parameter recovery COMPLETED (path=HYBRID_RECOVERY, elapsed=0.130s)
INFO:megatron.core.transformer.moe.reintegration_barrier:BSR-MoE barrier: begin reintegration for rank 31 -> 31 (experts=[112, 113, 114, 115, 116, 117, 118, 119, 120, 121, 122, 123, 124, 125, 126, 127], step=3720)
WARNING:megatron.core.transformer.moe.recovery_controller:[2026-05-13 18:09:14] BSR-MoE controller: SAFE_POINT_REPAIR → REINTEGRATED (event=safe_point_repair_completed, step=3720)
INFO:megatron.core.transformer.moe.bsr_integration:BSR-MoE post-recovery convergence: views consistent after HYBRID_RECOVERY path (step=3720)
WARNING:megatron.core.transformer.moe.recovery_controller:[2026-05-13 18:09:14] BSR-MoE controller: ⏱️  ✅ SAFE-POINT REPAIR COMPLETED (path=HYBRID_RECOVERY, step=3720, failed=31, replacement=31) | Total=0.130s | Breakdown: PhaseA=0.000s, PhaseB=0.129s, PhaseC=0.000s
WARNING:megatron.core.transformer.moe.recovery_controller:[2026-05-13 18:09:14] BSR-MoE controller: ⏱️  [Phase B→C] Post-recovery convergence completed (path=HYBRID_RECOVERY, elapsed=0.000s, step=3720)
WARNING:megatron.core.transformer.moe.recovery_controller:[2026-05-13 18:09:14] BSR-MoE controller: HYBRID_RECOVERY path — dense from DP peer, experts from checkpoint (step=3720, failed=31, replacement=31)
WARNING:megatron.core.transformer.moe.recovery_controller:[2026-05-13 18:09:14] BSR-MoE controller: expert_restore (sync weights, deferred optimizer) elapsed=0.000s (step=3720)
WARNING:megatron.core.transformer.moe.recovery_controller:[2026-05-13 18:09:14] BSR-MoE controller: ⏱️  [Phase C] Starting post-repair...
INFO:megatron.core.transformer.moe.bsr_integration:BSR-MoE post-recovery convergence: views consistent after HYBRID_RECOVERY path (step=3720)
INFO:megatron.core.transformer.moe.reintegration_barrier:BSR-MoE barrier: rank 31 -> REPAIRED_NOT_ROUTED (all preconditions met, step=3720)
WARNING:megatron.core.transformer.moe.recovery_controller:[2026-05-13 18:09:14] BSR-MoE controller: ⏱️  [Phase B→C] Post-recovery convergence completed (path=HYBRID_RECOVERY, elapsed=0.000s, step=3720)
WARNING:megatron.core.transformer.moe.recovery_controller:[2026-05-13 18:09:14] BSR-MoE controller: ⏱️  [Phase B] Parameter recovery COMPLETED (path=HYBRID_RECOVERY, elapsed=0.130s)
WARNING:megatron.core.transformer.moe.recovery_controller:[2026-05-13 18:09:14] BSR-MoE controller: ⏱️  [Phase C] Starting post-repair...
WARNING:megatron.core.transformer.moe.recovery_controller:[2026-05-13 18:09:14] BSR-MoE controller: reintegration barrier initialized for rank 31 (all preconditions marked, step=3720)
INFO:megatron.core.transformer.moe.reintegration_barrier:BSR-MoE barrier: begin reintegration for rank 31 -> 31 (experts=[112, 113, 114, 115, 116, 117, 118, 119, 120, 121, 122, 123, 124, 125, 126, 127], step=3720)
WARNING:megatron.core.transformer.moe.recovery_controller:[2026-05-13 18:09:14] BSR-MoE controller: SAFE_POINT_REPAIR → REINTEGRATED (event=safe_point_repair_completed, step=3720)
WARNING:megatron.core.transformer.moe.recovery_controller:[2026-05-13 18:09:14] BSR-MoE controller: dense_sync elapsed=0.000s (step=3720)
INFO:megatron.core.transformer.moe.reintegration_barrier:BSR-MoE barrier: begin reintegration for rank 31 -> 31 (experts=[112, 113, 114, 115, 116, 117, 118, 119, 120, 121, 122, 123, 124, 125, 126, 127], step=3720)
WARNING:megatron.core.transformer.moe.recovery_controller:[2026-05-13 18:09:14] BSR-MoE controller: ⏱️  ✅ SAFE-POINT REPAIR COMPLETED (path=HYBRID_RECOVERY, step=3720, failed=31, replacement=31) | Total=0.131s | Breakdown: PhaseA=0.000s, PhaseB=0.131s, PhaseC=0.000s
INFO:megatron.core.transformer.moe.bsr_integration:BSR-MoE post-recovery convergence: views consistent after HYBRID_RECOVERY path (step=3720)
INFO:megatron.core.transformer.moe.reintegration_barrier:BSR-MoE barrier: rank 31 -> REPAIRED_NOT_ROUTED (all preconditions met, step=3720)
WARNING:megatron.core.transformer.moe.recovery_controller:[2026-05-13 18:09:14] BSR-MoE controller: reintegration barrier initialized for rank 31 (all preconditions marked, step=3720)
WARNING:megatron.core.transformer.moe.recovery_controller:[2026-05-13 18:09:14] BSR-MoE controller: expert_restore (sync weights, deferred optimizer) elapsed=0.000s (step=3720)
WARNING:megatron.core.transformer.moe.recovery_controller:[2026-05-13 18:09:14] BSR-MoE controller: ⏱️  [Phase B→C] Post-recovery convergence completed (path=HYBRID_RECOVERY, elapsed=0.000s, step=3720)
INFO:megatron.core.transformer.moe.reintegration_barrier:BSR-MoE barrier: rank 31 -> REPAIRED_NOT_ROUTED (all preconditions met, step=3720)
WARNING:megatron.core.transformer.moe.recovery_controller:[2026-05-13 18:09:14] BSR-MoE controller: SAFE_POINT_REPAIR → REINTEGRATED (event=safe_point_repair_completed, step=3720)
WARNING:megatron.core.transformer.moe.recovery_controller:[2026-05-13 18:09:14] BSR-MoE controller: ⏱️  [Phase B] Parameter recovery COMPLETED (path=HYBRID_RECOVERY, elapsed=0.130s)
WARNING:megatron.core.transformer.moe.recovery_controller:[2026-05-13 18:09:14] BSR-MoE controller: reintegration barrier initialized for rank 31 (all preconditions marked, step=3720)
WARNING:megatron.core.transformer.moe.recovery_controller:[2026-05-13 18:09:14] BSR-MoE controller: ⏱️  [Phase C] Starting post-repair...
WARNING:megatron.core.transformer.moe.recovery_controller:[2026-05-13 18:09:14] BSR-MoE controller: ⏱️  ✅ SAFE-POINT REPAIR COMPLETED (path=HYBRID_RECOVERY, step=3720, failed=31, replacement=31) | Total=0.130s | Breakdown: PhaseA=0.000s, PhaseB=0.130s, PhaseC=0.000s
WARNING:megatron.core.transformer.moe.recovery_controller:[2026-05-13 18:09:14] BSR-MoE controller: SAFE_POINT_REPAIR → REINTEGRATED (event=safe_point_repair_completed, step=3720)
WARNING:megatron.core.transformer.moe.recovery_controller:[2026-05-13 18:09:14] BSR-MoE controller: ⏱️  ✅ SAFE-POINT REPAIR COMPLETED (path=HYBRID_RECOVERY, step=3720, failed=31, replacement=31) | Total=0.130s | Breakdown: PhaseA=0.000s, PhaseB=0.130s, PhaseC=0.000s
INFO:megatron.core.transformer.moe.reintegration_barrier:BSR-MoE barrier: begin reintegration for rank 31 -> 31 (experts=[112, 113, 114, 115, 116, 117, 118, 119, 120, 121, 122, 123, 124, 125, 126, 127], step=3720)
INFO:megatron.core.transformer.moe.bsr_integration:BSR-MoE post-recovery convergence: views consistent after HYBRID_RECOVERY path (step=3720)
WARNING:megatron.core.transformer.moe.recovery_controller:[2026-05-13 18:09:14] BSR-MoE controller: ⏱️  [Phase B→C] Post-recovery convergence completed (path=HYBRID_RECOVERY, elapsed=0.000s, step=3720)
INFO:megatron.core.transformer.moe.reintegration_barrier:BSR-MoE barrier: rank 31 -> REPAIRED_NOT_ROUTED (all preconditions met, step=3720)
WARNING:megatron.core.transformer.moe.recovery_controller:[2026-05-13 18:09:14] BSR-MoE controller: ⏱️  [Phase C] Starting post-repair...
WARNING:megatron.core.transformer.moe.recovery_controller:[2026-05-13 18:09:14] BSR-MoE controller: reintegration barrier initialized for rank 31 (all preconditions marked, step=3720)
WARNING:megatron.core.transformer.moe.recovery_controller:[2026-05-13 18:09:14] BSR-MoE controller: SAFE_POINT_REPAIR → REINTEGRATED (event=safe_point_repair_completed, step=3720)
INFO:megatron.core.transformer.moe.reintegration_barrier:BSR-MoE barrier: begin reintegration for rank 31 -> 31 (experts=[112, 113, 114, 115, 116, 117, 118, 119, 120, 121, 122, 123, 124, 125, 126, 127], step=3720)
WARNING:megatron.core.transformer.moe.recovery_controller:[2026-05-13 18:09:14] BSR-MoE controller: ⏱️  ✅ SAFE-POINT REPAIR COMPLETED (path=HYBRID_RECOVERY, step=3720, failed=31, replacement=31) | Total=0.131s | Breakdown: PhaseA=0.000s, PhaseB=0.130s, PhaseC=0.000s
INFO:megatron.core.transformer.moe.reintegration_barrier:BSR-MoE barrier: rank 31 -> REPAIRED_NOT_ROUTED (all preconditions met, step=3720)
WARNING:megatron.core.transformer.moe.recovery_controller:[2026-05-13 18:09:14] BSR-MoE controller: reintegration barrier initialized for rank 31 (all preconditions marked, step=3720)
WARNING:megatron.core.transformer.moe.recovery_controller:[2026-05-13 18:09:14] BSR-MoE controller: SAFE_POINT_REPAIR → REINTEGRATED (event=safe_point_repair_completed, step=3720)
WARNING:megatron.core.transformer.moe.recovery_controller:[2026-05-13 18:09:14] BSR-MoE controller: ⏱️  ✅ SAFE-POINT REPAIR COMPLETED (path=HYBRID_RECOVERY, step=3720, failed=31, replacement=31) | Total=0.130s | Breakdown: PhaseA=0.000s, PhaseB=0.130s, PhaseC=0.000s
WARNING:megatron.core.transformer.moe.optimizer_commit_guard:BSR-MoE OptimizerCommitGuard: BLOCKING optimizer.step() at step 3720 — explicitly blocked (reason=hard_failure_rank_31_step_3720)
INFO:megatron.core.transformer.moe.optimizer_commit_guard:BSR-MoE OptimizerCommitGuard: optimizer.step() SKIPPED at step 3720 (reason: iteration_invalidated)
WARNING:megatron.core.transformer.moe.optimizer_commit_guard:BSR-MoE OptimizerCommitGuard: BLOCKING optimizer.step() at step 3720 — explicitly blocked (reason=hard_failure_rank_31_step_3720)
INFO:megatron.core.transformer.moe.optimizer_commit_guard:BSR-MoE OptimizerCommitGuard: optimizer.step() SKIPPED at step 3720 (reason: iteration_invalidated)
WARNING:megatron.core.transformer.moe.optimizer_commit_guard:BSR-MoE OptimizerCommitGuard: BLOCKING optimizer.step() at step 3720 — explicitly blocked (reason=hard_failure_rank_31_step_3720)
INFO:megatron.core.transformer.moe.optimizer_commit_guard:BSR-MoE OptimizerCommitGuard: optimizer.step() SKIPPED at step 3720 (reason: iteration_invalidated)
WARNING:megatron.core.transformer.moe.optimizer_commit_guard:BSR-MoE OptimizerCommitGuard: BLOCKING optimizer.step() at step 3720 — explicitly blocked (reason=hard_failure_rank_31_step_3720)
INFO:megatron.core.transformer.moe.optimizer_commit_guard:BSR-MoE OptimizerCommitGuard: optimizer.step() SKIPPED at step 3720 (reason: iteration_invalidated)
WARNING:megatron.core.transformer.moe.optimizer_commit_guard:BSR-MoE OptimizerCommitGuard: BLOCKING optimizer.step() at step 3720 — explicitly blocked (reason=hard_failure_rank_31_step_3720)
INFO:megatron.core.transformer.moe.optimizer_commit_guard:BSR-MoE OptimizerCommitGuard: optimizer.step() SKIPPED at step 3720 (reason: iteration_invalidated)
WARNING:megatron.core.transformer.moe.optimizer_commit_guard:BSR-MoE OptimizerCommitGuard: BLOCKING optimizer.step() at step 3720 — explicitly blocked (reason=hard_failure_rank_31_step_3720)
WARNING:megatron.core.transformer.moe.optimizer_commit_guard:BSR-MoE OptimizerCommitGuard: BLOCKING optimizer.step() at step 3720 — explicitly blocked (reason=hard_failure_rank_31_step_3720)
INFO:megatron.core.transformer.moe.optimizer_commit_guard:BSR-MoE OptimizerCommitGuard: optimizer.step() SKIPPED at step 3720 (reason: iteration_invalidated)
INFO:megatron.core.transformer.moe.optimizer_commit_guard:BSR-MoE OptimizerCommitGuard: optimizer.step() SKIPPED at step 3720 (reason: iteration_invalidated)
WARNING:megatron.core.transformer.moe.optimizer_commit_guard:BSR-MoE OptimizerCommitGuard: BLOCKING optimizer.step() at step 3720 — explicitly blocked (reason=hard_failure_rank_31_step_3720)
INFO:megatron.core.transformer.moe.optimizer_commit_guard:BSR-MoE OptimizerCommitGuard: optimizer.step() SKIPPED at step 3720 (reason: iteration_invalidated)
 [2026-05-13 18:09:26] iteration     3721/   20000 | consumed samples:       238144 | elapsed time per iteration (ms): 11347.9 | learning rate: 9.286197E-05 | global batch size:    64 | load_balancing_loss: 1.036112E+00 | loss scale: 1.0 | number of skipped iterations:   1 | number of nan iterations:   0 |
WARNING:megatron.core.transformer.moe.reintegration_barrier:BSR-MoE barrier: rank 31 reintegrated at step 3721 (replacement=31, experts=[112, 113, 114, 115, 116, 117, 118, 119, 120, 121, 122, 123, 124, 125, 126, 127])
INFO:megatron.core.transformer.moe.recovery_controller:BSR-MoE controller: barrier reintegration executed for rank 31 at step 3721
WARNING:megatron.core.transformer.moe.recovery_controller:[2026-05-13 18:09:26] BSR-MoE controller: REINTEGRATED → HEALTHY_TRAINING (event=reintegration_finalized, step=3721)
WARNING:megatron.core.transformer.moe.reintegration_barrier:BSR-MoE barrier: rank 31 reintegrated at step 3721 (replacement=31, experts=[112, 113, 114, 115, 116, 117, 118, 119, 120, 121, 122, 123, 124, 125, 126, 127])
WARNING:megatron.core.transformer.moe.recovery_controller:[2026-05-13 18:09:26] BSR-MoE controller: reintegration finalized at step 3721 (1 recoveries completed)
INFO:megatron.core.transformer.moe.recovery_controller:BSR-MoE controller: barrier reintegration executed for rank 31 at step 3721
WARNING:megatron.core.transformer.moe.recovery_controller:[2026-05-13 18:09:26] BSR-MoE controller: REINTEGRATED → HEALTHY_TRAINING (event=reintegration_finalized, step=3721)
WARNING:megatron.core.transformer.moe.reintegration_barrier:BSR-MoE barrier: rank 31 reintegrated at step 3721 (replacement=31, experts=[112, 113, 114, 115, 116, 117, 118, 119, 120, 121, 122, 123, 124, 125, 126, 127])
WARNING:megatron.core.transformer.moe.recovery_controller:[2026-05-13 18:09:26] BSR-MoE controller: reintegration finalized at step 3721 (1 recoveries completed)
INFO:megatron.core.transformer.moe.recovery_controller:BSR-MoE controller: barrier reintegration executed for rank 31 at step 3721
WARNING:megatron.core.transformer.moe.reintegration_barrier:BSR-MoE barrier: rank 31 reintegrated at step 3721 (replacement=31, experts=[112, 113, 114, 115, 116, 117, 118, 119, 120, 121, 122, 123, 124, 125, 126, 127])
WARNING:megatron.core.transformer.moe.recovery_controller:[2026-05-13 18:09:26] BSR-MoE controller: REINTEGRATED → HEALTHY_TRAINING (event=reintegration_finalized, step=3721)
INFO:megatron.core.transformer.moe.recovery_controller:BSR-MoE controller: barrier reintegration executed for rank 31 at step 3721
WARNING:megatron.core.transformer.moe.recovery_controller:[2026-05-13 18:09:26] BSR-MoE controller: reintegration finalized at step 3721 (1 recoveries completed)
WARNING:megatron.core.transformer.moe.recovery_controller:[2026-05-13 18:09:26] BSR-MoE controller: REINTEGRATED → HEALTHY_TRAINING (event=reintegration_finalized, step=3721)
WARNING:megatron.core.transformer.moe.reintegration_barrier:BSR-MoE barrier: rank 31 reintegrated at step 3721 (replacement=31, experts=[112, 113, 114, 115, 116, 117, 118, 119, 120, 121, 122, 123, 124, 125, 126, 127])
WARNING:megatron.core.transformer.moe.reintegration_barrier:BSR-MoE barrier: rank 31 reintegrated at step 3721 (replacement=31, experts=[112, 113, 114, 115, 116, 117, 118, 119, 120, 121, 122, 123, 124, 125, 126, 127])
WARNING:megatron.core.transformer.moe.recovery_controller:[2026-05-13 18:09:26] BSR-MoE controller: reintegration finalized at step 3721 (1 recoveries completed)
INFO:megatron.core.transformer.moe.recovery_controller:BSR-MoE controller: barrier reintegration executed for rank 31 at step 3721
INFO:megatron.core.transformer.moe.recovery_controller:BSR-MoE controller: barrier reintegration executed for rank 31 at step 3721
WARNING:megatron.core.transformer.moe.reintegration_barrier:BSR-MoE barrier: rank 31 reintegrated at step 3721 (replacement=31, experts=[112, 113, 114, 115, 116, 117, 118, 119, 120, 121, 122, 123, 124, 125, 126, 127])
INFO:megatron.core.transformer.moe.recovery_controller:BSR-MoE controller: barrier reintegration executed for rank 31 at step 3721
WARNING:megatron.core.transformer.moe.recovery_controller:[2026-05-13 18:09:26] BSR-MoE controller: REINTEGRATED → HEALTHY_TRAINING (event=reintegration_finalized, step=3721)
WARNING:megatron.core.transformer.moe.reintegration_barrier:BSR-MoE barrier: rank 31 reintegrated at step 3721 (replacement=31, experts=[112, 113, 114, 115, 116, 117, 118, 119, 120, 121, 122, 123, 124, 125, 126, 127])
WARNING:megatron.core.transformer.moe.recovery_controller:[2026-05-13 18:09:26] BSR-MoE controller: REINTEGRATED → HEALTHY_TRAINING (event=reintegration_finalized, step=3721)
WARNING:megatron.core.transformer.moe.recovery_controller:[2026-05-13 18:09:26] BSR-MoE controller: reintegration finalized at step 3721 (1 recoveries completed)
WARNING:megatron.core.transformer.moe.recovery_controller:[2026-05-13 18:09:26] BSR-MoE controller: reintegration finalized at step 3721 (1 recoveries completed)
INFO:megatron.core.transformer.moe.recovery_controller:BSR-MoE controller: barrier reintegration executed for rank 31 at step 3721
WARNING:megatron.core.transformer.moe.recovery_controller:[2026-05-13 18:09:26] BSR-MoE controller: REINTEGRATED → HEALTHY_TRAINING (event=reintegration_finalized, step=3721)
WARNING:megatron.core.transformer.moe.recovery_controller:[2026-05-13 18:09:26] BSR-MoE controller: reintegration finalized at step 3721 (1 recoveries completed)
WARNING:megatron.core.transformer.moe.recovery_controller:[2026-05-13 18:09:26] BSR-MoE controller: REINTEGRATED → HEALTHY_TRAINING (event=reintegration_finalized, step=3721)
WARNING:megatron.core.transformer.moe.recovery_controller:[2026-05-13 18:09:39] BSR-MoE controller: reintegration finalized at step 3721 (1 recoveries completed)
 [2026-05-13 18:09:47] iteration     3722/   20000 | consumed samples:       238208 | elapsed time per iteration (ms): 20999.6 | learning rate: 9.285814E-05 | global batch size:    64 | load_balancing_loss: 1.034565E+00 | lm loss: 3.131161E+00 | loss scale: 1.0 | grad norm: 0.204 | number of skipped iterations:   0 | number of nan iterations:   0 |
 [2026-05-13 18:09:57] iteration     3723/   20000 | consumed samples:       238272 | elapsed time per iteration (ms): 10585.5 | learning rate: 9.285432E-05 | global batch size:    64 | load_balancing_loss: 1.036277E+00 | lm loss: 3.117904E+00 | loss scale: 1.0 | grad norm: 0.191 | number of skipped iterations:   0 | number of nan iterations:   0 |
 [2026-05-13 18:10:08] iteration     3724/   20000 | consumed samples:       238336 | elapsed time per iteration (ms): 10584.1 | learning rate: 9.285050E-05 | global batch size:    64 | load_balancing_loss: 1.034279E+00 | lm loss: 3.129123E+00 | loss scale: 1.0 | grad norm: 0.215 | number of skipped iterations:   0 | number of nan iterations:   0 |
 [2026-05-13 18:10:18] iteration     3725/   20000 | consumed samples:       238400 | elapsed time per iteration (ms): 10582.5 | learning rate: 9.284668E-05 | global batch size:    64 | load_balancing_loss: 1.031792E+00 | lm loss: 3.157761E+00 | loss scale: 1.0 | grad norm: 0.195 | number of skipped iterations:   0 | number of nan iterations:   0 |
 [2026-05-13 18:10:29] iteration     3726/   20000 | consumed samples:       238464 | elapsed time per iteration (ms): 10607.2 | learning rate: 9.284285E-05 | global batch size:    64 | load_balancing_loss: 1.036374E+00 | lm loss: 3.105414E+00 | loss scale: 1.0 | grad norm: 0.190 | number of skipped iterations:   0 | number of nan iterations:   0 |
 [2026-05-13 18:10:40] iteration     3727/   20000 | consumed samples:       238528 | elapsed time per iteration (ms): 10599.2 | learning rate: 9.283902E-05 | global batch size:    64 | load_balancing_loss: 1.036420E+00 | lm loss: 3.192917E+00 | loss scale: 1.0 | grad norm: 0.194 | number of skipped iterations:   0 | number of nan iterations:   0 |
 [2026-05-13 18:10:50] iteration     3728/   20000 | consumed samples:       238592 | elapsed time per iteration (ms): 10584.2 | learning rate: 9.283519E-05 | global batch size:    64 | load_balancing_loss: 1.032347E+00 | lm loss: 3.166643E+00 | loss scale: 1.0 | grad norm: 0.197 | number of skipped iterations:   0 | number of nan iterations:   0 |
 [2026-05-13 18:11:01] iteration     3729/   20000 | consumed samples:       238656 | elapsed time per iteration (ms): 10773.1 | learning rate: 9.283137E-05 | global batch size:    64 | load_balancing_loss: 1.031135E+00 | lm loss: 3.195117E+00 | loss scale: 1.0 | grad norm: 0.198 | number of skipped iterations:   0 | number of nan iterations:   0 |
 [2026-05-13 18:11:12] iteration     3730/   20000 | consumed samples:       238720 | elapsed time per iteration (ms): 10600.1 | learning rate: 9.282754E-05 | global batch size:    64 | load_balancing_loss: 1.037557E+00 | lm loss: 3.124413E+00 | loss scale: 1.0 | grad norm: 0.195 | number of skipped iterations:   0 | number of nan iterations:   0 |
 [2026-05-13 18:11:22] iteration     3731/   20000 | consumed samples:       238784 | elapsed time per iteration (ms): 10645.6 | learning rate: 9.282371E-05 | global batch size:    64 | load_balancing_loss: 1.041078E+00 | lm loss: 3.177718E+00 | loss scale: 1.0 | grad norm: 0.198 | number of skipped iterations:   0 | number of nan iterations:   0 |
 [2026-05-13 18:11:33] iteration     3732/   20000 | consumed samples:       238848 | elapsed time per iteration (ms): 10600.5 | learning rate: 9.281988E-05 | global batch size:    64 | load_balancing_loss: 1.038854E+00 | lm loss: 3.279423E+00 | loss scale: 1.0 | grad norm: 0.210 | number of skipped iterations:   0 | number of nan iterations:   0 |
 [2026-05-13 18:11:43] iteration     3733/   20000 | consumed samples:       238912 | elapsed time per iteration (ms): 10570.9 | learning rate: 9.281604E-05 | global batch size:    64 | load_balancing_loss: 1.041791E+00 | lm loss: 3.224053E+00 | loss scale: 1.0 | grad norm: 0.205 | number of skipped iterations:   0 | number of nan iterations:   0 |
 [2026-05-13 18:11:54] iteration     3734/   20000 | consumed samples:       238976 | elapsed time per iteration (ms): 10588.9 | learning rate: 9.281222E-05 | global batch size:    64 | load_balancing_loss: 1.036934E+00 | lm loss: 3.123381E+00 | loss scale: 1.0 | grad norm: 0.200 | number of skipped iterations:   0 | number of nan iterations:   0 |
 [2026-05-13 18:12:05] iteration     3735/   20000 | consumed samples:       239040 | elapsed time per iteration (ms): 10581.6 | learning rate: 9.280838E-05 | global batch size:    64 | load_balancing_loss: 1.032471E+00 | lm loss: 3.150015E+00 | loss scale: 1.0 | grad norm: 0.204 | number of skipped iterations:   0 | number of nan iterations:   0 |
 [2026-05-13 18:12:15] iteration     3736/   20000 | consumed samples:       239104 | elapsed time per iteration (ms): 10560.7 | learning rate: 9.280455E-05 | global batch size:    64 | load_balancing_loss: 1.035846E+00 | lm loss: 3.224871E+00 | loss scale: 1.0 | grad norm: 0.199 | number of skipped iterations:   0 | number of nan iterations:   0 |
 [2026-05-13 18:12:26] iteration     3737/   20000 | consumed samples:       239168 | elapsed time per iteration (ms): 10572.5 | learning rate: 9.280071E-05 | global batch size:    64 | load_balancing_loss: 1.032111E+00 | lm loss: 3.157308E+00 | loss scale: 1.0 | grad norm: 0.206 | number of skipped iterations:   0 | number of nan iterations:   0 |
 [2026-05-13 18:12:36] iteration     3738/   20000 | consumed samples:       239232 | elapsed time per iteration (ms): 10597.5 | learning rate: 9.279687E-05 | global batch size:    64 | load_balancing_loss: 1.038304E+00 | lm loss: 3.154051E+00 | loss scale: 1.0 | grad norm: 0.202 | number of skipped iterations:   0 | number of nan iterations:   0 |
 [2026-05-13 18:12:47] iteration     3739/   20000 | consumed samples:       239296 | elapsed time per iteration (ms): 10593.5 | learning rate: 9.279304E-05 | global batch size:    64 | load_balancing_loss: 1.039205E+00 | lm loss: 3.243039E+00 | loss scale: 1.0 | grad norm: 0.202 | number of skipped iterations:   0 | number of nan iterations:   0 |
 [2026-05-13 18:12:57] iteration     3740/   20000 | consumed samples:       239360 | elapsed time per iteration (ms): 10572.1 | learning rate: 9.278920E-05 | global batch size:    64 | load_balancing_loss: 1.037459E+00 | lm loss: 3.172685E+00 | loss scale: 1.0 | grad norm: 0.194 | number of skipped iterations:   0 | number of nan iterations:   0 |
 [2026-05-13 18:13:08] iteration     3741/   20000 | consumed samples:       239424 | elapsed time per iteration (ms): 10588.0 | learning rate: 9.278535E-05 | global batch size:    64 | load_balancing_loss: 1.037705E+00 | lm loss: 3.135179E+00 | loss scale: 1.0 | grad norm: 0.196 | number of skipped iterations:   0 | number of nan iterations:   0 |
 [2026-05-13 18:13:19] iteration     3742/   20000 | consumed samples:       239488 | elapsed time per iteration (ms): 10582.9 | learning rate: 9.278152E-05 | global batch size:    64 | load_balancing_loss: 1.032632E+00 | lm loss: 3.174724E+00 | loss scale: 1.0 | grad norm: 0.203 | number of skipped iterations:   0 | number of nan iterations:   0 |
 [2026-05-13 18:13:29] iteration     3743/   20000 | consumed samples:       239552 | elapsed time per iteration (ms): 10565.2 | learning rate: 9.277768E-05 | global batch size:    64 | load_balancing_loss: 1.035539E+00 | lm loss: 3.182945E+00 | loss scale: 1.0 | grad norm: 0.198 | number of skipped iterations:   0 | number of nan iterations:   0 |
 [2026-05-13 18:13:40] iteration     3744/   20000 | consumed samples:       239616 | elapsed time per iteration (ms): 10600.5 | learning rate: 9.277384E-05 | global batch size:    64 | load_balancing_loss: 1.034936E+00 | lm loss: 3.216470E+00 | loss scale: 1.0 | grad norm: 0.195 | number of skipped iterations:   0 | number of nan iterations:   0 |
 [2026-05-13 18:13:50] iteration     3745/   20000 | consumed samples:       239680 | elapsed time per iteration (ms): 10606.8 | learning rate: 9.276999E-05 | global batch size:    64 | load_balancing_loss: 1.035391E+00 | lm loss: 3.091810E+00 | loss scale: 1.0 | grad norm: 0.196 | number of skipped iterations:   0 | number of nan iterations:   0 |
 [2026-05-13 18:14:01] iteration     3746/   20000 | consumed samples:       239744 | elapsed time per iteration (ms): 10598.2 | learning rate: 9.276615E-05 | global batch size:    64 | load_balancing_loss: 1.033275E+00 | lm loss: 3.229734E+00 | loss scale: 1.0 | grad norm: 0.201 | number of skipped iterations:   0 | number of nan iterations:   0 |
 [2026-05-13 18:14:12] iteration     3747/   20000 | consumed samples:       239808 | elapsed time per iteration (ms): 10584.2 | learning rate: 9.276230E-05 | global batch size:    64 | load_balancing_loss: 1.034612E+00 | lm loss: 3.161733E+00 | loss scale: 1.0 | grad norm: 0.207 | number of skipped iterations:   0 | number of nan iterations:   0 |
 [2026-05-13 18:14:22] iteration     3748/   20000 | consumed samples:       239872 | elapsed time per iteration (ms): 10587.1 | learning rate: 9.275846E-05 | global batch size:    64 | load_balancing_loss: 1.035491E+00 | lm loss: 3.219480E+00 | loss scale: 1.0 | grad norm: 0.201 | number of skipped iterations:   0 | number of nan iterations:   0 |
 [2026-05-13 18:14:33] iteration     3749/   20000 | consumed samples:       239936 | elapsed time per iteration (ms): 10554.9 | learning rate: 9.275461E-05 | global batch size:    64 | load_balancing_loss: 1.033306E+00 | lm loss: 3.243798E+00 | loss scale: 1.0 | grad norm: 0.203 | number of skipped iterations:   0 | number of nan iterations:   0 |
 [2026-05-13 18:14:43] iteration     3750/   20000 | consumed samples:       240000 | elapsed time per iteration (ms): 10587.5 | learning rate: 9.275076E-05 | global batch size:    64 | load_balancing_loss: 1.036554E+00 | lm loss: 3.186042E+00 | loss scale: 1.0 | grad norm: 0.200 | number of skipped iterations:   0 | number of nan iterations:   0 |
 [2026-05-13 18:14:54] iteration     3751/   20000 | consumed samples:       240064 | elapsed time per iteration (ms): 10563.7 | learning rate: 9.274692E-05 | global batch size:    64 | load_balancing_loss: 1.042952E+00 | lm loss: 3.136501E+00 | loss scale: 1.0 | grad norm: 0.201 | number of skipped iterations:   0 | number of nan iterations:   0 |
 [2026-05-13 18:15:05] iteration     3752/   20000 | consumed samples:       240128 | elapsed time per iteration (ms): 10592.4 | learning rate: 9.274307E-05 | global batch size:    64 | load_balancing_loss: 1.037047E+00 | lm loss: 3.153867E+00 | loss scale: 1.0 | grad norm: 0.197 | number of skipped iterations:   0 | number of nan iterations:   0 |
 [2026-05-13 18:15:15] iteration     3753/   20000 | consumed samples:       240192 | elapsed time per iteration (ms): 10588.6 | learning rate: 9.273921E-05 | global batch size:    64 | load_balancing_loss: 1.039400E+00 | lm loss: 3.206545E+00 | loss scale: 1.0 | grad norm: 0.201 | number of skipped iterations:   0 | number of nan iterations:   0 |
 [2026-05-13 18:15:26] iteration     3754/   20000 | consumed samples:       240256 | elapsed time per iteration (ms): 10604.9 | learning rate: 9.273536E-05 | global batch size:    64 | load_balancing_loss: 1.031681E+00 | lm loss: 3.156024E+00 | loss scale: 1.0 | grad norm: 0.199 | number of skipped iterations:   0 | number of nan iterations:   0 |
 [2026-05-13 18:15:36] iteration     3755/   20000 | consumed samples:       240320 | elapsed time per iteration (ms): 10577.4 | learning rate: 9.273151E-05 | global batch size:    64 | load_balancing_loss: 1.037063E+00 | lm loss: 3.201873E+00 | loss scale: 1.0 | grad norm: 0.198 | number of skipped iterations:   0 | number of nan iterations:   0 |
 [2026-05-13 18:15:47] iteration     3756/   20000 | consumed samples:       240384 | elapsed time per iteration (ms): 10571.5 | learning rate: 9.272766E-05 | global batch size:    64 | load_balancing_loss: 1.034162E+00 | lm loss: 3.193500E+00 | loss scale: 1.0 | grad norm: 0.202 | number of skipped iterations:   0 | number of nan iterations:   0 |
 [2026-05-13 18:15:57] iteration     3757/   20000 | consumed samples:       240448 | elapsed time per iteration (ms): 10568.9 | learning rate: 9.272380E-05 | global batch size:    64 | load_balancing_loss: 1.033747E+00 | lm loss: 3.162523E+00 | loss scale: 1.0 | grad norm: 0.193 | number of skipped iterations:   0 | number of nan iterations:   0 |
 [2026-05-13 18:16:08] iteration     3758/   20000 | consumed samples:       240512 | elapsed time per iteration (ms): 10564.7 | learning rate: 9.271994E-05 | global batch size:    64 | load_balancing_loss: 1.037892E+00 | lm loss: 3.181553E+00 | loss scale: 1.0 | grad norm: 0.193 | number of skipped iterations:   0 | number of nan iterations:   0 |
 [2026-05-13 18:16:19] iteration     3759/   20000 | consumed samples:       240576 | elapsed time per iteration (ms): 10595.2 | learning rate: 9.271609E-05 | global batch size:    64 | load_balancing_loss: 1.035829E+00 | lm loss: 3.143736E+00 | loss scale: 1.0 | grad norm: 0.192 | number of skipped iterations:   0 | number of nan iterations:   0 |
 [2026-05-13 18:16:29] iteration     3760/   20000 | consumed samples:       240640 | elapsed time per iteration (ms): 10569.1 | learning rate: 9.271223E-05 | global batch size:    64 | load_balancing_loss: 1.032587E+00 | lm loss: 3.152997E+00 | loss scale: 1.0 | grad norm: 0.190 | number of skipped iterations:   0 | number of nan iterations:   0 |
INFO:megatron.core.transformer.moe.bsr_integration:BSR-MoE: checkpoint metadata injected (iteration=3760, phase=HEALTHY_TRAINING)
INFO:megatron.core.transformer.moe.bsr_integration:BSR-MoE: checkpoint metadata injected (iteration=3760, phase=HEALTHY_TRAINING)
INFO:megatron.core.transformer.moe.bsr_integration:BSR-MoE: checkpoint metadata injected (iteration=3760, phase=HEALTHY_TRAINING)
INFO:megatron.core.transformer.moe.bsr_integration:BSR-MoE: checkpoint metadata injected (iteration=3760, phase=HEALTHY_TRAINING)
INFO:megatron.core.transformer.moe.bsr_integration:BSR-MoE: checkpoint metadata injected (iteration=3760, phase=HEALTHY_TRAINING)
INFO:megatron.core.transformer.moe.bsr_integration:BSR-MoE: checkpoint metadata injected (iteration=3760, phase=HEALTHY_TRAINING)
INFO:megatron.core.transformer.moe.bsr_integration:BSR-MoE: checkpoint metadata injected (iteration=3760, phase=HEALTHY_TRAINING)
INFO:megatron.core.transformer.moe.bsr_integration:BSR-MoE: checkpoint metadata injected (iteration=3760, phase=HEALTHY_TRAINING)
(min, max) time across ranks (ms):
    save-checkpoint ................................: (34169.24, 34169.73)
WARNING:megatron.core.transformer.moe.bsr_integration:[2026-05-13 18:17:03] BSR-MoE FAULT INJECTION #5: type=restart_in_place, rank=28, step=3760, experts=[64, 65, 66, 67, 68, 69, 70, 71, 72, 73, 74, 75, 76, 77, 78, 79], ep_group=[24, 25, 26, 27, 28, 29, 30, 31]
WARNING:megatron.core.transformer.moe.recovery_controller:[2026-05-13 18:17:03] BSR-MoE controller: rank 28 HARD FAILURE (step=3760, reason=scheduled_restart_in_place_injection, experts=[64, 65, 66, 67, 68, 69, 70, 71, 72, 73, 74, 75, 76, 77, 78, 79], mid_iteration=False)
INFO:megatron.core.transformer.moe.recovery_controller:ExpertRecoveryTracker: experts [64, 65, 66, 67, 68, 69, 70, 71, 72, 73, 74, 75, 76, 77, 78, 79] → RECOVERING (step=3760)
WARNING:megatron.core.transformer.moe.optimizer_commit_guard:OptimizerCommitGuard: commit BLOCKED (reason=hard_failure_rank_28_step_3760)
WARNING:megatron.core.transformer.moe.bsr_integration:BSR-MoE: optimizer commit blocked for step 3760 (hard failure of rank 28)
WARNING:megatron.core.transformer.moe.bsr_integration:BSR-MoE: entering waiting-for-replacement state (failed_rank=28, step=3760, experts=[64, 65, 66, 67, 68, 69, 70, 71, 72, 73, 74, 75, 76, 77, 78, 79])
WARNING:megatron.core.transformer.moe.recovery_controller:[2026-05-13 18:17:03] BSR-MoE controller: HEALTHY_TRAINING → PENDING_GROUP_REPAIR (event=hard_rank_failure, step=3760)
WARNING:megatron.core.transformer.moe.recovery_controller:[2026-05-13 18:17:03] BSR-MoE controller: replacement assigned — failed_rank=28, replacement_rank=28 (step=3760)
INFO:megatron.core.transformer.moe.replacement_registry:BSR-MoE replacement: failed_rank=28, replacement_rank=28, NOT_PRESENT → BOOTSTRAPPING (step=3760)
WARNING:megatron.core.transformer.moe.replacement_registry:BSR-MoE: replacement announced — failed_rank=28 → replacement_rank=28 (step=3760, reason='')
WARNING:megatron.core.transformer.moe.bsr_integration:[2026-05-13 18:17:03] BSR-MoE FAULT INJECTION #5: type=restart_in_place, rank=28, step=3760, experts=[64, 65, 66, 67, 68, 69, 70, 71, 72, 73, 74, 75, 76, 77, 78, 79], ep_group=[24, 25, 26, 27, 28, 29, 30, 31]
WARNING:megatron.core.transformer.moe.recovery_controller:[2026-05-13 18:17:03] BSR-MoE controller: PENDING_GROUP_REPAIR → WAITING_FOR_REPLACEMENT (event=replacement_assigned, step=3760)
WARNING:megatron.core.transformer.moe.bsr_integration:[2026-05-13 18:17:03] BSR-MoE FAULT INJECTION #5: type=restart_in_place, rank=28, step=3760, experts=[64, 65, 66, 67, 68, 69, 70, 71, 72, 73, 74, 75, 76, 77, 78, 79], ep_group=[24, 25, 26, 27, 28, 29, 30, 31]
WARNING:megatron.core.transformer.moe.recovery_controller:[2026-05-13 18:17:03] BSR-MoE controller: replacement ready — failed_rank=28 (step=3760)
WARNING:megatron.core.transformer.moe.recovery_controller:[2026-05-13 18:17:03] BSR-MoE controller: WAITING_FOR_REPLACEMENT → SAFE_POINT_REPAIR (event=replacement_ready, step=3760)
WARNING:megatron.core.transformer.moe.recovery_controller:BSR-MoE controller: restart-in-place fast path for rank 28 (replacement=self, step=3760)
WARNING:megatron.core.transformer.moe.bsr_integration:[2026-05-13 18:17:03] BSR-MoE FAULT INJECTION: next periodic fault scheduled at step 3800 (interval=40, total_injections=5)
WARNING:megatron.core.transformer.moe.bsr_integration:[2026-05-13 18:17:03] BSR-MoE FAULT INJECTION #5: type=restart_in_place, rank=28, step=3760, experts=[64, 65, 66, 67, 68, 69, 70, 71, 72, 73, 74, 75, 76, 77, 78, 79], ep_group=[24, 25, 26, 27, 28, 29, 30, 31]
WARNING:megatron.core.transformer.moe.recovery_controller:[2026-05-13 18:17:03] BSR-MoE controller: rank 28 HARD FAILURE (step=3760, reason=scheduled_restart_in_place_injection, experts=[64, 65, 66, 67, 68, 69, 70, 71, 72, 73, 74, 75, 76, 77, 78, 79], mid_iteration=False)
WARNING:megatron.core.transformer.moe.recovery_controller:[2026-05-13 18:17:03] BSR-MoE controller: rank 28 HARD FAILURE (step=3760, reason=scheduled_restart_in_place_injection, experts=[64, 65, 66, 67, 68, 69, 70, 71, 72, 73, 74, 75, 76, 77, 78, 79], mid_iteration=False)
WARNING:megatron.core.transformer.moe.recovery_controller:[2026-05-13 18:17:03] BSR-MoE controller: ⏱️  START safe-point repair at step 3760 (failed=28, replacement=28)
WARNING:megatron.core.transformer.moe.recovery_controller:[2026-05-13 18:17:03] BSR-MoE controller: ⏱️  [Phase A] Starting infrastructure repair...
INFO:megatron.core.transformer.moe.recovery_controller:ExpertRecoveryTracker: experts [64, 65, 66, 67, 68, 69, 70, 71, 72, 73, 74, 75, 76, 77, 78, 79] → RECOVERING (step=3760)
WARNING:megatron.core.transformer.moe.bsr_integration:[2026-05-13 18:17:03] BSR-MoE FAULT INJECTION #5: type=restart_in_place, rank=28, step=3760, experts=[64, 65, 66, 67, 68, 69, 70, 71, 72, 73, 74, 75, 76, 77, 78, 79], ep_group=[24, 25, 26, 27, 28, 29, 30, 31]
INFO:megatron.core.transformer.moe.recovery_controller:ExpertRecoveryTracker: experts [64, 65, 66, 67, 68, 69, 70, 71, 72, 73, 74, 75, 76, 77, 78, 79] → RECOVERING (step=3760)
WARNING:megatron.core.transformer.moe.bsr_integration:[2026-05-13 18:17:03] BSR-MoE FAULT INJECTION #5: type=restart_in_place, rank=28, step=3760, experts=[64, 65, 66, 67, 68, 69, 70, 71, 72, 73, 74, 75, 76, 77, 78, 79], ep_group=[24, 25, 26, 27, 28, 29, 30, 31]
INFO:megatron.core.transformer.moe.replacement_registry:BSR-MoE replacement: failed_rank=28, replacement_rank=28, BOOTSTRAPPING → READY_FOR_REPAIR (step=3760)
WARNING:megatron.core.transformer.moe.recovery_controller:[2026-05-13 18:17:03] BSR-MoE controller: rank 28 HARD FAILURE (step=3760, reason=scheduled_restart_in_place_injection, experts=[64, 65, 66, 67, 68, 69, 70, 71, 72, 73, 74, 75, 76, 77, 78, 79], mid_iteration=False)
INFO:megatron.core.transformer.moe.replacement_registry:BSR-MoE replacement: failed_rank=28, replacement_rank=28, READY_FOR_REPAIR → INTEGRATED (step=3760)
WARNING:megatron.core.transformer.moe.optimizer_commit_guard:OptimizerCommitGuard: commit BLOCKED (reason=hard_failure_rank_28_step_3760)
WARNING:megatron.core.transformer.moe.replacement_registry:BSR-MoE: replacement INTEGRATED — failed_rank=28, replacement_rank=28 (step=3760)
WARNING:megatron.core.transformer.moe.bsr_integration:BSR-MoE: optimizer commit blocked for step 3760 (hard failure of rank 28)
WARNING:megatron.core.transformer.moe.optimizer_commit_guard:OptimizerCommitGuard: commit BLOCKED (reason=hard_failure_rank_28_step_3760)
WARNING:megatron.core.transformer.moe.recovery_controller:[2026-05-13 18:17:03] BSR-MoE controller: step1 replacement_integrate elapsed=0.000s (step=3760)
WARNING:megatron.core.transformer.moe.bsr_integration:BSR-MoE: optimizer commit blocked for step 3760 (hard failure of rank 28)
WARNING:megatron.core.transformer.moe.bsr_integration:BSR-MoE: entering waiting-for-replacement state (failed_rank=28, step=3760, experts=[64, 65, 66, 67, 68, 69, 70, 71, 72, 73, 74, 75, 76, 77, 78, 79])
INFO:megatron.core.transformer.moe.recovery_controller:ExpertRecoveryTracker: experts [64, 65, 66, 67, 68, 69, 70, 71, 72, 73, 74, 75, 76, 77, 78, 79] → RECOVERING (step=3760)
WARNING:megatron.core.transformer.moe.recovery_controller:[2026-05-13 18:17:03] BSR-MoE controller: step2 group_rebuild_request elapsed=0.000s (step=3760)
WARNING:megatron.core.transformer.moe.bsr_integration:BSR-MoE: entering waiting-for-replacement state (failed_rank=28, step=3760, experts=[64, 65, 66, 67, 68, 69, 70, 71, 72, 73, 74, 75, 76, 77, 78, 79])
WARNING:megatron.core.transformer.moe.recovery_controller:[2026-05-13 18:17:03] BSR-MoE controller: rank 28 HARD FAILURE (step=3760, reason=scheduled_restart_in_place_injection, experts=[64, 65, 66, 67, 68, 69, 70, 71, 72, 73, 74, 75, 76, 77, 78, 79], mid_iteration=False)
WARNING:megatron.core.transformer.moe.recovery_controller:[2026-05-13 18:17:03] BSR-MoE controller: step3 group_rebuild_execute elapsed=0.000s (step=3760)
WARNING:megatron.core.transformer.moe.recovery_controller:[2026-05-13 18:17:03] BSR-MoE controller: rank 28 HARD FAILURE (step=3760, reason=scheduled_restart_in_place_injection, experts=[64, 65, 66, 67, 68, 69, 70, 71, 72, 73, 74, 75, 76, 77, 78, 79], mid_iteration=False)
WARNING:megatron.core.transformer.moe.bsr_integration:[2026-05-13 18:17:03] BSR-MoE FAULT INJECTION #5: type=restart_in_place, rank=28, step=3760, experts=[64, 65, 66, 67, 68, 69, 70, 71, 72, 73, 74, 75, 76, 77, 78, 79], ep_group=[24, 25, 26, 27, 28, 29, 30, 31]
WARNING:megatron.core.transformer.moe.recovery_controller:[2026-05-13 18:17:03] BSR-MoE controller: step4 group_rebuild_finish elapsed=0.000s (step=3760)
WARNING:megatron.core.transformer.moe.optimizer_commit_guard:OptimizerCommitGuard: commit BLOCKED (reason=hard_failure_rank_28_step_3760)
WARNING:megatron.core.transformer.moe.recovery_controller:[2026-05-13 18:17:03] BSR-MoE controller: step5 topology_refresh elapsed=0.000s (step=3760)
INFO:megatron.core.transformer.moe.recovery_controller:ExpertRecoveryTracker: experts [64, 65, 66, 67, 68, 69, 70, 71, 72, 73, 74, 75, 76, 77, 78, 79] → RECOVERING (step=3760)
WARNING:megatron.core.transformer.moe.bsr_integration:BSR-MoE: optimizer commit blocked for step 3760 (hard failure of rank 28)
WARNING:megatron.core.transformer.moe.recovery_controller:[2026-05-13 18:17:03] BSR-MoE controller: ⏱️  [Phase A] Infrastructure repair COMPLETED (elapsed=0.000s)
WARNING:megatron.core.transformer.moe.recovery_controller:[2026-05-13 18:17:03] BSR-MoE controller: HEALTHY_TRAINING → PENDING_GROUP_REPAIR (event=hard_rank_failure, step=3760)
INFO:megatron.core.transformer.moe.recovery_controller:ExpertRecoveryTracker: experts [64, 65, 66, 67, 68, 69, 70, 71, 72, 73, 74, 75, 76, 77, 78, 79] → RECOVERING (step=3760)
WARNING:megatron.core.transformer.moe.recovery_controller:[2026-05-13 18:17:03] BSR-MoE controller: ⏱️  [Phase B] Starting parameter recovery...
WARNING:megatron.core.transformer.moe.bsr_integration:BSR-MoE: entering waiting-for-replacement state (failed_rank=28, step=3760, experts=[64, 65, 66, 67, 68, 69, 70, 71, 72, 73, 74, 75, 76, 77, 78, 79])
WARNING:megatron.core.transformer.moe.recovery_controller:[2026-05-13 18:17:03] BSR-MoE controller: HEALTHY_TRAINING → PENDING_GROUP_REPAIR (event=hard_rank_failure, step=3760)
WARNING:megatron.core.transformer.moe.bsr_integration:[2026-05-13 18:17:03] BSR-MoE FAULT INJECTION #5: type=restart_in_place, rank=28, step=3760, experts=[64, 65, 66, 67, 68, 69, 70, 71, 72, 73, 74, 75, 76, 77, 78, 79], ep_group=[24, 25, 26, 27, 28, 29, 30, 31]
WARNING:megatron.core.transformer.moe.recovery_controller:[2026-05-13 18:17:03] BSR-MoE controller: replacement assigned — failed_rank=28, replacement_rank=28 (step=3760)
WARNING:megatron.core.transformer.moe.optimizer_commit_guard:OptimizerCommitGuard: commit BLOCKED (reason=hard_failure_rank_28_step_3760)
WARNING:megatron.core.transformer.moe.recovery_controller:[2026-05-13 18:17:03] BSR-MoE controller: replacement assigned — failed_rank=28, replacement_rank=28 (step=3760)
WARNING:megatron.core.transformer.moe.recovery_controller:[2026-05-13 18:17:03] BSR-MoE controller: rank 28 HARD FAILURE (step=3760, reason=scheduled_restart_in_place_injection, experts=[64, 65, 66, 67, 68, 69, 70, 71, 72, 73, 74, 75, 76, 77, 78, 79], mid_iteration=False)
WARNING:megatron.core.transformer.moe.optimizer_commit_guard:OptimizerCommitGuard: commit BLOCKED (reason=hard_failure_rank_28_step_3760)
WARNING:megatron.core.transformer.moe.bsr_integration:BSR-MoE: optimizer commit blocked for step 3760 (hard failure of rank 28)
WARNING:megatron.core.transformer.moe.recovery_controller:[2026-05-13 18:17:03] BSR-MoE controller: HEALTHY_TRAINING → PENDING_GROUP_REPAIR (event=hard_rank_failure, step=3760)
WARNING:megatron.core.transformer.moe.bsr_integration:BSR-MoE: optimizer commit blocked for step 3760 (hard failure of rank 28)
WARNING:megatron.core.transformer.moe.bsr_integration:BSR-MoE: entering waiting-for-replacement state (failed_rank=28, step=3760, experts=[64, 65, 66, 67, 68, 69, 70, 71, 72, 73, 74, 75, 76, 77, 78, 79])
WARNING:megatron.core.transformer.moe.bsr_integration:BSR-MoE: entering waiting-for-replacement state (failed_rank=28, step=3760, experts=[64, 65, 66, 67, 68, 69, 70, 71, 72, 73, 74, 75, 76, 77, 78, 79])
INFO:megatron.core.transformer.moe.recovery_controller:ExpertRecoveryTracker: experts [64, 65, 66, 67, 68, 69, 70, 71, 72, 73, 74, 75, 76, 77, 78, 79] → RECOVERING (step=3760)
WARNING:megatron.core.transformer.moe.recovery_controller:[2026-05-13 18:17:03] BSR-MoE controller: replacement assigned — failed_rank=28, replacement_rank=28 (step=3760)
INFO:megatron.core.transformer.moe.replacement_registry:BSR-MoE replacement: failed_rank=28, replacement_rank=28, NOT_PRESENT → BOOTSTRAPPING (step=3760)
INFO:megatron.core.transformer.moe.replacement_registry:BSR-MoE replacement: failed_rank=28, replacement_rank=28, NOT_PRESENT → BOOTSTRAPPING (step=3760)
WARNING:megatron.core.transformer.moe.replacement_registry:BSR-MoE: replacement announced — failed_rank=28 → replacement_rank=28 (step=3760, reason='')
WARNING:megatron.core.transformer.moe.recovery_controller:[2026-05-13 18:17:03] BSR-MoE controller: rank 28 HARD FAILURE (step=3760, reason=scheduled_restart_in_place_injection, experts=[64, 65, 66, 67, 68, 69, 70, 71, 72, 73, 74, 75, 76, 77, 78, 79], mid_iteration=False)
WARNING:megatron.core.transformer.moe.replacement_registry:BSR-MoE: replacement announced — failed_rank=28 → replacement_rank=28 (step=3760, reason='')
WARNING:megatron.core.transformer.moe.recovery_controller:[2026-05-13 18:17:03] BSR-MoE controller: HEALTHY_TRAINING → PENDING_GROUP_REPAIR (event=hard_rank_failure, step=3760)
WARNING:megatron.core.transformer.moe.recovery_controller:[2026-05-13 18:17:03] BSR-MoE controller: PENDING_GROUP_REPAIR → WAITING_FOR_REPLACEMENT (event=replacement_assigned, step=3760)
WARNING:megatron.core.transformer.moe.optimizer_commit_guard:OptimizerCommitGuard: commit BLOCKED (reason=hard_failure_rank_28_step_3760)
WARNING:megatron.core.transformer.moe.recovery_controller:[2026-05-13 18:17:03] BSR-MoE controller: PENDING_GROUP_REPAIR → WAITING_FOR_REPLACEMENT (event=replacement_assigned, step=3760)
WARNING:megatron.core.transformer.moe.recovery_controller:[2026-05-13 18:17:03] BSR-MoE controller: HEALTHY_TRAINING → PENDING_GROUP_REPAIR (event=hard_rank_failure, step=3760)
WARNING:megatron.core.transformer.moe.recovery_controller:[2026-05-13 18:17:03] BSR-MoE controller: replacement ready — failed_rank=28 (step=3760)
INFO:megatron.core.transformer.moe.replacement_registry:BSR-MoE replacement: failed_rank=28, replacement_rank=28, NOT_PRESENT → BOOTSTRAPPING (step=3760)
WARNING:megatron.core.transformer.moe.bsr_integration:BSR-MoE: optimizer commit blocked for step 3760 (hard failure of rank 28)
INFO:megatron.core.transformer.moe.recovery_controller:ExpertRecoveryTracker: experts [64, 65, 66, 67, 68, 69, 70, 71, 72, 73, 74, 75, 76, 77, 78, 79] → RECOVERING (step=3760)
WARNING:megatron.core.transformer.moe.recovery_controller:[2026-05-13 18:17:03] BSR-MoE controller: replacement ready — failed_rank=28 (step=3760)
WARNING:megatron.core.transformer.moe.replacement_registry:BSR-MoE: replacement announced — failed_rank=28 → replacement_rank=28 (step=3760, reason='')
WARNING:megatron.core.transformer.moe.bsr_integration:BSR-MoE: entering waiting-for-replacement state (failed_rank=28, step=3760, experts=[64, 65, 66, 67, 68, 69, 70, 71, 72, 73, 74, 75, 76, 77, 78, 79])
WARNING:megatron.core.transformer.moe.recovery_controller:[2026-05-13 18:17:03] BSR-MoE controller: WAITING_FOR_REPLACEMENT → SAFE_POINT_REPAIR (event=replacement_ready, step=3760)
WARNING:megatron.core.transformer.moe.recovery_controller:[2026-05-13 18:17:03] BSR-MoE controller: replacement assigned — failed_rank=28, replacement_rank=28 (step=3760)
WARNING:megatron.core.transformer.moe.recovery_controller:[2026-05-13 18:17:03] BSR-MoE controller: WAITING_FOR_REPLACEMENT → SAFE_POINT_REPAIR (event=replacement_ready, step=3760)
WARNING:megatron.core.transformer.moe.recovery_controller:BSR-MoE controller: restart-in-place fast path for rank 28 (replacement=self, step=3760)
WARNING:megatron.core.transformer.moe.recovery_controller:[2026-05-13 18:17:03] BSR-MoE controller: PENDING_GROUP_REPAIR → WAITING_FOR_REPLACEMENT (event=replacement_assigned, step=3760)
WARNING:megatron.core.transformer.moe.recovery_controller:[2026-05-13 18:17:03] BSR-MoE controller: replacement assigned — failed_rank=28, replacement_rank=28 (step=3760)
WARNING:megatron.core.transformer.moe.recovery_controller:BSR-MoE controller: restart-in-place fast path for rank 28 (replacement=self, step=3760)
WARNING:megatron.core.transformer.moe.bsr_integration:[2026-05-13 18:17:03] BSR-MoE FAULT INJECTION: next periodic fault scheduled at step 3800 (interval=40, total_injections=5)
WARNING:megatron.core.transformer.moe.recovery_controller:[2026-05-13 18:17:03] BSR-MoE controller: replacement ready — failed_rank=28 (step=3760)
WARNING:megatron.core.transformer.moe.bsr_integration:[2026-05-13 18:17:03] BSR-MoE FAULT INJECTION: next periodic fault scheduled at step 3800 (interval=40, total_injections=5)
WARNING:megatron.core.transformer.moe.optimizer_commit_guard:OptimizerCommitGuard: commit BLOCKED (reason=hard_failure_rank_28_step_3760)
WARNING:megatron.core.transformer.moe.recovery_controller:[2026-05-13 18:17:03] BSR-MoE controller: WAITING_FOR_REPLACEMENT → SAFE_POINT_REPAIR (event=replacement_ready, step=3760)
WARNING:megatron.core.transformer.moe.recovery_controller:[2026-05-13 18:17:03] BSR-MoE controller: ⏱️  START safe-point repair at step 3760 (failed=28, replacement=28)
WARNING:megatron.core.transformer.moe.bsr_integration:BSR-MoE: optimizer commit blocked for step 3760 (hard failure of rank 28)
WARNING:megatron.core.transformer.moe.recovery_controller:[2026-05-13 18:17:03] BSR-MoE controller: HEALTHY_TRAINING → PENDING_GROUP_REPAIR (event=hard_rank_failure, step=3760)
WARNING:megatron.core.transformer.moe.recovery_controller:BSR-MoE controller: restart-in-place fast path for rank 28 (replacement=self, step=3760)
INFO:megatron.core.transformer.moe.replacement_registry:BSR-MoE replacement: failed_rank=28, replacement_rank=28, NOT_PRESENT → BOOTSTRAPPING (step=3760)
WARNING:megatron.core.transformer.moe.recovery_controller:[2026-05-13 18:17:03] BSR-MoE controller: ⏱️  START safe-point repair at step 3760 (failed=28, replacement=28)
WARNING:megatron.core.transformer.moe.recovery_controller:[2026-05-13 18:17:03] BSR-MoE controller: ⏱️  [Phase A] Starting infrastructure repair...
WARNING:megatron.core.transformer.moe.bsr_integration:BSR-MoE: entering waiting-for-replacement state (failed_rank=28, step=3760, experts=[64, 65, 66, 67, 68, 69, 70, 71, 72, 73, 74, 75, 76, 77, 78, 79])
WARNING:megatron.core.transformer.moe.replacement_registry:BSR-MoE: replacement announced — failed_rank=28 → replacement_rank=28 (step=3760, reason='')
WARNING:megatron.core.transformer.moe.bsr_integration:[2026-05-13 18:17:03] BSR-MoE FAULT INJECTION: next periodic fault scheduled at step 3800 (interval=40, total_injections=5)
WARNING:megatron.core.transformer.moe.recovery_controller:[2026-05-13 18:17:03] BSR-MoE controller: ⏱️  [Phase A] Starting infrastructure repair...
INFO:megatron.core.transformer.moe.replacement_registry:BSR-MoE replacement: failed_rank=28, replacement_rank=28, NOT_PRESENT → BOOTSTRAPPING (step=3760)
WARNING:megatron.core.transformer.moe.replacement_registry:BSR-MoE: replacement announced — failed_rank=28 → replacement_rank=28 (step=3760, reason='')
WARNING:megatron.core.transformer.moe.recovery_controller:[2026-05-13 18:17:03] BSR-MoE controller: PENDING_GROUP_REPAIR → WAITING_FOR_REPLACEMENT (event=replacement_assigned, step=3760)
WARNING:megatron.core.transformer.moe.recovery_controller:[2026-05-13 18:17:03] BSR-MoE controller: replacement assigned — failed_rank=28, replacement_rank=28 (step=3760)
WARNING:megatron.core.transformer.moe.recovery_controller:[2026-05-13 18:17:03] BSR-MoE controller: ⏱️  START safe-point repair at step 3760 (failed=28, replacement=28)
INFO:megatron.core.transformer.moe.replacement_registry:BSR-MoE replacement: failed_rank=28, replacement_rank=28, BOOTSTRAPPING → READY_FOR_REPAIR (step=3760)
WARNING:megatron.core.transformer.moe.recovery_controller:[2026-05-13 18:17:03] BSR-MoE controller: replacement ready — failed_rank=28 (step=3760)
WARNING:megatron.core.transformer.moe.recovery_controller:[2026-05-13 18:17:03] BSR-MoE controller: PENDING_GROUP_REPAIR → WAITING_FOR_REPLACEMENT (event=replacement_assigned, step=3760)
INFO:megatron.core.transformer.moe.replacement_registry:BSR-MoE replacement: failed_rank=28, replacement_rank=28, BOOTSTRAPPING → READY_FOR_REPAIR (step=3760)
WARNING:megatron.core.transformer.moe.recovery_controller:[2026-05-13 18:17:03] BSR-MoE controller: ⏱️  [Phase A] Starting infrastructure repair...
INFO:megatron.core.transformer.moe.replacement_registry:BSR-MoE replacement: failed_rank=28, replacement_rank=28, READY_FOR_REPAIR → INTEGRATED (step=3760)
INFO:megatron.core.transformer.moe.replacement_registry:BSR-MoE replacement: failed_rank=28, replacement_rank=28, READY_FOR_REPAIR → INTEGRATED (step=3760)
WARNING:megatron.core.transformer.moe.recovery_controller:[2026-05-13 18:17:03] BSR-MoE controller: WAITING_FOR_REPLACEMENT → SAFE_POINT_REPAIR (event=replacement_ready, step=3760)
WARNING:megatron.core.transformer.moe.recovery_controller:[2026-05-13 18:17:03] BSR-MoE controller: replacement ready — failed_rank=28 (step=3760)
WARNING:megatron.core.transformer.moe.replacement_registry:BSR-MoE: replacement INTEGRATED — failed_rank=28, replacement_rank=28 (step=3760)
WARNING:megatron.core.transformer.moe.recovery_controller:[2026-05-13 18:17:03] BSR-MoE controller: HEALTHY_TRAINING → PENDING_GROUP_REPAIR (event=hard_rank_failure, step=3760)
WARNING:megatron.core.transformer.moe.recovery_controller:BSR-MoE controller: restart-in-place fast path for rank 28 (replacement=self, step=3760)
WARNING:megatron.core.transformer.moe.replacement_registry:BSR-MoE: replacement INTEGRATED — failed_rank=28, replacement_rank=28 (step=3760)
WARNING:megatron.core.transformer.moe.recovery_controller:[2026-05-13 18:17:03] BSR-MoE controller: step1 replacement_integrate elapsed=0.000s (step=3760)
WARNING:megatron.core.transformer.moe.recovery_controller:[2026-05-13 18:17:03] BSR-MoE controller: WAITING_FOR_REPLACEMENT → SAFE_POINT_REPAIR (event=replacement_ready, step=3760)
INFO:megatron.core.transformer.moe.replacement_registry:BSR-MoE replacement: failed_rank=28, replacement_rank=28, BOOTSTRAPPING → READY_FOR_REPAIR (step=3760)
WARNING:megatron.core.transformer.moe.recovery_controller:[2026-05-13 18:17:03] BSR-MoE controller: step1 replacement_integrate elapsed=0.000s (step=3760)
WARNING:megatron.core.transformer.moe.bsr_integration:[2026-05-13 18:17:03] BSR-MoE FAULT INJECTION: next periodic fault scheduled at step 3800 (interval=40, total_injections=5)
WARNING:megatron.core.transformer.moe.recovery_controller:[2026-05-13 18:17:03] BSR-MoE controller: step2 group_rebuild_request elapsed=0.000s (step=3760)
WARNING:megatron.core.transformer.moe.recovery_controller:BSR-MoE controller: restart-in-place fast path for rank 28 (replacement=self, step=3760)
INFO:megatron.core.transformer.moe.replacement_registry:BSR-MoE replacement: failed_rank=28, replacement_rank=28, READY_FOR_REPAIR → INTEGRATED (step=3760)
WARNING:megatron.core.transformer.moe.recovery_controller:[2026-05-13 18:17:03] BSR-MoE controller: step2 group_rebuild_request elapsed=0.000s (step=3760)
INFO:megatron.core.transformer.moe.replacement_registry:BSR-MoE replacement: failed_rank=28, replacement_rank=28, NOT_PRESENT → BOOTSTRAPPING (step=3760)
WARNING:megatron.core.transformer.moe.recovery_controller:[2026-05-13 18:17:03] BSR-MoE controller: step3 group_rebuild_execute elapsed=0.000s (step=3760)
WARNING:megatron.core.transformer.moe.replacement_registry:BSR-MoE: replacement INTEGRATED — failed_rank=28, replacement_rank=28 (step=3760)
WARNING:megatron.core.transformer.moe.recovery_controller:[2026-05-13 18:17:03] BSR-MoE controller: replacement assigned — failed_rank=28, replacement_rank=28 (step=3760)
WARNING:megatron.core.transformer.moe.bsr_integration:[2026-05-13 18:17:03] BSR-MoE FAULT INJECTION: next periodic fault scheduled at step 3800 (interval=40, total_injections=5)
WARNING:megatron.core.transformer.moe.recovery_controller:[2026-05-13 18:17:03] BSR-MoE controller: step3 group_rebuild_execute elapsed=0.000s (step=3760)
WARNING:megatron.core.transformer.moe.recovery_controller:[2026-05-13 18:17:03] BSR-MoE controller: ⏱️  START safe-point repair at step 3760 (failed=28, replacement=28)
WARNING:megatron.core.transformer.moe.replacement_registry:BSR-MoE: replacement announced — failed_rank=28 → replacement_rank=28 (step=3760, reason='')
WARNING:megatron.core.transformer.moe.recovery_controller:[2026-05-13 18:17:03] BSR-MoE controller: step4 group_rebuild_finish elapsed=0.000s (step=3760)
WARNING:megatron.core.transformer.moe.recovery_controller:[2026-05-13 18:17:03] BSR-MoE controller: step4 group_rebuild_finish elapsed=0.000s (step=3760)
WARNING:megatron.core.transformer.moe.recovery_controller:[2026-05-13 18:17:03] BSR-MoE controller: step1 replacement_integrate elapsed=0.000s (step=3760)
WARNING:megatron.core.transformer.moe.recovery_controller:[2026-05-13 18:17:03] BSR-MoE controller: ⏱️  [Phase A] Starting infrastructure repair...
WARNING:megatron.core.transformer.moe.recovery_controller:[2026-05-13 18:17:03] BSR-MoE controller: step5 topology_refresh elapsed=0.000s (step=3760)
WARNING:megatron.core.transformer.moe.recovery_controller:[2026-05-13 18:17:03] BSR-MoE controller: step5 topology_refresh elapsed=0.000s (step=3760)
WARNING:megatron.core.transformer.moe.recovery_controller:[2026-05-13 18:17:03] BSR-MoE controller: ⏱️  START safe-point repair at step 3760 (failed=28, replacement=28)
WARNING:megatron.core.transformer.moe.recovery_controller:[2026-05-13 18:17:03] BSR-MoE controller: step2 group_rebuild_request elapsed=0.000s (step=3760)
WARNING:megatron.core.transformer.moe.recovery_controller:[2026-05-13 18:17:03] BSR-MoE controller: PENDING_GROUP_REPAIR → WAITING_FOR_REPLACEMENT (event=replacement_assigned, step=3760)
WARNING:megatron.core.transformer.moe.recovery_controller:[2026-05-13 18:17:03] BSR-MoE controller: ⏱️  [Phase A] Infrastructure repair COMPLETED (elapsed=0.000s)
WARNING:megatron.core.transformer.moe.recovery_controller:[2026-05-13 18:17:03] BSR-MoE controller: ⏱️  [Phase A] Infrastructure repair COMPLETED (elapsed=0.000s)
WARNING:megatron.core.transformer.moe.recovery_controller:[2026-05-13 18:17:03] BSR-MoE controller: ⏱️  [Phase A] Starting infrastructure repair...
WARNING:megatron.core.transformer.moe.recovery_controller:[2026-05-13 18:17:03] BSR-MoE controller: step3 group_rebuild_execute elapsed=0.000s (step=3760)
WARNING:megatron.core.transformer.moe.recovery_controller:[2026-05-13 18:17:03] BSR-MoE controller: ⏱️  [Phase B] Starting parameter recovery...
WARNING:megatron.core.transformer.moe.recovery_controller:[2026-05-13 18:17:03] BSR-MoE controller: replacement ready — failed_rank=28 (step=3760)
WARNING:megatron.core.transformer.moe.recovery_controller:[2026-05-13 18:17:03] BSR-MoE controller: ⏱️  [Phase B] Starting parameter recovery...
INFO:megatron.core.transformer.moe.replacement_registry:BSR-MoE replacement: failed_rank=28, replacement_rank=28, BOOTSTRAPPING → READY_FOR_REPAIR (step=3760)
WARNING:megatron.core.transformer.moe.recovery_controller:[2026-05-13 18:17:03] BSR-MoE controller: step4 group_rebuild_finish elapsed=0.000s (step=3760)
INFO:megatron.core.transformer.moe.replacement_registry:BSR-MoE replacement: failed_rank=28, replacement_rank=28, NOT_PRESENT → BOOTSTRAPPING (step=3760)
WARNING:megatron.core.transformer.moe.recovery_controller:[2026-05-13 18:17:03] BSR-MoE controller: step5 topology_refresh elapsed=0.000s (step=3760)
WARNING:megatron.core.transformer.moe.recovery_controller:[2026-05-13 18:17:03] BSR-MoE controller: WAITING_FOR_REPLACEMENT → SAFE_POINT_REPAIR (event=replacement_ready, step=3760)
INFO:megatron.core.transformer.moe.replacement_registry:BSR-MoE replacement: failed_rank=28, replacement_rank=28, READY_FOR_REPAIR → INTEGRATED (step=3760)
INFO:megatron.core.transformer.moe.replacement_registry:BSR-MoE replacement: failed_rank=28, replacement_rank=28, BOOTSTRAPPING → READY_FOR_REPAIR (step=3760)
WARNING:megatron.core.transformer.moe.replacement_registry:BSR-MoE: replacement announced — failed_rank=28 → replacement_rank=28 (step=3760, reason='')
WARNING:megatron.core.transformer.moe.recovery_controller:BSR-MoE controller: restart-in-place fast path for rank 28 (replacement=self, step=3760)
WARNING:megatron.core.transformer.moe.recovery_controller:[2026-05-13 18:17:03] BSR-MoE controller: ⏱️  [Phase A] Infrastructure repair COMPLETED (elapsed=0.000s)
WARNING:megatron.core.transformer.moe.replacement_registry:BSR-MoE: replacement INTEGRATED — failed_rank=28, replacement_rank=28 (step=3760)
WARNING:megatron.core.transformer.moe.recovery_controller:[2026-05-13 18:17:03] BSR-MoE controller: ⏱️  [Phase B] Starting parameter recovery...
INFO:megatron.core.transformer.moe.replacement_registry:BSR-MoE replacement: failed_rank=28, replacement_rank=28, READY_FOR_REPAIR → INTEGRATED (step=3760)
WARNING:megatron.core.transformer.moe.recovery_controller:[2026-05-13 18:17:03] BSR-MoE controller: step1 replacement_integrate elapsed=0.000s (step=3760)
WARNING:megatron.core.transformer.moe.bsr_integration:[2026-05-13 18:17:03] BSR-MoE FAULT INJECTION: next periodic fault scheduled at step 3800 (interval=40, total_injections=5)
WARNING:megatron.core.transformer.moe.recovery_controller:[2026-05-13 18:17:03] BSR-MoE controller: PENDING_GROUP_REPAIR → WAITING_FOR_REPLACEMENT (event=replacement_assigned, step=3760)
WARNING:megatron.core.transformer.moe.replacement_registry:BSR-MoE: replacement INTEGRATED — failed_rank=28, replacement_rank=28 (step=3760)
WARNING:megatron.core.transformer.moe.recovery_controller:[2026-05-13 18:17:03] BSR-MoE controller: step2 group_rebuild_request elapsed=0.000s (step=3760)
WARNING:megatron.core.transformer.moe.recovery_controller:[2026-05-13 18:17:03] BSR-MoE controller: replacement ready — failed_rank=28 (step=3760)
WARNING:megatron.core.transformer.moe.recovery_controller:[2026-05-13 18:17:03] BSR-MoE controller: step1 replacement_integrate elapsed=0.000s (step=3760)
WARNING:megatron.core.transformer.moe.recovery_controller:[2026-05-13 18:17:03] BSR-MoE controller: step3 group_rebuild_execute elapsed=0.000s (step=3760)
WARNING:megatron.core.transformer.moe.recovery_controller:[2026-05-13 18:17:03] BSR-MoE controller: ⏱️  START safe-point repair at step 3760 (failed=28, replacement=28)
WARNING:megatron.core.transformer.moe.recovery_controller:[2026-05-13 18:17:03] BSR-MoE controller: step4 group_rebuild_finish elapsed=0.000s (step=3760)
WARNING:megatron.core.transformer.moe.recovery_controller:[2026-05-13 18:17:03] BSR-MoE controller: step2 group_rebuild_request elapsed=0.000s (step=3760)
WARNING:megatron.core.transformer.moe.recovery_controller:[2026-05-13 18:17:03] BSR-MoE controller: WAITING_FOR_REPLACEMENT → SAFE_POINT_REPAIR (event=replacement_ready, step=3760)
WARNING:megatron.core.transformer.moe.recovery_controller:[2026-05-13 18:17:03] BSR-MoE controller: ⏱️  [Phase A] Starting infrastructure repair...
WARNING:megatron.core.transformer.moe.recovery_controller:[2026-05-13 18:17:03] BSR-MoE controller: step5 topology_refresh elapsed=0.000s (step=3760)
WARNING:megatron.core.transformer.moe.recovery_controller:[2026-05-13 18:17:03] BSR-MoE controller: step3 group_rebuild_execute elapsed=0.000s (step=3760)
WARNING:megatron.core.transformer.moe.recovery_controller:BSR-MoE controller: restart-in-place fast path for rank 28 (replacement=self, step=3760)
WARNING:megatron.core.transformer.moe.recovery_controller:[2026-05-13 18:17:03] BSR-MoE controller: ⏱️  [Phase A] Infrastructure repair COMPLETED (elapsed=0.000s)
WARNING:megatron.core.transformer.moe.recovery_controller:[2026-05-13 18:17:03] BSR-MoE controller: step4 group_rebuild_finish elapsed=0.000s (step=3760)
WARNING:megatron.core.transformer.moe.bsr_integration:[2026-05-13 18:17:03] BSR-MoE FAULT INJECTION: next periodic fault scheduled at step 3800 (interval=40, total_injections=5)
WARNING:megatron.core.transformer.moe.recovery_controller:[2026-05-13 18:17:03] BSR-MoE controller: ⏱️  [Phase B] Starting parameter recovery...
INFO:megatron.core.transformer.moe.replacement_registry:BSR-MoE replacement: failed_rank=28, replacement_rank=28, BOOTSTRAPPING → READY_FOR_REPAIR (step=3760)
WARNING:megatron.core.transformer.moe.recovery_controller:[2026-05-13 18:17:03] BSR-MoE controller: step5 topology_refresh elapsed=0.000s (step=3760)
WARNING:megatron.core.transformer.moe.recovery_controller:[2026-05-13 18:17:03] BSR-MoE controller: ⏱️  [Phase A] Infrastructure repair COMPLETED (elapsed=0.000s)
INFO:megatron.core.transformer.moe.replacement_registry:BSR-MoE replacement: failed_rank=28, replacement_rank=28, READY_FOR_REPAIR → INTEGRATED (step=3760)
WARNING:megatron.core.transformer.moe.recovery_controller:[2026-05-13 18:17:03] BSR-MoE controller: ⏱️  START safe-point repair at step 3760 (failed=28, replacement=28)
WARNING:megatron.core.transformer.moe.recovery_controller:[2026-05-13 18:17:03] BSR-MoE controller: ⏱️  [Phase B] Starting parameter recovery...
WARNING:megatron.core.transformer.moe.replacement_registry:BSR-MoE: replacement INTEGRATED — failed_rank=28, replacement_rank=28 (step=3760)
WARNING:megatron.core.transformer.moe.recovery_controller:[2026-05-13 18:17:03] BSR-MoE controller: ⏱️  [Phase A] Starting infrastructure repair...
WARNING:megatron.core.transformer.moe.recovery_controller:[2026-05-13 18:17:03] BSR-MoE controller: step1 replacement_integrate elapsed=0.000s (step=3760)
WARNING:megatron.core.transformer.moe.recovery_controller:[2026-05-13 18:17:03] BSR-MoE controller: step2 group_rebuild_request elapsed=0.000s (step=3760)
WARNING:megatron.core.transformer.moe.recovery_controller:[2026-05-13 18:17:03] BSR-MoE controller: step3 group_rebuild_execute elapsed=0.000s (step=3760)
INFO:megatron.core.transformer.moe.replacement_registry:BSR-MoE replacement: failed_rank=28, replacement_rank=28, BOOTSTRAPPING → READY_FOR_REPAIR (step=3760)
WARNING:megatron.core.transformer.moe.recovery_controller:[2026-05-13 18:17:03] BSR-MoE controller: step4 group_rebuild_finish elapsed=0.000s (step=3760)
WARNING:megatron.core.transformer.moe.recovery_controller:[2026-05-13 18:17:03] BSR-MoE controller: step5 topology_refresh elapsed=0.000s (step=3760)
INFO:megatron.core.transformer.moe.replacement_registry:BSR-MoE replacement: failed_rank=28, replacement_rank=28, READY_FOR_REPAIR → INTEGRATED (step=3760)
WARNING:megatron.core.transformer.moe.replacement_registry:BSR-MoE: replacement INTEGRATED — failed_rank=28, replacement_rank=28 (step=3760)
WARNING:megatron.core.transformer.moe.recovery_controller:[2026-05-13 18:17:03] BSR-MoE controller: ⏱️  [Phase A] Infrastructure repair COMPLETED (elapsed=0.000s)
WARNING:megatron.core.transformer.moe.recovery_controller:[2026-05-13 18:17:03] BSR-MoE controller: ⏱️  [Phase B] Starting parameter recovery...
WARNING:megatron.core.transformer.moe.recovery_controller:[2026-05-13 18:17:03] BSR-MoE controller: step1 replacement_integrate elapsed=0.000s (step=3760)
WARNING:megatron.core.transformer.moe.recovery_controller:[2026-05-13 18:17:03] BSR-MoE controller: step2 group_rebuild_request elapsed=0.000s (step=3760)
WARNING:megatron.core.transformer.moe.recovery_controller:[2026-05-13 18:17:03] BSR-MoE controller: step3 group_rebuild_execute elapsed=0.000s (step=3760)
WARNING:megatron.core.transformer.moe.recovery_controller:[2026-05-13 18:17:03] BSR-MoE controller: step4 group_rebuild_finish elapsed=0.000s (step=3760)
WARNING:megatron.core.transformer.moe.recovery_controller:[2026-05-13 18:17:03] BSR-MoE controller: step5 topology_refresh elapsed=0.000s (step=3760)
WARNING:megatron.core.transformer.moe.recovery_controller:[2026-05-13 18:17:03] BSR-MoE controller: ⏱️  [Phase A] Infrastructure repair COMPLETED (elapsed=0.000s)
WARNING:megatron.core.transformer.moe.recovery_controller:[2026-05-13 18:17:03] BSR-MoE controller: ⏱️  [Phase B] Starting parameter recovery...
INFO:megatron.core.transformer.moe.bsr_integration:BSR-MoE: found latest checkpoint with BSR manifest at /mnt/ais-c1/dataset/zds/5.12/bsr/iter_0003760 (step=3760)
INFO:megatron.core.transformer.moe.bsr_integration:BSR-MoE: found latest checkpoint with BSR manifest at /mnt/ais-c1/dataset/zds/5.12/bsr/iter_0003760 (step=3760)
INFO:megatron.core.transformer.moe.bsr_integration:BSR-MoE: found latest checkpoint with BSR manifest at /mnt/ais-c1/dataset/zds/5.12/bsr/iter_0003760 (step=3760)
INFO:megatron.core.transformer.moe.bsr_integration:BSR-MoE: found latest checkpoint with BSR manifest at /mnt/ais-c1/dataset/zds/5.12/bsr/iter_0003760 (step=3760)
INFO:megatron.core.transformer.moe.bsr_integration:BSR-MoE: found latest checkpoint with BSR manifest at /mnt/ais-c1/dataset/zds/5.12/bsr/iter_0003760 (step=3760)
INFO:megatron.core.transformer.moe.bsr_integration:BSR-MoE: found latest checkpoint with BSR manifest at /mnt/ais-c1/dataset/zds/5.12/bsr/iter_0003760 (step=3760)
INFO:megatron.core.transformer.moe.bsr_integration:BSR-MoE: found latest checkpoint with BSR manifest at /mnt/ais-c1/dataset/zds/5.12/bsr/iter_0003760 (step=3760)
INFO:megatron.core.transformer.moe.bsr_integration:BSR-MoE: found latest checkpoint with BSR manifest at /mnt/ais-c1/dataset/zds/5.12/bsr/iter_0003760 (step=3760)
WARNING:megatron.core.transformer.moe.recovery_controller:[2026-05-13 18:17:03] BSR-MoE controller: HYBRID_RECOVERY path — dense from DP peer, experts from checkpoint (step=3760, failed=28, replacement=28)
WARNING:megatron.core.transformer.moe.recovery_controller:[2026-05-13 18:17:03] BSR-MoE controller: HYBRID_RECOVERY path — dense from DP peer, experts from checkpoint (step=3760, failed=28, replacement=28)
WARNING:megatron.core.transformer.moe.recovery_controller:[2026-05-13 18:17:03] BSR-MoE controller: dense_sync elapsed=0.000s (step=3760)
WARNING:megatron.core.transformer.moe.recovery_controller:[2026-05-13 18:17:03] BSR-MoE controller: expert_restore (sync weights, deferred optimizer) elapsed=0.000s (step=3760)
WARNING:megatron.core.transformer.moe.recovery_controller:[2026-05-13 18:17:03] BSR-MoE controller: ⏱️  [Phase B] Parameter recovery COMPLETED (path=HYBRID_RECOVERY, elapsed=0.153s)
WARNING:megatron.core.transformer.moe.recovery_controller:[2026-05-13 18:17:03] BSR-MoE controller: dense_sync elapsed=0.000s (step=3760)
INFO:megatron.core.transformer.moe.bsr_integration:BSR-MoE post-recovery convergence: views consistent after HYBRID_RECOVERY path (step=3760)
WARNING:megatron.core.transformer.moe.recovery_controller:[2026-05-13 18:17:03] BSR-MoE controller: expert_restore (sync weights, deferred optimizer) elapsed=0.000s (step=3760)
WARNING:megatron.core.transformer.moe.recovery_controller:[2026-05-13 18:17:03] BSR-MoE controller: ⏱️  [Phase B→C] Post-recovery convergence completed (path=HYBRID_RECOVERY, elapsed=0.000s, step=3760)
WARNING:megatron.core.transformer.moe.recovery_controller:[2026-05-13 18:17:03] BSR-MoE controller: ⏱️  [Phase B] Parameter recovery COMPLETED (path=HYBRID_RECOVERY, elapsed=0.154s)
WARNING:megatron.core.transformer.moe.recovery_controller:[2026-05-13 18:17:03] BSR-MoE controller: ⏱️  [Phase C] Starting post-repair...
WARNING:megatron.core.transformer.moe.recovery_controller:[2026-05-13 18:17:03] BSR-MoE controller: HYBRID_RECOVERY path — dense from DP peer, experts from checkpoint (step=3760, failed=28, replacement=28)
INFO:megatron.core.transformer.moe.bsr_integration:BSR-MoE post-recovery convergence: views consistent after HYBRID_RECOVERY path (step=3760)
INFO:megatron.core.transformer.moe.reintegration_barrier:BSR-MoE barrier: begin reintegration for rank 28 -> 28 (experts=[64, 65, 66, 67, 68, 69, 70, 71, 72, 73, 74, 75, 76, 77, 78, 79], step=3760)
WARNING:megatron.core.transformer.moe.recovery_controller:[2026-05-13 18:17:03] BSR-MoE controller: HYBRID_RECOVERY path — dense from DP peer, experts from checkpoint (step=3760, failed=28, replacement=28)
WARNING:megatron.core.transformer.moe.recovery_controller:[2026-05-13 18:17:03] BSR-MoE controller: ⏱️  [Phase B→C] Post-recovery convergence completed (path=HYBRID_RECOVERY, elapsed=0.000s, step=3760)
WARNING:megatron.core.transformer.moe.recovery_controller:[2026-05-13 18:17:03] BSR-MoE controller: ⏱️  [Phase C] Starting post-repair...
INFO:megatron.core.transformer.moe.reintegration_barrier:BSR-MoE barrier: rank 28 -> REPAIRED_NOT_ROUTED (all preconditions met, step=3760)
WARNING:megatron.core.transformer.moe.recovery_controller:[2026-05-13 18:17:03] BSR-MoE controller: reintegration barrier initialized for rank 28 (all preconditions marked, step=3760)
WARNING:megatron.core.transformer.moe.recovery_controller:[2026-05-13 18:17:03] BSR-MoE controller: dense_sync elapsed=0.000s (step=3760)
WARNING:megatron.core.transformer.moe.recovery_controller:[2026-05-13 18:17:03] BSR-MoE controller: dense_sync elapsed=0.000s (step=3760)
WARNING:megatron.core.transformer.moe.recovery_controller:[2026-05-13 18:17:03] BSR-MoE controller: SAFE_POINT_REPAIR → REINTEGRATED (event=safe_point_repair_completed, step=3760)
INFO:megatron.core.transformer.moe.reintegration_barrier:BSR-MoE barrier: begin reintegration for rank 28 -> 28 (experts=[64, 65, 66, 67, 68, 69, 70, 71, 72, 73, 74, 75, 76, 77, 78, 79], step=3760)
WARNING:megatron.core.transformer.moe.recovery_controller:[2026-05-13 18:17:03] BSR-MoE controller: ⏱️  ✅ SAFE-POINT REPAIR COMPLETED (path=HYBRID_RECOVERY, step=3760, failed=28, replacement=28) | Total=0.153s | Breakdown: PhaseA=0.000s, PhaseB=0.153s, PhaseC=0.000s
WARNING:megatron.core.transformer.moe.recovery_controller:[2026-05-13 18:17:03] BSR-MoE controller: expert_restore (sync weights, deferred optimizer) elapsed=0.000s (step=3760)
WARNING:megatron.core.transformer.moe.recovery_controller:[2026-05-13 18:17:03] BSR-MoE controller: expert_restore (sync weights, deferred optimizer) elapsed=0.000s (step=3760)
WARNING:megatron.core.transformer.moe.recovery_controller:[2026-05-13 18:17:03] BSR-MoE controller: ⏱️  [Phase B] Parameter recovery COMPLETED (path=HYBRID_RECOVERY, elapsed=0.153s)
WARNING:megatron.core.transformer.moe.recovery_controller:[2026-05-13 18:17:03] BSR-MoE controller: ⏱️  [Phase B] Parameter recovery COMPLETED (path=HYBRID_RECOVERY, elapsed=0.153s)
INFO:megatron.core.transformer.moe.reintegration_barrier:BSR-MoE barrier: rank 28 -> REPAIRED_NOT_ROUTED (all preconditions met, step=3760)
WARNING:megatron.core.transformer.moe.recovery_controller:[2026-05-13 18:17:03] BSR-MoE controller: reintegration barrier initialized for rank 28 (all preconditions marked, step=3760)
WARNING:megatron.core.transformer.moe.recovery_controller:[2026-05-13 18:17:03] BSR-MoE controller: HYBRID_RECOVERY path — dense from DP peer, experts from checkpoint (step=3760, failed=28, replacement=28)
INFO:megatron.core.transformer.moe.bsr_integration:BSR-MoE post-recovery convergence: views consistent after HYBRID_RECOVERY path (step=3760)
WARNING:megatron.core.transformer.moe.recovery_controller:[2026-05-13 18:17:03] BSR-MoE controller: SAFE_POINT_REPAIR → REINTEGRATED (event=safe_point_repair_completed, step=3760)
INFO:megatron.core.transformer.moe.bsr_integration:BSR-MoE post-recovery convergence: views consistent after HYBRID_RECOVERY path (step=3760)
WARNING:megatron.core.transformer.moe.recovery_controller:[2026-05-13 18:17:03] BSR-MoE controller: ⏱️  [Phase B→C] Post-recovery convergence completed (path=HYBRID_RECOVERY, elapsed=0.000s, step=3760)
WARNING:megatron.core.transformer.moe.recovery_controller:[2026-05-13 18:17:03] BSR-MoE controller: ⏱️  ✅ SAFE-POINT REPAIR COMPLETED (path=HYBRID_RECOVERY, step=3760, failed=28, replacement=28) | Total=0.154s | Breakdown: PhaseA=0.000s, PhaseB=0.154s, PhaseC=0.000s
WARNING:megatron.core.transformer.moe.recovery_controller:[2026-05-13 18:17:03] BSR-MoE controller: HYBRID_RECOVERY path — dense from DP peer, experts from checkpoint (step=3760, failed=28, replacement=28)
WARNING:megatron.core.transformer.moe.recovery_controller:[2026-05-13 18:17:03] BSR-MoE controller: ⏱️  [Phase B→C] Post-recovery convergence completed (path=HYBRID_RECOVERY, elapsed=0.000s, step=3760)
WARNING:megatron.core.transformer.moe.recovery_controller:[2026-05-13 18:17:03] BSR-MoE controller: ⏱️  [Phase C] Starting post-repair...
WARNING:megatron.core.transformer.moe.recovery_controller:[2026-05-13 18:17:03] BSR-MoE controller: dense_sync elapsed=0.000s (step=3760)
WARNING:megatron.core.transformer.moe.recovery_controller:[2026-05-13 18:17:03] BSR-MoE controller: HYBRID_RECOVERY path — dense from DP peer, experts from checkpoint (step=3760, failed=28, replacement=28)
WARNING:megatron.core.transformer.moe.recovery_controller:[2026-05-13 18:17:03] BSR-MoE controller: ⏱️  [Phase C] Starting post-repair...
WARNING:megatron.core.transformer.moe.recovery_controller:[2026-05-13 18:17:03] BSR-MoE controller: expert_restore (sync weights, deferred optimizer) elapsed=0.000s (step=3760)
INFO:megatron.core.transformer.moe.reintegration_barrier:BSR-MoE barrier: begin reintegration for rank 28 -> 28 (experts=[64, 65, 66, 67, 68, 69, 70, 71, 72, 73, 74, 75, 76, 77, 78, 79], step=3760)
WARNING:megatron.core.transformer.moe.recovery_controller:[2026-05-13 18:17:03] BSR-MoE controller: dense_sync elapsed=0.000s (step=3760)
WARNING:megatron.core.transformer.moe.recovery_controller:[2026-05-13 18:17:03] BSR-MoE controller: ⏱️  [Phase B] Parameter recovery COMPLETED (path=HYBRID_RECOVERY, elapsed=0.154s)
INFO:megatron.core.transformer.moe.reintegration_barrier:BSR-MoE barrier: begin reintegration for rank 28 -> 28 (experts=[64, 65, 66, 67, 68, 69, 70, 71, 72, 73, 74, 75, 76, 77, 78, 79], step=3760)
WARNING:megatron.core.transformer.moe.recovery_controller:[2026-05-13 18:17:03] BSR-MoE controller: dense_sync elapsed=0.000s (step=3760)
WARNING:megatron.core.transformer.moe.recovery_controller:[2026-05-13 18:17:03] BSR-MoE controller: HYBRID_RECOVERY path — dense from DP peer, experts from checkpoint (step=3760, failed=28, replacement=28)
WARNING:megatron.core.transformer.moe.recovery_controller:[2026-05-13 18:17:03] BSR-MoE controller: expert_restore (sync weights, deferred optimizer) elapsed=0.000s (step=3760)
INFO:megatron.core.transformer.moe.reintegration_barrier:BSR-MoE barrier: rank 28 -> REPAIRED_NOT_ROUTED (all preconditions met, step=3760)
WARNING:megatron.core.transformer.moe.recovery_controller:[2026-05-13 18:17:03] BSR-MoE controller: ⏱️  [Phase B] Parameter recovery COMPLETED (path=HYBRID_RECOVERY, elapsed=0.154s)
WARNING:megatron.core.transformer.moe.recovery_controller:[2026-05-13 18:17:03] BSR-MoE controller: reintegration barrier initialized for rank 28 (all preconditions marked, step=3760)
INFO:megatron.core.transformer.moe.bsr_integration:BSR-MoE post-recovery convergence: views consistent after HYBRID_RECOVERY path (step=3760)
INFO:megatron.core.transformer.moe.reintegration_barrier:BSR-MoE barrier: rank 28 -> REPAIRED_NOT_ROUTED (all preconditions met, step=3760)
WARNING:megatron.core.transformer.moe.recovery_controller:[2026-05-13 18:17:03] BSR-MoE controller: expert_restore (sync weights, deferred optimizer) elapsed=0.000s (step=3760)
WARNING:megatron.core.transformer.moe.recovery_controller:[2026-05-13 18:17:03] BSR-MoE controller: reintegration barrier initialized for rank 28 (all preconditions marked, step=3760)
WARNING:megatron.core.transformer.moe.recovery_controller:[2026-05-13 18:17:03] BSR-MoE controller: SAFE_POINT_REPAIR → REINTEGRATED (event=safe_point_repair_completed, step=3760)
WARNING:megatron.core.transformer.moe.recovery_controller:[2026-05-13 18:17:03] BSR-MoE controller: ⏱️  [Phase B→C] Post-recovery convergence completed (path=HYBRID_RECOVERY, elapsed=0.000s, step=3760)
WARNING:megatron.core.transformer.moe.recovery_controller:[2026-05-13 18:17:03] BSR-MoE controller: ⏱️  [Phase B] Parameter recovery COMPLETED (path=HYBRID_RECOVERY, elapsed=0.154s)
WARNING:megatron.core.transformer.moe.recovery_controller:[2026-05-13 18:17:03] BSR-MoE controller: ⏱️  ✅ SAFE-POINT REPAIR COMPLETED (path=HYBRID_RECOVERY, step=3760, failed=28, replacement=28) | Total=0.154s | Breakdown: PhaseA=0.000s, PhaseB=0.153s, PhaseC=0.000s
WARNING:megatron.core.transformer.moe.recovery_controller:[2026-05-13 18:17:03] BSR-MoE controller: ⏱️  [Phase C] Starting post-repair...
WARNING:megatron.core.transformer.moe.recovery_controller:[2026-05-13 18:17:03] BSR-MoE controller: SAFE_POINT_REPAIR → REINTEGRATED (event=safe_point_repair_completed, step=3760)
WARNING:megatron.core.transformer.moe.recovery_controller:[2026-05-13 18:17:03] BSR-MoE controller: dense_sync elapsed=0.000s (step=3760)
INFO:megatron.core.transformer.moe.bsr_integration:BSR-MoE post-recovery convergence: views consistent after HYBRID_RECOVERY path (step=3760)
WARNING:megatron.core.transformer.moe.recovery_controller:[2026-05-13 18:17:03] BSR-MoE controller: ⏱️  ✅ SAFE-POINT REPAIR COMPLETED (path=HYBRID_RECOVERY, step=3760, failed=28, replacement=28) | Total=0.154s | Breakdown: PhaseA=0.000s, PhaseB=0.153s, PhaseC=0.000s
WARNING:megatron.core.transformer.moe.recovery_controller:[2026-05-13 18:17:03] BSR-MoE controller: ⏱️  [Phase B→C] Post-recovery convergence completed (path=HYBRID_RECOVERY, elapsed=0.000s, step=3760)
INFO:megatron.core.transformer.moe.bsr_integration:BSR-MoE post-recovery convergence: views consistent after HYBRID_RECOVERY path (step=3760)
WARNING:megatron.core.transformer.moe.recovery_controller:[2026-05-13 18:17:03] BSR-MoE controller: ⏱️  [Phase C] Starting post-repair...
WARNING:megatron.core.transformer.moe.recovery_controller:[2026-05-13 18:17:03] BSR-MoE controller: expert_restore (sync weights, deferred optimizer) elapsed=0.000s (step=3760)
INFO:megatron.core.transformer.moe.reintegration_barrier:BSR-MoE barrier: begin reintegration for rank 28 -> 28 (experts=[64, 65, 66, 67, 68, 69, 70, 71, 72, 73, 74, 75, 76, 77, 78, 79], step=3760)
WARNING:megatron.core.transformer.moe.recovery_controller:[2026-05-13 18:17:03] BSR-MoE controller: ⏱️  [Phase B→C] Post-recovery convergence completed (path=HYBRID_RECOVERY, elapsed=0.000s, step=3760)
WARNING:megatron.core.transformer.moe.recovery_controller:[2026-05-13 18:17:03] BSR-MoE controller: ⏱️  [Phase B] Parameter recovery COMPLETED (path=HYBRID_RECOVERY, elapsed=0.154s)
WARNING:megatron.core.transformer.moe.recovery_controller:[2026-05-13 18:17:03] BSR-MoE controller: ⏱️  [Phase C] Starting post-repair...
INFO:megatron.core.transformer.moe.reintegration_barrier:BSR-MoE barrier: rank 28 -> REPAIRED_NOT_ROUTED (all preconditions met, step=3760)
INFO:megatron.core.transformer.moe.reintegration_barrier:BSR-MoE barrier: begin reintegration for rank 28 -> 28 (experts=[64, 65, 66, 67, 68, 69, 70, 71, 72, 73, 74, 75, 76, 77, 78, 79], step=3760)
WARNING:megatron.core.transformer.moe.recovery_controller:[2026-05-13 18:17:03] BSR-MoE controller: reintegration barrier initialized for rank 28 (all preconditions marked, step=3760)
INFO:megatron.core.transformer.moe.bsr_integration:BSR-MoE post-recovery convergence: views consistent after HYBRID_RECOVERY path (step=3760)
WARNING:megatron.core.transformer.moe.recovery_controller:[2026-05-13 18:17:03] BSR-MoE controller: SAFE_POINT_REPAIR → REINTEGRATED (event=safe_point_repair_completed, step=3760)
INFO:megatron.core.transformer.moe.reintegration_barrier:BSR-MoE barrier: begin reintegration for rank 28 -> 28 (experts=[64, 65, 66, 67, 68, 69, 70, 71, 72, 73, 74, 75, 76, 77, 78, 79], step=3760)
WARNING:megatron.core.transformer.moe.recovery_controller:[2026-05-13 18:17:03] BSR-MoE controller: ⏱️  [Phase B→C] Post-recovery convergence completed (path=HYBRID_RECOVERY, elapsed=0.000s, step=3760)
WARNING:megatron.core.transformer.moe.recovery_controller:[2026-05-13 18:17:03] BSR-MoE controller: ⏱️  ✅ SAFE-POINT REPAIR COMPLETED (path=HYBRID_RECOVERY, step=3760, failed=28, replacement=28) | Total=0.154s | Breakdown: PhaseA=0.000s, PhaseB=0.154s, PhaseC=0.000s
INFO:megatron.core.transformer.moe.reintegration_barrier:BSR-MoE barrier: rank 28 -> REPAIRED_NOT_ROUTED (all preconditions met, step=3760)
WARNING:megatron.core.transformer.moe.recovery_controller:[2026-05-13 18:17:03] BSR-MoE controller: reintegration barrier initialized for rank 28 (all preconditions marked, step=3760)
WARNING:megatron.core.transformer.moe.recovery_controller:[2026-05-13 18:17:03] BSR-MoE controller: ⏱️  [Phase C] Starting post-repair...
WARNING:megatron.core.transformer.moe.recovery_controller:[2026-05-13 18:17:03] BSR-MoE controller: SAFE_POINT_REPAIR → REINTEGRATED (event=safe_point_repair_completed, step=3760)
INFO:megatron.core.transformer.moe.reintegration_barrier:BSR-MoE barrier: rank 28 -> REPAIRED_NOT_ROUTED (all preconditions met, step=3760)
WARNING:megatron.core.transformer.moe.recovery_controller:[2026-05-13 18:17:03] BSR-MoE controller: ⏱️  ✅ SAFE-POINT REPAIR COMPLETED (path=HYBRID_RECOVERY, step=3760, failed=28, replacement=28) | Total=0.154s | Breakdown: PhaseA=0.000s, PhaseB=0.154s, PhaseC=0.000s
WARNING:megatron.core.transformer.moe.recovery_controller:[2026-05-13 18:17:03] BSR-MoE controller: reintegration barrier initialized for rank 28 (all preconditions marked, step=3760)
INFO:megatron.core.transformer.moe.reintegration_barrier:BSR-MoE barrier: begin reintegration for rank 28 -> 28 (experts=[64, 65, 66, 67, 68, 69, 70, 71, 72, 73, 74, 75, 76, 77, 78, 79], step=3760)
WARNING:megatron.core.transformer.moe.recovery_controller:[2026-05-13 18:17:03] BSR-MoE controller: SAFE_POINT_REPAIR → REINTEGRATED (event=safe_point_repair_completed, step=3760)
WARNING:megatron.core.transformer.moe.recovery_controller:[2026-05-13 18:17:03] BSR-MoE controller: ⏱️  ✅ SAFE-POINT REPAIR COMPLETED (path=HYBRID_RECOVERY, step=3760, failed=28, replacement=28) | Total=0.154s | Breakdown: PhaseA=0.000s, PhaseB=0.154s, PhaseC=0.000s
INFO:megatron.core.transformer.moe.reintegration_barrier:BSR-MoE barrier: rank 28 -> REPAIRED_NOT_ROUTED (all preconditions met, step=3760)
WARNING:megatron.core.transformer.moe.recovery_controller:[2026-05-13 18:17:03] BSR-MoE controller: reintegration barrier initialized for rank 28 (all preconditions marked, step=3760)
WARNING:megatron.core.transformer.moe.recovery_controller:[2026-05-13 18:17:03] BSR-MoE controller: SAFE_POINT_REPAIR → REINTEGRATED (event=safe_point_repair_completed, step=3760)
WARNING:megatron.core.transformer.moe.recovery_controller:[2026-05-13 18:17:03] BSR-MoE controller: ⏱️  ✅ SAFE-POINT REPAIR COMPLETED (path=HYBRID_RECOVERY, step=3760, failed=28, replacement=28) | Total=0.154s | Breakdown: PhaseA=0.000s, PhaseB=0.154s, PhaseC=0.000s
WARNING:megatron.core.transformer.moe.optimizer_commit_guard:BSR-MoE OptimizerCommitGuard: BLOCKING optimizer.step() at step 3760 — explicitly blocked (reason=hard_failure_rank_28_step_3760)
INFO:megatron.core.transformer.moe.optimizer_commit_guard:BSR-MoE OptimizerCommitGuard: optimizer.step() SKIPPED at step 3760 (reason: iteration_invalidated)
WARNING:megatron.core.transformer.moe.optimizer_commit_guard:BSR-MoE OptimizerCommitGuard: BLOCKING optimizer.step() at step 3760 — explicitly blocked (reason=hard_failure_rank_28_step_3760)
INFO:megatron.core.transformer.moe.optimizer_commit_guard:BSR-MoE OptimizerCommitGuard: optimizer.step() SKIPPED at step 3760 (reason: iteration_invalidated)
WARNING:megatron.core.transformer.moe.optimizer_commit_guard:BSR-MoE OptimizerCommitGuard: BLOCKING optimizer.step() at step 3760 — explicitly blocked (reason=hard_failure_rank_28_step_3760)
INFO:megatron.core.transformer.moe.optimizer_commit_guard:BSR-MoE OptimizerCommitGuard: optimizer.step() SKIPPED at step 3760 (reason: iteration_invalidated)
WARNING:megatron.core.transformer.moe.optimizer_commit_guard:BSR-MoE OptimizerCommitGuard: BLOCKING optimizer.step() at step 3760 — explicitly blocked (reason=hard_failure_rank_28_step_3760)
INFO:megatron.core.transformer.moe.optimizer_commit_guard:BSR-MoE OptimizerCommitGuard: optimizer.step() SKIPPED at step 3760 (reason: iteration_invalidated)
WARNING:megatron.core.transformer.moe.optimizer_commit_guard:BSR-MoE OptimizerCommitGuard: BLOCKING optimizer.step() at step 3760 — explicitly blocked (reason=hard_failure_rank_28_step_3760)
INFO:megatron.core.transformer.moe.optimizer_commit_guard:BSR-MoE OptimizerCommitGuard: optimizer.step() SKIPPED at step 3760 (reason: iteration_invalidated)
WARNING:megatron.core.transformer.moe.optimizer_commit_guard:BSR-MoE OptimizerCommitGuard: BLOCKING optimizer.step() at step 3760 — explicitly blocked (reason=hard_failure_rank_28_step_3760)
WARNING:megatron.core.transformer.moe.optimizer_commit_guard:BSR-MoE OptimizerCommitGuard: BLOCKING optimizer.step() at step 3760 — explicitly blocked (reason=hard_failure_rank_28_step_3760)
INFO:megatron.core.transformer.moe.optimizer_commit_guard:BSR-MoE OptimizerCommitGuard: optimizer.step() SKIPPED at step 3760 (reason: iteration_invalidated)
INFO:megatron.core.transformer.moe.optimizer_commit_guard:BSR-MoE OptimizerCommitGuard: optimizer.step() SKIPPED at step 3760 (reason: iteration_invalidated)
WARNING:megatron.core.transformer.moe.optimizer_commit_guard:BSR-MoE OptimizerCommitGuard: BLOCKING optimizer.step() at step 3760 — explicitly blocked (reason=hard_failure_rank_28_step_3760)
INFO:megatron.core.transformer.moe.optimizer_commit_guard:BSR-MoE OptimizerCommitGuard: optimizer.step() SKIPPED at step 3760 (reason: iteration_invalidated)
 [2026-05-13 18:17:19] iteration     3761/   20000 | consumed samples:       240704 | elapsed time per iteration (ms): 15880.4 | learning rate: 9.271223E-05 | global batch size:    64 | load_balancing_loss: 1.039942E+00 | loss scale: 1.0 | number of skipped iterations:   1 | number of nan iterations:   0 |
WARNING:megatron.core.transformer.moe.reintegration_barrier:BSR-MoE barrier: rank 28 reintegrated at step 3761 (replacement=28, experts=[64, 65, 66, 67, 68, 69, 70, 71, 72, 73, 74, 75, 76, 77, 78, 79])
INFO:megatron.core.transformer.moe.recovery_controller:BSR-MoE controller: barrier reintegration executed for rank 28 at step 3761
WARNING:megatron.core.transformer.moe.recovery_controller:[2026-05-13 18:17:19] BSR-MoE controller: REINTEGRATED → HEALTHY_TRAINING (event=reintegration_finalized, step=3761)
WARNING:megatron.core.transformer.moe.recovery_controller:[2026-05-13 18:17:19] BSR-MoE controller: reintegration finalized at step 3761 (1 recoveries completed)
WARNING:megatron.core.transformer.moe.reintegration_barrier:BSR-MoE barrier: rank 28 reintegrated at step 3761 (replacement=28, experts=[64, 65, 66, 67, 68, 69, 70, 71, 72, 73, 74, 75, 76, 77, 78, 79])
WARNING:megatron.core.transformer.moe.reintegration_barrier:BSR-MoE barrier: rank 28 reintegrated at step 3761 (replacement=28, experts=[64, 65, 66, 67, 68, 69, 70, 71, 72, 73, 74, 75, 76, 77, 78, 79])
WARNING:megatron.core.transformer.moe.reintegration_barrier:BSR-MoE barrier: rank 28 reintegrated at step 3761 (replacement=28, experts=[64, 65, 66, 67, 68, 69, 70, 71, 72, 73, 74, 75, 76, 77, 78, 79])
INFO:megatron.core.transformer.moe.recovery_controller:BSR-MoE controller: barrier reintegration executed for rank 28 at step 3761
WARNING:megatron.core.transformer.moe.reintegration_barrier:BSR-MoE barrier: rank 28 reintegrated at step 3761 (replacement=28, experts=[64, 65, 66, 67, 68, 69, 70, 71, 72, 73, 74, 75, 76, 77, 78, 79])
WARNING:megatron.core.transformer.moe.reintegration_barrier:BSR-MoE barrier: rank 28 reintegrated at step 3761 (replacement=28, experts=[64, 65, 66, 67, 68, 69, 70, 71, 72, 73, 74, 75, 76, 77, 78, 79])
INFO:megatron.core.transformer.moe.recovery_controller:BSR-MoE controller: barrier reintegration executed for rank 28 at step 3761
INFO:megatron.core.transformer.moe.recovery_controller:BSR-MoE controller: barrier reintegration executed for rank 28 at step 3761
WARNING:megatron.core.transformer.moe.reintegration_barrier:BSR-MoE barrier: rank 28 reintegrated at step 3761 (replacement=28, experts=[64, 65, 66, 67, 68, 69, 70, 71, 72, 73, 74, 75, 76, 77, 78, 79])
INFO:megatron.core.transformer.moe.recovery_controller:BSR-MoE controller: barrier reintegration executed for rank 28 at step 3761
INFO:megatron.core.transformer.moe.recovery_controller:BSR-MoE controller: barrier reintegration executed for rank 28 at step 3761
INFO:megatron.core.transformer.moe.recovery_controller:BSR-MoE controller: barrier reintegration executed for rank 28 at step 3761
WARNING:megatron.core.transformer.moe.recovery_controller:[2026-05-13 18:17:19] BSR-MoE controller: REINTEGRATED → HEALTHY_TRAINING (event=reintegration_finalized, step=3761)
WARNING:megatron.core.transformer.moe.recovery_controller:[2026-05-13 18:17:19] BSR-MoE controller: REINTEGRATED → HEALTHY_TRAINING (event=reintegration_finalized, step=3761)
WARNING:megatron.core.transformer.moe.recovery_controller:[2026-05-13 18:17:19] BSR-MoE controller: REINTEGRATED → HEALTHY_TRAINING (event=reintegration_finalized, step=3761)
WARNING:megatron.core.transformer.moe.recovery_controller:[2026-05-13 18:17:19] BSR-MoE controller: reintegration finalized at step 3761 (1 recoveries completed)
WARNING:megatron.core.transformer.moe.recovery_controller:[2026-05-13 18:17:19] BSR-MoE controller: reintegration finalized at step 3761 (1 recoveries completed)
WARNING:megatron.core.transformer.moe.recovery_controller:[2026-05-13 18:17:19] BSR-MoE controller: reintegration finalized at step 3761 (1 recoveries completed)
WARNING:megatron.core.transformer.moe.recovery_controller:[2026-05-13 18:17:19] BSR-MoE controller: REINTEGRATED → HEALTHY_TRAINING (event=reintegration_finalized, step=3761)
WARNING:megatron.core.transformer.moe.recovery_controller:[2026-05-13 18:17:19] BSR-MoE controller: REINTEGRATED → HEALTHY_TRAINING (event=reintegration_finalized, step=3761)
WARNING:megatron.core.transformer.moe.recovery_controller:[2026-05-13 18:17:19] BSR-MoE controller: REINTEGRATED → HEALTHY_TRAINING (event=reintegration_finalized, step=3761)
WARNING:megatron.core.transformer.moe.recovery_controller:[2026-05-13 18:17:19] BSR-MoE controller: reintegration finalized at step 3761 (1 recoveries completed)
WARNING:megatron.core.transformer.moe.recovery_controller:[2026-05-13 18:17:19] BSR-MoE controller: reintegration finalized at step 3761 (1 recoveries completed)
WARNING:megatron.core.transformer.moe.recovery_controller:[2026-05-13 18:17:19] BSR-MoE controller: reintegration finalized at step 3761 (1 recoveries completed)
WARNING:megatron.core.transformer.moe.reintegration_barrier:BSR-MoE barrier: rank 28 reintegrated at step 3761 (replacement=28, experts=[64, 65, 66, 67, 68, 69, 70, 71, 72, 73, 74, 75, 76, 77, 78, 79])
INFO:megatron.core.transformer.moe.recovery_controller:BSR-MoE controller: barrier reintegration executed for rank 28 at step 3761
WARNING:megatron.core.transformer.moe.recovery_controller:[2026-05-13 18:17:19] BSR-MoE controller: REINTEGRATED → HEALTHY_TRAINING (event=reintegration_finalized, step=3761)
WARNING:megatron.core.transformer.moe.recovery_controller:[2026-05-13 18:17:19] BSR-MoE controller: reintegration finalized at step 3761 (1 recoveries completed)
 [2026-05-13 18:18:03] iteration     3762/   20000 | consumed samples:       240768 | elapsed time per iteration (ms): 43761.9 | learning rate: 9.270837E-05 | global batch size:    64 | load_balancing_loss: 1.035731E+00 | lm loss: 3.127420E+00 | loss scale: 1.0 | grad norm: 0.194 | number of skipped iterations:   0 | number of nan iterations:   0 |
 [2026-05-13 18:18:14] iteration     3763/   20000 | consumed samples:       240832 | elapsed time per iteration (ms): 10589.2 | learning rate: 9.270452E-05 | global batch size:    64 | load_balancing_loss: 1.035290E+00 | lm loss: 3.271242E+00 | loss scale: 1.0 | grad norm: 0.195 | number of skipped iterations:   0 | number of nan iterations:   0 |
 [2026-05-13 18:18:24] iteration     3764/   20000 | consumed samples:       240896 | elapsed time per iteration (ms): 10624.1 | learning rate: 9.270065E-05 | global batch size:    64 | load_balancing_loss: 1.032883E+00 | lm loss: 3.194008E+00 | loss scale: 1.0 | grad norm: 0.191 | number of skipped iterations:   0 | number of nan iterations:   0 |
 [2026-05-13 18:18:35] iteration     3765/   20000 | consumed samples:       240960 | elapsed time per iteration (ms): 10590.6 | learning rate: 9.269680E-05 | global batch size:    64 | load_balancing_loss: 1.034520E+00 | lm loss: 3.218045E+00 | loss scale: 1.0 | grad norm: 0.198 | number of skipped iterations:   0 | number of nan iterations:   0 |
 [2026-05-13 18:18:45] iteration     3766/   20000 | consumed samples:       241024 | elapsed time per iteration (ms): 10596.9 | learning rate: 9.269294E-05 | global batch size:    64 | load_balancing_loss: 1.034520E+00 | lm loss: 3.180481E+00 | loss scale: 1.0 | grad norm: 0.202 | number of skipped iterations:   0 | number of nan iterations:   0 |
 [2026-05-13 18:18:56] iteration     3767/   20000 | consumed samples:       241088 | elapsed time per iteration (ms): 10609.5 | learning rate: 9.268907E-05 | global batch size:    64 | load_balancing_loss: 1.045542E+00 | lm loss: 3.192729E+00 | loss scale: 1.0 | grad norm: 0.195 | number of skipped iterations:   0 | number of nan iterations:   0 |
 [2026-05-13 18:19:07] iteration     3768/   20000 | consumed samples:       241152 | elapsed time per iteration (ms): 10603.8 | learning rate: 9.268521E-05 | global batch size:    64 | load_balancing_loss: 1.034297E+00 | lm loss: 3.156215E+00 | loss scale: 1.0 | grad norm: 0.192 | number of skipped iterations:   0 | number of nan iterations:   0 |
 [2026-05-13 18:19:17] iteration     3769/   20000 | consumed samples:       241216 | elapsed time per iteration (ms): 10593.5 | learning rate: 9.268134E-05 | global batch size:    64 | load_balancing_loss: 1.035504E+00 | lm loss: 3.212788E+00 | loss scale: 1.0 | grad norm: 0.265 | number of skipped iterations:   0 | number of nan iterations:   0 |
 [2026-05-13 18:19:28] iteration     3770/   20000 | consumed samples:       241280 | elapsed time per iteration (ms): 10588.8 | learning rate: 9.267747E-05 | global batch size:    64 | load_balancing_loss: 1.039620E+00 | lm loss: 3.190076E+00 | loss scale: 1.0 | grad norm: 0.196 | number of skipped iterations:   0 | number of nan iterations:   0 |
 [2026-05-13 18:19:38] iteration     3771/   20000 | consumed samples:       241344 | elapsed time per iteration (ms): 10607.0 | learning rate: 9.267361E-05 | global batch size:    64 | load_balancing_loss: 1.034541E+00 | lm loss: 3.197881E+00 | loss scale: 1.0 | grad norm: 0.194 | number of skipped iterations:   0 | number of nan iterations:   0 |
 [2026-05-13 18:19:49] iteration     3772/   20000 | consumed samples:       241408 | elapsed time per iteration (ms): 10595.0 | learning rate: 9.266975E-05 | global batch size:    64 | load_balancing_loss: 1.033564E+00 | lm loss: 3.285582E+00 | loss scale: 1.0 | grad norm: 0.198 | number of skipped iterations:   0 | number of nan iterations:   0 |
 [2026-05-13 18:20:00] iteration     3773/   20000 | consumed samples:       241472 | elapsed time per iteration (ms): 10594.4 | learning rate: 9.266588E-05 | global batch size:    64 | load_balancing_loss: 1.038704E+00 | lm loss: 3.142429E+00 | loss scale: 1.0 | grad norm: 0.191 | number of skipped iterations:   0 | number of nan iterations:   0 |
 [2026-05-13 18:20:10] iteration     3774/   20000 | consumed samples:       241536 | elapsed time per iteration (ms): 10593.0 | learning rate: 9.266201E-05 | global batch size:    64 | load_balancing_loss: 1.036076E+00 | lm loss: 3.153917E+00 | loss scale: 1.0 | grad norm: 0.194 | number of skipped iterations:   0 | number of nan iterations:   0 |
 [2026-05-13 18:20:21] iteration     3775/   20000 | consumed samples:       241600 | elapsed time per iteration (ms): 10602.1 | learning rate: 9.265813E-05 | global batch size:    64 | load_balancing_loss: 1.035814E+00 | lm loss: 3.138534E+00 | loss scale: 1.0 | grad norm: 0.195 | number of skipped iterations:   0 | number of nan iterations:   0 |
 [2026-05-13 18:20:31] iteration     3776/   20000 | consumed samples:       241664 | elapsed time per iteration (ms): 10631.4 | learning rate: 9.265426E-05 | global batch size:    64 | load_balancing_loss: 1.038045E+00 | lm loss: 3.152760E+00 | loss scale: 1.0 | grad norm: 0.197 | number of skipped iterations:   0 | number of nan iterations:   0 |
 [2026-05-13 18:20:42] iteration     3777/   20000 | consumed samples:       241728 | elapsed time per iteration (ms): 10605.0 | learning rate: 9.265039E-05 | global batch size:    64 | load_balancing_loss: 1.038113E+00 | lm loss: 3.081389E+00 | loss scale: 1.0 | grad norm: 0.194 | number of skipped iterations:   0 | number of nan iterations:   0 |
 [2026-05-13 18:20:53] iteration     3778/   20000 | consumed samples:       241792 | elapsed time per iteration (ms): 10586.4 | learning rate: 9.264652E-05 | global batch size:    64 | load_balancing_loss: 1.032338E+00 | lm loss: 3.166757E+00 | loss scale: 1.0 | grad norm: 0.200 | number of skipped iterations:   0 | number of nan iterations:   0 |
 [2026-05-13 18:21:03] iteration     3779/   20000 | consumed samples:       241856 | elapsed time per iteration (ms): 10583.2 | learning rate: 9.264264E-05 | global batch size:    64 | load_balancing_loss: 1.039834E+00 | lm loss: 3.234912E+00 | loss scale: 1.0 | grad norm: 0.203 | number of skipped iterations:   0 | number of nan iterations:   0 |
 [2026-05-13 18:21:14] iteration     3780/   20000 | consumed samples:       241920 | elapsed time per iteration (ms): 10601.3 | learning rate: 9.263877E-05 | global batch size:    64 | load_balancing_loss: 1.039122E+00 | lm loss: 3.177545E+00 | loss scale: 1.0 | grad norm: 0.198 | number of skipped iterations:   0 | number of nan iterations:   0 |
 [2026-05-13 18:21:24] iteration     3781/   20000 | consumed samples:       241984 | elapsed time per iteration (ms): 10589.1 | learning rate: 9.263489E-05 | global batch size:    64 | load_balancing_loss: 1.033064E+00 | lm loss: 3.253364E+00 | loss scale: 1.0 | grad norm: 0.199 | number of skipped iterations:   0 | number of nan iterations:   0 |
 [2026-05-13 18:21:35] iteration     3782/   20000 | consumed samples:       242048 | elapsed time per iteration (ms): 10585.1 | learning rate: 9.263102E-05 | global batch size:    64 | load_balancing_loss: 1.042462E+00 | lm loss: 3.261707E+00 | loss scale: 1.0 | grad norm: 0.197 | number of skipped iterations:   0 | number of nan iterations:   0 |
 [2026-05-13 18:21:46] iteration     3783/   20000 | consumed samples:       242112 | elapsed time per iteration (ms): 10608.2 | learning rate: 9.262714E-05 | global batch size:    64 | load_balancing_loss: 1.037469E+00 | lm loss: 3.147159E+00 | loss scale: 1.0 | grad norm: 0.218 | number of skipped iterations:   0 | number of nan iterations:   0 |
 [2026-05-13 18:21:56] iteration     3784/   20000 | consumed samples:       242176 | elapsed time per iteration (ms): 10630.9 | learning rate: 9.262326E-05 | global batch size:    64 | load_balancing_loss: 1.039655E+00 | lm loss: 3.126224E+00 | loss scale: 1.0 | grad norm: 0.196 | number of skipped iterations:   0 | number of nan iterations:   0 |
 [2026-05-13 18:22:07] iteration     3785/   20000 | consumed samples:       242240 | elapsed time per iteration (ms): 10628.3 | learning rate: 9.261938E-05 | global batch size:    64 | load_balancing_loss: 1.034478E+00 | lm loss: 3.150090E+00 | loss scale: 1.0 | grad norm: 0.192 | number of skipped iterations:   0 | number of nan iterations:   0 |
 [2026-05-13 18:22:17] iteration     3786/   20000 | consumed samples:       242304 | elapsed time per iteration (ms): 10595.7 | learning rate: 9.261550E-05 | global batch size:    64 | load_balancing_loss: 1.035332E+00 | lm loss: 3.165060E+00 | loss scale: 1.0 | grad norm: 0.196 | number of skipped iterations:   0 | number of nan iterations:   0 |
 [2026-05-13 18:22:28] iteration     3787/   20000 | consumed samples:       242368 | elapsed time per iteration (ms): 10575.3 | learning rate: 9.261162E-05 | global batch size:    64 | load_balancing_loss: 1.033504E+00 | lm loss: 3.216069E+00 | loss scale: 1.0 | grad norm: 0.191 | number of skipped iterations:   0 | number of nan iterations:   0 |
 [2026-05-13 18:22:39] iteration     3788/   20000 | consumed samples:       242432 | elapsed time per iteration (ms): 10594.0 | learning rate: 9.260774E-05 | global batch size:    64 | load_balancing_loss: 1.035211E+00 | lm loss: 3.136572E+00 | loss scale: 1.0 | grad norm: 0.198 | number of skipped iterations:   0 | number of nan iterations:   0 |
 [2026-05-13 18:22:49] iteration     3789/   20000 | consumed samples:       242496 | elapsed time per iteration (ms): 10599.4 | learning rate: 9.260386E-05 | global batch size:    64 | load_balancing_loss: 1.035731E+00 | lm loss: 3.238242E+00 | loss scale: 1.0 | grad norm: 0.201 | number of skipped iterations:   0 | number of nan iterations:   0 |
 [2026-05-13 18:23:00] iteration     3790/   20000 | consumed samples:       242560 | elapsed time per iteration (ms): 10563.3 | learning rate: 9.259997E-05 | global batch size:    64 | load_balancing_loss: 1.032855E+00 | lm loss: 3.204197E+00 | loss scale: 1.0 | grad norm: 0.193 | number of skipped iterations:   0 | number of nan iterations:   0 |
 [2026-05-13 18:23:10] iteration     3791/   20000 | consumed samples:       242624 | elapsed time per iteration (ms): 10576.5 | learning rate: 9.259608E-05 | global batch size:    64 | load_balancing_loss: 1.031875E+00 | lm loss: 3.155726E+00 | loss scale: 1.0 | grad norm: 0.197 | number of skipped iterations:   0 | number of nan iterations:   0 |
 [2026-05-13 18:23:21] iteration     3792/   20000 | consumed samples:       242688 | elapsed time per iteration (ms): 10584.2 | learning rate: 9.259220E-05 | global batch size:    64 | load_balancing_loss: 1.034232E+00 | lm loss: 3.161173E+00 | loss scale: 1.0 | grad norm: 0.195 | number of skipped iterations:   0 | number of nan iterations:   0 |
 [2026-05-13 18:23:32] iteration     3793/   20000 | consumed samples:       242752 | elapsed time per iteration (ms): 10595.6 | learning rate: 9.258831E-05 | global batch size:    64 | load_balancing_loss: 1.036566E+00 | lm loss: 3.125084E+00 | loss scale: 1.0 | grad norm: 0.200 | number of skipped iterations:   0 | number of nan iterations:   0 |
 [2026-05-13 18:23:42] iteration     3794/   20000 | consumed samples:       242816 | elapsed time per iteration (ms): 10595.9 | learning rate: 9.258443E-05 | global batch size:    64 | load_balancing_loss: 1.039181E+00 | lm loss: 3.152991E+00 | loss scale: 1.0 | grad norm: 0.192 | number of skipped iterations:   0 | number of nan iterations:   0 |
 [2026-05-13 18:23:53] iteration     3795/   20000 | consumed samples:       242880 | elapsed time per iteration (ms): 10601.7 | learning rate: 9.258054E-05 | global batch size:    64 | load_balancing_loss: 1.041285E+00 | lm loss: 3.155893E+00 | loss scale: 1.0 | grad norm: 0.197 | number of skipped iterations:   0 | number of nan iterations:   0 |
 [2026-05-13 18:24:03] iteration     3796/   20000 | consumed samples:       242944 | elapsed time per iteration (ms): 10603.8 | learning rate: 9.257665E-05 | global batch size:    64 | load_balancing_loss: 1.037262E+00 | lm loss: 3.104151E+00 | loss scale: 1.0 | grad norm: 0.195 | number of skipped iterations:   0 | number of nan iterations:   0 |
 [2026-05-13 18:24:14] iteration     3797/   20000 | consumed samples:       243008 | elapsed time per iteration (ms): 10591.6 | learning rate: 9.257276E-05 | global batch size:    64 | load_balancing_loss: 1.033471E+00 | lm loss: 3.141880E+00 | loss scale: 1.0 | grad norm: 0.204 | number of skipped iterations:   0 | number of nan iterations:   0 |
 [2026-05-13 18:24:25] iteration     3798/   20000 | consumed samples:       243072 | elapsed time per iteration (ms): 10597.0 | learning rate: 9.256887E-05 | global batch size:    64 | load_balancing_loss: 1.038970E+00 | lm loss: 3.112938E+00 | loss scale: 1.0 | grad norm: 0.191 | number of skipped iterations:   0 | number of nan iterations:   0 |
 [2026-05-13 18:24:35] iteration     3799/   20000 | consumed samples:       243136 | elapsed time per iteration (ms): 10638.3 | learning rate: 9.256497E-05 | global batch size:    64 | load_balancing_loss: 1.035657E+00 | lm loss: 3.136405E+00 | loss scale: 1.0 | grad norm: 0.192 | number of skipped iterations:   0 | number of nan iterations:   0 |
 [2026-05-13 18:24:46] iteration     3800/   20000 | consumed samples:       243200 | elapsed time per iteration (ms): 10592.7 | learning rate: 9.256108E-05 | global batch size:    64 | load_balancing_loss: 1.032781E+00 | lm loss: 3.226341E+00 | loss scale: 1.0 | grad norm: 0.201 | number of skipped iterations:   0 | number of nan iterations:   0 |
INFO:megatron.core.transformer.moe.bsr_integration:BSR-MoE: checkpoint metadata injected (iteration=3800, phase=HEALTHY_TRAINING)
[save_train_log] 运行incremental分析 (iteration 3800)...
INFO:megatron.core.transformer.moe.bsr_integration:BSR-MoE: checkpoint metadata injected (iteration=3800, phase=HEALTHY_TRAINING)
INFO:megatron.core.transformer.moe.bsr_integration:BSR-MoE: checkpoint metadata injected (iteration=3800, phase=HEALTHY_TRAINING)
INFO:megatron.core.transformer.moe.bsr_integration:BSR-MoE: checkpoint metadata injected (iteration=3800, phase=HEALTHY_TRAINING)
INFO:megatron.core.transformer.moe.bsr_integration:BSR-MoE: checkpoint metadata injected (iteration=3800, phase=HEALTHY_TRAINING)
INFO:megatron.core.transformer.moe.bsr_integration:BSR-MoE: checkpoint metadata injected (iteration=3800, phase=HEALTHY_TRAINING)
[save_train_log] incremental 分析完成: /mnt/ais-c1/dataset/zds/log/5.12/analysis_latest/analysis_incremental_iter3800.txt
INFO:megatron.core.transformer.moe.bsr_integration:BSR-MoE: checkpoint metadata injected (iteration=3800, phase=HEALTHY_TRAINING)
INFO:megatron.core.transformer.moe.bsr_integration:BSR-MoE: checkpoint metadata injected (iteration=3800, phase=HEALTHY_TRAINING)
(min, max) time across ranks (ms):
    save-checkpoint ................................: (33263.29, 33263.86)
WARNING:megatron.core.transformer.moe.bsr_integration:[2026-05-13 18:25:19] BSR-MoE FAULT INJECTION #6: type=restart_in_place, rank=17, step=3800, experts=[16, 17, 18, 19, 20, 21, 22, 23, 24, 25, 26, 27, 28, 29, 30, 31], ep_group=[16, 17, 18, 19, 20, 21, 22, 23]
WARNING:megatron.core.transformer.moe.bsr_integration:[2026-05-13 18:25:19] BSR-MoE FAULT INJECTION #6: type=restart_in_place, rank=17, step=3800, experts=[16, 17, 18, 19, 20, 21, 22, 23, 24, 25, 26, 27, 28, 29, 30, 31], ep_group=[16, 17, 18, 19, 20, 21, 22, 23]
WARNING:megatron.core.transformer.moe.recovery_controller:[2026-05-13 18:25:19] BSR-MoE controller: rank 17 HARD FAILURE (step=3800, reason=scheduled_restart_in_place_injection, experts=[16, 17, 18, 19, 20, 21, 22, 23, 24, 25, 26, 27, 28, 29, 30, 31], mid_iteration=False)
INFO:megatron.core.transformer.moe.recovery_controller:ExpertRecoveryTracker: experts [16, 17, 18, 19, 20, 21, 22, 23, 24, 25, 26, 27, 28, 29, 30, 31] → RECOVERING (step=3800)
WARNING:megatron.core.transformer.moe.recovery_controller:[2026-05-13 18:25:19] BSR-MoE controller: rank 17 HARD FAILURE (step=3800, reason=scheduled_restart_in_place_injection, experts=[16, 17, 18, 19, 20, 21, 22, 23, 24, 25, 26, 27, 28, 29, 30, 31], mid_iteration=False)
WARNING:megatron.core.transformer.moe.bsr_integration:[2026-05-13 18:25:19] BSR-MoE FAULT INJECTION #6: type=restart_in_place, rank=17, step=3800, experts=[16, 17, 18, 19, 20, 21, 22, 23, 24, 25, 26, 27, 28, 29, 30, 31], ep_group=[16, 17, 18, 19, 20, 21, 22, 23]
INFO:megatron.core.transformer.moe.recovery_controller:ExpertRecoveryTracker: experts [16, 17, 18, 19, 20, 21, 22, 23, 24, 25, 26, 27, 28, 29, 30, 31] → RECOVERING (step=3800)
WARNING:megatron.core.transformer.moe.optimizer_commit_guard:OptimizerCommitGuard: commit BLOCKED (reason=hard_failure_rank_17_step_3800)
WARNING:megatron.core.transformer.moe.bsr_integration:BSR-MoE: optimizer commit blocked for step 3800 (hard failure of rank 17)
WARNING:megatron.core.transformer.moe.bsr_integration:BSR-MoE: entering waiting-for-replacement state (failed_rank=17, step=3800, experts=[16, 17, 18, 19, 20, 21, 22, 23, 24, 25, 26, 27, 28, 29, 30, 31])
WARNING:megatron.core.transformer.moe.optimizer_commit_guard:OptimizerCommitGuard: commit BLOCKED (reason=hard_failure_rank_17_step_3800)
WARNING:megatron.core.transformer.moe.bsr_integration:BSR-MoE: optimizer commit blocked for step 3800 (hard failure of rank 17)
WARNING:megatron.core.transformer.moe.bsr_integration:BSR-MoE: entering waiting-for-replacement state (failed_rank=17, step=3800, experts=[16, 17, 18, 19, 20, 21, 22, 23, 24, 25, 26, 27, 28, 29, 30, 31])
WARNING:megatron.core.transformer.moe.recovery_controller:[2026-05-13 18:25:19] BSR-MoE controller: rank 17 HARD FAILURE (step=3800, reason=scheduled_restart_in_place_injection, experts=[16, 17, 18, 19, 20, 21, 22, 23, 24, 25, 26, 27, 28, 29, 30, 31], mid_iteration=False)
WARNING:megatron.core.transformer.moe.recovery_controller:[2026-05-13 18:25:19] BSR-MoE controller: HEALTHY_TRAINING → PENDING_GROUP_REPAIR (event=hard_rank_failure, step=3800)
INFO:megatron.core.transformer.moe.recovery_controller:ExpertRecoveryTracker: experts [16, 17, 18, 19, 20, 21, 22, 23, 24, 25, 26, 27, 28, 29, 30, 31] → RECOVERING (step=3800)
WARNING:megatron.core.transformer.moe.recovery_controller:[2026-05-13 18:25:19] BSR-MoE controller: replacement assigned — failed_rank=17, replacement_rank=17 (step=3800)
WARNING:megatron.core.transformer.moe.recovery_controller:[2026-05-13 18:25:19] BSR-MoE controller: HEALTHY_TRAINING → PENDING_GROUP_REPAIR (event=hard_rank_failure, step=3800)
WARNING:megatron.core.transformer.moe.recovery_controller:[2026-05-13 18:25:19] BSR-MoE controller: replacement assigned — failed_rank=17, replacement_rank=17 (step=3800)
WARNING:megatron.core.transformer.moe.bsr_integration:[2026-05-13 18:25:19] BSR-MoE FAULT INJECTION #6: type=restart_in_place, rank=17, step=3800, experts=[16, 17, 18, 19, 20, 21, 22, 23, 24, 25, 26, 27, 28, 29, 30, 31], ep_group=[16, 17, 18, 19, 20, 21, 22, 23]
WARNING:megatron.core.transformer.moe.optimizer_commit_guard:OptimizerCommitGuard: commit BLOCKED (reason=hard_failure_rank_17_step_3800)
INFO:megatron.core.transformer.moe.replacement_registry:BSR-MoE replacement: failed_rank=17, replacement_rank=17, NOT_PRESENT → BOOTSTRAPPING (step=3800)
WARNING:megatron.core.transformer.moe.bsr_integration:BSR-MoE: optimizer commit blocked for step 3800 (hard failure of rank 17)
WARNING:megatron.core.transformer.moe.replacement_registry:BSR-MoE: replacement announced — failed_rank=17 → replacement_rank=17 (step=3800, reason='')
WARNING:megatron.core.transformer.moe.bsr_integration:BSR-MoE: entering waiting-for-replacement state (failed_rank=17, step=3800, experts=[16, 17, 18, 19, 20, 21, 22, 23, 24, 25, 26, 27, 28, 29, 30, 31])
WARNING:megatron.core.transformer.moe.recovery_controller:[2026-05-13 18:25:19] BSR-MoE controller: PENDING_GROUP_REPAIR → WAITING_FOR_REPLACEMENT (event=replacement_assigned, step=3800)
INFO:megatron.core.transformer.moe.replacement_registry:BSR-MoE replacement: failed_rank=17, replacement_rank=17, NOT_PRESENT → BOOTSTRAPPING (step=3800)
WARNING:megatron.core.transformer.moe.replacement_registry:BSR-MoE: replacement announced — failed_rank=17 → replacement_rank=17 (step=3800, reason='')
WARNING:megatron.core.transformer.moe.recovery_controller:[2026-05-13 18:25:19] BSR-MoE controller: replacement ready — failed_rank=17 (step=3800)
WARNING:megatron.core.transformer.moe.recovery_controller:[2026-05-13 18:25:19] BSR-MoE controller: WAITING_FOR_REPLACEMENT → SAFE_POINT_REPAIR (event=replacement_ready, step=3800)
WARNING:megatron.core.transformer.moe.recovery_controller:[2026-05-13 18:25:19] BSR-MoE controller: PENDING_GROUP_REPAIR → WAITING_FOR_REPLACEMENT (event=replacement_assigned, step=3800)
WARNING:megatron.core.transformer.moe.recovery_controller:BSR-MoE controller: restart-in-place fast path for rank 17 (replacement=self, step=3800)
WARNING:megatron.core.transformer.moe.recovery_controller:[2026-05-13 18:25:19] BSR-MoE controller: rank 17 HARD FAILURE (step=3800, reason=scheduled_restart_in_place_injection, experts=[16, 17, 18, 19, 20, 21, 22, 23, 24, 25, 26, 27, 28, 29, 30, 31], mid_iteration=False)
WARNING:megatron.core.transformer.moe.recovery_controller:[2026-05-13 18:25:19] BSR-MoE controller: replacement ready — failed_rank=17 (step=3800)
WARNING:megatron.core.transformer.moe.bsr_integration:[2026-05-13 18:25:19] BSR-MoE FAULT INJECTION: next periodic fault scheduled at step 3840 (interval=40, total_injections=6)
WARNING:megatron.core.transformer.moe.recovery_controller:[2026-05-13 18:25:19] BSR-MoE controller: HEALTHY_TRAINING → PENDING_GROUP_REPAIR (event=hard_rank_failure, step=3800)
WARNING:megatron.core.transformer.moe.recovery_controller:[2026-05-13 18:25:19] BSR-MoE controller: WAITING_FOR_REPLACEMENT → SAFE_POINT_REPAIR (event=replacement_ready, step=3800)
WARNING:megatron.core.transformer.moe.recovery_controller:BSR-MoE controller: restart-in-place fast path for rank 17 (replacement=self, step=3800)
WARNING:megatron.core.transformer.moe.recovery_controller:[2026-05-13 18:25:19] BSR-MoE controller: ⏱️  START safe-point repair at step 3800 (failed=17, replacement=17)
WARNING:megatron.core.transformer.moe.bsr_integration:[2026-05-13 18:25:19] BSR-MoE FAULT INJECTION: next periodic fault scheduled at step 3840 (interval=40, total_injections=6)
WARNING:megatron.core.transformer.moe.recovery_controller:[2026-05-13 18:25:19] BSR-MoE controller: ⏱️  [Phase A] Starting infrastructure repair...
WARNING:megatron.core.transformer.moe.recovery_controller:[2026-05-13 18:25:19] BSR-MoE controller: replacement assigned — failed_rank=17, replacement_rank=17 (step=3800)
INFO:megatron.core.transformer.moe.recovery_controller:ExpertRecoveryTracker: experts [16, 17, 18, 19, 20, 21, 22, 23, 24, 25, 26, 27, 28, 29, 30, 31] → RECOVERING (step=3800)
WARNING:megatron.core.transformer.moe.recovery_controller:[2026-05-13 18:25:19] BSR-MoE controller: ⏱️  START safe-point repair at step 3800 (failed=17, replacement=17)
INFO:megatron.core.transformer.moe.replacement_registry:BSR-MoE replacement: failed_rank=17, replacement_rank=17, BOOTSTRAPPING → READY_FOR_REPAIR (step=3800)
WARNING:megatron.core.transformer.moe.recovery_controller:[2026-05-13 18:25:19] BSR-MoE controller: ⏱️  [Phase A] Starting infrastructure repair...
INFO:megatron.core.transformer.moe.replacement_registry:BSR-MoE replacement: failed_rank=17, replacement_rank=17, READY_FOR_REPAIR → INTEGRATED (step=3800)
WARNING:megatron.core.transformer.moe.replacement_registry:BSR-MoE: replacement INTEGRATED — failed_rank=17, replacement_rank=17 (step=3800)
INFO:megatron.core.transformer.moe.replacement_registry:BSR-MoE replacement: failed_rank=17, replacement_rank=17, NOT_PRESENT → BOOTSTRAPPING (step=3800)
INFO:megatron.core.transformer.moe.replacement_registry:BSR-MoE replacement: failed_rank=17, replacement_rank=17, BOOTSTRAPPING → READY_FOR_REPAIR (step=3800)
WARNING:megatron.core.transformer.moe.recovery_controller:[2026-05-13 18:25:19] BSR-MoE controller: step1 replacement_integrate elapsed=0.000s (step=3800)
WARNING:megatron.core.transformer.moe.replacement_registry:BSR-MoE: replacement announced — failed_rank=17 → replacement_rank=17 (step=3800, reason='')
WARNING:megatron.core.transformer.moe.recovery_controller:[2026-05-13 18:25:19] BSR-MoE controller: step2 group_rebuild_request elapsed=0.000s (step=3800)
INFO:megatron.core.transformer.moe.replacement_registry:BSR-MoE replacement: failed_rank=17, replacement_rank=17, READY_FOR_REPAIR → INTEGRATED (step=3800)
WARNING:megatron.core.transformer.moe.optimizer_commit_guard:OptimizerCommitGuard: commit BLOCKED (reason=hard_failure_rank_17_step_3800)
WARNING:megatron.core.transformer.moe.replacement_registry:BSR-MoE: replacement INTEGRATED — failed_rank=17, replacement_rank=17 (step=3800)
WARNING:megatron.core.transformer.moe.recovery_controller:[2026-05-13 18:25:19] BSR-MoE controller: step3 group_rebuild_execute elapsed=0.000s (step=3800)
WARNING:megatron.core.transformer.moe.recovery_controller:[2026-05-13 18:25:19] BSR-MoE controller: PENDING_GROUP_REPAIR → WAITING_FOR_REPLACEMENT (event=replacement_assigned, step=3800)
WARNING:megatron.core.transformer.moe.recovery_controller:[2026-05-13 18:25:19] BSR-MoE controller: step4 group_rebuild_finish elapsed=0.000s (step=3800)
WARNING:megatron.core.transformer.moe.recovery_controller:[2026-05-13 18:25:19] BSR-MoE controller: step1 replacement_integrate elapsed=0.000s (step=3800)
WARNING:megatron.core.transformer.moe.recovery_controller:[2026-05-13 18:25:19] BSR-MoE controller: replacement ready — failed_rank=17 (step=3800)
WARNING:megatron.core.transformer.moe.bsr_integration:BSR-MoE: optimizer commit blocked for step 3800 (hard failure of rank 17)
WARNING:megatron.core.transformer.moe.recovery_controller:[2026-05-13 18:25:19] BSR-MoE controller: step5 topology_refresh elapsed=0.000s (step=3800)
WARNING:megatron.core.transformer.moe.recovery_controller:[2026-05-13 18:25:19] BSR-MoE controller: step2 group_rebuild_request elapsed=0.000s (step=3800)
WARNING:megatron.core.transformer.moe.recovery_controller:[2026-05-13 18:25:19] BSR-MoE controller: ⏱️  [Phase A] Infrastructure repair COMPLETED (elapsed=0.000s)
WARNING:megatron.core.transformer.moe.recovery_controller:[2026-05-13 18:25:19] BSR-MoE controller: WAITING_FOR_REPLACEMENT → SAFE_POINT_REPAIR (event=replacement_ready, step=3800)
WARNING:megatron.core.transformer.moe.recovery_controller:[2026-05-13 18:25:19] BSR-MoE controller: step3 group_rebuild_execute elapsed=0.000s (step=3800)
WARNING:megatron.core.transformer.moe.bsr_integration:BSR-MoE: entering waiting-for-replacement state (failed_rank=17, step=3800, experts=[16, 17, 18, 19, 20, 21, 22, 23, 24, 25, 26, 27, 28, 29, 30, 31])
WARNING:megatron.core.transformer.moe.recovery_controller:[2026-05-13 18:25:19] BSR-MoE controller: ⏱️  [Phase B] Starting parameter recovery...
WARNING:megatron.core.transformer.moe.recovery_controller:BSR-MoE controller: restart-in-place fast path for rank 17 (replacement=self, step=3800)
WARNING:megatron.core.transformer.moe.recovery_controller:[2026-05-13 18:25:19] BSR-MoE controller: step4 group_rebuild_finish elapsed=0.000s (step=3800)
WARNING:megatron.core.transformer.moe.recovery_controller:[2026-05-13 18:25:19] BSR-MoE controller: step5 topology_refresh elapsed=0.000s (step=3800)
WARNING:megatron.core.transformer.moe.bsr_integration:[2026-05-13 18:25:19] BSR-MoE FAULT INJECTION: next periodic fault scheduled at step 3840 (interval=40, total_injections=6)
WARNING:megatron.core.transformer.moe.bsr_integration:[2026-05-13 18:25:19] BSR-MoE FAULT INJECTION #6: type=restart_in_place, rank=17, step=3800, experts=[16, 17, 18, 19, 20, 21, 22, 23, 24, 25, 26, 27, 28, 29, 30, 31], ep_group=[16, 17, 18, 19, 20, 21, 22, 23]
WARNING:megatron.core.transformer.moe.recovery_controller:[2026-05-13 18:25:19] BSR-MoE controller: ⏱️  [Phase A] Infrastructure repair COMPLETED (elapsed=0.000s)
WARNING:megatron.core.transformer.moe.recovery_controller:[2026-05-13 18:25:19] BSR-MoE controller: ⏱️  [Phase B] Starting parameter recovery...
WARNING:megatron.core.transformer.moe.recovery_controller:[2026-05-13 18:25:19] BSR-MoE controller: ⏱️  START safe-point repair at step 3800 (failed=17, replacement=17)
WARNING:megatron.core.transformer.moe.recovery_controller:[2026-05-13 18:25:19] BSR-MoE controller: ⏱️  [Phase A] Starting infrastructure repair...
WARNING:megatron.core.transformer.moe.recovery_controller:[2026-05-13 18:25:19] BSR-MoE controller: HEALTHY_TRAINING → PENDING_GROUP_REPAIR (event=hard_rank_failure, step=3800)
INFO:megatron.core.transformer.moe.replacement_registry:BSR-MoE replacement: failed_rank=17, replacement_rank=17, BOOTSTRAPPING → READY_FOR_REPAIR (step=3800)
WARNING:megatron.core.transformer.moe.recovery_controller:[2026-05-13 18:25:19] BSR-MoE controller: rank 17 HARD FAILURE (step=3800, reason=scheduled_restart_in_place_injection, experts=[16, 17, 18, 19, 20, 21, 22, 23, 24, 25, 26, 27, 28, 29, 30, 31], mid_iteration=False)
INFO:megatron.core.transformer.moe.replacement_registry:BSR-MoE replacement: failed_rank=17, replacement_rank=17, READY_FOR_REPAIR → INTEGRATED (step=3800)
WARNING:megatron.core.transformer.moe.replacement_registry:BSR-MoE: replacement INTEGRATED — failed_rank=17, replacement_rank=17 (step=3800)
WARNING:megatron.core.transformer.moe.recovery_controller:[2026-05-13 18:25:19] BSR-MoE controller: replacement assigned — failed_rank=17, replacement_rank=17 (step=3800)
WARNING:megatron.core.transformer.moe.bsr_integration:[2026-05-13 18:25:19] BSR-MoE FAULT INJECTION #6: type=restart_in_place, rank=17, step=3800, experts=[16, 17, 18, 19, 20, 21, 22, 23, 24, 25, 26, 27, 28, 29, 30, 31], ep_group=[16, 17, 18, 19, 20, 21, 22, 23]
WARNING:megatron.core.transformer.moe.recovery_controller:[2026-05-13 18:25:19] BSR-MoE controller: step1 replacement_integrate elapsed=0.000s (step=3800)
INFO:megatron.core.transformer.moe.recovery_controller:ExpertRecoveryTracker: experts [16, 17, 18, 19, 20, 21, 22, 23, 24, 25, 26, 27, 28, 29, 30, 31] → RECOVERING (step=3800)
WARNING:megatron.core.transformer.moe.recovery_controller:[2026-05-13 18:25:19] BSR-MoE controller: step2 group_rebuild_request elapsed=0.000s (step=3800)
WARNING:megatron.core.transformer.moe.recovery_controller:[2026-05-13 18:25:19] BSR-MoE controller: step3 group_rebuild_execute elapsed=0.000s (step=3800)
WARNING:megatron.core.transformer.moe.bsr_integration:[2026-05-13 18:25:19] BSR-MoE FAULT INJECTION #6: type=restart_in_place, rank=17, step=3800, experts=[16, 17, 18, 19, 20, 21, 22, 23, 24, 25, 26, 27, 28, 29, 30, 31], ep_group=[16, 17, 18, 19, 20, 21, 22, 23]
WARNING:megatron.core.transformer.moe.recovery_controller:[2026-05-13 18:25:19] BSR-MoE controller: step4 group_rebuild_finish elapsed=0.000s (step=3800)
WARNING:megatron.core.transformer.moe.recovery_controller:[2026-05-13 18:25:19] BSR-MoE controller: step5 topology_refresh elapsed=0.000s (step=3800)
WARNING:megatron.core.transformer.moe.optimizer_commit_guard:OptimizerCommitGuard: commit BLOCKED (reason=hard_failure_rank_17_step_3800)
WARNING:megatron.core.transformer.moe.recovery_controller:[2026-05-13 18:25:19] BSR-MoE controller: ⏱️  [Phase A] Infrastructure repair COMPLETED (elapsed=0.000s)
WARNING:megatron.core.transformer.moe.bsr_integration:BSR-MoE: optimizer commit blocked for step 3800 (hard failure of rank 17)
WARNING:megatron.core.transformer.moe.recovery_controller:[2026-05-13 18:25:19] BSR-MoE controller: ⏱️  [Phase B] Starting parameter recovery...
WARNING:megatron.core.transformer.moe.recovery_controller:[2026-05-13 18:25:19] BSR-MoE controller: rank 17 HARD FAILURE (step=3800, reason=scheduled_restart_in_place_injection, experts=[16, 17, 18, 19, 20, 21, 22, 23, 24, 25, 26, 27, 28, 29, 30, 31], mid_iteration=False)
WARNING:megatron.core.transformer.moe.bsr_integration:BSR-MoE: entering waiting-for-replacement state (failed_rank=17, step=3800, experts=[16, 17, 18, 19, 20, 21, 22, 23, 24, 25, 26, 27, 28, 29, 30, 31])
WARNING:megatron.core.transformer.moe.bsr_integration:[2026-05-13 18:25:19] BSR-MoE FAULT INJECTION #6: type=restart_in_place, rank=17, step=3800, experts=[16, 17, 18, 19, 20, 21, 22, 23, 24, 25, 26, 27, 28, 29, 30, 31], ep_group=[16, 17, 18, 19, 20, 21, 22, 23]
INFO:megatron.core.transformer.moe.replacement_registry:BSR-MoE replacement: failed_rank=17, replacement_rank=17, NOT_PRESENT → BOOTSTRAPPING (step=3800)
INFO:megatron.core.transformer.moe.recovery_controller:ExpertRecoveryTracker: experts [16, 17, 18, 19, 20, 21, 22, 23, 24, 25, 26, 27, 28, 29, 30, 31] → RECOVERING (step=3800)
WARNING:megatron.core.transformer.moe.replacement_registry:BSR-MoE: replacement announced — failed_rank=17 → replacement_rank=17 (step=3800, reason='')
WARNING:megatron.core.transformer.moe.recovery_controller:[2026-05-13 18:25:19] BSR-MoE controller: rank 17 HARD FAILURE (step=3800, reason=scheduled_restart_in_place_injection, experts=[16, 17, 18, 19, 20, 21, 22, 23, 24, 25, 26, 27, 28, 29, 30, 31], mid_iteration=False)
WARNING:megatron.core.transformer.moe.recovery_controller:[2026-05-13 18:25:19] BSR-MoE controller: HEALTHY_TRAINING → PENDING_GROUP_REPAIR (event=hard_rank_failure, step=3800)
WARNING:megatron.core.transformer.moe.recovery_controller:[2026-05-13 18:25:19] BSR-MoE controller: PENDING_GROUP_REPAIR → WAITING_FOR_REPLACEMENT (event=replacement_assigned, step=3800)
INFO:megatron.core.transformer.moe.recovery_controller:ExpertRecoveryTracker: experts [16, 17, 18, 19, 20, 21, 22, 23, 24, 25, 26, 27, 28, 29, 30, 31] → RECOVERING (step=3800)
WARNING:megatron.core.transformer.moe.optimizer_commit_guard:OptimizerCommitGuard: commit BLOCKED (reason=hard_failure_rank_17_step_3800)
WARNING:megatron.core.transformer.moe.recovery_controller:[2026-05-13 18:25:19] BSR-MoE controller: replacement ready — failed_rank=17 (step=3800)
WARNING:megatron.core.transformer.moe.bsr_integration:BSR-MoE: optimizer commit blocked for step 3800 (hard failure of rank 17)
WARNING:megatron.core.transformer.moe.recovery_controller:[2026-05-13 18:25:19] BSR-MoE controller: replacement assigned — failed_rank=17, replacement_rank=17 (step=3800)
WARNING:megatron.core.transformer.moe.recovery_controller:[2026-05-13 18:25:19] BSR-MoE controller: WAITING_FOR_REPLACEMENT → SAFE_POINT_REPAIR (event=replacement_ready, step=3800)
WARNING:megatron.core.transformer.moe.bsr_integration:BSR-MoE: entering waiting-for-replacement state (failed_rank=17, step=3800, experts=[16, 17, 18, 19, 20, 21, 22, 23, 24, 25, 26, 27, 28, 29, 30, 31])
WARNING:megatron.core.transformer.moe.recovery_controller:[2026-05-13 18:25:19] BSR-MoE controller: rank 17 HARD FAILURE (step=3800, reason=scheduled_restart_in_place_injection, experts=[16, 17, 18, 19, 20, 21, 22, 23, 24, 25, 26, 27, 28, 29, 30, 31], mid_iteration=False)
WARNING:megatron.core.transformer.moe.recovery_controller:BSR-MoE controller: restart-in-place fast path for rank 17 (replacement=self, step=3800)
WARNING:megatron.core.transformer.moe.optimizer_commit_guard:OptimizerCommitGuard: commit BLOCKED (reason=hard_failure_rank_17_step_3800)
WARNING:megatron.core.transformer.moe.bsr_integration:BSR-MoE: optimizer commit blocked for step 3800 (hard failure of rank 17)
WARNING:megatron.core.transformer.moe.bsr_integration:[2026-05-13 18:25:19] BSR-MoE FAULT INJECTION: next periodic fault scheduled at step 3840 (interval=40, total_injections=6)
INFO:megatron.core.transformer.moe.recovery_controller:ExpertRecoveryTracker: experts [16, 17, 18, 19, 20, 21, 22, 23, 24, 25, 26, 27, 28, 29, 30, 31] → RECOVERING (step=3800)
WARNING:megatron.core.transformer.moe.bsr_integration:BSR-MoE: entering waiting-for-replacement state (failed_rank=17, step=3800, experts=[16, 17, 18, 19, 20, 21, 22, 23, 24, 25, 26, 27, 28, 29, 30, 31])
INFO:megatron.core.transformer.moe.replacement_registry:BSR-MoE replacement: failed_rank=17, replacement_rank=17, NOT_PRESENT → BOOTSTRAPPING (step=3800)
WARNING:megatron.core.transformer.moe.recovery_controller:[2026-05-13 18:25:19] BSR-MoE controller: HEALTHY_TRAINING → PENDING_GROUP_REPAIR (event=hard_rank_failure, step=3800)
WARNING:megatron.core.transformer.moe.recovery_controller:[2026-05-13 18:25:19] BSR-MoE controller: ⏱️  START safe-point repair at step 3800 (failed=17, replacement=17)
WARNING:megatron.core.transformer.moe.replacement_registry:BSR-MoE: replacement announced — failed_rank=17 → replacement_rank=17 (step=3800, reason='')
WARNING:megatron.core.transformer.moe.recovery_controller:[2026-05-13 18:25:19] BSR-MoE controller: ⏱️  [Phase A] Starting infrastructure repair...
WARNING:megatron.core.transformer.moe.recovery_controller:[2026-05-13 18:25:19] BSR-MoE controller: PENDING_GROUP_REPAIR → WAITING_FOR_REPLACEMENT (event=replacement_assigned, step=3800)
WARNING:megatron.core.transformer.moe.optimizer_commit_guard:OptimizerCommitGuard: commit BLOCKED (reason=hard_failure_rank_17_step_3800)
WARNING:megatron.core.transformer.moe.recovery_controller:[2026-05-13 18:25:19] BSR-MoE controller: replacement assigned — failed_rank=17, replacement_rank=17 (step=3800)
WARNING:megatron.core.transformer.moe.recovery_controller:[2026-05-13 18:25:19] BSR-MoE controller: replacement ready — failed_rank=17 (step=3800)
WARNING:megatron.core.transformer.moe.recovery_controller:[2026-05-13 18:25:19] BSR-MoE controller: HEALTHY_TRAINING → PENDING_GROUP_REPAIR (event=hard_rank_failure, step=3800)
WARNING:megatron.core.transformer.moe.bsr_integration:BSR-MoE: optimizer commit blocked for step 3800 (hard failure of rank 17)
WARNING:megatron.core.transformer.moe.recovery_controller:[2026-05-13 18:25:19] BSR-MoE controller: WAITING_FOR_REPLACEMENT → SAFE_POINT_REPAIR (event=replacement_ready, step=3800)
WARNING:megatron.core.transformer.moe.bsr_integration:BSR-MoE: entering waiting-for-replacement state (failed_rank=17, step=3800, experts=[16, 17, 18, 19, 20, 21, 22, 23, 24, 25, 26, 27, 28, 29, 30, 31])
WARNING:megatron.core.transformer.moe.recovery_controller:BSR-MoE controller: restart-in-place fast path for rank 17 (replacement=self, step=3800)
INFO:megatron.core.transformer.moe.replacement_registry:BSR-MoE replacement: failed_rank=17, replacement_rank=17, BOOTSTRAPPING → READY_FOR_REPAIR (step=3800)
WARNING:megatron.core.transformer.moe.bsr_integration:[2026-05-13 18:25:19] BSR-MoE FAULT INJECTION: next periodic fault scheduled at step 3840 (interval=40, total_injections=6)
WARNING:megatron.core.transformer.moe.recovery_controller:[2026-05-13 18:25:19] BSR-MoE controller: replacement assigned — failed_rank=17, replacement_rank=17 (step=3800)
INFO:megatron.core.transformer.moe.replacement_registry:BSR-MoE replacement: failed_rank=17, replacement_rank=17, READY_FOR_REPAIR → INTEGRATED (step=3800)
INFO:megatron.core.transformer.moe.replacement_registry:BSR-MoE replacement: failed_rank=17, replacement_rank=17, NOT_PRESENT → BOOTSTRAPPING (step=3800)
WARNING:megatron.core.transformer.moe.recovery_controller:[2026-05-13 18:25:19] BSR-MoE controller: ⏱️  START safe-point repair at step 3800 (failed=17, replacement=17)
WARNING:megatron.core.transformer.moe.replacement_registry:BSR-MoE: replacement announced — failed_rank=17 → replacement_rank=17 (step=3800, reason='')
WARNING:megatron.core.transformer.moe.replacement_registry:BSR-MoE: replacement INTEGRATED — failed_rank=17, replacement_rank=17 (step=3800)
WARNING:megatron.core.transformer.moe.recovery_controller:[2026-05-13 18:25:19] BSR-MoE controller: ⏱️  [Phase A] Starting infrastructure repair...
WARNING:megatron.core.transformer.moe.recovery_controller:[2026-05-13 18:25:19] BSR-MoE controller: HEALTHY_TRAINING → PENDING_GROUP_REPAIR (event=hard_rank_failure, step=3800)
WARNING:megatron.core.transformer.moe.recovery_controller:[2026-05-13 18:25:19] BSR-MoE controller: step1 replacement_integrate elapsed=0.000s (step=3800)
WARNING:megatron.core.transformer.moe.recovery_controller:[2026-05-13 18:25:19] BSR-MoE controller: PENDING_GROUP_REPAIR → WAITING_FOR_REPLACEMENT (event=replacement_assigned, step=3800)
WARNING:megatron.core.transformer.moe.recovery_controller:[2026-05-13 18:25:19] BSR-MoE controller: step2 group_rebuild_request elapsed=0.000s (step=3800)
WARNING:megatron.core.transformer.moe.recovery_controller:[2026-05-13 18:25:19] BSR-MoE controller: replacement ready — failed_rank=17 (step=3800)
INFO:megatron.core.transformer.moe.replacement_registry:BSR-MoE replacement: failed_rank=17, replacement_rank=17, NOT_PRESENT → BOOTSTRAPPING (step=3800)
WARNING:megatron.core.transformer.moe.recovery_controller:[2026-05-13 18:25:19] BSR-MoE controller: step3 group_rebuild_execute elapsed=0.000s (step=3800)
INFO:megatron.core.transformer.moe.replacement_registry:BSR-MoE replacement: failed_rank=17, replacement_rank=17, BOOTSTRAPPING → READY_FOR_REPAIR (step=3800)
WARNING:megatron.core.transformer.moe.recovery_controller:[2026-05-13 18:25:19] BSR-MoE controller: replacement assigned — failed_rank=17, replacement_rank=17 (step=3800)
WARNING:megatron.core.transformer.moe.replacement_registry:BSR-MoE: replacement announced — failed_rank=17 → replacement_rank=17 (step=3800, reason='')
WARNING:megatron.core.transformer.moe.recovery_controller:[2026-05-13 18:25:19] BSR-MoE controller: WAITING_FOR_REPLACEMENT → SAFE_POINT_REPAIR (event=replacement_ready, step=3800)
INFO:megatron.core.transformer.moe.replacement_registry:BSR-MoE replacement: failed_rank=17, replacement_rank=17, READY_FOR_REPAIR → INTEGRATED (step=3800)
WARNING:megatron.core.transformer.moe.recovery_controller:[2026-05-13 18:25:19] BSR-MoE controller: step4 group_rebuild_finish elapsed=0.000s (step=3800)
WARNING:megatron.core.transformer.moe.recovery_controller:BSR-MoE controller: restart-in-place fast path for rank 17 (replacement=self, step=3800)
WARNING:megatron.core.transformer.moe.replacement_registry:BSR-MoE: replacement INTEGRATED — failed_rank=17, replacement_rank=17 (step=3800)
WARNING:megatron.core.transformer.moe.recovery_controller:[2026-05-13 18:25:19] BSR-MoE controller: PENDING_GROUP_REPAIR → WAITING_FOR_REPLACEMENT (event=replacement_assigned, step=3800)
WARNING:megatron.core.transformer.moe.bsr_integration:[2026-05-13 18:25:19] BSR-MoE FAULT INJECTION: next periodic fault scheduled at step 3840 (interval=40, total_injections=6)
WARNING:megatron.core.transformer.moe.recovery_controller:[2026-05-13 18:25:19] BSR-MoE controller: step5 topology_refresh elapsed=0.000s (step=3800)
WARNING:megatron.core.transformer.moe.recovery_controller:[2026-05-13 18:25:19] BSR-MoE controller: step1 replacement_integrate elapsed=0.000s (step=3800)
WARNING:megatron.core.transformer.moe.recovery_controller:[2026-05-13 18:25:19] BSR-MoE controller: ⏱️  [Phase A] Infrastructure repair COMPLETED (elapsed=0.000s)
WARNING:megatron.core.transformer.moe.recovery_controller:[2026-05-13 18:25:19] BSR-MoE controller: replacement ready — failed_rank=17 (step=3800)
WARNING:megatron.core.transformer.moe.recovery_controller:[2026-05-13 18:25:19] BSR-MoE controller: step2 group_rebuild_request elapsed=0.000s (step=3800)
WARNING:megatron.core.transformer.moe.recovery_controller:[2026-05-13 18:25:19] BSR-MoE controller: ⏱️  [Phase B] Starting parameter recovery...
WARNING:megatron.core.transformer.moe.recovery_controller:[2026-05-13 18:25:19] BSR-MoE controller: ⏱️  START safe-point repair at step 3800 (failed=17, replacement=17)
WARNING:megatron.core.transformer.moe.recovery_controller:[2026-05-13 18:25:19] BSR-MoE controller: step3 group_rebuild_execute elapsed=0.000s (step=3800)
WARNING:megatron.core.transformer.moe.recovery_controller:[2026-05-13 18:25:19] BSR-MoE controller: WAITING_FOR_REPLACEMENT → SAFE_POINT_REPAIR (event=replacement_ready, step=3800)
INFO:megatron.core.transformer.moe.replacement_registry:BSR-MoE replacement: failed_rank=17, replacement_rank=17, NOT_PRESENT → BOOTSTRAPPING (step=3800)
WARNING:megatron.core.transformer.moe.recovery_controller:[2026-05-13 18:25:19] BSR-MoE controller: ⏱️  [Phase A] Starting infrastructure repair...
WARNING:megatron.core.transformer.moe.recovery_controller:BSR-MoE controller: restart-in-place fast path for rank 17 (replacement=self, step=3800)
WARNING:megatron.core.transformer.moe.recovery_controller:[2026-05-13 18:25:19] BSR-MoE controller: step4 group_rebuild_finish elapsed=0.000s (step=3800)
WARNING:megatron.core.transformer.moe.replacement_registry:BSR-MoE: replacement announced — failed_rank=17 → replacement_rank=17 (step=3800, reason='')
WARNING:megatron.core.transformer.moe.recovery_controller:[2026-05-13 18:25:19] BSR-MoE controller: step5 topology_refresh elapsed=0.000s (step=3800)
WARNING:megatron.core.transformer.moe.bsr_integration:[2026-05-13 18:25:19] BSR-MoE FAULT INJECTION: next periodic fault scheduled at step 3840 (interval=40, total_injections=6)
WARNING:megatron.core.transformer.moe.recovery_controller:[2026-05-13 18:25:19] BSR-MoE controller: ⏱️  [Phase A] Infrastructure repair COMPLETED (elapsed=0.000s)
WARNING:megatron.core.transformer.moe.recovery_controller:[2026-05-13 18:25:19] BSR-MoE controller: PENDING_GROUP_REPAIR → WAITING_FOR_REPLACEMENT (event=replacement_assigned, step=3800)
INFO:megatron.core.transformer.moe.replacement_registry:BSR-MoE replacement: failed_rank=17, replacement_rank=17, BOOTSTRAPPING → READY_FOR_REPAIR (step=3800)
WARNING:megatron.core.transformer.moe.recovery_controller:[2026-05-13 18:25:19] BSR-MoE controller: ⏱️  [Phase B] Starting parameter recovery...
WARNING:megatron.core.transformer.moe.recovery_controller:[2026-05-13 18:25:19] BSR-MoE controller: ⏱️  START safe-point repair at step 3800 (failed=17, replacement=17)
INFO:megatron.core.transformer.moe.replacement_registry:BSR-MoE replacement: failed_rank=17, replacement_rank=17, READY_FOR_REPAIR → INTEGRATED (step=3800)
WARNING:megatron.core.transformer.moe.recovery_controller:[2026-05-13 18:25:19] BSR-MoE controller: replacement ready — failed_rank=17 (step=3800)
WARNING:megatron.core.transformer.moe.replacement_registry:BSR-MoE: replacement INTEGRATED — failed_rank=17, replacement_rank=17 (step=3800)
WARNING:megatron.core.transformer.moe.recovery_controller:[2026-05-13 18:25:19] BSR-MoE controller: ⏱️  [Phase A] Starting infrastructure repair...
WARNING:megatron.core.transformer.moe.recovery_controller:[2026-05-13 18:25:19] BSR-MoE controller: WAITING_FOR_REPLACEMENT → SAFE_POINT_REPAIR (event=replacement_ready, step=3800)
WARNING:megatron.core.transformer.moe.recovery_controller:[2026-05-13 18:25:19] BSR-MoE controller: step1 replacement_integrate elapsed=0.000s (step=3800)
WARNING:megatron.core.transformer.moe.recovery_controller:BSR-MoE controller: restart-in-place fast path for rank 17 (replacement=self, step=3800)
WARNING:megatron.core.transformer.moe.recovery_controller:[2026-05-13 18:25:19] BSR-MoE controller: step2 group_rebuild_request elapsed=0.000s (step=3800)
WARNING:megatron.core.transformer.moe.bsr_integration:[2026-05-13 18:25:19] BSR-MoE FAULT INJECTION: next periodic fault scheduled at step 3840 (interval=40, total_injections=6)
INFO:megatron.core.transformer.moe.replacement_registry:BSR-MoE replacement: failed_rank=17, replacement_rank=17, BOOTSTRAPPING → READY_FOR_REPAIR (step=3800)
WARNING:megatron.core.transformer.moe.recovery_controller:[2026-05-13 18:25:19] BSR-MoE controller: step3 group_rebuild_execute elapsed=0.000s (step=3800)
WARNING:megatron.core.transformer.moe.recovery_controller:[2026-05-13 18:25:19] BSR-MoE controller: step4 group_rebuild_finish elapsed=0.000s (step=3800)
INFO:megatron.core.transformer.moe.replacement_registry:BSR-MoE replacement: failed_rank=17, replacement_rank=17, READY_FOR_REPAIR → INTEGRATED (step=3800)
WARNING:megatron.core.transformer.moe.recovery_controller:[2026-05-13 18:25:19] BSR-MoE controller: ⏱️  START safe-point repair at step 3800 (failed=17, replacement=17)
WARNING:megatron.core.transformer.moe.recovery_controller:[2026-05-13 18:25:19] BSR-MoE controller: step5 topology_refresh elapsed=0.000s (step=3800)
WARNING:megatron.core.transformer.moe.replacement_registry:BSR-MoE: replacement INTEGRATED — failed_rank=17, replacement_rank=17 (step=3800)
WARNING:megatron.core.transformer.moe.recovery_controller:[2026-05-13 18:25:19] BSR-MoE controller: ⏱️  [Phase A] Infrastructure repair COMPLETED (elapsed=0.000s)
WARNING:megatron.core.transformer.moe.recovery_controller:[2026-05-13 18:25:19] BSR-MoE controller: ⏱️  [Phase A] Starting infrastructure repair...
WARNING:megatron.core.transformer.moe.recovery_controller:[2026-05-13 18:25:19] BSR-MoE controller: step1 replacement_integrate elapsed=0.000s (step=3800)
WARNING:megatron.core.transformer.moe.recovery_controller:[2026-05-13 18:25:19] BSR-MoE controller: ⏱️  [Phase B] Starting parameter recovery...
WARNING:megatron.core.transformer.moe.recovery_controller:[2026-05-13 18:25:19] BSR-MoE controller: step2 group_rebuild_request elapsed=0.000s (step=3800)
WARNING:megatron.core.transformer.moe.recovery_controller:[2026-05-13 18:25:19] BSR-MoE controller: step3 group_rebuild_execute elapsed=0.000s (step=3800)
INFO:megatron.core.transformer.moe.replacement_registry:BSR-MoE replacement: failed_rank=17, replacement_rank=17, BOOTSTRAPPING → READY_FOR_REPAIR (step=3800)
WARNING:megatron.core.transformer.moe.recovery_controller:[2026-05-13 18:25:19] BSR-MoE controller: step4 group_rebuild_finish elapsed=0.000s (step=3800)
WARNING:megatron.core.transformer.moe.recovery_controller:[2026-05-13 18:25:19] BSR-MoE controller: step5 topology_refresh elapsed=0.000s (step=3800)
INFO:megatron.core.transformer.moe.replacement_registry:BSR-MoE replacement: failed_rank=17, replacement_rank=17, READY_FOR_REPAIR → INTEGRATED (step=3800)
WARNING:megatron.core.transformer.moe.recovery_controller:[2026-05-13 18:25:19] BSR-MoE controller: ⏱️  [Phase A] Infrastructure repair COMPLETED (elapsed=0.000s)
WARNING:megatron.core.transformer.moe.replacement_registry:BSR-MoE: replacement INTEGRATED — failed_rank=17, replacement_rank=17 (step=3800)
WARNING:megatron.core.transformer.moe.recovery_controller:[2026-05-13 18:25:19] BSR-MoE controller: ⏱️  [Phase B] Starting parameter recovery...
WARNING:megatron.core.transformer.moe.recovery_controller:[2026-05-13 18:25:19] BSR-MoE controller: step1 replacement_integrate elapsed=0.000s (step=3800)
WARNING:megatron.core.transformer.moe.recovery_controller:[2026-05-13 18:25:19] BSR-MoE controller: step2 group_rebuild_request elapsed=0.000s (step=3800)
WARNING:megatron.core.transformer.moe.recovery_controller:[2026-05-13 18:25:19] BSR-MoE controller: step3 group_rebuild_execute elapsed=0.000s (step=3800)
WARNING:megatron.core.transformer.moe.recovery_controller:[2026-05-13 18:25:19] BSR-MoE controller: step4 group_rebuild_finish elapsed=0.000s (step=3800)
WARNING:megatron.core.transformer.moe.recovery_controller:[2026-05-13 18:25:19] BSR-MoE controller: step5 topology_refresh elapsed=0.000s (step=3800)
WARNING:megatron.core.transformer.moe.recovery_controller:[2026-05-13 18:25:19] BSR-MoE controller: ⏱️  [Phase A] Infrastructure repair COMPLETED (elapsed=0.000s)
WARNING:megatron.core.transformer.moe.recovery_controller:[2026-05-13 18:25:19] BSR-MoE controller: ⏱️  [Phase B] Starting parameter recovery...
INFO:megatron.core.transformer.moe.bsr_integration:BSR-MoE: found latest checkpoint with BSR manifest at /mnt/ais-c1/dataset/zds/5.12/bsr/iter_0003800 (step=3800)
INFO:megatron.core.transformer.moe.bsr_integration:BSR-MoE: found latest checkpoint with BSR manifest at /mnt/ais-c1/dataset/zds/5.12/bsr/iter_0003800 (step=3800)
INFO:megatron.core.transformer.moe.bsr_integration:BSR-MoE: found latest checkpoint with BSR manifest at /mnt/ais-c1/dataset/zds/5.12/bsr/iter_0003800 (step=3800)
INFO:megatron.core.transformer.moe.bsr_integration:BSR-MoE: found latest checkpoint with BSR manifest at /mnt/ais-c1/dataset/zds/5.12/bsr/iter_0003800 (step=3800)
INFO:megatron.core.transformer.moe.bsr_integration:BSR-MoE: found latest checkpoint with BSR manifest at /mnt/ais-c1/dataset/zds/5.12/bsr/iter_0003800 (step=3800)
INFO:megatron.core.transformer.moe.bsr_integration:BSR-MoE: found latest checkpoint with BSR manifest at /mnt/ais-c1/dataset/zds/5.12/bsr/iter_0003800 (step=3800)
INFO:megatron.core.transformer.moe.bsr_integration:BSR-MoE: found latest checkpoint with BSR manifest at /mnt/ais-c1/dataset/zds/5.12/bsr/iter_0003800 (step=3800)
INFO:megatron.core.transformer.moe.bsr_integration:BSR-MoE: found latest checkpoint with BSR manifest at /mnt/ais-c1/dataset/zds/5.12/bsr/iter_0003800 (step=3800)
WARNING:megatron.core.transformer.moe.recovery_controller:[2026-05-13 18:25:19] BSR-MoE controller: HYBRID_RECOVERY path — dense from DP peer, experts from checkpoint (step=3800, failed=17, replacement=17)
WARNING:megatron.core.transformer.moe.recovery_controller:[2026-05-13 18:25:19] BSR-MoE controller: HYBRID_RECOVERY path — dense from DP peer, experts from checkpoint (step=3800, failed=17, replacement=17)
WARNING:megatron.core.transformer.moe.recovery_controller:[2026-05-13 18:25:19] BSR-MoE controller: dense_sync elapsed=0.000s (step=3800)
WARNING:megatron.core.transformer.moe.recovery_controller:[2026-05-13 18:25:19] BSR-MoE controller: expert_restore (sync weights, deferred optimizer) elapsed=0.000s (step=3800)
WARNING:megatron.core.transformer.moe.recovery_controller:[2026-05-13 18:25:19] BSR-MoE controller: dense_sync elapsed=0.000s (step=3800)
WARNING:megatron.core.transformer.moe.recovery_controller:[2026-05-13 18:25:19] BSR-MoE controller: ⏱️  [Phase B] Parameter recovery COMPLETED (path=HYBRID_RECOVERY, elapsed=0.172s)
WARNING:megatron.core.transformer.moe.recovery_controller:[2026-05-13 18:25:19] BSR-MoE controller: expert_restore (sync weights, deferred optimizer) elapsed=0.000s (step=3800)
WARNING:megatron.core.transformer.moe.recovery_controller:[2026-05-13 18:25:19] BSR-MoE controller: ⏱️  [Phase B] Parameter recovery COMPLETED (path=HYBRID_RECOVERY, elapsed=0.171s)
INFO:megatron.core.transformer.moe.bsr_integration:BSR-MoE post-recovery convergence: views consistent after HYBRID_RECOVERY path (step=3800)
WARNING:megatron.core.transformer.moe.recovery_controller:[2026-05-13 18:25:19] BSR-MoE controller: HYBRID_RECOVERY path — dense from DP peer, experts from checkpoint (step=3800, failed=17, replacement=17)
WARNING:megatron.core.transformer.moe.recovery_controller:[2026-05-13 18:25:19] BSR-MoE controller: ⏱️  [Phase B→C] Post-recovery convergence completed (path=HYBRID_RECOVERY, elapsed=0.000s, step=3800)
WARNING:megatron.core.transformer.moe.recovery_controller:[2026-05-13 18:25:19] BSR-MoE controller: ⏱️  [Phase C] Starting post-repair...
INFO:megatron.core.transformer.moe.bsr_integration:BSR-MoE post-recovery convergence: views consistent after HYBRID_RECOVERY path (step=3800)
WARNING:megatron.core.transformer.moe.recovery_controller:[2026-05-13 18:25:19] BSR-MoE controller: ⏱️  [Phase B→C] Post-recovery convergence completed (path=HYBRID_RECOVERY, elapsed=0.000s, step=3800)
WARNING:megatron.core.transformer.moe.recovery_controller:[2026-05-13 18:25:19] BSR-MoE controller: dense_sync elapsed=0.000s (step=3800)
WARNING:megatron.core.transformer.moe.recovery_controller:[2026-05-13 18:25:19] BSR-MoE controller: ⏱️  [Phase C] Starting post-repair...
INFO:megatron.core.transformer.moe.reintegration_barrier:BSR-MoE barrier: begin reintegration for rank 17 -> 17 (experts=[16, 17, 18, 19, 20, 21, 22, 23, 24, 25, 26, 27, 28, 29, 30, 31], step=3800)
WARNING:megatron.core.transformer.moe.recovery_controller:[2026-05-13 18:25:19] BSR-MoE controller: expert_restore (sync weights, deferred optimizer) elapsed=0.000s (step=3800)
WARNING:megatron.core.transformer.moe.recovery_controller:[2026-05-13 18:25:19] BSR-MoE controller: ⏱️  [Phase B] Parameter recovery COMPLETED (path=HYBRID_RECOVERY, elapsed=0.172s)
INFO:megatron.core.transformer.moe.reintegration_barrier:BSR-MoE barrier: rank 17 -> REPAIRED_NOT_ROUTED (all preconditions met, step=3800)
INFO:megatron.core.transformer.moe.reintegration_barrier:BSR-MoE barrier: begin reintegration for rank 17 -> 17 (experts=[16, 17, 18, 19, 20, 21, 22, 23, 24, 25, 26, 27, 28, 29, 30, 31], step=3800)
WARNING:megatron.core.transformer.moe.recovery_controller:[2026-05-13 18:25:19] BSR-MoE controller: reintegration barrier initialized for rank 17 (all preconditions marked, step=3800)
WARNING:megatron.core.transformer.moe.recovery_controller:[2026-05-13 18:25:19] BSR-MoE controller: SAFE_POINT_REPAIR → REINTEGRATED (event=safe_point_repair_completed, step=3800)
INFO:megatron.core.transformer.moe.bsr_integration:BSR-MoE post-recovery convergence: views consistent after HYBRID_RECOVERY path (step=3800)
WARNING:megatron.core.transformer.moe.recovery_controller:[2026-05-13 18:25:19] BSR-MoE controller: ⏱️  ✅ SAFE-POINT REPAIR COMPLETED (path=HYBRID_RECOVERY, step=3800, failed=17, replacement=17) | Total=0.173s | Breakdown: PhaseA=0.000s, PhaseB=0.172s, PhaseC=0.000s
INFO:megatron.core.transformer.moe.reintegration_barrier:BSR-MoE barrier: rank 17 -> REPAIRED_NOT_ROUTED (all preconditions met, step=3800)
WARNING:megatron.core.transformer.moe.recovery_controller:[2026-05-13 18:25:19] BSR-MoE controller: ⏱️  [Phase B→C] Post-recovery convergence completed (path=HYBRID_RECOVERY, elapsed=0.000s, step=3800)
WARNING:megatron.core.transformer.moe.recovery_controller:[2026-05-13 18:25:19] BSR-MoE controller: reintegration barrier initialized for rank 17 (all preconditions marked, step=3800)
WARNING:megatron.core.transformer.moe.recovery_controller:[2026-05-13 18:25:19] BSR-MoE controller: ⏱️  [Phase C] Starting post-repair...
WARNING:megatron.core.transformer.moe.recovery_controller:[2026-05-13 18:25:19] BSR-MoE controller: SAFE_POINT_REPAIR → REINTEGRATED (event=safe_point_repair_completed, step=3800)
WARNING:megatron.core.transformer.moe.recovery_controller:[2026-05-13 18:25:19] BSR-MoE controller: ⏱️  ✅ SAFE-POINT REPAIR COMPLETED (path=HYBRID_RECOVERY, step=3800, failed=17, replacement=17) | Total=0.172s | Breakdown: PhaseA=0.000s, PhaseB=0.171s, PhaseC=0.000s
WARNING:megatron.core.transformer.moe.recovery_controller:[2026-05-13 18:25:19] BSR-MoE controller: HYBRID_RECOVERY path — dense from DP peer, experts from checkpoint (step=3800, failed=17, replacement=17)
INFO:megatron.core.transformer.moe.reintegration_barrier:BSR-MoE barrier: begin reintegration for rank 17 -> 17 (experts=[16, 17, 18, 19, 20, 21, 22, 23, 24, 25, 26, 27, 28, 29, 30, 31], step=3800)
INFO:megatron.core.transformer.moe.reintegration_barrier:BSR-MoE barrier: rank 17 -> REPAIRED_NOT_ROUTED (all preconditions met, step=3800)
WARNING:megatron.core.transformer.moe.recovery_controller:[2026-05-13 18:25:19] BSR-MoE controller: reintegration barrier initialized for rank 17 (all preconditions marked, step=3800)
WARNING:megatron.core.transformer.moe.recovery_controller:[2026-05-13 18:25:19] BSR-MoE controller: HYBRID_RECOVERY path — dense from DP peer, experts from checkpoint (step=3800, failed=17, replacement=17)
WARNING:megatron.core.transformer.moe.recovery_controller:[2026-05-13 18:25:19] BSR-MoE controller: dense_sync elapsed=0.000s (step=3800)
WARNING:megatron.core.transformer.moe.recovery_controller:[2026-05-13 18:25:19] BSR-MoE controller: HYBRID_RECOVERY path — dense from DP peer, experts from checkpoint (step=3800, failed=17, replacement=17)
WARNING:megatron.core.transformer.moe.recovery_controller:[2026-05-13 18:25:19] BSR-MoE controller: HYBRID_RECOVERY path — dense from DP peer, experts from checkpoint (step=3800, failed=17, replacement=17)
WARNING:megatron.core.transformer.moe.recovery_controller:[2026-05-13 18:25:19] BSR-MoE controller: SAFE_POINT_REPAIR → REINTEGRATED (event=safe_point_repair_completed, step=3800)
WARNING:megatron.core.transformer.moe.recovery_controller:[2026-05-13 18:25:19] BSR-MoE controller: ⏱️  ✅ SAFE-POINT REPAIR COMPLETED (path=HYBRID_RECOVERY, step=3800, failed=17, replacement=17) | Total=0.173s | Breakdown: PhaseA=0.000s, PhaseB=0.172s, PhaseC=0.000s
WARNING:megatron.core.transformer.moe.recovery_controller:[2026-05-13 18:25:19] BSR-MoE controller: expert_restore (sync weights, deferred optimizer) elapsed=0.000s (step=3800)
WARNING:megatron.core.transformer.moe.recovery_controller:[2026-05-13 18:25:19] BSR-MoE controller: dense_sync elapsed=0.000s (step=3800)
WARNING:megatron.core.transformer.moe.recovery_controller:[2026-05-13 18:25:19] BSR-MoE controller: ⏱️  [Phase B] Parameter recovery COMPLETED (path=HYBRID_RECOVERY, elapsed=0.172s)
WARNING:megatron.core.transformer.moe.recovery_controller:[2026-05-13 18:25:19] BSR-MoE controller: dense_sync elapsed=0.000s (step=3800)
WARNING:megatron.core.transformer.moe.recovery_controller:[2026-05-13 18:25:19] BSR-MoE controller: dense_sync elapsed=0.000s (step=3800)
WARNING:megatron.core.transformer.moe.recovery_controller:[2026-05-13 18:25:19] BSR-MoE controller: expert_restore (sync weights, deferred optimizer) elapsed=0.000s (step=3800)
WARNING:megatron.core.transformer.moe.recovery_controller:[2026-05-13 18:25:19] BSR-MoE controller: expert_restore (sync weights, deferred optimizer) elapsed=0.000s (step=3800)
WARNING:megatron.core.transformer.moe.recovery_controller:[2026-05-13 18:25:19] BSR-MoE controller: ⏱️  [Phase B] Parameter recovery COMPLETED (path=HYBRID_RECOVERY, elapsed=0.173s)
INFO:megatron.core.transformer.moe.bsr_integration:BSR-MoE post-recovery convergence: views consistent after HYBRID_RECOVERY path (step=3800)
WARNING:megatron.core.transformer.moe.recovery_controller:[2026-05-13 18:25:19] BSR-MoE controller: expert_restore (sync weights, deferred optimizer) elapsed=0.000s (step=3800)
WARNING:megatron.core.transformer.moe.recovery_controller:[2026-05-13 18:25:19] BSR-MoE controller: ⏱️  [Phase B] Parameter recovery COMPLETED (path=HYBRID_RECOVERY, elapsed=0.172s)
WARNING:megatron.core.transformer.moe.recovery_controller:[2026-05-13 18:25:19] BSR-MoE controller: ⏱️  [Phase B→C] Post-recovery convergence completed (path=HYBRID_RECOVERY, elapsed=0.000s, step=3800)
WARNING:megatron.core.transformer.moe.recovery_controller:[2026-05-13 18:25:19] BSR-MoE controller: ⏱️  [Phase B] Parameter recovery COMPLETED (path=HYBRID_RECOVERY, elapsed=0.172s)
WARNING:megatron.core.transformer.moe.recovery_controller:[2026-05-13 18:25:19] BSR-MoE controller: ⏱️  [Phase C] Starting post-repair...
INFO:megatron.core.transformer.moe.bsr_integration:BSR-MoE post-recovery convergence: views consistent after HYBRID_RECOVERY path (step=3800)
INFO:megatron.core.transformer.moe.bsr_integration:BSR-MoE post-recovery convergence: views consistent after HYBRID_RECOVERY path (step=3800)
WARNING:megatron.core.transformer.moe.recovery_controller:[2026-05-13 18:25:19] BSR-MoE controller: ⏱️  [Phase B→C] Post-recovery convergence completed (path=HYBRID_RECOVERY, elapsed=0.000s, step=3800)
WARNING:megatron.core.transformer.moe.recovery_controller:[2026-05-13 18:25:19] BSR-MoE controller: ⏱️  [Phase B→C] Post-recovery convergence completed (path=HYBRID_RECOVERY, elapsed=0.000s, step=3800)
INFO:megatron.core.transformer.moe.bsr_integration:BSR-MoE post-recovery convergence: views consistent after HYBRID_RECOVERY path (step=3800)
INFO:megatron.core.transformer.moe.reintegration_barrier:BSR-MoE barrier: begin reintegration for rank 17 -> 17 (experts=[16, 17, 18, 19, 20, 21, 22, 23, 24, 25, 26, 27, 28, 29, 30, 31], step=3800)
WARNING:megatron.core.transformer.moe.recovery_controller:[2026-05-13 18:25:19] BSR-MoE controller: HYBRID_RECOVERY path — dense from DP peer, experts from checkpoint (step=3800, failed=17, replacement=17)
WARNING:megatron.core.transformer.moe.recovery_controller:[2026-05-13 18:25:19] BSR-MoE controller: ⏱️  [Phase C] Starting post-repair...
WARNING:megatron.core.transformer.moe.recovery_controller:[2026-05-13 18:25:19] BSR-MoE controller: ⏱️  [Phase C] Starting post-repair...
WARNING:megatron.core.transformer.moe.recovery_controller:[2026-05-13 18:25:19] BSR-MoE controller: ⏱️  [Phase B→C] Post-recovery convergence completed (path=HYBRID_RECOVERY, elapsed=0.000s, step=3800)
WARNING:megatron.core.transformer.moe.recovery_controller:[2026-05-13 18:25:19] BSR-MoE controller: ⏱️  [Phase C] Starting post-repair...
INFO:megatron.core.transformer.moe.reintegration_barrier:BSR-MoE barrier: rank 17 -> REPAIRED_NOT_ROUTED (all preconditions met, step=3800)
WARNING:megatron.core.transformer.moe.recovery_controller:[2026-05-13 18:25:19] BSR-MoE controller: reintegration barrier initialized for rank 17 (all preconditions marked, step=3800)
INFO:megatron.core.transformer.moe.reintegration_barrier:BSR-MoE barrier: begin reintegration for rank 17 -> 17 (experts=[16, 17, 18, 19, 20, 21, 22, 23, 24, 25, 26, 27, 28, 29, 30, 31], step=3800)
INFO:megatron.core.transformer.moe.reintegration_barrier:BSR-MoE barrier: begin reintegration for rank 17 -> 17 (experts=[16, 17, 18, 19, 20, 21, 22, 23, 24, 25, 26, 27, 28, 29, 30, 31], step=3800)
WARNING:megatron.core.transformer.moe.recovery_controller:[2026-05-13 18:25:19] BSR-MoE controller: SAFE_POINT_REPAIR → REINTEGRATED (event=safe_point_repair_completed, step=3800)
WARNING:megatron.core.transformer.moe.recovery_controller:[2026-05-13 18:25:19] BSR-MoE controller: dense_sync elapsed=0.000s (step=3800)
INFO:megatron.core.transformer.moe.reintegration_barrier:BSR-MoE barrier: begin reintegration for rank 17 -> 17 (experts=[16, 17, 18, 19, 20, 21, 22, 23, 24, 25, 26, 27, 28, 29, 30, 31], step=3800)
WARNING:megatron.core.transformer.moe.recovery_controller:[2026-05-13 18:25:19] BSR-MoE controller: ⏱️  ✅ SAFE-POINT REPAIR COMPLETED (path=HYBRID_RECOVERY, step=3800, failed=17, replacement=17) | Total=0.172s | Breakdown: PhaseA=0.000s, PhaseB=0.172s, PhaseC=0.000s
INFO:megatron.core.transformer.moe.reintegration_barrier:BSR-MoE barrier: rank 17 -> REPAIRED_NOT_ROUTED (all preconditions met, step=3800)
INFO:megatron.core.transformer.moe.reintegration_barrier:BSR-MoE barrier: rank 17 -> REPAIRED_NOT_ROUTED (all preconditions met, step=3800)
WARNING:megatron.core.transformer.moe.recovery_controller:[2026-05-13 18:25:19] BSR-MoE controller: reintegration barrier initialized for rank 17 (all preconditions marked, step=3800)
WARNING:megatron.core.transformer.moe.recovery_controller:[2026-05-13 18:25:19] BSR-MoE controller: reintegration barrier initialized for rank 17 (all preconditions marked, step=3800)
WARNING:megatron.core.transformer.moe.recovery_controller:[2026-05-13 18:25:19] BSR-MoE controller: SAFE_POINT_REPAIR → REINTEGRATED (event=safe_point_repair_completed, step=3800)
INFO:megatron.core.transformer.moe.reintegration_barrier:BSR-MoE barrier: rank 17 -> REPAIRED_NOT_ROUTED (all preconditions met, step=3800)
WARNING:megatron.core.transformer.moe.recovery_controller:[2026-05-13 18:25:19] BSR-MoE controller: SAFE_POINT_REPAIR → REINTEGRATED (event=safe_point_repair_completed, step=3800)
WARNING:megatron.core.transformer.moe.recovery_controller:[2026-05-13 18:25:19] BSR-MoE controller: expert_restore (sync weights, deferred optimizer) elapsed=0.000s (step=3800)
WARNING:megatron.core.transformer.moe.recovery_controller:[2026-05-13 18:25:19] BSR-MoE controller: reintegration barrier initialized for rank 17 (all preconditions marked, step=3800)
WARNING:megatron.core.transformer.moe.recovery_controller:[2026-05-13 18:25:19] BSR-MoE controller: ⏱️  ✅ SAFE-POINT REPAIR COMPLETED (path=HYBRID_RECOVERY, step=3800, failed=17, replacement=17) | Total=0.173s | Breakdown: PhaseA=0.000s, PhaseB=0.172s, PhaseC=0.000s
WARNING:megatron.core.transformer.moe.recovery_controller:[2026-05-13 18:25:19] BSR-MoE controller: ⏱️  ✅ SAFE-POINT REPAIR COMPLETED (path=HYBRID_RECOVERY, step=3800, failed=17, replacement=17) | Total=0.173s | Breakdown: PhaseA=0.000s, PhaseB=0.173s, PhaseC=0.000s
WARNING:megatron.core.transformer.moe.recovery_controller:[2026-05-13 18:25:19] BSR-MoE controller: ⏱️  [Phase B] Parameter recovery COMPLETED (path=HYBRID_RECOVERY, elapsed=0.173s)
WARNING:megatron.core.transformer.moe.recovery_controller:[2026-05-13 18:25:19] BSR-MoE controller: SAFE_POINT_REPAIR → REINTEGRATED (event=safe_point_repair_completed, step=3800)
WARNING:megatron.core.transformer.moe.recovery_controller:[2026-05-13 18:25:19] BSR-MoE controller: ⏱️  ✅ SAFE-POINT REPAIR COMPLETED (path=HYBRID_RECOVERY, step=3800, failed=17, replacement=17) | Total=0.172s | Breakdown: PhaseA=0.000s, PhaseB=0.172s, PhaseC=0.000s
INFO:megatron.core.transformer.moe.bsr_integration:BSR-MoE post-recovery convergence: views consistent after HYBRID_RECOVERY path (step=3800)
WARNING:megatron.core.transformer.moe.recovery_controller:[2026-05-13 18:25:19] BSR-MoE controller: ⏱️  [Phase B→C] Post-recovery convergence completed (path=HYBRID_RECOVERY, elapsed=0.000s, step=3800)
WARNING:megatron.core.transformer.moe.recovery_controller:[2026-05-13 18:25:19] BSR-MoE controller: ⏱️  [Phase C] Starting post-repair...
INFO:megatron.core.transformer.moe.reintegration_barrier:BSR-MoE barrier: begin reintegration for rank 17 -> 17 (experts=[16, 17, 18, 19, 20, 21, 22, 23, 24, 25, 26, 27, 28, 29, 30, 31], step=3800)
INFO:megatron.core.transformer.moe.reintegration_barrier:BSR-MoE barrier: rank 17 -> REPAIRED_NOT_ROUTED (all preconditions met, step=3800)
WARNING:megatron.core.transformer.moe.recovery_controller:[2026-05-13 18:25:19] BSR-MoE controller: reintegration barrier initialized for rank 17 (all preconditions marked, step=3800)
WARNING:megatron.core.transformer.moe.recovery_controller:[2026-05-13 18:25:19] BSR-MoE controller: SAFE_POINT_REPAIR → REINTEGRATED (event=safe_point_repair_completed, step=3800)
WARNING:megatron.core.transformer.moe.recovery_controller:[2026-05-13 18:25:19] BSR-MoE controller: ⏱️  ✅ SAFE-POINT REPAIR COMPLETED (path=HYBRID_RECOVERY, step=3800, failed=17, replacement=17) | Total=0.173s | Breakdown: PhaseA=0.000s, PhaseB=0.173s, PhaseC=0.000s
WARNING:megatron.core.transformer.moe.optimizer_commit_guard:BSR-MoE OptimizerCommitGuard: BLOCKING optimizer.step() at step 3800 — explicitly blocked (reason=hard_failure_rank_17_step_3800)
INFO:megatron.core.transformer.moe.optimizer_commit_guard:BSR-MoE OptimizerCommitGuard: optimizer.step() SKIPPED at step 3800 (reason: iteration_invalidated)
WARNING:megatron.core.transformer.moe.optimizer_commit_guard:BSR-MoE OptimizerCommitGuard: BLOCKING optimizer.step() at step 3800 — explicitly blocked (reason=hard_failure_rank_17_step_3800)
INFO:megatron.core.transformer.moe.optimizer_commit_guard:BSR-MoE OptimizerCommitGuard: optimizer.step() SKIPPED at step 3800 (reason: iteration_invalidated)
WARNING:megatron.core.transformer.moe.optimizer_commit_guard:BSR-MoE OptimizerCommitGuard: BLOCKING optimizer.step() at step 3800 — explicitly blocked (reason=hard_failure_rank_17_step_3800)
INFO:megatron.core.transformer.moe.optimizer_commit_guard:BSR-MoE OptimizerCommitGuard: optimizer.step() SKIPPED at step 3800 (reason: iteration_invalidated)
WARNING:megatron.core.transformer.moe.optimizer_commit_guard:BSR-MoE OptimizerCommitGuard: BLOCKING optimizer.step() at step 3800 — explicitly blocked (reason=hard_failure_rank_17_step_3800)
INFO:megatron.core.transformer.moe.optimizer_commit_guard:BSR-MoE OptimizerCommitGuard: optimizer.step() SKIPPED at step 3800 (reason: iteration_invalidated)
WARNING:megatron.core.transformer.moe.optimizer_commit_guard:BSR-MoE OptimizerCommitGuard: BLOCKING optimizer.step() at step 3800 — explicitly blocked (reason=hard_failure_rank_17_step_3800)
INFO:megatron.core.transformer.moe.optimizer_commit_guard:BSR-MoE OptimizerCommitGuard: optimizer.step() SKIPPED at step 3800 (reason: iteration_invalidated)
WARNING:megatron.core.transformer.moe.optimizer_commit_guard:BSR-MoE OptimizerCommitGuard: BLOCKING optimizer.step() at step 3800 — explicitly blocked (reason=hard_failure_rank_17_step_3800)
WARNING:megatron.core.transformer.moe.optimizer_commit_guard:BSR-MoE OptimizerCommitGuard: BLOCKING optimizer.step() at step 3800 — explicitly blocked (reason=hard_failure_rank_17_step_3800)
INFO:megatron.core.transformer.moe.optimizer_commit_guard:BSR-MoE OptimizerCommitGuard: optimizer.step() SKIPPED at step 3800 (reason: iteration_invalidated)
INFO:megatron.core.transformer.moe.optimizer_commit_guard:BSR-MoE OptimizerCommitGuard: optimizer.step() SKIPPED at step 3800 (reason: iteration_invalidated)
WARNING:megatron.core.transformer.moe.optimizer_commit_guard:BSR-MoE OptimizerCommitGuard: BLOCKING optimizer.step() at step 3800 — explicitly blocked (reason=hard_failure_rank_17_step_3800)
INFO:megatron.core.transformer.moe.optimizer_commit_guard:BSR-MoE OptimizerCommitGuard: optimizer.step() SKIPPED at step 3800 (reason: iteration_invalidated)
 [2026-05-13 18:25:30] iteration     3801/   20000 | consumed samples:       243264 | elapsed time per iteration (ms): 11315.8 | learning rate: 9.256108E-05 | global batch size:    64 | load_balancing_loss: 1.034793E+00 | loss scale: 1.0 | number of skipped iterations:   1 | number of nan iterations:   0 |
WARNING:megatron.core.transformer.moe.reintegration_barrier:BSR-MoE barrier: rank 17 reintegrated at step 3801 (replacement=17, experts=[16, 17, 18, 19, 20, 21, 22, 23, 24, 25, 26, 27, 28, 29, 30, 31])
INFO:megatron.core.transformer.moe.recovery_controller:BSR-MoE controller: barrier reintegration executed for rank 17 at step 3801
WARNING:megatron.core.transformer.moe.reintegration_barrier:BSR-MoE barrier: rank 17 reintegrated at step 3801 (replacement=17, experts=[16, 17, 18, 19, 20, 21, 22, 23, 24, 25, 26, 27, 28, 29, 30, 31])
WARNING:megatron.core.transformer.moe.reintegration_barrier:BSR-MoE barrier: rank 17 reintegrated at step 3801 (replacement=17, experts=[16, 17, 18, 19, 20, 21, 22, 23, 24, 25, 26, 27, 28, 29, 30, 31])
INFO:megatron.core.transformer.moe.recovery_controller:BSR-MoE controller: barrier reintegration executed for rank 17 at step 3801
WARNING:megatron.core.transformer.moe.recovery_controller:[2026-05-13 18:25:30] BSR-MoE controller: REINTEGRATED → HEALTHY_TRAINING (event=reintegration_finalized, step=3801)
INFO:megatron.core.transformer.moe.recovery_controller:BSR-MoE controller: barrier reintegration executed for rank 17 at step 3801
WARNING:megatron.core.transformer.moe.recovery_controller:[2026-05-13 18:25:30] BSR-MoE controller: reintegration finalized at step 3801 (1 recoveries completed)
WARNING:megatron.core.transformer.moe.reintegration_barrier:BSR-MoE barrier: rank 17 reintegrated at step 3801 (replacement=17, experts=[16, 17, 18, 19, 20, 21, 22, 23, 24, 25, 26, 27, 28, 29, 30, 31])
INFO:megatron.core.transformer.moe.recovery_controller:BSR-MoE controller: barrier reintegration executed for rank 17 at step 3801
WARNING:megatron.core.transformer.moe.reintegration_barrier:BSR-MoE barrier: rank 17 reintegrated at step 3801 (replacement=17, experts=[16, 17, 18, 19, 20, 21, 22, 23, 24, 25, 26, 27, 28, 29, 30, 31])
WARNING:megatron.core.transformer.moe.recovery_controller:[2026-05-13 18:25:30] BSR-MoE controller: REINTEGRATED → HEALTHY_TRAINING (event=reintegration_finalized, step=3801)
WARNING:megatron.core.transformer.moe.reintegration_barrier:BSR-MoE barrier: rank 17 reintegrated at step 3801 (replacement=17, experts=[16, 17, 18, 19, 20, 21, 22, 23, 24, 25, 26, 27, 28, 29, 30, 31])
WARNING:megatron.core.transformer.moe.recovery_controller:[2026-05-13 18:25:30] BSR-MoE controller: REINTEGRATED → HEALTHY_TRAINING (event=reintegration_finalized, step=3801)
WARNING:megatron.core.transformer.moe.recovery_controller:[2026-05-13 18:25:30] BSR-MoE controller: reintegration finalized at step 3801 (1 recoveries completed)
INFO:megatron.core.transformer.moe.recovery_controller:BSR-MoE controller: barrier reintegration executed for rank 17 at step 3801
WARNING:megatron.core.transformer.moe.recovery_controller:[2026-05-13 18:25:30] BSR-MoE controller: reintegration finalized at step 3801 (1 recoveries completed)
WARNING:megatron.core.transformer.moe.reintegration_barrier:BSR-MoE barrier: rank 17 reintegrated at step 3801 (replacement=17, experts=[16, 17, 18, 19, 20, 21, 22, 23, 24, 25, 26, 27, 28, 29, 30, 31])
INFO:megatron.core.transformer.moe.recovery_controller:BSR-MoE controller: barrier reintegration executed for rank 17 at step 3801
WARNING:megatron.core.transformer.moe.recovery_controller:[2026-05-13 18:25:30] BSR-MoE controller: REINTEGRATED → HEALTHY_TRAINING (event=reintegration_finalized, step=3801)
INFO:megatron.core.transformer.moe.recovery_controller:BSR-MoE controller: barrier reintegration executed for rank 17 at step 3801
WARNING:megatron.core.transformer.moe.reintegration_barrier:BSR-MoE barrier: rank 17 reintegrated at step 3801 (replacement=17, experts=[16, 17, 18, 19, 20, 21, 22, 23, 24, 25, 26, 27, 28, 29, 30, 31])
WARNING:megatron.core.transformer.moe.recovery_controller:[2026-05-13 18:25:30] BSR-MoE controller: reintegration finalized at step 3801 (1 recoveries completed)
WARNING:megatron.core.transformer.moe.recovery_controller:[2026-05-13 18:25:30] BSR-MoE controller: REINTEGRATED → HEALTHY_TRAINING (event=reintegration_finalized, step=3801)
INFO:megatron.core.transformer.moe.recovery_controller:BSR-MoE controller: barrier reintegration executed for rank 17 at step 3801
WARNING:megatron.core.transformer.moe.recovery_controller:[2026-05-13 18:25:30] BSR-MoE controller: reintegration finalized at step 3801 (1 recoveries completed)
WARNING:megatron.core.transformer.moe.recovery_controller:[2026-05-13 18:25:30] BSR-MoE controller: REINTEGRATED → HEALTHY_TRAINING (event=reintegration_finalized, step=3801)
WARNING:megatron.core.transformer.moe.recovery_controller:[2026-05-13 18:25:30] BSR-MoE controller: reintegration finalized at step 3801 (1 recoveries completed)
WARNING:megatron.core.transformer.moe.recovery_controller:[2026-05-13 18:25:30] BSR-MoE controller: REINTEGRATED → HEALTHY_TRAINING (event=reintegration_finalized, step=3801)
WARNING:megatron.core.transformer.moe.recovery_controller:[2026-05-13 18:25:30] BSR-MoE controller: reintegration finalized at step 3801 (1 recoveries completed)
WARNING:megatron.core.transformer.moe.recovery_controller:[2026-05-13 18:25:30] BSR-MoE controller: REINTEGRATED → HEALTHY_TRAINING (event=reintegration_finalized, step=3801)
WARNING:megatron.core.transformer.moe.recovery_controller:[2026-05-13 18:25:30] BSR-MoE controller: reintegration finalized at step 3801 (1 recoveries completed)
 [2026-05-13 18:25:41] iteration     3802/   20000 | consumed samples:       243328 | elapsed time per iteration (ms): 10604.9 | learning rate: 9.255719E-05 | global batch size:    64 | load_balancing_loss: 1.038270E+00 | lm loss: 3.130818E+00 | loss scale: 1.0 | grad norm: 0.193 | number of skipped iterations:   0 | number of nan iterations:   0 |
 [2026-05-13 18:25:52] iteration     3803/   20000 | consumed samples:       243392 | elapsed time per iteration (ms): 10620.8 | learning rate: 9.255329E-05 | global batch size:    64 | load_balancing_loss: 1.032036E+00 | lm loss: 3.161228E+00 | loss scale: 1.0 | grad norm: 0.193 | number of skipped iterations:   0 | number of nan iterations:   0 |
 [2026-05-13 18:26:02] iteration     3804/   20000 | consumed samples:       243456 | elapsed time per iteration (ms): 10642.7 | learning rate: 9.254940E-05 | global batch size:    64 | load_balancing_loss: 1.033348E+00 | lm loss: 3.101298E+00 | loss scale: 1.0 | grad norm: 0.191 | number of skipped iterations:   0 | number of nan iterations:   0 |
 [2026-05-13 18:26:13] iteration     3805/   20000 | consumed samples:       243520 | elapsed time per iteration (ms): 10614.8 | learning rate: 9.254550E-05 | global batch size:    64 | load_balancing_loss: 1.039368E+00 | lm loss: 3.167373E+00 | loss scale: 1.0 | grad norm: 0.193 | number of skipped iterations:   0 | number of nan iterations:   0 |
 [2026-05-13 18:26:23] iteration     3806/   20000 | consumed samples:       243584 | elapsed time per iteration (ms): 10623.0 | learning rate: 9.254160E-05 | global batch size:    64 | load_balancing_loss: 1.035728E+00 | lm loss: 3.136423E+00 | loss scale: 1.0 | grad norm: 0.192 | number of skipped iterations:   0 | number of nan iterations:   0 |
 [2026-05-13 18:26:34] iteration     3807/   20000 | consumed samples:       243648 | elapsed time per iteration (ms): 10604.0 | learning rate: 9.253770E-05 | global batch size:    64 | load_balancing_loss: 1.035917E+00 | lm loss: 3.140252E+00 | loss scale: 1.0 | grad norm: 0.191 | number of skipped iterations:   0 | number of nan iterations:   0 |
 [2026-05-13 18:26:45] iteration     3808/   20000 | consumed samples:       243712 | elapsed time per iteration (ms): 10597.8 | learning rate: 9.253380E-05 | global batch size:    64 | load_balancing_loss: 1.030639E+00 | lm loss: 3.201059E+00 | loss scale: 1.0 | grad norm: 0.202 | number of skipped iterations:   0 | number of nan iterations:   0 |
 [2026-05-13 18:26:55] iteration     3809/   20000 | consumed samples:       243776 | elapsed time per iteration (ms): 10624.5 | learning rate: 9.252990E-05 | global batch size:    64 | load_balancing_loss: 1.037120E+00 | lm loss: 3.114286E+00 | loss scale: 1.0 | grad norm: 0.190 | number of skipped iterations:   0 | number of nan iterations:   0 |
 [2026-05-13 18:27:06] iteration     3810/   20000 | consumed samples:       243840 | elapsed time per iteration (ms): 10606.0 | learning rate: 9.252600E-05 | global batch size:    64 | load_balancing_loss: 1.040411E+00 | lm loss: 3.122102E+00 | loss scale: 1.0 | grad norm: 0.190 | number of skipped iterations:   0 | number of nan iterations:   0 |
 [2026-05-13 18:27:17] iteration     3811/   20000 | consumed samples:       243904 | elapsed time per iteration (ms): 10634.4 | learning rate: 9.252210E-05 | global batch size:    64 | load_balancing_loss: 1.038941E+00 | lm loss: 3.085636E+00 | loss scale: 1.0 | grad norm: 0.197 | number of skipped iterations:   0 | number of nan iterations:   0 |
 [2026-05-13 18:27:27] iteration     3812/   20000 | consumed samples:       243968 | elapsed time per iteration (ms): 10607.8 | learning rate: 9.251820E-05 | global batch size:    64 | load_balancing_loss: 1.031222E+00 | lm loss: 3.220463E+00 | loss scale: 1.0 | grad norm: 0.196 | number of skipped iterations:   0 | number of nan iterations:   0 |
 [2026-05-13 18:27:38] iteration     3813/   20000 | consumed samples:       244032 | elapsed time per iteration (ms): 10623.4 | learning rate: 9.251429E-05 | global batch size:    64 | load_balancing_loss: 1.039462E+00 | lm loss: 3.080900E+00 | loss scale: 1.0 | grad norm: 0.196 | number of skipped iterations:   0 | number of nan iterations:   0 |
 [2026-05-13 18:27:48] iteration     3814/   20000 | consumed samples:       244096 | elapsed time per iteration (ms): 10621.0 | learning rate: 9.251038E-05 | global batch size:    64 | load_balancing_loss: 1.036482E+00 | lm loss: 3.170867E+00 | loss scale: 1.0 | grad norm: 0.201 | number of skipped iterations:   0 | number of nan iterations:   0 |
 [2026-05-13 18:27:59] iteration     3815/   20000 | consumed samples:       244160 | elapsed time per iteration (ms): 10631.2 | learning rate: 9.250648E-05 | global batch size:    64 | load_balancing_loss: 1.039465E+00 | lm loss: 3.124120E+00 | loss scale: 1.0 | grad norm: 0.200 | number of skipped iterations:   0 | number of nan iterations:   0 |
 [2026-05-13 18:28:10] iteration     3816/   20000 | consumed samples:       244224 | elapsed time per iteration (ms): 10605.1 | learning rate: 9.250257E-05 | global batch size:    64 | load_balancing_loss: 1.037060E+00 | lm loss: 3.091504E+00 | loss scale: 1.0 | grad norm: 0.199 | number of skipped iterations:   0 | number of nan iterations:   0 |
 [2026-05-13 18:28:20] iteration     3817/   20000 | consumed samples:       244288 | elapsed time per iteration (ms): 10586.6 | learning rate: 9.249866E-05 | global batch size:    64 | load_balancing_loss: 1.036078E+00 | lm loss: 3.159383E+00 | loss scale: 1.0 | grad norm: 0.209 | number of skipped iterations:   0 | number of nan iterations:   0 |
 [2026-05-13 18:28:31] iteration     3818/   20000 | consumed samples:       244352 | elapsed time per iteration (ms): 10587.8 | learning rate: 9.249475E-05 | global batch size:    64 | load_balancing_loss: 1.037267E+00 | lm loss: 3.174774E+00 | loss scale: 1.0 | grad norm: 0.215 | number of skipped iterations:   0 | number of nan iterations:   0 |
 [2026-05-13 18:28:41] iteration     3819/   20000 | consumed samples:       244416 | elapsed time per iteration (ms): 10590.8 | learning rate: 9.249085E-05 | global batch size:    64 | load_balancing_loss: 1.035077E+00 | lm loss: 3.144447E+00 | loss scale: 1.0 | grad norm: 0.193 | number of skipped iterations:   0 | number of nan iterations:   0 |
 [2026-05-13 18:28:52] iteration     3820/   20000 | consumed samples:       244480 | elapsed time per iteration (ms): 10605.2 | learning rate: 9.248693E-05 | global batch size:    64 | load_balancing_loss: 1.033804E+00 | lm loss: 3.201333E+00 | loss scale: 1.0 | grad norm: 0.197 | number of skipped iterations:   0 | number of nan iterations:   0 |
 [2026-05-13 18:29:03] iteration     3821/   20000 | consumed samples:       244544 | elapsed time per iteration (ms): 10619.6 | learning rate: 9.248302E-05 | global batch size:    64 | load_balancing_loss: 1.038612E+00 | lm loss: 3.174250E+00 | loss scale: 1.0 | grad norm: 0.189 | number of skipped iterations:   0 | number of nan iterations:   0 |
 [2026-05-13 18:29:13] iteration     3822/   20000 | consumed samples:       244608 | elapsed time per iteration (ms): 10604.9 | learning rate: 9.247911E-05 | global batch size:    64 | load_balancing_loss: 1.032891E+00 | lm loss: 3.103098E+00 | loss scale: 1.0 | grad norm: 0.190 | number of skipped iterations:   0 | number of nan iterations:   0 |
 [2026-05-13 18:29:24] iteration     3823/   20000 | consumed samples:       244672 | elapsed time per iteration (ms): 10602.3 | learning rate: 9.247519E-05 | global batch size:    64 | load_balancing_loss: 1.040578E+00 | lm loss: 3.199562E+00 | loss scale: 1.0 | grad norm: 0.194 | number of skipped iterations:   0 | number of nan iterations:   0 |
 [2026-05-13 18:29:34] iteration     3824/   20000 | consumed samples:       244736 | elapsed time per iteration (ms): 10621.3 | learning rate: 9.247128E-05 | global batch size:    64 | load_balancing_loss: 1.035693E+00 | lm loss: 3.205444E+00 | loss scale: 1.0 | grad norm: 0.195 | number of skipped iterations:   0 | number of nan iterations:   0 |
 [2026-05-13 18:29:45] iteration     3825/   20000 | consumed samples:       244800 | elapsed time per iteration (ms): 10615.1 | learning rate: 9.246737E-05 | global batch size:    64 | load_balancing_loss: 1.036453E+00 | lm loss: 3.237986E+00 | loss scale: 1.0 | grad norm: 0.193 | number of skipped iterations:   0 | number of nan iterations:   0 |
 [2026-05-13 18:29:56] iteration     3826/   20000 | consumed samples:       244864 | elapsed time per iteration (ms): 10621.7 | learning rate: 9.246344E-05 | global batch size:    64 | load_balancing_loss: 1.034575E+00 | lm loss: 3.099761E+00 | loss scale: 1.0 | grad norm: 0.196 | number of skipped iterations:   0 | number of nan iterations:   0 |
 [2026-05-13 18:30:06] iteration     3827/   20000 | consumed samples:       244928 | elapsed time per iteration (ms): 10605.1 | learning rate: 9.245953E-05 | global batch size:    64 | load_balancing_loss: 1.034592E+00 | lm loss: 3.255448E+00 | loss scale: 1.0 | grad norm: 0.191 | number of skipped iterations:   0 | number of nan iterations:   0 |
 [2026-05-13 18:30:17] iteration     3828/   20000 | consumed samples:       244992 | elapsed time per iteration (ms): 10619.0 | learning rate: 9.245562E-05 | global batch size:    64 | load_balancing_loss: 1.034588E+00 | lm loss: 3.098807E+00 | loss scale: 1.0 | grad norm: 0.193 | number of skipped iterations:   0 | number of nan iterations:   0 |
 [2026-05-13 18:30:28] iteration     3829/   20000 | consumed samples:       245056 | elapsed time per iteration (ms): 10605.3 | learning rate: 9.245169E-05 | global batch size:    64 | load_balancing_loss: 1.033680E+00 | lm loss: 3.141635E+00 | loss scale: 1.0 | grad norm: 0.196 | number of skipped iterations:   0 | number of nan iterations:   0 |
 [2026-05-13 18:30:38] iteration     3830/   20000 | consumed samples:       245120 | elapsed time per iteration (ms): 10602.1 | learning rate: 9.244777E-05 | global batch size:    64 | load_balancing_loss: 1.033215E+00 | lm loss: 3.165300E+00 | loss scale: 1.0 | grad norm: 0.193 | number of skipped iterations:   0 | number of nan iterations:   0 |
 [2026-05-13 18:30:49] iteration     3831/   20000 | consumed samples:       245184 | elapsed time per iteration (ms): 10613.0 | learning rate: 9.244385E-05 | global batch size:    64 | load_balancing_loss: 1.038074E+00 | lm loss: 3.171689E+00 | loss scale: 1.0 | grad norm: 0.192 | number of skipped iterations:   0 | number of nan iterations:   0 |
 [2026-05-13 18:30:59] iteration     3832/   20000 | consumed samples:       245248 | elapsed time per iteration (ms): 10601.6 | learning rate: 9.243993E-05 | global batch size:    64 | load_balancing_loss: 1.032440E+00 | lm loss: 3.155242E+00 | loss scale: 1.0 | grad norm: 0.624 | number of skipped iterations:   0 | number of nan iterations:   0 |
 [2026-05-13 18:31:10] iteration     3833/   20000 | consumed samples:       245312 | elapsed time per iteration (ms): 10608.3 | learning rate: 9.243601E-05 | global batch size:    64 | load_balancing_loss: 1.033490E+00 | lm loss: 3.113013E+00 | loss scale: 1.0 | grad norm: 0.189 | number of skipped iterations:   0 | number of nan iterations:   0 |
 [2026-05-13 18:31:21] iteration     3834/   20000 | consumed samples:       245376 | elapsed time per iteration (ms): 10607.5 | learning rate: 9.243208E-05 | global batch size:    64 | load_balancing_loss: 1.030192E+00 | lm loss: 3.201632E+00 | loss scale: 1.0 | grad norm: 0.202 | number of skipped iterations:   0 | number of nan iterations:   0 |
 [2026-05-13 18:31:31] iteration     3835/   20000 | consumed samples:       245440 | elapsed time per iteration (ms): 10607.0 | learning rate: 9.242816E-05 | global batch size:    64 | load_balancing_loss: 1.044948E+00 | lm loss: 3.213264E+00 | loss scale: 1.0 | grad norm: 0.192 | number of skipped iterations:   0 | number of nan iterations:   0 |
 [2026-05-13 18:31:42] iteration     3836/   20000 | consumed samples:       245504 | elapsed time per iteration (ms): 10588.5 | learning rate: 9.242423E-05 | global batch size:    64 | load_balancing_loss: 1.037896E+00 | lm loss: 3.154586E+00 | loss scale: 1.0 | grad norm: 0.192 | number of skipped iterations:   0 | number of nan iterations:   0 |
 [2026-05-13 18:31:52] iteration     3837/   20000 | consumed samples:       245568 | elapsed time per iteration (ms): 10590.0 | learning rate: 9.242031E-05 | global batch size:    64 | load_balancing_loss: 1.035211E+00 | lm loss: 3.068224E+00 | loss scale: 1.0 | grad norm: 0.191 | number of skipped iterations:   0 | number of nan iterations:   0 |
 [2026-05-13 18:32:03] iteration     3838/   20000 | consumed samples:       245632 | elapsed time per iteration (ms): 10639.5 | learning rate: 9.241638E-05 | global batch size:    64 | load_balancing_loss: 1.035760E+00 | lm loss: 3.095259E+00 | loss scale: 1.0 | grad norm: 0.200 | number of skipped iterations:   0 | number of nan iterations:   0 |
 [2026-05-13 18:32:14] iteration     3839/   20000 | consumed samples:       245696 | elapsed time per iteration (ms): 10605.8 | learning rate: 9.241245E-05 | global batch size:    64 | load_balancing_loss: 1.038802E+00 | lm loss: 3.108590E+00 | loss scale: 1.0 | grad norm: 0.210 | number of skipped iterations:   0 | number of nan iterations:   0 |
 [2026-05-13 18:32:24] iteration     3840/   20000 | consumed samples:       245760 | elapsed time per iteration (ms): 10616.1 | learning rate: 9.240852E-05 | global batch size:    64 | load_balancing_loss: 1.036989E+00 | lm loss: 3.152870E+00 | loss scale: 1.0 | grad norm: 0.199 | number of skipped iterations:   0 | number of nan iterations:   0 |
INFO:megatron.core.transformer.moe.bsr_integration:BSR-MoE: checkpoint metadata injected (iteration=3840, phase=HEALTHY_TRAINING)
INFO:megatron.core.transformer.moe.bsr_integration:BSR-MoE: checkpoint metadata injected (iteration=3840, phase=HEALTHY_TRAINING)
INFO:megatron.core.transformer.moe.bsr_integration:BSR-MoE: checkpoint metadata injected (iteration=3840, phase=HEALTHY_TRAINING)
INFO:megatron.core.transformer.moe.bsr_integration:BSR-MoE: checkpoint metadata injected (iteration=3840, phase=HEALTHY_TRAINING)
INFO:megatron.core.transformer.moe.bsr_integration:BSR-MoE: checkpoint metadata injected (iteration=3840, phase=HEALTHY_TRAINING)
INFO:megatron.core.transformer.moe.bsr_integration:BSR-MoE: checkpoint metadata injected (iteration=3840, phase=HEALTHY_TRAINING)
INFO:megatron.core.transformer.moe.bsr_integration:BSR-MoE: checkpoint metadata injected (iteration=3840, phase=HEALTHY_TRAINING)
INFO:megatron.core.transformer.moe.bsr_integration:BSR-MoE: checkpoint metadata injected (iteration=3840, phase=HEALTHY_TRAINING)
(min, max) time across ranks (ms):
    save-checkpoint ................................: (32608.86, 32609.70)
WARNING:megatron.core.transformer.moe.bsr_integration:[2026-05-13 18:32:57] BSR-MoE FAULT INJECTION #7: type=restart_in_place, rank=13, step=3840, experts=[80, 81, 82, 83, 84, 85, 86, 87, 88, 89, 90, 91, 92, 93, 94, 95], ep_group=[8, 9, 10, 11, 12, 13, 14, 15]
WARNING:megatron.core.transformer.moe.recovery_controller:[2026-05-13 18:32:57] BSR-MoE controller: rank 13 HARD FAILURE (step=3840, reason=scheduled_restart_in_place_injection, experts=[80, 81, 82, 83, 84, 85, 86, 87, 88, 89, 90, 91, 92, 93, 94, 95], mid_iteration=False)
INFO:megatron.core.transformer.moe.recovery_controller:ExpertRecoveryTracker: experts [80, 81, 82, 83, 84, 85, 86, 87, 88, 89, 90, 91, 92, 93, 94, 95] → RECOVERING (step=3840)
WARNING:megatron.core.transformer.moe.bsr_integration:[2026-05-13 18:32:57] BSR-MoE FAULT INJECTION #7: type=restart_in_place, rank=13, step=3840, experts=[80, 81, 82, 83, 84, 85, 86, 87, 88, 89, 90, 91, 92, 93, 94, 95], ep_group=[8, 9, 10, 11, 12, 13, 14, 15]
WARNING:megatron.core.transformer.moe.optimizer_commit_guard:OptimizerCommitGuard: commit BLOCKED (reason=hard_failure_rank_13_step_3840)
WARNING:megatron.core.transformer.moe.bsr_integration:BSR-MoE: optimizer commit blocked for step 3840 (hard failure of rank 13)
WARNING:megatron.core.transformer.moe.bsr_integration:BSR-MoE: entering waiting-for-replacement state (failed_rank=13, step=3840, experts=[80, 81, 82, 83, 84, 85, 86, 87, 88, 89, 90, 91, 92, 93, 94, 95])
WARNING:megatron.core.transformer.moe.recovery_controller:[2026-05-13 18:32:57] BSR-MoE controller: HEALTHY_TRAINING → PENDING_GROUP_REPAIR (event=hard_rank_failure, step=3840)
WARNING:megatron.core.transformer.moe.recovery_controller:[2026-05-13 18:32:57] BSR-MoE controller: rank 13 HARD FAILURE (step=3840, reason=scheduled_restart_in_place_injection, experts=[80, 81, 82, 83, 84, 85, 86, 87, 88, 89, 90, 91, 92, 93, 94, 95], mid_iteration=False)
WARNING:megatron.core.transformer.moe.recovery_controller:[2026-05-13 18:32:57] BSR-MoE controller: replacement assigned — failed_rank=13, replacement_rank=13 (step=3840)
INFO:megatron.core.transformer.moe.recovery_controller:ExpertRecoveryTracker: experts [80, 81, 82, 83, 84, 85, 86, 87, 88, 89, 90, 91, 92, 93, 94, 95] → RECOVERING (step=3840)
WARNING:megatron.core.transformer.moe.bsr_integration:[2026-05-13 18:32:57] BSR-MoE FAULT INJECTION #7: type=restart_in_place, rank=13, step=3840, experts=[80, 81, 82, 83, 84, 85, 86, 87, 88, 89, 90, 91, 92, 93, 94, 95], ep_group=[8, 9, 10, 11, 12, 13, 14, 15]
INFO:megatron.core.transformer.moe.replacement_registry:BSR-MoE replacement: failed_rank=13, replacement_rank=13, NOT_PRESENT → BOOTSTRAPPING (step=3840)
WARNING:megatron.core.transformer.moe.replacement_registry:BSR-MoE: replacement announced — failed_rank=13 → replacement_rank=13 (step=3840, reason='')
WARNING:megatron.core.transformer.moe.optimizer_commit_guard:OptimizerCommitGuard: commit BLOCKED (reason=hard_failure_rank_13_step_3840)
WARNING:megatron.core.transformer.moe.bsr_integration:BSR-MoE: optimizer commit blocked for step 3840 (hard failure of rank 13)
WARNING:megatron.core.transformer.moe.recovery_controller:[2026-05-13 18:32:57] BSR-MoE controller: PENDING_GROUP_REPAIR → WAITING_FOR_REPLACEMENT (event=replacement_assigned, step=3840)
WARNING:megatron.core.transformer.moe.bsr_integration:BSR-MoE: entering waiting-for-replacement state (failed_rank=13, step=3840, experts=[80, 81, 82, 83, 84, 85, 86, 87, 88, 89, 90, 91, 92, 93, 94, 95])
WARNING:megatron.core.transformer.moe.recovery_controller:[2026-05-13 18:32:57] BSR-MoE controller: replacement ready — failed_rank=13 (step=3840)
WARNING:megatron.core.transformer.moe.recovery_controller:[2026-05-13 18:32:57] BSR-MoE controller: WAITING_FOR_REPLACEMENT → SAFE_POINT_REPAIR (event=replacement_ready, step=3840)
WARNING:megatron.core.transformer.moe.recovery_controller:[2026-05-13 18:32:57] BSR-MoE controller: rank 13 HARD FAILURE (step=3840, reason=scheduled_restart_in_place_injection, experts=[80, 81, 82, 83, 84, 85, 86, 87, 88, 89, 90, 91, 92, 93, 94, 95], mid_iteration=False)
WARNING:megatron.core.transformer.moe.recovery_controller:BSR-MoE controller: restart-in-place fast path for rank 13 (replacement=self, step=3840)
WARNING:megatron.core.transformer.moe.bsr_integration:[2026-05-13 18:32:57] BSR-MoE FAULT INJECTION: next periodic fault scheduled at step 3880 (interval=40, total_injections=7)
WARNING:megatron.core.transformer.moe.bsr_integration:[2026-05-13 18:32:57] BSR-MoE FAULT INJECTION #7: type=restart_in_place, rank=13, step=3840, experts=[80, 81, 82, 83, 84, 85, 86, 87, 88, 89, 90, 91, 92, 93, 94, 95], ep_group=[8, 9, 10, 11, 12, 13, 14, 15]
WARNING:megatron.core.transformer.moe.recovery_controller:[2026-05-13 18:32:57] BSR-MoE controller: HEALTHY_TRAINING → PENDING_GROUP_REPAIR (event=hard_rank_failure, step=3840)
WARNING:megatron.core.transformer.moe.recovery_controller:[2026-05-13 18:32:57] BSR-MoE controller: ⏱️  START safe-point repair at step 3840 (failed=13, replacement=13)
INFO:megatron.core.transformer.moe.recovery_controller:ExpertRecoveryTracker: experts [80, 81, 82, 83, 84, 85, 86, 87, 88, 89, 90, 91, 92, 93, 94, 95] → RECOVERING (step=3840)
WARNING:megatron.core.transformer.moe.recovery_controller:[2026-05-13 18:32:57] BSR-MoE controller: ⏱️  [Phase A] Starting infrastructure repair...
WARNING:megatron.core.transformer.moe.recovery_controller:[2026-05-13 18:32:57] BSR-MoE controller: replacement assigned — failed_rank=13, replacement_rank=13 (step=3840)
INFO:megatron.core.transformer.moe.replacement_registry:BSR-MoE replacement: failed_rank=13, replacement_rank=13, BOOTSTRAPPING → READY_FOR_REPAIR (step=3840)
WARNING:megatron.core.transformer.moe.optimizer_commit_guard:OptimizerCommitGuard: commit BLOCKED (reason=hard_failure_rank_13_step_3840)
INFO:megatron.core.transformer.moe.replacement_registry:BSR-MoE replacement: failed_rank=13, replacement_rank=13, READY_FOR_REPAIR → INTEGRATED (step=3840)
WARNING:megatron.core.transformer.moe.bsr_integration:BSR-MoE: optimizer commit blocked for step 3840 (hard failure of rank 13)
WARNING:megatron.core.transformer.moe.replacement_registry:BSR-MoE: replacement INTEGRATED — failed_rank=13, replacement_rank=13 (step=3840)
WARNING:megatron.core.transformer.moe.recovery_controller:[2026-05-13 18:32:57] BSR-MoE controller: rank 13 HARD FAILURE (step=3840, reason=scheduled_restart_in_place_injection, experts=[80, 81, 82, 83, 84, 85, 86, 87, 88, 89, 90, 91, 92, 93, 94, 95], mid_iteration=False)
WARNING:megatron.core.transformer.moe.bsr_integration:BSR-MoE: entering waiting-for-replacement state (failed_rank=13, step=3840, experts=[80, 81, 82, 83, 84, 85, 86, 87, 88, 89, 90, 91, 92, 93, 94, 95])
WARNING:megatron.core.transformer.moe.recovery_controller:[2026-05-13 18:32:57] BSR-MoE controller: step1 replacement_integrate elapsed=0.000s (step=3840)
WARNING:megatron.core.transformer.moe.recovery_controller:[2026-05-13 18:32:57] BSR-MoE controller: step2 group_rebuild_request elapsed=0.000s (step=3840)
INFO:megatron.core.transformer.moe.replacement_registry:BSR-MoE replacement: failed_rank=13, replacement_rank=13, NOT_PRESENT → BOOTSTRAPPING (step=3840)
WARNING:megatron.core.transformer.moe.recovery_controller:[2026-05-13 18:32:57] BSR-MoE controller: step3 group_rebuild_execute elapsed=0.000s (step=3840)
WARNING:megatron.core.transformer.moe.replacement_registry:BSR-MoE: replacement announced — failed_rank=13 → replacement_rank=13 (step=3840, reason='')
INFO:megatron.core.transformer.moe.recovery_controller:ExpertRecoveryTracker: experts [80, 81, 82, 83, 84, 85, 86, 87, 88, 89, 90, 91, 92, 93, 94, 95] → RECOVERING (step=3840)
WARNING:megatron.core.transformer.moe.recovery_controller:[2026-05-13 18:32:57] BSR-MoE controller: step4 group_rebuild_finish elapsed=0.000s (step=3840)
WARNING:megatron.core.transformer.moe.bsr_integration:[2026-05-13 18:32:57] BSR-MoE FAULT INJECTION #7: type=restart_in_place, rank=13, step=3840, experts=[80, 81, 82, 83, 84, 85, 86, 87, 88, 89, 90, 91, 92, 93, 94, 95], ep_group=[8, 9, 10, 11, 12, 13, 14, 15]
WARNING:megatron.core.transformer.moe.recovery_controller:[2026-05-13 18:32:57] BSR-MoE controller: step5 topology_refresh elapsed=0.000s (step=3840)
WARNING:megatron.core.transformer.moe.recovery_controller:[2026-05-13 18:32:57] BSR-MoE controller: PENDING_GROUP_REPAIR → WAITING_FOR_REPLACEMENT (event=replacement_assigned, step=3840)
WARNING:megatron.core.transformer.moe.recovery_controller:[2026-05-13 18:32:57] BSR-MoE controller: ⏱️  [Phase A] Infrastructure repair COMPLETED (elapsed=0.000s)
WARNING:megatron.core.transformer.moe.recovery_controller:[2026-05-13 18:32:57] BSR-MoE controller: HEALTHY_TRAINING → PENDING_GROUP_REPAIR (event=hard_rank_failure, step=3840)
WARNING:megatron.core.transformer.moe.recovery_controller:[2026-05-13 18:32:57] BSR-MoE controller: replacement ready — failed_rank=13 (step=3840)
WARNING:megatron.core.transformer.moe.recovery_controller:[2026-05-13 18:32:57] BSR-MoE controller: ⏱️  [Phase B] Starting parameter recovery...
WARNING:megatron.core.transformer.moe.recovery_controller:[2026-05-13 18:32:57] BSR-MoE controller: WAITING_FOR_REPLACEMENT → SAFE_POINT_REPAIR (event=replacement_ready, step=3840)
WARNING:megatron.core.transformer.moe.optimizer_commit_guard:OptimizerCommitGuard: commit BLOCKED (reason=hard_failure_rank_13_step_3840)
WARNING:megatron.core.transformer.moe.recovery_controller:BSR-MoE controller: restart-in-place fast path for rank 13 (replacement=self, step=3840)
WARNING:megatron.core.transformer.moe.bsr_integration:BSR-MoE: optimizer commit blocked for step 3840 (hard failure of rank 13)
WARNING:megatron.core.transformer.moe.recovery_controller:[2026-05-13 18:32:57] BSR-MoE controller: replacement assigned — failed_rank=13, replacement_rank=13 (step=3840)
WARNING:megatron.core.transformer.moe.bsr_integration:[2026-05-13 18:32:57] BSR-MoE FAULT INJECTION: next periodic fault scheduled at step 3880 (interval=40, total_injections=7)
WARNING:megatron.core.transformer.moe.bsr_integration:BSR-MoE: entering waiting-for-replacement state (failed_rank=13, step=3840, experts=[80, 81, 82, 83, 84, 85, 86, 87, 88, 89, 90, 91, 92, 93, 94, 95])
WARNING:megatron.core.transformer.moe.recovery_controller:[2026-05-13 18:32:57] BSR-MoE controller: rank 13 HARD FAILURE (step=3840, reason=scheduled_restart_in_place_injection, experts=[80, 81, 82, 83, 84, 85, 86, 87, 88, 89, 90, 91, 92, 93, 94, 95], mid_iteration=False)
WARNING:megatron.core.transformer.moe.recovery_controller:[2026-05-13 18:32:57] BSR-MoE controller: ⏱️  START safe-point repair at step 3840 (failed=13, replacement=13)
WARNING:megatron.core.transformer.moe.recovery_controller:[2026-05-13 18:32:57] BSR-MoE controller: ⏱️  [Phase A] Starting infrastructure repair...
INFO:megatron.core.transformer.moe.replacement_registry:BSR-MoE replacement: failed_rank=13, replacement_rank=13, NOT_PRESENT → BOOTSTRAPPING (step=3840)
INFO:megatron.core.transformer.moe.recovery_controller:ExpertRecoveryTracker: experts [80, 81, 82, 83, 84, 85, 86, 87, 88, 89, 90, 91, 92, 93, 94, 95] → RECOVERING (step=3840)
WARNING:megatron.core.transformer.moe.replacement_registry:BSR-MoE: replacement announced — failed_rank=13 → replacement_rank=13 (step=3840, reason='')
WARNING:megatron.core.transformer.moe.recovery_controller:[2026-05-13 18:32:57] BSR-MoE controller: HEALTHY_TRAINING → PENDING_GROUP_REPAIR (event=hard_rank_failure, step=3840)
INFO:megatron.core.transformer.moe.replacement_registry:BSR-MoE replacement: failed_rank=13, replacement_rank=13, BOOTSTRAPPING → READY_FOR_REPAIR (step=3840)
WARNING:megatron.core.transformer.moe.recovery_controller:[2026-05-13 18:32:57] BSR-MoE controller: PENDING_GROUP_REPAIR → WAITING_FOR_REPLACEMENT (event=replacement_assigned, step=3840)
INFO:megatron.core.transformer.moe.replacement_registry:BSR-MoE replacement: failed_rank=13, replacement_rank=13, READY_FOR_REPAIR → INTEGRATED (step=3840)
WARNING:megatron.core.transformer.moe.replacement_registry:BSR-MoE: replacement INTEGRATED — failed_rank=13, replacement_rank=13 (step=3840)
WARNING:megatron.core.transformer.moe.recovery_controller:[2026-05-13 18:32:57] BSR-MoE controller: replacement ready — failed_rank=13 (step=3840)
WARNING:megatron.core.transformer.moe.recovery_controller:[2026-05-13 18:32:57] BSR-MoE controller: replacement assigned — failed_rank=13, replacement_rank=13 (step=3840)
WARNING:megatron.core.transformer.moe.optimizer_commit_guard:OptimizerCommitGuard: commit BLOCKED (reason=hard_failure_rank_13_step_3840)
WARNING:megatron.core.transformer.moe.recovery_controller:[2026-05-13 18:32:57] BSR-MoE controller: step1 replacement_integrate elapsed=0.000s (step=3840)
WARNING:megatron.core.transformer.moe.recovery_controller:[2026-05-13 18:32:57] BSR-MoE controller: WAITING_FOR_REPLACEMENT → SAFE_POINT_REPAIR (event=replacement_ready, step=3840)
WARNING:megatron.core.transformer.moe.bsr_integration:BSR-MoE: optimizer commit blocked for step 3840 (hard failure of rank 13)
WARNING:megatron.core.transformer.moe.recovery_controller:[2026-05-13 18:32:57] BSR-MoE controller: step2 group_rebuild_request elapsed=0.000s (step=3840)
WARNING:megatron.core.transformer.moe.bsr_integration:[2026-05-13 18:32:57] BSR-MoE FAULT INJECTION #7: type=restart_in_place, rank=13, step=3840, experts=[80, 81, 82, 83, 84, 85, 86, 87, 88, 89, 90, 91, 92, 93, 94, 95], ep_group=[8, 9, 10, 11, 12, 13, 14, 15]
WARNING:megatron.core.transformer.moe.recovery_controller:BSR-MoE controller: restart-in-place fast path for rank 13 (replacement=self, step=3840)
WARNING:megatron.core.transformer.moe.bsr_integration:BSR-MoE: entering waiting-for-replacement state (failed_rank=13, step=3840, experts=[80, 81, 82, 83, 84, 85, 86, 87, 88, 89, 90, 91, 92, 93, 94, 95])
WARNING:megatron.core.transformer.moe.recovery_controller:[2026-05-13 18:32:57] BSR-MoE controller: step3 group_rebuild_execute elapsed=0.000s (step=3840)
WARNING:megatron.core.transformer.moe.bsr_integration:[2026-05-13 18:32:57] BSR-MoE FAULT INJECTION: next periodic fault scheduled at step 3880 (interval=40, total_injections=7)
WARNING:megatron.core.transformer.moe.recovery_controller:[2026-05-13 18:32:57] BSR-MoE controller: step4 group_rebuild_finish elapsed=0.000s (step=3840)
WARNING:megatron.core.transformer.moe.recovery_controller:[2026-05-13 18:32:57] BSR-MoE controller: step5 topology_refresh elapsed=0.000s (step=3840)
INFO:megatron.core.transformer.moe.replacement_registry:BSR-MoE replacement: failed_rank=13, replacement_rank=13, NOT_PRESENT → BOOTSTRAPPING (step=3840)
WARNING:megatron.core.transformer.moe.recovery_controller:[2026-05-13 18:32:57] BSR-MoE controller: ⏱️  START safe-point repair at step 3840 (failed=13, replacement=13)
WARNING:megatron.core.transformer.moe.recovery_controller:[2026-05-13 18:32:57] BSR-MoE controller: ⏱️  [Phase A] Infrastructure repair COMPLETED (elapsed=0.000s)
WARNING:megatron.core.transformer.moe.replacement_registry:BSR-MoE: replacement announced — failed_rank=13 → replacement_rank=13 (step=3840, reason='')
WARNING:megatron.core.transformer.moe.recovery_controller:[2026-05-13 18:32:57] BSR-MoE controller: ⏱️  [Phase B] Starting parameter recovery...
WARNING:megatron.core.transformer.moe.recovery_controller:[2026-05-13 18:32:57] BSR-MoE controller: ⏱️  [Phase A] Starting infrastructure repair...
WARNING:megatron.core.transformer.moe.bsr_integration:[2026-05-13 18:32:57] BSR-MoE FAULT INJECTION #7: type=restart_in_place, rank=13, step=3840, experts=[80, 81, 82, 83, 84, 85, 86, 87, 88, 89, 90, 91, 92, 93, 94, 95], ep_group=[8, 9, 10, 11, 12, 13, 14, 15]
WARNING:megatron.core.transformer.moe.recovery_controller:[2026-05-13 18:32:57] BSR-MoE controller: PENDING_GROUP_REPAIR → WAITING_FOR_REPLACEMENT (event=replacement_assigned, step=3840)
WARNING:megatron.core.transformer.moe.recovery_controller:[2026-05-13 18:32:57] BSR-MoE controller: HEALTHY_TRAINING → PENDING_GROUP_REPAIR (event=hard_rank_failure, step=3840)
WARNING:megatron.core.transformer.moe.recovery_controller:[2026-05-13 18:32:57] BSR-MoE controller: rank 13 HARD FAILURE (step=3840, reason=scheduled_restart_in_place_injection, experts=[80, 81, 82, 83, 84, 85, 86, 87, 88, 89, 90, 91, 92, 93, 94, 95], mid_iteration=False)
INFO:megatron.core.transformer.moe.replacement_registry:BSR-MoE replacement: failed_rank=13, replacement_rank=13, BOOTSTRAPPING → READY_FOR_REPAIR (step=3840)
WARNING:megatron.core.transformer.moe.recovery_controller:[2026-05-13 18:32:57] BSR-MoE controller: replacement ready — failed_rank=13 (step=3840)
INFO:megatron.core.transformer.moe.replacement_registry:BSR-MoE replacement: failed_rank=13, replacement_rank=13, READY_FOR_REPAIR → INTEGRATED (step=3840)
WARNING:megatron.core.transformer.moe.recovery_controller:[2026-05-13 18:32:57] BSR-MoE controller: WAITING_FOR_REPLACEMENT → SAFE_POINT_REPAIR (event=replacement_ready, step=3840)
WARNING:megatron.core.transformer.moe.replacement_registry:BSR-MoE: replacement INTEGRATED — failed_rank=13, replacement_rank=13 (step=3840)
WARNING:megatron.core.transformer.moe.recovery_controller:BSR-MoE controller: restart-in-place fast path for rank 13 (replacement=self, step=3840)
WARNING:megatron.core.transformer.moe.recovery_controller:[2026-05-13 18:32:57] BSR-MoE controller: replacement assigned — failed_rank=13, replacement_rank=13 (step=3840)
WARNING:megatron.core.transformer.moe.recovery_controller:[2026-05-13 18:32:57] BSR-MoE controller: step1 replacement_integrate elapsed=0.000s (step=3840)
INFO:megatron.core.transformer.moe.recovery_controller:ExpertRecoveryTracker: experts [80, 81, 82, 83, 84, 85, 86, 87, 88, 89, 90, 91, 92, 93, 94, 95] → RECOVERING (step=3840)
WARNING:megatron.core.transformer.moe.bsr_integration:[2026-05-13 18:32:57] BSR-MoE FAULT INJECTION: next periodic fault scheduled at step 3880 (interval=40, total_injections=7)
WARNING:megatron.core.transformer.moe.recovery_controller:[2026-05-13 18:32:57] BSR-MoE controller: step2 group_rebuild_request elapsed=0.000s (step=3840)
WARNING:megatron.core.transformer.moe.recovery_controller:[2026-05-13 18:32:57] BSR-MoE controller: rank 13 HARD FAILURE (step=3840, reason=scheduled_restart_in_place_injection, experts=[80, 81, 82, 83, 84, 85, 86, 87, 88, 89, 90, 91, 92, 93, 94, 95], mid_iteration=False)
WARNING:megatron.core.transformer.moe.recovery_controller:[2026-05-13 18:32:57] BSR-MoE controller: step3 group_rebuild_execute elapsed=0.000s (step=3840)
WARNING:megatron.core.transformer.moe.recovery_controller:[2026-05-13 18:32:57] BSR-MoE controller: ⏱️  START safe-point repair at step 3840 (failed=13, replacement=13)
WARNING:megatron.core.transformer.moe.recovery_controller:[2026-05-13 18:32:57] BSR-MoE controller: step4 group_rebuild_finish elapsed=0.000s (step=3840)
WARNING:megatron.core.transformer.moe.recovery_controller:[2026-05-13 18:32:57] BSR-MoE controller: ⏱️  [Phase A] Starting infrastructure repair...
WARNING:megatron.core.transformer.moe.recovery_controller:[2026-05-13 18:32:57] BSR-MoE controller: step5 topology_refresh elapsed=0.000s (step=3840)
WARNING:megatron.core.transformer.moe.optimizer_commit_guard:OptimizerCommitGuard: commit BLOCKED (reason=hard_failure_rank_13_step_3840)
INFO:megatron.core.transformer.moe.replacement_registry:BSR-MoE replacement: failed_rank=13, replacement_rank=13, NOT_PRESENT → BOOTSTRAPPING (step=3840)
WARNING:megatron.core.transformer.moe.recovery_controller:[2026-05-13 18:32:57] BSR-MoE controller: ⏱️  [Phase A] Infrastructure repair COMPLETED (elapsed=0.000s)
INFO:megatron.core.transformer.moe.recovery_controller:ExpertRecoveryTracker: experts [80, 81, 82, 83, 84, 85, 86, 87, 88, 89, 90, 91, 92, 93, 94, 95] → RECOVERING (step=3840)
WARNING:megatron.core.transformer.moe.bsr_integration:BSR-MoE: optimizer commit blocked for step 3840 (hard failure of rank 13)
WARNING:megatron.core.transformer.moe.replacement_registry:BSR-MoE: replacement announced — failed_rank=13 → replacement_rank=13 (step=3840, reason='')
WARNING:megatron.core.transformer.moe.recovery_controller:[2026-05-13 18:32:57] BSR-MoE controller: ⏱️  [Phase B] Starting parameter recovery...
INFO:megatron.core.transformer.moe.replacement_registry:BSR-MoE replacement: failed_rank=13, replacement_rank=13, BOOTSTRAPPING → READY_FOR_REPAIR (step=3840)
WARNING:megatron.core.transformer.moe.bsr_integration:BSR-MoE: entering waiting-for-replacement state (failed_rank=13, step=3840, experts=[80, 81, 82, 83, 84, 85, 86, 87, 88, 89, 90, 91, 92, 93, 94, 95])
WARNING:megatron.core.transformer.moe.recovery_controller:[2026-05-13 18:32:57] BSR-MoE controller: PENDING_GROUP_REPAIR → WAITING_FOR_REPLACEMENT (event=replacement_assigned, step=3840)
INFO:megatron.core.transformer.moe.replacement_registry:BSR-MoE replacement: failed_rank=13, replacement_rank=13, READY_FOR_REPAIR → INTEGRATED (step=3840)
WARNING:megatron.core.transformer.moe.bsr_integration:[2026-05-13 18:32:57] BSR-MoE FAULT INJECTION #7: type=restart_in_place, rank=13, step=3840, experts=[80, 81, 82, 83, 84, 85, 86, 87, 88, 89, 90, 91, 92, 93, 94, 95], ep_group=[8, 9, 10, 11, 12, 13, 14, 15]
WARNING:megatron.core.transformer.moe.replacement_registry:BSR-MoE: replacement INTEGRATED — failed_rank=13, replacement_rank=13 (step=3840)
WARNING:megatron.core.transformer.moe.optimizer_commit_guard:OptimizerCommitGuard: commit BLOCKED (reason=hard_failure_rank_13_step_3840)
WARNING:megatron.core.transformer.moe.recovery_controller:[2026-05-13 18:32:57] BSR-MoE controller: replacement ready — failed_rank=13 (step=3840)
WARNING:megatron.core.transformer.moe.recovery_controller:[2026-05-13 18:32:57] BSR-MoE controller: step1 replacement_integrate elapsed=0.000s (step=3840)
WARNING:megatron.core.transformer.moe.bsr_integration:BSR-MoE: optimizer commit blocked for step 3840 (hard failure of rank 13)
WARNING:megatron.core.transformer.moe.recovery_controller:[2026-05-13 18:32:57] BSR-MoE controller: WAITING_FOR_REPLACEMENT → SAFE_POINT_REPAIR (event=replacement_ready, step=3840)
WARNING:megatron.core.transformer.moe.recovery_controller:[2026-05-13 18:32:57] BSR-MoE controller: step2 group_rebuild_request elapsed=0.000s (step=3840)
WARNING:megatron.core.transformer.moe.bsr_integration:BSR-MoE: entering waiting-for-replacement state (failed_rank=13, step=3840, experts=[80, 81, 82, 83, 84, 85, 86, 87, 88, 89, 90, 91, 92, 93, 94, 95])
WARNING:megatron.core.transformer.moe.recovery_controller:BSR-MoE controller: restart-in-place fast path for rank 13 (replacement=self, step=3840)
WARNING:megatron.core.transformer.moe.recovery_controller:[2026-05-13 18:32:57] BSR-MoE controller: step3 group_rebuild_execute elapsed=0.000s (step=3840)
WARNING:megatron.core.transformer.moe.recovery_controller:[2026-05-13 18:32:57] BSR-MoE controller: HEALTHY_TRAINING → PENDING_GROUP_REPAIR (event=hard_rank_failure, step=3840)
WARNING:megatron.core.transformer.moe.bsr_integration:[2026-05-13 18:32:57] BSR-MoE FAULT INJECTION: next periodic fault scheduled at step 3880 (interval=40, total_injections=7)
WARNING:megatron.core.transformer.moe.recovery_controller:[2026-05-13 18:32:57] BSR-MoE controller: step4 group_rebuild_finish elapsed=0.000s (step=3840)
WARNING:megatron.core.transformer.moe.recovery_controller:[2026-05-13 18:32:57] BSR-MoE controller: step5 topology_refresh elapsed=0.000s (step=3840)
WARNING:megatron.core.transformer.moe.recovery_controller:[2026-05-13 18:32:57] BSR-MoE controller: ⏱️  [Phase A] Infrastructure repair COMPLETED (elapsed=0.000s)
WARNING:megatron.core.transformer.moe.recovery_controller:[2026-05-13 18:32:57] BSR-MoE controller: ⏱️  START safe-point repair at step 3840 (failed=13, replacement=13)
WARNING:megatron.core.transformer.moe.recovery_controller:[2026-05-13 18:32:57] BSR-MoE controller: replacement assigned — failed_rank=13, replacement_rank=13 (step=3840)
WARNING:megatron.core.transformer.moe.recovery_controller:[2026-05-13 18:32:57] BSR-MoE controller: ⏱️  [Phase B] Starting parameter recovery...
WARNING:megatron.core.transformer.moe.recovery_controller:[2026-05-13 18:32:57] BSR-MoE controller: rank 13 HARD FAILURE (step=3840, reason=scheduled_restart_in_place_injection, experts=[80, 81, 82, 83, 84, 85, 86, 87, 88, 89, 90, 91, 92, 93, 94, 95], mid_iteration=False)
WARNING:megatron.core.transformer.moe.recovery_controller:[2026-05-13 18:32:57] BSR-MoE controller: ⏱️  [Phase A] Starting infrastructure repair...
WARNING:megatron.core.transformer.moe.recovery_controller:[2026-05-13 18:32:57] BSR-MoE controller: HEALTHY_TRAINING → PENDING_GROUP_REPAIR (event=hard_rank_failure, step=3840)
INFO:megatron.core.transformer.moe.replacement_registry:BSR-MoE replacement: failed_rank=13, replacement_rank=13, BOOTSTRAPPING → READY_FOR_REPAIR (step=3840)
WARNING:megatron.core.transformer.moe.recovery_controller:[2026-05-13 18:32:57] BSR-MoE controller: replacement assigned — failed_rank=13, replacement_rank=13 (step=3840)
INFO:megatron.core.transformer.moe.recovery_controller:ExpertRecoveryTracker: experts [80, 81, 82, 83, 84, 85, 86, 87, 88, 89, 90, 91, 92, 93, 94, 95] → RECOVERING (step=3840)
INFO:megatron.core.transformer.moe.replacement_registry:BSR-MoE replacement: failed_rank=13, replacement_rank=13, READY_FOR_REPAIR → INTEGRATED (step=3840)
INFO:megatron.core.transformer.moe.replacement_registry:BSR-MoE replacement: failed_rank=13, replacement_rank=13, NOT_PRESENT → BOOTSTRAPPING (step=3840)
WARNING:megatron.core.transformer.moe.replacement_registry:BSR-MoE: replacement INTEGRATED — failed_rank=13, replacement_rank=13 (step=3840)
WARNING:megatron.core.transformer.moe.replacement_registry:BSR-MoE: replacement announced — failed_rank=13 → replacement_rank=13 (step=3840, reason='')
WARNING:megatron.core.transformer.moe.recovery_controller:[2026-05-13 18:32:57] BSR-MoE controller: step1 replacement_integrate elapsed=0.000s (step=3840)
WARNING:megatron.core.transformer.moe.recovery_controller:[2026-05-13 18:32:57] BSR-MoE controller: PENDING_GROUP_REPAIR → WAITING_FOR_REPLACEMENT (event=replacement_assigned, step=3840)
WARNING:megatron.core.transformer.moe.recovery_controller:[2026-05-13 18:32:57] BSR-MoE controller: step2 group_rebuild_request elapsed=0.000s (step=3840)
WARNING:megatron.core.transformer.moe.optimizer_commit_guard:OptimizerCommitGuard: commit BLOCKED (reason=hard_failure_rank_13_step_3840)
WARNING:megatron.core.transformer.moe.recovery_controller:[2026-05-13 18:32:57] BSR-MoE controller: replacement ready — failed_rank=13 (step=3840)
WARNING:megatron.core.transformer.moe.recovery_controller:[2026-05-13 18:32:57] BSR-MoE controller: step3 group_rebuild_execute elapsed=0.000s (step=3840)
WARNING:megatron.core.transformer.moe.bsr_integration:BSR-MoE: optimizer commit blocked for step 3840 (hard failure of rank 13)
INFO:megatron.core.transformer.moe.replacement_registry:BSR-MoE replacement: failed_rank=13, replacement_rank=13, NOT_PRESENT → BOOTSTRAPPING (step=3840)
WARNING:megatron.core.transformer.moe.recovery_controller:[2026-05-13 18:32:57] BSR-MoE controller: step4 group_rebuild_finish elapsed=0.000s (step=3840)
WARNING:megatron.core.transformer.moe.recovery_controller:[2026-05-13 18:32:57] BSR-MoE controller: WAITING_FOR_REPLACEMENT → SAFE_POINT_REPAIR (event=replacement_ready, step=3840)
WARNING:megatron.core.transformer.moe.bsr_integration:BSR-MoE: entering waiting-for-replacement state (failed_rank=13, step=3840, experts=[80, 81, 82, 83, 84, 85, 86, 87, 88, 89, 90, 91, 92, 93, 94, 95])
WARNING:megatron.core.transformer.moe.replacement_registry:BSR-MoE: replacement announced — failed_rank=13 → replacement_rank=13 (step=3840, reason='')
WARNING:megatron.core.transformer.moe.recovery_controller:[2026-05-13 18:32:57] BSR-MoE controller: step5 topology_refresh elapsed=0.000s (step=3840)
WARNING:megatron.core.transformer.moe.recovery_controller:BSR-MoE controller: restart-in-place fast path for rank 13 (replacement=self, step=3840)
WARNING:megatron.core.transformer.moe.recovery_controller:[2026-05-13 18:32:57] BSR-MoE controller: ⏱️  [Phase A] Infrastructure repair COMPLETED (elapsed=0.000s)
WARNING:megatron.core.transformer.moe.recovery_controller:[2026-05-13 18:32:57] BSR-MoE controller: PENDING_GROUP_REPAIR → WAITING_FOR_REPLACEMENT (event=replacement_assigned, step=3840)
WARNING:megatron.core.transformer.moe.recovery_controller:[2026-05-13 18:32:57] BSR-MoE controller: ⏱️  [Phase B] Starting parameter recovery...
WARNING:megatron.core.transformer.moe.bsr_integration:[2026-05-13 18:32:57] BSR-MoE FAULT INJECTION: next periodic fault scheduled at step 3880 (interval=40, total_injections=7)
WARNING:megatron.core.transformer.moe.recovery_controller:[2026-05-13 18:32:57] BSR-MoE controller: replacement ready — failed_rank=13 (step=3840)
WARNING:megatron.core.transformer.moe.recovery_controller:[2026-05-13 18:32:57] BSR-MoE controller: ⏱️  START safe-point repair at step 3840 (failed=13, replacement=13)
WARNING:megatron.core.transformer.moe.recovery_controller:[2026-05-13 18:32:57] BSR-MoE controller: WAITING_FOR_REPLACEMENT → SAFE_POINT_REPAIR (event=replacement_ready, step=3840)
WARNING:megatron.core.transformer.moe.recovery_controller:[2026-05-13 18:32:57] BSR-MoE controller: HEALTHY_TRAINING → PENDING_GROUP_REPAIR (event=hard_rank_failure, step=3840)
WARNING:megatron.core.transformer.moe.recovery_controller:[2026-05-13 18:32:57] BSR-MoE controller: ⏱️  [Phase A] Starting infrastructure repair...
WARNING:megatron.core.transformer.moe.recovery_controller:BSR-MoE controller: restart-in-place fast path for rank 13 (replacement=self, step=3840)
WARNING:megatron.core.transformer.moe.bsr_integration:[2026-05-13 18:32:57] BSR-MoE FAULT INJECTION: next periodic fault scheduled at step 3880 (interval=40, total_injections=7)
INFO:megatron.core.transformer.moe.replacement_registry:BSR-MoE replacement: failed_rank=13, replacement_rank=13, BOOTSTRAPPING → READY_FOR_REPAIR (step=3840)
WARNING:megatron.core.transformer.moe.recovery_controller:[2026-05-13 18:32:57] BSR-MoE controller: ⏱️  START safe-point repair at step 3840 (failed=13, replacement=13)
WARNING:megatron.core.transformer.moe.recovery_controller:[2026-05-13 18:32:57] BSR-MoE controller: replacement assigned — failed_rank=13, replacement_rank=13 (step=3840)
INFO:megatron.core.transformer.moe.replacement_registry:BSR-MoE replacement: failed_rank=13, replacement_rank=13, READY_FOR_REPAIR → INTEGRATED (step=3840)
WARNING:megatron.core.transformer.moe.recovery_controller:[2026-05-13 18:32:57] BSR-MoE controller: ⏱️  [Phase A] Starting infrastructure repair...
WARNING:megatron.core.transformer.moe.replacement_registry:BSR-MoE: replacement INTEGRATED — failed_rank=13, replacement_rank=13 (step=3840)
WARNING:megatron.core.transformer.moe.recovery_controller:[2026-05-13 18:32:57] BSR-MoE controller: step1 replacement_integrate elapsed=0.000s (step=3840)
WARNING:megatron.core.transformer.moe.recovery_controller:[2026-05-13 18:32:57] BSR-MoE controller: step2 group_rebuild_request elapsed=0.000s (step=3840)
INFO:megatron.core.transformer.moe.replacement_registry:BSR-MoE replacement: failed_rank=13, replacement_rank=13, BOOTSTRAPPING → READY_FOR_REPAIR (step=3840)
WARNING:megatron.core.transformer.moe.recovery_controller:[2026-05-13 18:32:57] BSR-MoE controller: step3 group_rebuild_execute elapsed=0.000s (step=3840)
INFO:megatron.core.transformer.moe.replacement_registry:BSR-MoE replacement: failed_rank=13, replacement_rank=13, READY_FOR_REPAIR → INTEGRATED (step=3840)
WARNING:megatron.core.transformer.moe.recovery_controller:[2026-05-13 18:32:57] BSR-MoE controller: step4 group_rebuild_finish elapsed=0.000s (step=3840)
INFO:megatron.core.transformer.moe.replacement_registry:BSR-MoE replacement: failed_rank=13, replacement_rank=13, NOT_PRESENT → BOOTSTRAPPING (step=3840)
WARNING:megatron.core.transformer.moe.replacement_registry:BSR-MoE: replacement INTEGRATED — failed_rank=13, replacement_rank=13 (step=3840)
WARNING:megatron.core.transformer.moe.recovery_controller:[2026-05-13 18:32:57] BSR-MoE controller: step5 topology_refresh elapsed=0.000s (step=3840)
WARNING:megatron.core.transformer.moe.replacement_registry:BSR-MoE: replacement announced — failed_rank=13 → replacement_rank=13 (step=3840, reason='')
WARNING:megatron.core.transformer.moe.recovery_controller:[2026-05-13 18:32:57] BSR-MoE controller: ⏱️  [Phase A] Infrastructure repair COMPLETED (elapsed=0.000s)
WARNING:megatron.core.transformer.moe.recovery_controller:[2026-05-13 18:32:57] BSR-MoE controller: step1 replacement_integrate elapsed=0.000s (step=3840)
WARNING:megatron.core.transformer.moe.recovery_controller:[2026-05-13 18:32:57] BSR-MoE controller: ⏱️  [Phase B] Starting parameter recovery...
WARNING:megatron.core.transformer.moe.recovery_controller:[2026-05-13 18:32:57] BSR-MoE controller: step2 group_rebuild_request elapsed=0.000s (step=3840)
WARNING:megatron.core.transformer.moe.recovery_controller:[2026-05-13 18:32:57] BSR-MoE controller: PENDING_GROUP_REPAIR → WAITING_FOR_REPLACEMENT (event=replacement_assigned, step=3840)
WARNING:megatron.core.transformer.moe.recovery_controller:[2026-05-13 18:32:57] BSR-MoE controller: step3 group_rebuild_execute elapsed=0.000s (step=3840)
WARNING:megatron.core.transformer.moe.recovery_controller:[2026-05-13 18:32:57] BSR-MoE controller: replacement ready — failed_rank=13 (step=3840)
WARNING:megatron.core.transformer.moe.recovery_controller:[2026-05-13 18:32:57] BSR-MoE controller: step4 group_rebuild_finish elapsed=0.000s (step=3840)
WARNING:megatron.core.transformer.moe.recovery_controller:[2026-05-13 18:32:57] BSR-MoE controller: step5 topology_refresh elapsed=0.000s (step=3840)
WARNING:megatron.core.transformer.moe.recovery_controller:[2026-05-13 18:32:57] BSR-MoE controller: WAITING_FOR_REPLACEMENT → SAFE_POINT_REPAIR (event=replacement_ready, step=3840)
WARNING:megatron.core.transformer.moe.recovery_controller:[2026-05-13 18:32:57] BSR-MoE controller: ⏱️  [Phase A] Infrastructure repair COMPLETED (elapsed=0.000s)
WARNING:megatron.core.transformer.moe.recovery_controller:BSR-MoE controller: restart-in-place fast path for rank 13 (replacement=self, step=3840)
WARNING:megatron.core.transformer.moe.recovery_controller:[2026-05-13 18:32:57] BSR-MoE controller: ⏱️  [Phase B] Starting parameter recovery...
WARNING:megatron.core.transformer.moe.bsr_integration:[2026-05-13 18:32:57] BSR-MoE FAULT INJECTION: next periodic fault scheduled at step 3880 (interval=40, total_injections=7)
WARNING:megatron.core.transformer.moe.recovery_controller:[2026-05-13 18:32:57] BSR-MoE controller: ⏱️  START safe-point repair at step 3840 (failed=13, replacement=13)
WARNING:megatron.core.transformer.moe.recovery_controller:[2026-05-13 18:32:57] BSR-MoE controller: ⏱️  [Phase A] Starting infrastructure repair...
INFO:megatron.core.transformer.moe.replacement_registry:BSR-MoE replacement: failed_rank=13, replacement_rank=13, BOOTSTRAPPING → READY_FOR_REPAIR (step=3840)
INFO:megatron.core.transformer.moe.replacement_registry:BSR-MoE replacement: failed_rank=13, replacement_rank=13, READY_FOR_REPAIR → INTEGRATED (step=3840)
WARNING:megatron.core.transformer.moe.replacement_registry:BSR-MoE: replacement INTEGRATED — failed_rank=13, replacement_rank=13 (step=3840)
WARNING:megatron.core.transformer.moe.recovery_controller:[2026-05-13 18:32:57] BSR-MoE controller: step1 replacement_integrate elapsed=0.000s (step=3840)
WARNING:megatron.core.transformer.moe.recovery_controller:[2026-05-13 18:32:57] BSR-MoE controller: step2 group_rebuild_request elapsed=0.000s (step=3840)
WARNING:megatron.core.transformer.moe.recovery_controller:[2026-05-13 18:32:57] BSR-MoE controller: step3 group_rebuild_execute elapsed=0.000s (step=3840)
WARNING:megatron.core.transformer.moe.recovery_controller:[2026-05-13 18:32:57] BSR-MoE controller: step4 group_rebuild_finish elapsed=0.000s (step=3840)
WARNING:megatron.core.transformer.moe.recovery_controller:[2026-05-13 18:32:57] BSR-MoE controller: step5 topology_refresh elapsed=0.000s (step=3840)
WARNING:megatron.core.transformer.moe.recovery_controller:[2026-05-13 18:32:57] BSR-MoE controller: ⏱️  [Phase A] Infrastructure repair COMPLETED (elapsed=0.000s)
WARNING:megatron.core.transformer.moe.recovery_controller:[2026-05-13 18:32:57] BSR-MoE controller: ⏱️  [Phase B] Starting parameter recovery...
INFO:megatron.core.transformer.moe.bsr_integration:BSR-MoE: found latest checkpoint with BSR manifest at /mnt/ais-c1/dataset/zds/5.12/bsr/iter_0003840 (step=3840)
INFO:megatron.core.transformer.moe.bsr_integration:BSR-MoE: found latest checkpoint with BSR manifest at /mnt/ais-c1/dataset/zds/5.12/bsr/iter_0003840 (step=3840)
INFO:megatron.core.transformer.moe.bsr_integration:BSR-MoE: found latest checkpoint with BSR manifest at /mnt/ais-c1/dataset/zds/5.12/bsr/iter_0003840 (step=3840)
INFO:megatron.core.transformer.moe.bsr_integration:BSR-MoE: found latest checkpoint with BSR manifest at /mnt/ais-c1/dataset/zds/5.12/bsr/iter_0003840 (step=3840)
INFO:megatron.core.transformer.moe.bsr_integration:BSR-MoE: found latest checkpoint with BSR manifest at /mnt/ais-c1/dataset/zds/5.12/bsr/iter_0003840 (step=3840)
INFO:megatron.core.transformer.moe.bsr_integration:BSR-MoE: found latest checkpoint with BSR manifest at /mnt/ais-c1/dataset/zds/5.12/bsr/iter_0003840 (step=3840)
INFO:megatron.core.transformer.moe.bsr_integration:BSR-MoE: found latest checkpoint with BSR manifest at /mnt/ais-c1/dataset/zds/5.12/bsr/iter_0003840 (step=3840)
INFO:megatron.core.transformer.moe.bsr_integration:BSR-MoE: found latest checkpoint with BSR manifest at /mnt/ais-c1/dataset/zds/5.12/bsr/iter_0003840 (step=3840)
WARNING:megatron.core.transformer.moe.recovery_controller:[2026-05-13 18:32:57] BSR-MoE controller: HYBRID_RECOVERY path — dense from DP peer, experts from checkpoint (step=3840, failed=13, replacement=13)
WARNING:megatron.core.transformer.moe.recovery_controller:[2026-05-13 18:32:57] BSR-MoE controller: dense_sync elapsed=0.000s (step=3840)
WARNING:megatron.core.transformer.moe.recovery_controller:[2026-05-13 18:32:57] BSR-MoE controller: HYBRID_RECOVERY path — dense from DP peer, experts from checkpoint (step=3840, failed=13, replacement=13)
WARNING:megatron.core.transformer.moe.recovery_controller:[2026-05-13 18:32:57] BSR-MoE controller: expert_restore (sync weights, deferred optimizer) elapsed=0.000s (step=3840)
WARNING:megatron.core.transformer.moe.recovery_controller:[2026-05-13 18:32:57] BSR-MoE controller: ⏱️  [Phase B] Parameter recovery COMPLETED (path=HYBRID_RECOVERY, elapsed=0.139s)
WARNING:megatron.core.transformer.moe.recovery_controller:[2026-05-13 18:32:57] BSR-MoE controller: dense_sync elapsed=0.000s (step=3840)
INFO:megatron.core.transformer.moe.bsr_integration:BSR-MoE post-recovery convergence: views consistent after HYBRID_RECOVERY path (step=3840)
WARNING:megatron.core.transformer.moe.recovery_controller:[2026-05-13 18:32:57] BSR-MoE controller: ⏱️  [Phase B→C] Post-recovery convergence completed (path=HYBRID_RECOVERY, elapsed=0.000s, step=3840)
WARNING:megatron.core.transformer.moe.recovery_controller:[2026-05-13 18:32:57] BSR-MoE controller: ⏱️  [Phase C] Starting post-repair...
WARNING:megatron.core.transformer.moe.recovery_controller:[2026-05-13 18:32:57] BSR-MoE controller: expert_restore (sync weights, deferred optimizer) elapsed=0.000s (step=3840)
WARNING:megatron.core.transformer.moe.recovery_controller:[2026-05-13 18:32:57] BSR-MoE controller: ⏱️  [Phase B] Parameter recovery COMPLETED (path=HYBRID_RECOVERY, elapsed=0.140s)
INFO:megatron.core.transformer.moe.reintegration_barrier:BSR-MoE barrier: begin reintegration for rank 13 -> 13 (experts=[80, 81, 82, 83, 84, 85, 86, 87, 88, 89, 90, 91, 92, 93, 94, 95], step=3840)
INFO:megatron.core.transformer.moe.bsr_integration:BSR-MoE post-recovery convergence: views consistent after HYBRID_RECOVERY path (step=3840)
INFO:megatron.core.transformer.moe.reintegration_barrier:BSR-MoE barrier: rank 13 -> REPAIRED_NOT_ROUTED (all preconditions met, step=3840)
WARNING:megatron.core.transformer.moe.recovery_controller:[2026-05-13 18:32:57] BSR-MoE controller: ⏱️  [Phase B→C] Post-recovery convergence completed (path=HYBRID_RECOVERY, elapsed=0.000s, step=3840)
WARNING:megatron.core.transformer.moe.recovery_controller:[2026-05-13 18:32:57] BSR-MoE controller: reintegration barrier initialized for rank 13 (all preconditions marked, step=3840)
WARNING:megatron.core.transformer.moe.recovery_controller:[2026-05-13 18:32:57] BSR-MoE controller: ⏱️  [Phase C] Starting post-repair...
WARNING:megatron.core.transformer.moe.recovery_controller:[2026-05-13 18:32:57] BSR-MoE controller: SAFE_POINT_REPAIR → REINTEGRATED (event=safe_point_repair_completed, step=3840)
WARNING:megatron.core.transformer.moe.recovery_controller:[2026-05-13 18:32:57] BSR-MoE controller: ⏱️  ✅ SAFE-POINT REPAIR COMPLETED (path=HYBRID_RECOVERY, step=3840, failed=13, replacement=13) | Total=0.139s | Breakdown: PhaseA=0.000s, PhaseB=0.139s, PhaseC=0.000s
INFO:megatron.core.transformer.moe.reintegration_barrier:BSR-MoE barrier: begin reintegration for rank 13 -> 13 (experts=[80, 81, 82, 83, 84, 85, 86, 87, 88, 89, 90, 91, 92, 93, 94, 95], step=3840)
WARNING:megatron.core.transformer.moe.recovery_controller:[2026-05-13 18:32:57] BSR-MoE controller: HYBRID_RECOVERY path — dense from DP peer, experts from checkpoint (step=3840, failed=13, replacement=13)
INFO:megatron.core.transformer.moe.reintegration_barrier:BSR-MoE barrier: rank 13 -> REPAIRED_NOT_ROUTED (all preconditions met, step=3840)
WARNING:megatron.core.transformer.moe.recovery_controller:[2026-05-13 18:32:57] BSR-MoE controller: dense_sync elapsed=0.000s (step=3840)
WARNING:megatron.core.transformer.moe.recovery_controller:[2026-05-13 18:32:57] BSR-MoE controller: reintegration barrier initialized for rank 13 (all preconditions marked, step=3840)
WARNING:megatron.core.transformer.moe.recovery_controller:[2026-05-13 18:32:57] BSR-MoE controller: SAFE_POINT_REPAIR → REINTEGRATED (event=safe_point_repair_completed, step=3840)
WARNING:megatron.core.transformer.moe.recovery_controller:[2026-05-13 18:32:57] BSR-MoE controller: expert_restore (sync weights, deferred optimizer) elapsed=0.000s (step=3840)
WARNING:megatron.core.transformer.moe.recovery_controller:[2026-05-13 18:32:57] BSR-MoE controller: HYBRID_RECOVERY path — dense from DP peer, experts from checkpoint (step=3840, failed=13, replacement=13)
WARNING:megatron.core.transformer.moe.recovery_controller:[2026-05-13 18:32:57] BSR-MoE controller: ⏱️  [Phase B] Parameter recovery COMPLETED (path=HYBRID_RECOVERY, elapsed=0.140s)
WARNING:megatron.core.transformer.moe.recovery_controller:[2026-05-13 18:32:57] BSR-MoE controller: ⏱️  ✅ SAFE-POINT REPAIR COMPLETED (path=HYBRID_RECOVERY, step=3840, failed=13, replacement=13) | Total=0.141s | Breakdown: PhaseA=0.000s, PhaseB=0.140s, PhaseC=0.000s
WARNING:megatron.core.transformer.moe.recovery_controller:[2026-05-13 18:32:57] BSR-MoE controller: HYBRID_RECOVERY path — dense from DP peer, experts from checkpoint (step=3840, failed=13, replacement=13)
WARNING:megatron.core.transformer.moe.recovery_controller:[2026-05-13 18:32:57] BSR-MoE controller: HYBRID_RECOVERY path — dense from DP peer, experts from checkpoint (step=3840, failed=13, replacement=13)
WARNING:megatron.core.transformer.moe.recovery_controller:[2026-05-13 18:32:57] BSR-MoE controller: HYBRID_RECOVERY path — dense from DP peer, experts from checkpoint (step=3840, failed=13, replacement=13)
INFO:megatron.core.transformer.moe.bsr_integration:BSR-MoE post-recovery convergence: views consistent after HYBRID_RECOVERY path (step=3840)
WARNING:megatron.core.transformer.moe.recovery_controller:[2026-05-13 18:32:57] BSR-MoE controller: ⏱️  [Phase B→C] Post-recovery convergence completed (path=HYBRID_RECOVERY, elapsed=0.000s, step=3840)
WARNING:megatron.core.transformer.moe.recovery_controller:[2026-05-13 18:32:57] BSR-MoE controller: dense_sync elapsed=0.000s (step=3840)
WARNING:megatron.core.transformer.moe.recovery_controller:[2026-05-13 18:32:57] BSR-MoE controller: ⏱️  [Phase C] Starting post-repair...
WARNING:megatron.core.transformer.moe.recovery_controller:[2026-05-13 18:32:57] BSR-MoE controller: dense_sync elapsed=0.000s (step=3840)
WARNING:megatron.core.transformer.moe.recovery_controller:[2026-05-13 18:32:57] BSR-MoE controller: dense_sync elapsed=0.000s (step=3840)
WARNING:megatron.core.transformer.moe.recovery_controller:[2026-05-13 18:32:57] BSR-MoE controller: expert_restore (sync weights, deferred optimizer) elapsed=0.000s (step=3840)
WARNING:megatron.core.transformer.moe.recovery_controller:[2026-05-13 18:32:57] BSR-MoE controller: HYBRID_RECOVERY path — dense from DP peer, experts from checkpoint (step=3840, failed=13, replacement=13)
WARNING:megatron.core.transformer.moe.recovery_controller:[2026-05-13 18:32:57] BSR-MoE controller: dense_sync elapsed=0.000s (step=3840)
WARNING:megatron.core.transformer.moe.recovery_controller:[2026-05-13 18:32:57] BSR-MoE controller: ⏱️  [Phase B] Parameter recovery COMPLETED (path=HYBRID_RECOVERY, elapsed=0.140s)
WARNING:megatron.core.transformer.moe.recovery_controller:[2026-05-13 18:32:57] BSR-MoE controller: expert_restore (sync weights, deferred optimizer) elapsed=0.000s (step=3840)
INFO:megatron.core.transformer.moe.reintegration_barrier:BSR-MoE barrier: begin reintegration for rank 13 -> 13 (experts=[80, 81, 82, 83, 84, 85, 86, 87, 88, 89, 90, 91, 92, 93, 94, 95], step=3840)
WARNING:megatron.core.transformer.moe.recovery_controller:[2026-05-13 18:32:57] BSR-MoE controller: expert_restore (sync weights, deferred optimizer) elapsed=0.000s (step=3840)
WARNING:megatron.core.transformer.moe.recovery_controller:[2026-05-13 18:32:57] BSR-MoE controller: ⏱️  [Phase B] Parameter recovery COMPLETED (path=HYBRID_RECOVERY, elapsed=0.140s)
WARNING:megatron.core.transformer.moe.recovery_controller:[2026-05-13 18:32:57] BSR-MoE controller: expert_restore (sync weights, deferred optimizer) elapsed=0.000s (step=3840)
WARNING:megatron.core.transformer.moe.recovery_controller:[2026-05-13 18:32:57] BSR-MoE controller: dense_sync elapsed=0.000s (step=3840)
WARNING:megatron.core.transformer.moe.recovery_controller:[2026-05-13 18:32:57] BSR-MoE controller: ⏱️  [Phase B] Parameter recovery COMPLETED (path=HYBRID_RECOVERY, elapsed=0.140s)
WARNING:megatron.core.transformer.moe.recovery_controller:[2026-05-13 18:32:57] BSR-MoE controller: ⏱️  [Phase B] Parameter recovery COMPLETED (path=HYBRID_RECOVERY, elapsed=0.139s)
INFO:megatron.core.transformer.moe.bsr_integration:BSR-MoE post-recovery convergence: views consistent after HYBRID_RECOVERY path (step=3840)
INFO:megatron.core.transformer.moe.reintegration_barrier:BSR-MoE barrier: rank 13 -> REPAIRED_NOT_ROUTED (all preconditions met, step=3840)
WARNING:megatron.core.transformer.moe.recovery_controller:[2026-05-13 18:32:57] BSR-MoE controller: ⏱️  [Phase B→C] Post-recovery convergence completed (path=HYBRID_RECOVERY, elapsed=0.000s, step=3840)
WARNING:megatron.core.transformer.moe.recovery_controller:[2026-05-13 18:32:57] BSR-MoE controller: expert_restore (sync weights, deferred optimizer) elapsed=0.000s (step=3840)
INFO:megatron.core.transformer.moe.bsr_integration:BSR-MoE post-recovery convergence: views consistent after HYBRID_RECOVERY path (step=3840)
WARNING:megatron.core.transformer.moe.recovery_controller:[2026-05-13 18:32:57] BSR-MoE controller: reintegration barrier initialized for rank 13 (all preconditions marked, step=3840)
WARNING:megatron.core.transformer.moe.recovery_controller:[2026-05-13 18:32:57] BSR-MoE controller: ⏱️  [Phase B] Parameter recovery COMPLETED (path=HYBRID_RECOVERY, elapsed=0.140s)
WARNING:megatron.core.transformer.moe.recovery_controller:[2026-05-13 18:32:57] BSR-MoE controller: ⏱️  [Phase C] Starting post-repair...
INFO:megatron.core.transformer.moe.bsr_integration:BSR-MoE post-recovery convergence: views consistent after HYBRID_RECOVERY path (step=3840)
WARNING:megatron.core.transformer.moe.recovery_controller:[2026-05-13 18:32:57] BSR-MoE controller: ⏱️  [Phase B→C] Post-recovery convergence completed (path=HYBRID_RECOVERY, elapsed=0.000s, step=3840)
INFO:megatron.core.transformer.moe.bsr_integration:BSR-MoE post-recovery convergence: views consistent after HYBRID_RECOVERY path (step=3840)
WARNING:megatron.core.transformer.moe.recovery_controller:[2026-05-13 18:32:57] BSR-MoE controller: SAFE_POINT_REPAIR → REINTEGRATED (event=safe_point_repair_completed, step=3840)
WARNING:megatron.core.transformer.moe.recovery_controller:[2026-05-13 18:32:57] BSR-MoE controller: ⏱️  [Phase B→C] Post-recovery convergence completed (path=HYBRID_RECOVERY, elapsed=0.000s, step=3840)
WARNING:megatron.core.transformer.moe.recovery_controller:[2026-05-13 18:32:57] BSR-MoE controller: ⏱️  [Phase C] Starting post-repair...
WARNING:megatron.core.transformer.moe.recovery_controller:[2026-05-13 18:32:57] BSR-MoE controller: ⏱️  [Phase B→C] Post-recovery convergence completed (path=HYBRID_RECOVERY, elapsed=0.000s, step=3840)
WARNING:megatron.core.transformer.moe.recovery_controller:[2026-05-13 18:32:57] BSR-MoE controller: ⏱️  ✅ SAFE-POINT REPAIR COMPLETED (path=HYBRID_RECOVERY, step=3840, failed=13, replacement=13) | Total=0.140s | Breakdown: PhaseA=0.000s, PhaseB=0.140s, PhaseC=0.000s
WARNING:megatron.core.transformer.moe.recovery_controller:[2026-05-13 18:32:57] BSR-MoE controller: ⏱️  [Phase C] Starting post-repair...
WARNING:megatron.core.transformer.moe.recovery_controller:[2026-05-13 18:32:57] BSR-MoE controller: ⏱️  [Phase C] Starting post-repair...
INFO:megatron.core.transformer.moe.bsr_integration:BSR-MoE post-recovery convergence: views consistent after HYBRID_RECOVERY path (step=3840)
INFO:megatron.core.transformer.moe.reintegration_barrier:BSR-MoE barrier: begin reintegration for rank 13 -> 13 (experts=[80, 81, 82, 83, 84, 85, 86, 87, 88, 89, 90, 91, 92, 93, 94, 95], step=3840)
WARNING:megatron.core.transformer.moe.recovery_controller:[2026-05-13 18:32:57] BSR-MoE controller: ⏱️  [Phase B→C] Post-recovery convergence completed (path=HYBRID_RECOVERY, elapsed=0.000s, step=3840)
INFO:megatron.core.transformer.moe.reintegration_barrier:BSR-MoE barrier: begin reintegration for rank 13 -> 13 (experts=[80, 81, 82, 83, 84, 85, 86, 87, 88, 89, 90, 91, 92, 93, 94, 95], step=3840)
WARNING:megatron.core.transformer.moe.recovery_controller:[2026-05-13 18:32:57] BSR-MoE controller: ⏱️  [Phase C] Starting post-repair...
INFO:megatron.core.transformer.moe.reintegration_barrier:BSR-MoE barrier: rank 13 -> REPAIRED_NOT_ROUTED (all preconditions met, step=3840)
INFO:megatron.core.transformer.moe.reintegration_barrier:BSR-MoE barrier: begin reintegration for rank 13 -> 13 (experts=[80, 81, 82, 83, 84, 85, 86, 87, 88, 89, 90, 91, 92, 93, 94, 95], step=3840)
INFO:megatron.core.transformer.moe.reintegration_barrier:BSR-MoE barrier: begin reintegration for rank 13 -> 13 (experts=[80, 81, 82, 83, 84, 85, 86, 87, 88, 89, 90, 91, 92, 93, 94, 95], step=3840)
WARNING:megatron.core.transformer.moe.recovery_controller:[2026-05-13 18:32:57] BSR-MoE controller: reintegration barrier initialized for rank 13 (all preconditions marked, step=3840)
INFO:megatron.core.transformer.moe.reintegration_barrier:BSR-MoE barrier: rank 13 -> REPAIRED_NOT_ROUTED (all preconditions met, step=3840)
WARNING:megatron.core.transformer.moe.recovery_controller:[2026-05-13 18:32:57] BSR-MoE controller: reintegration barrier initialized for rank 13 (all preconditions marked, step=3840)
WARNING:megatron.core.transformer.moe.recovery_controller:[2026-05-13 18:32:57] BSR-MoE controller: SAFE_POINT_REPAIR → REINTEGRATED (event=safe_point_repair_completed, step=3840)
INFO:megatron.core.transformer.moe.reintegration_barrier:BSR-MoE barrier: begin reintegration for rank 13 -> 13 (experts=[80, 81, 82, 83, 84, 85, 86, 87, 88, 89, 90, 91, 92, 93, 94, 95], step=3840)
INFO:megatron.core.transformer.moe.reintegration_barrier:BSR-MoE barrier: rank 13 -> REPAIRED_NOT_ROUTED (all preconditions met, step=3840)
INFO:megatron.core.transformer.moe.reintegration_barrier:BSR-MoE barrier: rank 13 -> REPAIRED_NOT_ROUTED (all preconditions met, step=3840)
WARNING:megatron.core.transformer.moe.recovery_controller:[2026-05-13 18:32:57] BSR-MoE controller: ⏱️  ✅ SAFE-POINT REPAIR COMPLETED (path=HYBRID_RECOVERY, step=3840, failed=13, replacement=13) | Total=0.141s | Breakdown: PhaseA=0.000s, PhaseB=0.140s, PhaseC=0.000s
WARNING:megatron.core.transformer.moe.recovery_controller:[2026-05-13 18:32:57] BSR-MoE controller: SAFE_POINT_REPAIR → REINTEGRATED (event=safe_point_repair_completed, step=3840)
WARNING:megatron.core.transformer.moe.recovery_controller:[2026-05-13 18:32:57] BSR-MoE controller: reintegration barrier initialized for rank 13 (all preconditions marked, step=3840)
WARNING:megatron.core.transformer.moe.recovery_controller:[2026-05-13 18:32:57] BSR-MoE controller: reintegration barrier initialized for rank 13 (all preconditions marked, step=3840)
WARNING:megatron.core.transformer.moe.recovery_controller:[2026-05-13 18:32:57] BSR-MoE controller: ⏱️  ✅ SAFE-POINT REPAIR COMPLETED (path=HYBRID_RECOVERY, step=3840, failed=13, replacement=13) | Total=0.141s | Breakdown: PhaseA=0.000s, PhaseB=0.140s, PhaseC=0.000s
INFO:megatron.core.transformer.moe.reintegration_barrier:BSR-MoE barrier: rank 13 -> REPAIRED_NOT_ROUTED (all preconditions met, step=3840)
WARNING:megatron.core.transformer.moe.recovery_controller:[2026-05-13 18:32:57] BSR-MoE controller: SAFE_POINT_REPAIR → REINTEGRATED (event=safe_point_repair_completed, step=3840)
WARNING:megatron.core.transformer.moe.recovery_controller:[2026-05-13 18:32:57] BSR-MoE controller: SAFE_POINT_REPAIR → REINTEGRATED (event=safe_point_repair_completed, step=3840)
WARNING:megatron.core.transformer.moe.recovery_controller:[2026-05-13 18:32:57] BSR-MoE controller: reintegration barrier initialized for rank 13 (all preconditions marked, step=3840)
WARNING:megatron.core.transformer.moe.recovery_controller:[2026-05-13 18:32:57] BSR-MoE controller: ⏱️  ✅ SAFE-POINT REPAIR COMPLETED (path=HYBRID_RECOVERY, step=3840, failed=13, replacement=13) | Total=0.140s | Breakdown: PhaseA=0.000s, PhaseB=0.140s, PhaseC=0.000s
WARNING:megatron.core.transformer.moe.recovery_controller:[2026-05-13 18:32:57] BSR-MoE controller: ⏱️  ✅ SAFE-POINT REPAIR COMPLETED (path=HYBRID_RECOVERY, step=3840, failed=13, replacement=13) | Total=0.140s | Breakdown: PhaseA=0.000s, PhaseB=0.139s, PhaseC=0.000s
WARNING:megatron.core.transformer.moe.recovery_controller:[2026-05-13 18:32:57] BSR-MoE controller: SAFE_POINT_REPAIR → REINTEGRATED (event=safe_point_repair_completed, step=3840)
WARNING:megatron.core.transformer.moe.recovery_controller:[2026-05-13 18:32:57] BSR-MoE controller: ⏱️  ✅ SAFE-POINT REPAIR COMPLETED (path=HYBRID_RECOVERY, step=3840, failed=13, replacement=13) | Total=0.141s | Breakdown: PhaseA=0.000s, PhaseB=0.140s, PhaseC=0.000s
WARNING:megatron.core.transformer.moe.optimizer_commit_guard:BSR-MoE OptimizerCommitGuard: BLOCKING optimizer.step() at step 3840 — explicitly blocked (reason=hard_failure_rank_13_step_3840)
INFO:megatron.core.transformer.moe.optimizer_commit_guard:BSR-MoE OptimizerCommitGuard: optimizer.step() SKIPPED at step 3840 (reason: iteration_invalidated)
WARNING:megatron.core.transformer.moe.optimizer_commit_guard:BSR-MoE OptimizerCommitGuard: BLOCKING optimizer.step() at step 3840 — explicitly blocked (reason=hard_failure_rank_13_step_3840)
INFO:megatron.core.transformer.moe.optimizer_commit_guard:BSR-MoE OptimizerCommitGuard: optimizer.step() SKIPPED at step 3840 (reason: iteration_invalidated)
WARNING:megatron.core.transformer.moe.optimizer_commit_guard:BSR-MoE OptimizerCommitGuard: BLOCKING optimizer.step() at step 3840 — explicitly blocked (reason=hard_failure_rank_13_step_3840)
WARNING:megatron.core.transformer.moe.optimizer_commit_guard:BSR-MoE OptimizerCommitGuard: BLOCKING optimizer.step() at step 3840 — explicitly blocked (reason=hard_failure_rank_13_step_3840)
INFO:megatron.core.transformer.moe.optimizer_commit_guard:BSR-MoE OptimizerCommitGuard: optimizer.step() SKIPPED at step 3840 (reason: iteration_invalidated)
INFO:megatron.core.transformer.moe.optimizer_commit_guard:BSR-MoE OptimizerCommitGuard: optimizer.step() SKIPPED at step 3840 (reason: iteration_invalidated)
WARNING:megatron.core.transformer.moe.optimizer_commit_guard:BSR-MoE OptimizerCommitGuard: BLOCKING optimizer.step() at step 3840 — explicitly blocked (reason=hard_failure_rank_13_step_3840)
WARNING:megatron.core.transformer.moe.optimizer_commit_guard:BSR-MoE OptimizerCommitGuard: BLOCKING optimizer.step() at step 3840 — explicitly blocked (reason=hard_failure_rank_13_step_3840)
INFO:megatron.core.transformer.moe.optimizer_commit_guard:BSR-MoE OptimizerCommitGuard: optimizer.step() SKIPPED at step 3840 (reason: iteration_invalidated)
INFO:megatron.core.transformer.moe.optimizer_commit_guard:BSR-MoE OptimizerCommitGuard: optimizer.step() SKIPPED at step 3840 (reason: iteration_invalidated)
WARNING:megatron.core.transformer.moe.optimizer_commit_guard:BSR-MoE OptimizerCommitGuard: BLOCKING optimizer.step() at step 3840 — explicitly blocked (reason=hard_failure_rank_13_step_3840)
INFO:megatron.core.transformer.moe.optimizer_commit_guard:BSR-MoE OptimizerCommitGuard: optimizer.step() SKIPPED at step 3840 (reason: iteration_invalidated)
WARNING:megatron.core.transformer.moe.optimizer_commit_guard:BSR-MoE OptimizerCommitGuard: BLOCKING optimizer.step() at step 3840 — explicitly blocked (reason=hard_failure_rank_13_step_3840)
INFO:megatron.core.transformer.moe.optimizer_commit_guard:BSR-MoE OptimizerCommitGuard: optimizer.step() SKIPPED at step 3840 (reason: iteration_invalidated)
 [2026-05-13 18:33:10] iteration     3841/   20000 | consumed samples:       245824 | elapsed time per iteration (ms): 13370.4 | learning rate: 9.240852E-05 | global batch size:    64 | load_balancing_loss: 1.033856E+00 | loss scale: 1.0 | number of skipped iterations:   1 | number of nan iterations:   0 |
WARNING:megatron.core.transformer.moe.reintegration_barrier:BSR-MoE barrier: rank 13 reintegrated at step 3841 (replacement=13, experts=[80, 81, 82, 83, 84, 85, 86, 87, 88, 89, 90, 91, 92, 93, 94, 95])
WARNING:megatron.core.transformer.moe.reintegration_barrier:BSR-MoE barrier: rank 13 reintegrated at step 3841 (replacement=13, experts=[80, 81, 82, 83, 84, 85, 86, 87, 88, 89, 90, 91, 92, 93, 94, 95])
INFO:megatron.core.transformer.moe.recovery_controller:BSR-MoE controller: barrier reintegration executed for rank 13 at step 3841
INFO:megatron.core.transformer.moe.recovery_controller:BSR-MoE controller: barrier reintegration executed for rank 13 at step 3841
WARNING:megatron.core.transformer.moe.reintegration_barrier:BSR-MoE barrier: rank 13 reintegrated at step 3841 (replacement=13, experts=[80, 81, 82, 83, 84, 85, 86, 87, 88, 89, 90, 91, 92, 93, 94, 95])
INFO:megatron.core.transformer.moe.recovery_controller:BSR-MoE controller: barrier reintegration executed for rank 13 at step 3841
WARNING:megatron.core.transformer.moe.reintegration_barrier:BSR-MoE barrier: rank 13 reintegrated at step 3841 (replacement=13, experts=[80, 81, 82, 83, 84, 85, 86, 87, 88, 89, 90, 91, 92, 93, 94, 95])
WARNING:megatron.core.transformer.moe.recovery_controller:[2026-05-13 18:33:10] BSR-MoE controller: REINTEGRATED → HEALTHY_TRAINING (event=reintegration_finalized, step=3841)
WARNING:megatron.core.transformer.moe.recovery_controller:[2026-05-13 18:33:10] BSR-MoE controller: REINTEGRATED → HEALTHY_TRAINING (event=reintegration_finalized, step=3841)
WARNING:megatron.core.transformer.moe.recovery_controller:[2026-05-13 18:33:10] BSR-MoE controller: reintegration finalized at step 3841 (1 recoveries completed)
INFO:megatron.core.transformer.moe.recovery_controller:BSR-MoE controller: barrier reintegration executed for rank 13 at step 3841
WARNING:megatron.core.transformer.moe.reintegration_barrier:BSR-MoE barrier: rank 13 reintegrated at step 3841 (replacement=13, experts=[80, 81, 82, 83, 84, 85, 86, 87, 88, 89, 90, 91, 92, 93, 94, 95])
WARNING:megatron.core.transformer.moe.recovery_controller:[2026-05-13 18:33:10] BSR-MoE controller: reintegration finalized at step 3841 (1 recoveries completed)
WARNING:megatron.core.transformer.moe.reintegration_barrier:BSR-MoE barrier: rank 13 reintegrated at step 3841 (replacement=13, experts=[80, 81, 82, 83, 84, 85, 86, 87, 88, 89, 90, 91, 92, 93, 94, 95])
INFO:megatron.core.transformer.moe.recovery_controller:BSR-MoE controller: barrier reintegration executed for rank 13 at step 3841
WARNING:megatron.core.transformer.moe.reintegration_barrier:BSR-MoE barrier: rank 13 reintegrated at step 3841 (replacement=13, experts=[80, 81, 82, 83, 84, 85, 86, 87, 88, 89, 90, 91, 92, 93, 94, 95])
WARNING:megatron.core.transformer.moe.recovery_controller:[2026-05-13 18:33:10] BSR-MoE controller: REINTEGRATED → HEALTHY_TRAINING (event=reintegration_finalized, step=3841)
INFO:megatron.core.transformer.moe.recovery_controller:BSR-MoE controller: barrier reintegration executed for rank 13 at step 3841
WARNING:megatron.core.transformer.moe.recovery_controller:[2026-05-13 18:33:10] BSR-MoE controller: reintegration finalized at step 3841 (1 recoveries completed)
INFO:megatron.core.transformer.moe.recovery_controller:BSR-MoE controller: barrier reintegration executed for rank 13 at step 3841
WARNING:megatron.core.transformer.moe.reintegration_barrier:BSR-MoE barrier: rank 13 reintegrated at step 3841 (replacement=13, experts=[80, 81, 82, 83, 84, 85, 86, 87, 88, 89, 90, 91, 92, 93, 94, 95])
WARNING:megatron.core.transformer.moe.recovery_controller:[2026-05-13 18:33:10] BSR-MoE controller: REINTEGRATED → HEALTHY_TRAINING (event=reintegration_finalized, step=3841)
WARNING:megatron.core.transformer.moe.recovery_controller:[2026-05-13 18:33:10] BSR-MoE controller: REINTEGRATED → HEALTHY_TRAINING (event=reintegration_finalized, step=3841)
INFO:megatron.core.transformer.moe.recovery_controller:BSR-MoE controller: barrier reintegration executed for rank 13 at step 3841
WARNING:megatron.core.transformer.moe.recovery_controller:[2026-05-13 18:33:10] BSR-MoE controller: reintegration finalized at step 3841 (1 recoveries completed)
WARNING:megatron.core.transformer.moe.recovery_controller:[2026-05-13 18:33:10] BSR-MoE controller: REINTEGRATED → HEALTHY_TRAINING (event=reintegration_finalized, step=3841)
WARNING:megatron.core.transformer.moe.recovery_controller:[2026-05-13 18:33:10] BSR-MoE controller: reintegration finalized at step 3841 (1 recoveries completed)
WARNING:megatron.core.transformer.moe.recovery_controller:[2026-05-13 18:33:10] BSR-MoE controller: reintegration finalized at step 3841 (1 recoveries completed)
WARNING:megatron.core.transformer.moe.recovery_controller:[2026-05-13 18:33:10] BSR-MoE controller: REINTEGRATED → HEALTHY_TRAINING (event=reintegration_finalized, step=3841)
WARNING:megatron.core.transformer.moe.recovery_controller:[2026-05-13 18:33:10] BSR-MoE controller: reintegration finalized at step 3841 (1 recoveries completed)
WARNING:megatron.core.transformer.moe.recovery_controller:[2026-05-13 18:33:10] BSR-MoE controller: REINTEGRATED → HEALTHY_TRAINING (event=reintegration_finalized, step=3841)
WARNING:megatron.core.transformer.moe.recovery_controller:[2026-05-13 18:33:10] BSR-MoE controller: reintegration finalized at step 3841 (1 recoveries completed)
 [2026-05-13 18:33:21] iteration     3842/   20000 | consumed samples:       245888 | elapsed time per iteration (ms): 10614.7 | learning rate: 9.240459E-05 | global batch size:    64 | load_balancing_loss: 1.037339E+00 | lm loss: 3.124922E+00 | loss scale: 1.0 | grad norm: 0.197 | number of skipped iterations:   0 | number of nan iterations:   0 |
 [2026-05-13 18:33:31] iteration     3843/   20000 | consumed samples:       245952 | elapsed time per iteration (ms): 10602.3 | learning rate: 9.240066E-05 | global batch size:    64 | load_balancing_loss: 1.038379E+00 | lm loss: 3.175888E+00 | loss scale: 1.0 | grad norm: 0.341 | number of skipped iterations:   0 | number of nan iterations:   0 |
 [2026-05-13 18:33:42] iteration     3844/   20000 | consumed samples:       246016 | elapsed time per iteration (ms): 10598.4 | learning rate: 9.239672E-05 | global batch size:    64 | load_balancing_loss: 1.036102E+00 | lm loss: 3.172696E+00 | loss scale: 1.0 | grad norm: 0.192 | number of skipped iterations:   0 | number of nan iterations:   0 |
 [2026-05-13 18:33:53] iteration     3845/   20000 | consumed samples:       246080 | elapsed time per iteration (ms): 10638.3 | learning rate: 9.239279E-05 | global batch size:    64 | load_balancing_loss: 1.038029E+00 | lm loss: 3.064000E+00 | loss scale: 1.0 | grad norm: 0.196 | number of skipped iterations:   0 | number of nan iterations:   0 |
 [2026-05-13 18:34:03] iteration     3846/   20000 | consumed samples:       246144 | elapsed time per iteration (ms): 10638.7 | learning rate: 9.238886E-05 | global batch size:    64 | load_balancing_loss: 1.035126E+00 | lm loss: 3.144500E+00 | loss scale: 1.0 | grad norm: 0.196 | number of skipped iterations:   0 | number of nan iterations:   0 |
 [2026-05-13 18:34:14] iteration     3847/   20000 | consumed samples:       246208 | elapsed time per iteration (ms): 10643.7 | learning rate: 9.238492E-05 | global batch size:    64 | load_balancing_loss: 1.040105E+00 | lm loss: 3.125833E+00 | loss scale: 1.0 | grad norm: 1.314 | number of skipped iterations:   0 | number of nan iterations:   0 |
 [2026-05-13 18:34:25] iteration     3848/   20000 | consumed samples:       246272 | elapsed time per iteration (ms): 10633.5 | learning rate: 9.238099E-05 | global batch size:    64 | load_balancing_loss: 1.038844E+00 | lm loss: 3.214369E+00 | loss scale: 1.0 | grad norm: 3.411 | number of skipped iterations:   0 | number of nan iterations:   0 |
 [2026-05-13 18:34:35] iteration     3849/   20000 | consumed samples:       246336 | elapsed time per iteration (ms): 10622.6 | learning rate: 9.237705E-05 | global batch size:    64 | load_balancing_loss: 1.035919E+00 | lm loss: 3.123181E+00 | loss scale: 1.0 | grad norm: 0.206 | number of skipped iterations:   0 | number of nan iterations:   0 |
 [2026-05-13 18:34:46] iteration     3850/   20000 | consumed samples:       246400 | elapsed time per iteration (ms): 10682.6 | learning rate: 9.237311E-05 | global batch size:    64 | load_balancing_loss: 1.038717E+00 | lm loss: 3.183197E+00 | loss scale: 1.0 | grad norm: 0.194 | number of skipped iterations:   0 | number of nan iterations:   0 |
 [2026-05-13 18:34:57] iteration     3851/   20000 | consumed samples:       246464 | elapsed time per iteration (ms): 10676.6 | learning rate: 9.236918E-05 | global batch size:    64 | load_balancing_loss: 1.043077E+00 | lm loss: 3.094452E+00 | loss scale: 1.0 | grad norm: 0.196 | number of skipped iterations:   0 | number of nan iterations:   0 |
 [2026-05-13 18:35:07] iteration     3852/   20000 | consumed samples:       246528 | elapsed time per iteration (ms): 10681.5 | learning rate: 9.236523E-05 | global batch size:    64 | load_balancing_loss: 1.046589E+00 | lm loss: 3.272532E+00 | loss scale: 1.0 | grad norm: 0.210 | number of skipped iterations:   0 | number of nan iterations:   0 |
 [2026-05-13 18:35:18] iteration     3853/   20000 | consumed samples:       246592 | elapsed time per iteration (ms): 10660.4 | learning rate: 9.236130E-05 | global batch size:    64 | load_balancing_loss: 1.040752E+00 | lm loss: 3.188015E+00 | loss scale: 1.0 | grad norm: 0.209 | number of skipped iterations:   0 | number of nan iterations:   0 |
 [2026-05-13 18:35:29] iteration     3854/   20000 | consumed samples:       246656 | elapsed time per iteration (ms): 10642.4 | learning rate: 9.235735E-05 | global batch size:    64 | load_balancing_loss: 1.043651E+00 | lm loss: 3.155485E+00 | loss scale: 1.0 | grad norm: 0.197 | number of skipped iterations:   0 | number of nan iterations:   0 |
 [2026-05-13 18:35:39] iteration     3855/   20000 | consumed samples:       246720 | elapsed time per iteration (ms): 10658.4 | learning rate: 9.235341E-05 | global batch size:    64 | load_balancing_loss: 1.041049E+00 | lm loss: 3.121447E+00 | loss scale: 1.0 | grad norm: 0.201 | number of skipped iterations:   0 | number of nan iterations:   0 |
 [2026-05-13 18:35:50] iteration     3856/   20000 | consumed samples:       246784 | elapsed time per iteration (ms): 10677.5 | learning rate: 9.234947E-05 | global batch size:    64 | load_balancing_loss: 1.042043E+00 | lm loss: 3.111711E+00 | loss scale: 1.0 | grad norm: 0.196 | number of skipped iterations:   0 | number of nan iterations:   0 |
 [2026-05-13 18:36:01] iteration     3857/   20000 | consumed samples:       246848 | elapsed time per iteration (ms): 10649.0 | learning rate: 9.234552E-05 | global batch size:    64 | load_balancing_loss: 1.041153E+00 | lm loss: 3.144816E+00 | loss scale: 1.0 | grad norm: 0.201 | number of skipped iterations:   0 | number of nan iterations:   0 |
 [2026-05-13 18:36:11] iteration     3858/   20000 | consumed samples:       246912 | elapsed time per iteration (ms): 10662.1 | learning rate: 9.234158E-05 | global batch size:    64 | load_balancing_loss: 1.038166E+00 | lm loss: 3.142687E+00 | loss scale: 1.0 | grad norm: 0.200 | number of skipped iterations:   0 | number of nan iterations:   0 |
 [2026-05-13 18:36:22] iteration     3859/   20000 | consumed samples:       246976 | elapsed time per iteration (ms): 10660.3 | learning rate: 9.233764E-05 | global batch size:    64 | load_balancing_loss: 1.043020E+00 | lm loss: 3.061180E+00 | loss scale: 1.0 | grad norm: 0.201 | number of skipped iterations:   0 | number of nan iterations:   0 |
 [2026-05-13 18:36:32] iteration     3860/   20000 | consumed samples:       247040 | elapsed time per iteration (ms): 10640.8 | learning rate: 9.233368E-05 | global batch size:    64 | load_balancing_loss: 1.038554E+00 | lm loss: 3.234372E+00 | loss scale: 1.0 | grad norm: 0.209 | number of skipped iterations:   0 | number of nan iterations:   0 |
 [2026-05-13 18:36:43] iteration     3861/   20000 | consumed samples:       247104 | elapsed time per iteration (ms): 10643.1 | learning rate: 9.232974E-05 | global batch size:    64 | load_balancing_loss: 1.035467E+00 | lm loss: 3.173248E+00 | loss scale: 1.0 | grad norm: 0.195 | number of skipped iterations:   0 | number of nan iterations:   0 |
 [2026-05-13 18:36:54] iteration     3862/   20000 | consumed samples:       247168 | elapsed time per iteration (ms): 10623.0 | learning rate: 9.232579E-05 | global batch size:    64 | load_balancing_loss: 1.039680E+00 | lm loss: 3.218361E+00 | loss scale: 1.0 | grad norm: 0.194 | number of skipped iterations:   0 | number of nan iterations:   0 |
 [2026-05-13 18:37:04] iteration     3863/   20000 | consumed samples:       247232 | elapsed time per iteration (ms): 10649.6 | learning rate: 9.232184E-05 | global batch size:    64 | load_balancing_loss: 1.038340E+00 | lm loss: 3.199802E+00 | loss scale: 1.0 | grad norm: 0.195 | number of skipped iterations:   0 | number of nan iterations:   0 |
 [2026-05-13 18:37:15] iteration     3864/   20000 | consumed samples:       247296 | elapsed time per iteration (ms): 10600.5 | learning rate: 9.231789E-05 | global batch size:    64 | load_balancing_loss: 1.045629E+00 | lm loss: 3.088703E+00 | loss scale: 1.0 | grad norm: 0.199 | number of skipped iterations:   0 | number of nan iterations:   0 |
 [2026-05-13 18:37:26] iteration     3865/   20000 | consumed samples:       247360 | elapsed time per iteration (ms): 10604.9 | learning rate: 9.231394E-05 | global batch size:    64 | load_balancing_loss: 1.038149E+00 | lm loss: 3.168469E+00 | loss scale: 1.0 | grad norm: 0.191 | number of skipped iterations:   0 | number of nan iterations:   0 |
 [2026-05-13 18:37:36] iteration     3866/   20000 | consumed samples:       247424 | elapsed time per iteration (ms): 10673.8 | learning rate: 9.230999E-05 | global batch size:    64 | load_balancing_loss: 1.038768E+00 | lm loss: 3.131142E+00 | loss scale: 1.0 | grad norm: 0.195 | number of skipped iterations:   0 | number of nan iterations:   0 |
 [2026-05-13 18:37:47] iteration     3867/   20000 | consumed samples:       247488 | elapsed time per iteration (ms): 10611.0 | learning rate: 9.230603E-05 | global batch size:    64 | load_balancing_loss: 1.037769E+00 | lm loss: 3.087198E+00 | loss scale: 1.0 | grad norm: 0.191 | number of skipped iterations:   0 | number of nan iterations:   0 |
 [2026-05-13 18:37:58] iteration     3868/   20000 | consumed samples:       247552 | elapsed time per iteration (ms): 10611.1 | learning rate: 9.230208E-05 | global batch size:    64 | load_balancing_loss: 1.041093E+00 | lm loss: 3.097600E+00 | loss scale: 1.0 | grad norm: 0.200 | number of skipped iterations:   0 | number of nan iterations:   0 |
 [2026-05-13 18:38:08] iteration     3869/   20000 | consumed samples:       247616 | elapsed time per iteration (ms): 10581.1 | learning rate: 9.229812E-05 | global batch size:    64 | load_balancing_loss: 1.034601E+00 | lm loss: 3.186211E+00 | loss scale: 1.0 | grad norm: 0.193 | number of skipped iterations:   0 | number of nan iterations:   0 |
 [2026-05-13 18:38:19] iteration     3870/   20000 | consumed samples:       247680 | elapsed time per iteration (ms): 10604.6 | learning rate: 9.229417E-05 | global batch size:    64 | load_balancing_loss: 1.038848E+00 | lm loss: 3.205572E+00 | loss scale: 1.0 | grad norm: 0.196 | number of skipped iterations:   0 | number of nan iterations:   0 |
 [2026-05-13 18:38:29] iteration     3871/   20000 | consumed samples:       247744 | elapsed time per iteration (ms): 10629.4 | learning rate: 9.229021E-05 | global batch size:    64 | load_balancing_loss: 1.040175E+00 | lm loss: 3.120492E+00 | loss scale: 1.0 | grad norm: 0.187 | number of skipped iterations:   0 | number of nan iterations:   0 |
 [2026-05-13 18:38:40] iteration     3872/   20000 | consumed samples:       247808 | elapsed time per iteration (ms): 10619.6 | learning rate: 9.228625E-05 | global batch size:    64 | load_balancing_loss: 1.035309E+00 | lm loss: 3.160022E+00 | loss scale: 1.0 | grad norm: 0.190 | number of skipped iterations:   0 | number of nan iterations:   0 |
 [2026-05-13 18:38:51] iteration     3873/   20000 | consumed samples:       247872 | elapsed time per iteration (ms): 10614.8 | learning rate: 9.228229E-05 | global batch size:    64 | load_balancing_loss: 1.042310E+00 | lm loss: 3.085811E+00 | loss scale: 1.0 | grad norm: 0.193 | number of skipped iterations:   0 | number of nan iterations:   0 |
 [2026-05-13 18:39:01] iteration     3874/   20000 | consumed samples:       247936 | elapsed time per iteration (ms): 10654.7 | learning rate: 9.227833E-05 | global batch size:    64 | load_balancing_loss: 1.038580E+00 | lm loss: 3.180766E+00 | loss scale: 1.0 | grad norm: 0.190 | number of skipped iterations:   0 | number of nan iterations:   0 |
 [2026-05-13 18:39:12] iteration     3875/   20000 | consumed samples:       248000 | elapsed time per iteration (ms): 10605.8 | learning rate: 9.227437E-05 | global batch size:    64 | load_balancing_loss: 1.032280E+00 | lm loss: 3.137644E+00 | loss scale: 1.0 | grad norm: 0.184 | number of skipped iterations:   0 | number of nan iterations:   0 |
 [2026-05-13 18:39:22] iteration     3876/   20000 | consumed samples:       248064 | elapsed time per iteration (ms): 10596.9 | learning rate: 9.227041E-05 | global batch size:    64 | load_balancing_loss: 1.035660E+00 | lm loss: 3.243734E+00 | loss scale: 1.0 | grad norm: 0.192 | number of skipped iterations:   0 | number of nan iterations:   0 |
 [2026-05-13 18:39:33] iteration     3877/   20000 | consumed samples:       248128 | elapsed time per iteration (ms): 10636.7 | learning rate: 9.226645E-05 | global batch size:    64 | load_balancing_loss: 1.040170E+00 | lm loss: 3.116694E+00 | loss scale: 1.0 | grad norm: 0.195 | number of skipped iterations:   0 | number of nan iterations:   0 |
 [2026-05-13 18:39:44] iteration     3878/   20000 | consumed samples:       248192 | elapsed time per iteration (ms): 10603.9 | learning rate: 9.226248E-05 | global batch size:    64 | load_balancing_loss: 1.041625E+00 | lm loss: 3.144274E+00 | loss scale: 1.0 | grad norm: 0.199 | number of skipped iterations:   0 | number of nan iterations:   0 |
 [2026-05-13 18:39:54] iteration     3879/   20000 | consumed samples:       248256 | elapsed time per iteration (ms): 10574.6 | learning rate: 9.225852E-05 | global batch size:    64 | load_balancing_loss: 1.041206E+00 | lm loss: 3.216895E+00 | loss scale: 1.0 | grad norm: 0.194 | number of skipped iterations:   0 | number of nan iterations:   0 |
 [2026-05-13 18:40:05] iteration     3880/   20000 | consumed samples:       248320 | elapsed time per iteration (ms): 10586.3 | learning rate: 9.225455E-05 | global batch size:    64 | load_balancing_loss: 1.032126E+00 | lm loss: 3.150674E+00 | loss scale: 1.0 | grad norm: 0.196 | number of skipped iterations:   0 | number of nan iterations:   0 |
INFO:megatron.core.transformer.moe.bsr_integration:BSR-MoE: checkpoint metadata injected (iteration=3880, phase=HEALTHY_TRAINING)
INFO:megatron.core.transformer.moe.bsr_integration:BSR-MoE: checkpoint metadata injected (iteration=3880, phase=HEALTHY_TRAINING)
INFO:megatron.core.transformer.moe.bsr_integration:BSR-MoE: checkpoint metadata injected (iteration=3880, phase=HEALTHY_TRAINING)
INFO:megatron.core.transformer.moe.bsr_integration:BSR-MoE: checkpoint metadata injected (iteration=3880, phase=HEALTHY_TRAINING)
INFO:megatron.core.transformer.moe.bsr_integration:BSR-MoE: checkpoint metadata injected (iteration=3880, phase=HEALTHY_TRAINING)
INFO:megatron.core.transformer.moe.bsr_integration:BSR-MoE: checkpoint metadata injected (iteration=3880, phase=HEALTHY_TRAINING)
INFO:megatron.core.transformer.moe.bsr_integration:BSR-MoE: checkpoint metadata injected (iteration=3880, phase=HEALTHY_TRAINING)
INFO:megatron.core.transformer.moe.bsr_integration:BSR-MoE: checkpoint metadata injected (iteration=3880, phase=HEALTHY_TRAINING)
(min, max) time across ranks (ms):
    save-checkpoint ................................: (32789.79, 32790.23)
WARNING:megatron.core.transformer.moe.bsr_integration:[2026-05-13 18:40:38] BSR-MoE FAULT INJECTION #8: type=restart_in_place, rank=11, step=3880, experts=[48, 49, 50, 51, 52, 53, 54, 55, 56, 57, 58, 59, 60, 61, 62, 63], ep_group=[8, 9, 10, 11, 12, 13, 14, 15]
WARNING:megatron.core.transformer.moe.bsr_integration:[2026-05-13 18:40:38] BSR-MoE FAULT INJECTION #8: type=restart_in_place, rank=11, step=3880, experts=[48, 49, 50, 51, 52, 53, 54, 55, 56, 57, 58, 59, 60, 61, 62, 63], ep_group=[8, 9, 10, 11, 12, 13, 14, 15]
WARNING:megatron.core.transformer.moe.recovery_controller:[2026-05-13 18:40:38] BSR-MoE controller: rank 11 HARD FAILURE (step=3880, reason=scheduled_restart_in_place_injection, experts=[48, 49, 50, 51, 52, 53, 54, 55, 56, 57, 58, 59, 60, 61, 62, 63], mid_iteration=False)
WARNING:megatron.core.transformer.moe.bsr_integration:[2026-05-13 18:40:38] BSR-MoE FAULT INJECTION #8: type=restart_in_place, rank=11, step=3880, experts=[48, 49, 50, 51, 52, 53, 54, 55, 56, 57, 58, 59, 60, 61, 62, 63], ep_group=[8, 9, 10, 11, 12, 13, 14, 15]
INFO:megatron.core.transformer.moe.recovery_controller:ExpertRecoveryTracker: experts [48, 49, 50, 51, 52, 53, 54, 55, 56, 57, 58, 59, 60, 61, 62, 63] → RECOVERING (step=3880)
WARNING:megatron.core.transformer.moe.recovery_controller:[2026-05-13 18:40:38] BSR-MoE controller: rank 11 HARD FAILURE (step=3880, reason=scheduled_restart_in_place_injection, experts=[48, 49, 50, 51, 52, 53, 54, 55, 56, 57, 58, 59, 60, 61, 62, 63], mid_iteration=False)
INFO:megatron.core.transformer.moe.recovery_controller:ExpertRecoveryTracker: experts [48, 49, 50, 51, 52, 53, 54, 55, 56, 57, 58, 59, 60, 61, 62, 63] → RECOVERING (step=3880)
WARNING:megatron.core.transformer.moe.optimizer_commit_guard:OptimizerCommitGuard: commit BLOCKED (reason=hard_failure_rank_11_step_3880)
WARNING:megatron.core.transformer.moe.recovery_controller:[2026-05-13 18:40:38] BSR-MoE controller: rank 11 HARD FAILURE (step=3880, reason=scheduled_restart_in_place_injection, experts=[48, 49, 50, 51, 52, 53, 54, 55, 56, 57, 58, 59, 60, 61, 62, 63], mid_iteration=False)
WARNING:megatron.core.transformer.moe.bsr_integration:BSR-MoE: optimizer commit blocked for step 3880 (hard failure of rank 11)
WARNING:megatron.core.transformer.moe.bsr_integration:BSR-MoE: entering waiting-for-replacement state (failed_rank=11, step=3880, experts=[48, 49, 50, 51, 52, 53, 54, 55, 56, 57, 58, 59, 60, 61, 62, 63])
WARNING:megatron.core.transformer.moe.optimizer_commit_guard:OptimizerCommitGuard: commit BLOCKED (reason=hard_failure_rank_11_step_3880)
INFO:megatron.core.transformer.moe.recovery_controller:ExpertRecoveryTracker: experts [48, 49, 50, 51, 52, 53, 54, 55, 56, 57, 58, 59, 60, 61, 62, 63] → RECOVERING (step=3880)
WARNING:megatron.core.transformer.moe.bsr_integration:BSR-MoE: optimizer commit blocked for step 3880 (hard failure of rank 11)
WARNING:megatron.core.transformer.moe.bsr_integration:BSR-MoE: entering waiting-for-replacement state (failed_rank=11, step=3880, experts=[48, 49, 50, 51, 52, 53, 54, 55, 56, 57, 58, 59, 60, 61, 62, 63])
WARNING:megatron.core.transformer.moe.recovery_controller:[2026-05-13 18:40:38] BSR-MoE controller: HEALTHY_TRAINING → PENDING_GROUP_REPAIR (event=hard_rank_failure, step=3880)
WARNING:megatron.core.transformer.moe.optimizer_commit_guard:OptimizerCommitGuard: commit BLOCKED (reason=hard_failure_rank_11_step_3880)
WARNING:megatron.core.transformer.moe.bsr_integration:BSR-MoE: optimizer commit blocked for step 3880 (hard failure of rank 11)
WARNING:megatron.core.transformer.moe.bsr_integration:BSR-MoE: entering waiting-for-replacement state (failed_rank=11, step=3880, experts=[48, 49, 50, 51, 52, 53, 54, 55, 56, 57, 58, 59, 60, 61, 62, 63])
WARNING:megatron.core.transformer.moe.recovery_controller:[2026-05-13 18:40:38] BSR-MoE controller: replacement assigned — failed_rank=11, replacement_rank=11 (step=3880)
WARNING:megatron.core.transformer.moe.recovery_controller:[2026-05-13 18:40:38] BSR-MoE controller: HEALTHY_TRAINING → PENDING_GROUP_REPAIR (event=hard_rank_failure, step=3880)
WARNING:megatron.core.transformer.moe.recovery_controller:[2026-05-13 18:40:38] BSR-MoE controller: replacement assigned — failed_rank=11, replacement_rank=11 (step=3880)
INFO:megatron.core.transformer.moe.replacement_registry:BSR-MoE replacement: failed_rank=11, replacement_rank=11, NOT_PRESENT → BOOTSTRAPPING (step=3880)
WARNING:megatron.core.transformer.moe.recovery_controller:[2026-05-13 18:40:38] BSR-MoE controller: HEALTHY_TRAINING → PENDING_GROUP_REPAIR (event=hard_rank_failure, step=3880)
WARNING:megatron.core.transformer.moe.replacement_registry:BSR-MoE: replacement announced — failed_rank=11 → replacement_rank=11 (step=3880, reason='')
WARNING:megatron.core.transformer.moe.recovery_controller:[2026-05-13 18:40:38] BSR-MoE controller: PENDING_GROUP_REPAIR → WAITING_FOR_REPLACEMENT (event=replacement_assigned, step=3880)
WARNING:megatron.core.transformer.moe.bsr_integration:[2026-05-13 18:40:38] BSR-MoE FAULT INJECTION #8: type=restart_in_place, rank=11, step=3880, experts=[48, 49, 50, 51, 52, 53, 54, 55, 56, 57, 58, 59, 60, 61, 62, 63], ep_group=[8, 9, 10, 11, 12, 13, 14, 15]
WARNING:megatron.core.transformer.moe.recovery_controller:[2026-05-13 18:40:38] BSR-MoE controller: replacement assigned — failed_rank=11, replacement_rank=11 (step=3880)
WARNING:megatron.core.transformer.moe.recovery_controller:[2026-05-13 18:40:38] BSR-MoE controller: replacement ready — failed_rank=11 (step=3880)
INFO:megatron.core.transformer.moe.replacement_registry:BSR-MoE replacement: failed_rank=11, replacement_rank=11, NOT_PRESENT → BOOTSTRAPPING (step=3880)
WARNING:megatron.core.transformer.moe.recovery_controller:[2026-05-13 18:40:38] BSR-MoE controller: WAITING_FOR_REPLACEMENT → SAFE_POINT_REPAIR (event=replacement_ready, step=3880)
WARNING:megatron.core.transformer.moe.replacement_registry:BSR-MoE: replacement announced — failed_rank=11 → replacement_rank=11 (step=3880, reason='')
WARNING:megatron.core.transformer.moe.recovery_controller:BSR-MoE controller: restart-in-place fast path for rank 11 (replacement=self, step=3880)
WARNING:megatron.core.transformer.moe.recovery_controller:[2026-05-13 18:40:38] BSR-MoE controller: PENDING_GROUP_REPAIR → WAITING_FOR_REPLACEMENT (event=replacement_assigned, step=3880)
WARNING:megatron.core.transformer.moe.bsr_integration:[2026-05-13 18:40:38] BSR-MoE FAULT INJECTION: next periodic fault scheduled at step 3920 (interval=40, total_injections=8)
WARNING:megatron.core.transformer.moe.recovery_controller:[2026-05-13 18:40:38] BSR-MoE controller: replacement ready — failed_rank=11 (step=3880)
WARNING:megatron.core.transformer.moe.recovery_controller:[2026-05-13 18:40:38] BSR-MoE controller: ⏱️  START safe-point repair at step 3880 (failed=11, replacement=11)
INFO:megatron.core.transformer.moe.replacement_registry:BSR-MoE replacement: failed_rank=11, replacement_rank=11, NOT_PRESENT → BOOTSTRAPPING (step=3880)
WARNING:megatron.core.transformer.moe.bsr_integration:[2026-05-13 18:40:38] BSR-MoE FAULT INJECTION #8: type=restart_in_place, rank=11, step=3880, experts=[48, 49, 50, 51, 52, 53, 54, 55, 56, 57, 58, 59, 60, 61, 62, 63], ep_group=[8, 9, 10, 11, 12, 13, 14, 15]
WARNING:megatron.core.transformer.moe.recovery_controller:[2026-05-13 18:40:38] BSR-MoE controller: ⏱️  [Phase A] Starting infrastructure repair...
WARNING:megatron.core.transformer.moe.recovery_controller:[2026-05-13 18:40:38] BSR-MoE controller: WAITING_FOR_REPLACEMENT → SAFE_POINT_REPAIR (event=replacement_ready, step=3880)
WARNING:megatron.core.transformer.moe.replacement_registry:BSR-MoE: replacement announced — failed_rank=11 → replacement_rank=11 (step=3880, reason='')
WARNING:megatron.core.transformer.moe.recovery_controller:BSR-MoE controller: restart-in-place fast path for rank 11 (replacement=self, step=3880)
WARNING:megatron.core.transformer.moe.recovery_controller:[2026-05-13 18:40:38] BSR-MoE controller: rank 11 HARD FAILURE (step=3880, reason=scheduled_restart_in_place_injection, experts=[48, 49, 50, 51, 52, 53, 54, 55, 56, 57, 58, 59, 60, 61, 62, 63], mid_iteration=False)
WARNING:megatron.core.transformer.moe.bsr_integration:[2026-05-13 18:40:38] BSR-MoE FAULT INJECTION: next periodic fault scheduled at step 3920 (interval=40, total_injections=8)
WARNING:megatron.core.transformer.moe.recovery_controller:[2026-05-13 18:40:38] BSR-MoE controller: PENDING_GROUP_REPAIR → WAITING_FOR_REPLACEMENT (event=replacement_assigned, step=3880)
INFO:megatron.core.transformer.moe.replacement_registry:BSR-MoE replacement: failed_rank=11, replacement_rank=11, BOOTSTRAPPING → READY_FOR_REPAIR (step=3880)
WARNING:megatron.core.transformer.moe.recovery_controller:[2026-05-13 18:40:38] BSR-MoE controller: replacement ready — failed_rank=11 (step=3880)
INFO:megatron.core.transformer.moe.replacement_registry:BSR-MoE replacement: failed_rank=11, replacement_rank=11, READY_FOR_REPAIR → INTEGRATED (step=3880)
WARNING:megatron.core.transformer.moe.recovery_controller:[2026-05-13 18:40:38] BSR-MoE controller: ⏱️  START safe-point repair at step 3880 (failed=11, replacement=11)
WARNING:megatron.core.transformer.moe.replacement_registry:BSR-MoE: replacement INTEGRATED — failed_rank=11, replacement_rank=11 (step=3880)
INFO:megatron.core.transformer.moe.recovery_controller:ExpertRecoveryTracker: experts [48, 49, 50, 51, 52, 53, 54, 55, 56, 57, 58, 59, 60, 61, 62, 63] → RECOVERING (step=3880)
WARNING:megatron.core.transformer.moe.recovery_controller:[2026-05-13 18:40:38] BSR-MoE controller: WAITING_FOR_REPLACEMENT → SAFE_POINT_REPAIR (event=replacement_ready, step=3880)
WARNING:megatron.core.transformer.moe.recovery_controller:[2026-05-13 18:40:38] BSR-MoE controller: ⏱️  [Phase A] Starting infrastructure repair...
WARNING:megatron.core.transformer.moe.recovery_controller:[2026-05-13 18:40:38] BSR-MoE controller: step1 replacement_integrate elapsed=0.000s (step=3880)
WARNING:megatron.core.transformer.moe.recovery_controller:BSR-MoE controller: restart-in-place fast path for rank 11 (replacement=self, step=3880)
WARNING:megatron.core.transformer.moe.recovery_controller:[2026-05-13 18:40:38] BSR-MoE controller: rank 11 HARD FAILURE (step=3880, reason=scheduled_restart_in_place_injection, experts=[48, 49, 50, 51, 52, 53, 54, 55, 56, 57, 58, 59, 60, 61, 62, 63], mid_iteration=False)
WARNING:megatron.core.transformer.moe.recovery_controller:[2026-05-13 18:40:38] BSR-MoE controller: step2 group_rebuild_request elapsed=0.000s (step=3880)
WARNING:megatron.core.transformer.moe.bsr_integration:[2026-05-13 18:40:38] BSR-MoE FAULT INJECTION: next periodic fault scheduled at step 3920 (interval=40, total_injections=8)
WARNING:megatron.core.transformer.moe.recovery_controller:[2026-05-13 18:40:38] BSR-MoE controller: step3 group_rebuild_execute elapsed=0.000s (step=3880)
INFO:megatron.core.transformer.moe.replacement_registry:BSR-MoE replacement: failed_rank=11, replacement_rank=11, BOOTSTRAPPING → READY_FOR_REPAIR (step=3880)
WARNING:megatron.core.transformer.moe.recovery_controller:[2026-05-13 18:40:38] BSR-MoE controller: step4 group_rebuild_finish elapsed=0.000s (step=3880)
INFO:megatron.core.transformer.moe.recovery_controller:ExpertRecoveryTracker: experts [48, 49, 50, 51, 52, 53, 54, 55, 56, 57, 58, 59, 60, 61, 62, 63] → RECOVERING (step=3880)
INFO:megatron.core.transformer.moe.replacement_registry:BSR-MoE replacement: failed_rank=11, replacement_rank=11, READY_FOR_REPAIR → INTEGRATED (step=3880)
WARNING:megatron.core.transformer.moe.optimizer_commit_guard:OptimizerCommitGuard: commit BLOCKED (reason=hard_failure_rank_11_step_3880)
WARNING:megatron.core.transformer.moe.recovery_controller:[2026-05-13 18:40:38] BSR-MoE controller: step5 topology_refresh elapsed=0.000s (step=3880)
WARNING:megatron.core.transformer.moe.recovery_controller:[2026-05-13 18:40:38] BSR-MoE controller: ⏱️  START safe-point repair at step 3880 (failed=11, replacement=11)
WARNING:megatron.core.transformer.moe.replacement_registry:BSR-MoE: replacement INTEGRATED — failed_rank=11, replacement_rank=11 (step=3880)
WARNING:megatron.core.transformer.moe.bsr_integration:BSR-MoE: optimizer commit blocked for step 3880 (hard failure of rank 11)
WARNING:megatron.core.transformer.moe.recovery_controller:[2026-05-13 18:40:38] BSR-MoE controller: ⏱️  [Phase A] Infrastructure repair COMPLETED (elapsed=0.000s)
WARNING:megatron.core.transformer.moe.bsr_integration:[2026-05-13 18:40:38] BSR-MoE FAULT INJECTION #8: type=restart_in_place, rank=11, step=3880, experts=[48, 49, 50, 51, 52, 53, 54, 55, 56, 57, 58, 59, 60, 61, 62, 63], ep_group=[8, 9, 10, 11, 12, 13, 14, 15]
WARNING:megatron.core.transformer.moe.recovery_controller:[2026-05-13 18:40:38] BSR-MoE controller: ⏱️  [Phase A] Starting infrastructure repair...
WARNING:megatron.core.transformer.moe.recovery_controller:[2026-05-13 18:40:38] BSR-MoE controller: step1 replacement_integrate elapsed=0.000s (step=3880)
WARNING:megatron.core.transformer.moe.recovery_controller:[2026-05-13 18:40:38] BSR-MoE controller: ⏱️  [Phase B] Starting parameter recovery...
WARNING:megatron.core.transformer.moe.bsr_integration:BSR-MoE: entering waiting-for-replacement state (failed_rank=11, step=3880, experts=[48, 49, 50, 51, 52, 53, 54, 55, 56, 57, 58, 59, 60, 61, 62, 63])
WARNING:megatron.core.transformer.moe.recovery_controller:[2026-05-13 18:40:38] BSR-MoE controller: step2 group_rebuild_request elapsed=0.000s (step=3880)
WARNING:megatron.core.transformer.moe.optimizer_commit_guard:OptimizerCommitGuard: commit BLOCKED (reason=hard_failure_rank_11_step_3880)
WARNING:megatron.core.transformer.moe.recovery_controller:[2026-05-13 18:40:38] BSR-MoE controller: step3 group_rebuild_execute elapsed=0.000s (step=3880)
INFO:megatron.core.transformer.moe.replacement_registry:BSR-MoE replacement: failed_rank=11, replacement_rank=11, BOOTSTRAPPING → READY_FOR_REPAIR (step=3880)
WARNING:megatron.core.transformer.moe.bsr_integration:[2026-05-13 18:40:38] BSR-MoE FAULT INJECTION #8: type=restart_in_place, rank=11, step=3880, experts=[48, 49, 50, 51, 52, 53, 54, 55, 56, 57, 58, 59, 60, 61, 62, 63], ep_group=[8, 9, 10, 11, 12, 13, 14, 15]
WARNING:megatron.core.transformer.moe.bsr_integration:BSR-MoE: optimizer commit blocked for step 3880 (hard failure of rank 11)
WARNING:megatron.core.transformer.moe.recovery_controller:[2026-05-13 18:40:38] BSR-MoE controller: step4 group_rebuild_finish elapsed=0.000s (step=3880)
INFO:megatron.core.transformer.moe.replacement_registry:BSR-MoE replacement: failed_rank=11, replacement_rank=11, READY_FOR_REPAIR → INTEGRATED (step=3880)
WARNING:megatron.core.transformer.moe.recovery_controller:[2026-05-13 18:40:38] BSR-MoE controller: step5 topology_refresh elapsed=0.000s (step=3880)
WARNING:megatron.core.transformer.moe.bsr_integration:BSR-MoE: entering waiting-for-replacement state (failed_rank=11, step=3880, experts=[48, 49, 50, 51, 52, 53, 54, 55, 56, 57, 58, 59, 60, 61, 62, 63])
WARNING:megatron.core.transformer.moe.replacement_registry:BSR-MoE: replacement INTEGRATED — failed_rank=11, replacement_rank=11 (step=3880)
WARNING:megatron.core.transformer.moe.recovery_controller:[2026-05-13 18:40:38] BSR-MoE controller: ⏱️  [Phase A] Infrastructure repair COMPLETED (elapsed=0.000s)
WARNING:megatron.core.transformer.moe.recovery_controller:[2026-05-13 18:40:38] BSR-MoE controller: step1 replacement_integrate elapsed=0.000s (step=3880)
WARNING:megatron.core.transformer.moe.recovery_controller:[2026-05-13 18:40:38] BSR-MoE controller: HEALTHY_TRAINING → PENDING_GROUP_REPAIR (event=hard_rank_failure, step=3880)
WARNING:megatron.core.transformer.moe.recovery_controller:[2026-05-13 18:40:38] BSR-MoE controller: ⏱️  [Phase B] Starting parameter recovery...
WARNING:megatron.core.transformer.moe.recovery_controller:[2026-05-13 18:40:38] BSR-MoE controller: step2 group_rebuild_request elapsed=0.000s (step=3880)
WARNING:megatron.core.transformer.moe.recovery_controller:[2026-05-13 18:40:38] BSR-MoE controller: rank 11 HARD FAILURE (step=3880, reason=scheduled_restart_in_place_injection, experts=[48, 49, 50, 51, 52, 53, 54, 55, 56, 57, 58, 59, 60, 61, 62, 63], mid_iteration=False)
WARNING:megatron.core.transformer.moe.recovery_controller:[2026-05-13 18:40:38] BSR-MoE controller: step3 group_rebuild_execute elapsed=0.000s (step=3880)
WARNING:megatron.core.transformer.moe.recovery_controller:[2026-05-13 18:40:38] BSR-MoE controller: HEALTHY_TRAINING → PENDING_GROUP_REPAIR (event=hard_rank_failure, step=3880)
WARNING:megatron.core.transformer.moe.recovery_controller:[2026-05-13 18:40:38] BSR-MoE controller: step4 group_rebuild_finish elapsed=0.000s (step=3880)
WARNING:megatron.core.transformer.moe.recovery_controller:[2026-05-13 18:40:38] BSR-MoE controller: replacement assigned — failed_rank=11, replacement_rank=11 (step=3880)
WARNING:megatron.core.transformer.moe.recovery_controller:[2026-05-13 18:40:38] BSR-MoE controller: rank 11 HARD FAILURE (step=3880, reason=scheduled_restart_in_place_injection, experts=[48, 49, 50, 51, 52, 53, 54, 55, 56, 57, 58, 59, 60, 61, 62, 63], mid_iteration=False)
WARNING:megatron.core.transformer.moe.recovery_controller:[2026-05-13 18:40:38] BSR-MoE controller: step5 topology_refresh elapsed=0.000s (step=3880)
WARNING:megatron.core.transformer.moe.bsr_integration:[2026-05-13 18:40:38] BSR-MoE FAULT INJECTION #8: type=restart_in_place, rank=11, step=3880, experts=[48, 49, 50, 51, 52, 53, 54, 55, 56, 57, 58, 59, 60, 61, 62, 63], ep_group=[8, 9, 10, 11, 12, 13, 14, 15]
INFO:megatron.core.transformer.moe.recovery_controller:ExpertRecoveryTracker: experts [48, 49, 50, 51, 52, 53, 54, 55, 56, 57, 58, 59, 60, 61, 62, 63] → RECOVERING (step=3880)
WARNING:megatron.core.transformer.moe.recovery_controller:[2026-05-13 18:40:38] BSR-MoE controller: ⏱️  [Phase A] Infrastructure repair COMPLETED (elapsed=0.000s)
WARNING:megatron.core.transformer.moe.recovery_controller:[2026-05-13 18:40:38] BSR-MoE controller: ⏱️  [Phase B] Starting parameter recovery...
WARNING:megatron.core.transformer.moe.recovery_controller:[2026-05-13 18:40:38] BSR-MoE controller: replacement assigned — failed_rank=11, replacement_rank=11 (step=3880)
INFO:megatron.core.transformer.moe.recovery_controller:ExpertRecoveryTracker: experts [48, 49, 50, 51, 52, 53, 54, 55, 56, 57, 58, 59, 60, 61, 62, 63] → RECOVERING (step=3880)
INFO:megatron.core.transformer.moe.replacement_registry:BSR-MoE replacement: failed_rank=11, replacement_rank=11, NOT_PRESENT → BOOTSTRAPPING (step=3880)
WARNING:megatron.core.transformer.moe.optimizer_commit_guard:OptimizerCommitGuard: commit BLOCKED (reason=hard_failure_rank_11_step_3880)
WARNING:megatron.core.transformer.moe.replacement_registry:BSR-MoE: replacement announced — failed_rank=11 → replacement_rank=11 (step=3880, reason='')
WARNING:megatron.core.transformer.moe.bsr_integration:BSR-MoE: optimizer commit blocked for step 3880 (hard failure of rank 11)
WARNING:megatron.core.transformer.moe.optimizer_commit_guard:OptimizerCommitGuard: commit BLOCKED (reason=hard_failure_rank_11_step_3880)
INFO:megatron.core.transformer.moe.replacement_registry:BSR-MoE replacement: failed_rank=11, replacement_rank=11, NOT_PRESENT → BOOTSTRAPPING (step=3880)
WARNING:megatron.core.transformer.moe.bsr_integration:BSR-MoE: entering waiting-for-replacement state (failed_rank=11, step=3880, experts=[48, 49, 50, 51, 52, 53, 54, 55, 56, 57, 58, 59, 60, 61, 62, 63])
WARNING:megatron.core.transformer.moe.recovery_controller:[2026-05-13 18:40:38] BSR-MoE controller: PENDING_GROUP_REPAIR → WAITING_FOR_REPLACEMENT (event=replacement_assigned, step=3880)
WARNING:megatron.core.transformer.moe.recovery_controller:[2026-05-13 18:40:38] BSR-MoE controller: rank 11 HARD FAILURE (step=3880, reason=scheduled_restart_in_place_injection, experts=[48, 49, 50, 51, 52, 53, 54, 55, 56, 57, 58, 59, 60, 61, 62, 63], mid_iteration=False)
WARNING:megatron.core.transformer.moe.replacement_registry:BSR-MoE: replacement announced — failed_rank=11 → replacement_rank=11 (step=3880, reason='')
WARNING:megatron.core.transformer.moe.bsr_integration:BSR-MoE: optimizer commit blocked for step 3880 (hard failure of rank 11)
WARNING:megatron.core.transformer.moe.recovery_controller:[2026-05-13 18:40:38] BSR-MoE controller: replacement ready — failed_rank=11 (step=3880)
WARNING:megatron.core.transformer.moe.bsr_integration:BSR-MoE: entering waiting-for-replacement state (failed_rank=11, step=3880, experts=[48, 49, 50, 51, 52, 53, 54, 55, 56, 57, 58, 59, 60, 61, 62, 63])
WARNING:megatron.core.transformer.moe.recovery_controller:[2026-05-13 18:40:38] BSR-MoE controller: PENDING_GROUP_REPAIR → WAITING_FOR_REPLACEMENT (event=replacement_assigned, step=3880)
WARNING:megatron.core.transformer.moe.recovery_controller:[2026-05-13 18:40:38] BSR-MoE controller: WAITING_FOR_REPLACEMENT → SAFE_POINT_REPAIR (event=replacement_ready, step=3880)
WARNING:megatron.core.transformer.moe.recovery_controller:BSR-MoE controller: restart-in-place fast path for rank 11 (replacement=self, step=3880)
WARNING:megatron.core.transformer.moe.recovery_controller:[2026-05-13 18:40:38] BSR-MoE controller: replacement ready — failed_rank=11 (step=3880)
INFO:megatron.core.transformer.moe.recovery_controller:ExpertRecoveryTracker: experts [48, 49, 50, 51, 52, 53, 54, 55, 56, 57, 58, 59, 60, 61, 62, 63] → RECOVERING (step=3880)
WARNING:megatron.core.transformer.moe.bsr_integration:[2026-05-13 18:40:38] BSR-MoE FAULT INJECTION: next periodic fault scheduled at step 3920 (interval=40, total_injections=8)
WARNING:megatron.core.transformer.moe.recovery_controller:[2026-05-13 18:40:38] BSR-MoE controller: WAITING_FOR_REPLACEMENT → SAFE_POINT_REPAIR (event=replacement_ready, step=3880)
WARNING:megatron.core.transformer.moe.recovery_controller:BSR-MoE controller: restart-in-place fast path for rank 11 (replacement=self, step=3880)
WARNING:megatron.core.transformer.moe.recovery_controller:[2026-05-13 18:40:38] BSR-MoE controller: HEALTHY_TRAINING → PENDING_GROUP_REPAIR (event=hard_rank_failure, step=3880)
WARNING:megatron.core.transformer.moe.recovery_controller:[2026-05-13 18:40:38] BSR-MoE controller: HEALTHY_TRAINING → PENDING_GROUP_REPAIR (event=hard_rank_failure, step=3880)
WARNING:megatron.core.transformer.moe.recovery_controller:[2026-05-13 18:40:38] BSR-MoE controller: ⏱️  START safe-point repair at step 3880 (failed=11, replacement=11)
WARNING:megatron.core.transformer.moe.bsr_integration:[2026-05-13 18:40:38] BSR-MoE FAULT INJECTION: next periodic fault scheduled at step 3920 (interval=40, total_injections=8)
WARNING:megatron.core.transformer.moe.recovery_controller:[2026-05-13 18:40:38] BSR-MoE controller: ⏱️  [Phase A] Starting infrastructure repair...
WARNING:megatron.core.transformer.moe.optimizer_commit_guard:OptimizerCommitGuard: commit BLOCKED (reason=hard_failure_rank_11_step_3880)
WARNING:megatron.core.transformer.moe.recovery_controller:[2026-05-13 18:40:38] BSR-MoE controller: ⏱️  START safe-point repair at step 3880 (failed=11, replacement=11)
WARNING:megatron.core.transformer.moe.bsr_integration:BSR-MoE: optimizer commit blocked for step 3880 (hard failure of rank 11)
WARNING:megatron.core.transformer.moe.recovery_controller:[2026-05-13 18:40:38] BSR-MoE controller: replacement assigned — failed_rank=11, replacement_rank=11 (step=3880)
WARNING:megatron.core.transformer.moe.recovery_controller:[2026-05-13 18:40:38] BSR-MoE controller: ⏱️  [Phase A] Starting infrastructure repair...
WARNING:megatron.core.transformer.moe.recovery_controller:[2026-05-13 18:40:38] BSR-MoE controller: replacement assigned — failed_rank=11, replacement_rank=11 (step=3880)
WARNING:megatron.core.transformer.moe.bsr_integration:BSR-MoE: entering waiting-for-replacement state (failed_rank=11, step=3880, experts=[48, 49, 50, 51, 52, 53, 54, 55, 56, 57, 58, 59, 60, 61, 62, 63])
INFO:megatron.core.transformer.moe.replacement_registry:BSR-MoE replacement: failed_rank=11, replacement_rank=11, BOOTSTRAPPING → READY_FOR_REPAIR (step=3880)
INFO:megatron.core.transformer.moe.replacement_registry:BSR-MoE replacement: failed_rank=11, replacement_rank=11, READY_FOR_REPAIR → INTEGRATED (step=3880)
WARNING:megatron.core.transformer.moe.replacement_registry:BSR-MoE: replacement INTEGRATED — failed_rank=11, replacement_rank=11 (step=3880)
INFO:megatron.core.transformer.moe.replacement_registry:BSR-MoE replacement: failed_rank=11, replacement_rank=11, BOOTSTRAPPING → READY_FOR_REPAIR (step=3880)
WARNING:megatron.core.transformer.moe.recovery_controller:[2026-05-13 18:40:38] BSR-MoE controller: step1 replacement_integrate elapsed=0.000s (step=3880)
INFO:megatron.core.transformer.moe.replacement_registry:BSR-MoE replacement: failed_rank=11, replacement_rank=11, READY_FOR_REPAIR → INTEGRATED (step=3880)
INFO:megatron.core.transformer.moe.replacement_registry:BSR-MoE replacement: failed_rank=11, replacement_rank=11, NOT_PRESENT → BOOTSTRAPPING (step=3880)
WARNING:megatron.core.transformer.moe.replacement_registry:BSR-MoE: replacement INTEGRATED — failed_rank=11, replacement_rank=11 (step=3880)
WARNING:megatron.core.transformer.moe.recovery_controller:[2026-05-13 18:40:38] BSR-MoE controller: step2 group_rebuild_request elapsed=0.000s (step=3880)
WARNING:megatron.core.transformer.moe.replacement_registry:BSR-MoE: replacement announced — failed_rank=11 → replacement_rank=11 (step=3880, reason='')
WARNING:megatron.core.transformer.moe.recovery_controller:[2026-05-13 18:40:38] BSR-MoE controller: HEALTHY_TRAINING → PENDING_GROUP_REPAIR (event=hard_rank_failure, step=3880)
WARNING:megatron.core.transformer.moe.recovery_controller:[2026-05-13 18:40:38] BSR-MoE controller: step3 group_rebuild_execute elapsed=0.000s (step=3880)
WARNING:megatron.core.transformer.moe.recovery_controller:[2026-05-13 18:40:38] BSR-MoE controller: step1 replacement_integrate elapsed=0.000s (step=3880)
INFO:megatron.core.transformer.moe.replacement_registry:BSR-MoE replacement: failed_rank=11, replacement_rank=11, NOT_PRESENT → BOOTSTRAPPING (step=3880)
WARNING:megatron.core.transformer.moe.recovery_controller:[2026-05-13 18:40:38] BSR-MoE controller: step4 group_rebuild_finish elapsed=0.000s (step=3880)
WARNING:megatron.core.transformer.moe.recovery_controller:[2026-05-13 18:40:38] BSR-MoE controller: PENDING_GROUP_REPAIR → WAITING_FOR_REPLACEMENT (event=replacement_assigned, step=3880)
WARNING:megatron.core.transformer.moe.recovery_controller:[2026-05-13 18:40:38] BSR-MoE controller: step2 group_rebuild_request elapsed=0.000s (step=3880)
WARNING:megatron.core.transformer.moe.replacement_registry:BSR-MoE: replacement announced — failed_rank=11 → replacement_rank=11 (step=3880, reason='')
WARNING:megatron.core.transformer.moe.recovery_controller:[2026-05-13 18:40:38] BSR-MoE controller: step5 topology_refresh elapsed=0.000s (step=3880)
WARNING:megatron.core.transformer.moe.recovery_controller:[2026-05-13 18:40:38] BSR-MoE controller: step3 group_rebuild_execute elapsed=0.000s (step=3880)
WARNING:megatron.core.transformer.moe.recovery_controller:[2026-05-13 18:40:38] BSR-MoE controller: replacement ready — failed_rank=11 (step=3880)
WARNING:megatron.core.transformer.moe.recovery_controller:[2026-05-13 18:40:38] BSR-MoE controller: ⏱️  [Phase A] Infrastructure repair COMPLETED (elapsed=0.000s)
WARNING:megatron.core.transformer.moe.recovery_controller:[2026-05-13 18:40:38] BSR-MoE controller: PENDING_GROUP_REPAIR → WAITING_FOR_REPLACEMENT (event=replacement_assigned, step=3880)
WARNING:megatron.core.transformer.moe.recovery_controller:[2026-05-13 18:40:38] BSR-MoE controller: step4 group_rebuild_finish elapsed=0.000s (step=3880)
WARNING:megatron.core.transformer.moe.recovery_controller:[2026-05-13 18:40:38] BSR-MoE controller: replacement assigned — failed_rank=11, replacement_rank=11 (step=3880)
WARNING:megatron.core.transformer.moe.recovery_controller:[2026-05-13 18:40:38] BSR-MoE controller: ⏱️  [Phase B] Starting parameter recovery...
WARNING:megatron.core.transformer.moe.recovery_controller:[2026-05-13 18:40:38] BSR-MoE controller: WAITING_FOR_REPLACEMENT → SAFE_POINT_REPAIR (event=replacement_ready, step=3880)
WARNING:megatron.core.transformer.moe.recovery_controller:[2026-05-13 18:40:38] BSR-MoE controller: step5 topology_refresh elapsed=0.000s (step=3880)
WARNING:megatron.core.transformer.moe.recovery_controller:[2026-05-13 18:40:38] BSR-MoE controller: replacement ready — failed_rank=11 (step=3880)
WARNING:megatron.core.transformer.moe.recovery_controller:BSR-MoE controller: restart-in-place fast path for rank 11 (replacement=self, step=3880)
WARNING:megatron.core.transformer.moe.recovery_controller:[2026-05-13 18:40:38] BSR-MoE controller: ⏱️  [Phase A] Infrastructure repair COMPLETED (elapsed=0.000s)
WARNING:megatron.core.transformer.moe.bsr_integration:[2026-05-13 18:40:38] BSR-MoE FAULT INJECTION: next periodic fault scheduled at step 3920 (interval=40, total_injections=8)
WARNING:megatron.core.transformer.moe.recovery_controller:[2026-05-13 18:40:38] BSR-MoE controller: WAITING_FOR_REPLACEMENT → SAFE_POINT_REPAIR (event=replacement_ready, step=3880)
WARNING:megatron.core.transformer.moe.recovery_controller:[2026-05-13 18:40:38] BSR-MoE controller: ⏱️  [Phase B] Starting parameter recovery...
WARNING:megatron.core.transformer.moe.recovery_controller:BSR-MoE controller: restart-in-place fast path for rank 11 (replacement=self, step=3880)
WARNING:megatron.core.transformer.moe.recovery_controller:[2026-05-13 18:40:38] BSR-MoE controller: ⏱️  START safe-point repair at step 3880 (failed=11, replacement=11)
WARNING:megatron.core.transformer.moe.bsr_integration:[2026-05-13 18:40:38] BSR-MoE FAULT INJECTION: next periodic fault scheduled at step 3920 (interval=40, total_injections=8)
WARNING:megatron.core.transformer.moe.recovery_controller:[2026-05-13 18:40:38] BSR-MoE controller: ⏱️  [Phase A] Starting infrastructure repair...
INFO:megatron.core.transformer.moe.replacement_registry:BSR-MoE replacement: failed_rank=11, replacement_rank=11, NOT_PRESENT → BOOTSTRAPPING (step=3880)
WARNING:megatron.core.transformer.moe.recovery_controller:[2026-05-13 18:40:38] BSR-MoE controller: ⏱️  START safe-point repair at step 3880 (failed=11, replacement=11)
WARNING:megatron.core.transformer.moe.replacement_registry:BSR-MoE: replacement announced — failed_rank=11 → replacement_rank=11 (step=3880, reason='')
WARNING:megatron.core.transformer.moe.recovery_controller:[2026-05-13 18:40:38] BSR-MoE controller: ⏱️  [Phase A] Starting infrastructure repair...
INFO:megatron.core.transformer.moe.replacement_registry:BSR-MoE replacement: failed_rank=11, replacement_rank=11, BOOTSTRAPPING → READY_FOR_REPAIR (step=3880)
WARNING:megatron.core.transformer.moe.recovery_controller:[2026-05-13 18:40:38] BSR-MoE controller: PENDING_GROUP_REPAIR → WAITING_FOR_REPLACEMENT (event=replacement_assigned, step=3880)
INFO:megatron.core.transformer.moe.replacement_registry:BSR-MoE replacement: failed_rank=11, replacement_rank=11, READY_FOR_REPAIR → INTEGRATED (step=3880)
WARNING:megatron.core.transformer.moe.recovery_controller:[2026-05-13 18:40:38] BSR-MoE controller: replacement ready — failed_rank=11 (step=3880)
INFO:megatron.core.transformer.moe.replacement_registry:BSR-MoE replacement: failed_rank=11, replacement_rank=11, BOOTSTRAPPING → READY_FOR_REPAIR (step=3880)
WARNING:megatron.core.transformer.moe.replacement_registry:BSR-MoE: replacement INTEGRATED — failed_rank=11, replacement_rank=11 (step=3880)
INFO:megatron.core.transformer.moe.replacement_registry:BSR-MoE replacement: failed_rank=11, replacement_rank=11, READY_FOR_REPAIR → INTEGRATED (step=3880)
WARNING:megatron.core.transformer.moe.recovery_controller:[2026-05-13 18:40:38] BSR-MoE controller: WAITING_FOR_REPLACEMENT → SAFE_POINT_REPAIR (event=replacement_ready, step=3880)
WARNING:megatron.core.transformer.moe.recovery_controller:[2026-05-13 18:40:38] BSR-MoE controller: step1 replacement_integrate elapsed=0.000s (step=3880)
WARNING:megatron.core.transformer.moe.replacement_registry:BSR-MoE: replacement INTEGRATED — failed_rank=11, replacement_rank=11 (step=3880)
WARNING:megatron.core.transformer.moe.recovery_controller:BSR-MoE controller: restart-in-place fast path for rank 11 (replacement=self, step=3880)
WARNING:megatron.core.transformer.moe.recovery_controller:[2026-05-13 18:40:38] BSR-MoE controller: step2 group_rebuild_request elapsed=0.000s (step=3880)
WARNING:megatron.core.transformer.moe.recovery_controller:[2026-05-13 18:40:38] BSR-MoE controller: step1 replacement_integrate elapsed=0.000s (step=3880)
WARNING:megatron.core.transformer.moe.bsr_integration:[2026-05-13 18:40:38] BSR-MoE FAULT INJECTION: next periodic fault scheduled at step 3920 (interval=40, total_injections=8)
WARNING:megatron.core.transformer.moe.recovery_controller:[2026-05-13 18:40:38] BSR-MoE controller: step3 group_rebuild_execute elapsed=0.000s (step=3880)
WARNING:megatron.core.transformer.moe.recovery_controller:[2026-05-13 18:40:38] BSR-MoE controller: step2 group_rebuild_request elapsed=0.000s (step=3880)
WARNING:megatron.core.transformer.moe.recovery_controller:[2026-05-13 18:40:38] BSR-MoE controller: step4 group_rebuild_finish elapsed=0.000s (step=3880)
WARNING:megatron.core.transformer.moe.recovery_controller:[2026-05-13 18:40:38] BSR-MoE controller: step3 group_rebuild_execute elapsed=0.000s (step=3880)
WARNING:megatron.core.transformer.moe.recovery_controller:[2026-05-13 18:40:38] BSR-MoE controller: step5 topology_refresh elapsed=0.000s (step=3880)
WARNING:megatron.core.transformer.moe.recovery_controller:[2026-05-13 18:40:38] BSR-MoE controller: ⏱️  START safe-point repair at step 3880 (failed=11, replacement=11)
WARNING:megatron.core.transformer.moe.recovery_controller:[2026-05-13 18:40:38] BSR-MoE controller: step4 group_rebuild_finish elapsed=0.000s (step=3880)
WARNING:megatron.core.transformer.moe.recovery_controller:[2026-05-13 18:40:38] BSR-MoE controller: ⏱️  [Phase A] Infrastructure repair COMPLETED (elapsed=0.000s)
WARNING:megatron.core.transformer.moe.recovery_controller:[2026-05-13 18:40:38] BSR-MoE controller: ⏱️  [Phase A] Starting infrastructure repair...
WARNING:megatron.core.transformer.moe.recovery_controller:[2026-05-13 18:40:38] BSR-MoE controller: step5 topology_refresh elapsed=0.000s (step=3880)
WARNING:megatron.core.transformer.moe.recovery_controller:[2026-05-13 18:40:38] BSR-MoE controller: ⏱️  [Phase B] Starting parameter recovery...
WARNING:megatron.core.transformer.moe.recovery_controller:[2026-05-13 18:40:38] BSR-MoE controller: ⏱️  [Phase A] Infrastructure repair COMPLETED (elapsed=0.000s)
WARNING:megatron.core.transformer.moe.recovery_controller:[2026-05-13 18:40:38] BSR-MoE controller: ⏱️  [Phase B] Starting parameter recovery...
INFO:megatron.core.transformer.moe.replacement_registry:BSR-MoE replacement: failed_rank=11, replacement_rank=11, BOOTSTRAPPING → READY_FOR_REPAIR (step=3880)
INFO:megatron.core.transformer.moe.replacement_registry:BSR-MoE replacement: failed_rank=11, replacement_rank=11, READY_FOR_REPAIR → INTEGRATED (step=3880)
WARNING:megatron.core.transformer.moe.replacement_registry:BSR-MoE: replacement INTEGRATED — failed_rank=11, replacement_rank=11 (step=3880)
WARNING:megatron.core.transformer.moe.recovery_controller:[2026-05-13 18:40:38] BSR-MoE controller: step1 replacement_integrate elapsed=0.000s (step=3880)
WARNING:megatron.core.transformer.moe.recovery_controller:[2026-05-13 18:40:38] BSR-MoE controller: step2 group_rebuild_request elapsed=0.000s (step=3880)
WARNING:megatron.core.transformer.moe.recovery_controller:[2026-05-13 18:40:38] BSR-MoE controller: step3 group_rebuild_execute elapsed=0.000s (step=3880)
WARNING:megatron.core.transformer.moe.recovery_controller:[2026-05-13 18:40:38] BSR-MoE controller: step4 group_rebuild_finish elapsed=0.000s (step=3880)
WARNING:megatron.core.transformer.moe.recovery_controller:[2026-05-13 18:40:38] BSR-MoE controller: step5 topology_refresh elapsed=0.000s (step=3880)
WARNING:megatron.core.transformer.moe.recovery_controller:[2026-05-13 18:40:38] BSR-MoE controller: ⏱️  [Phase A] Infrastructure repair COMPLETED (elapsed=0.000s)
WARNING:megatron.core.transformer.moe.recovery_controller:[2026-05-13 18:40:38] BSR-MoE controller: ⏱️  [Phase B] Starting parameter recovery...
INFO:megatron.core.transformer.moe.bsr_integration:BSR-MoE: found latest checkpoint with BSR manifest at /mnt/ais-c1/dataset/zds/5.12/bsr/iter_0003880 (step=3880)
INFO:megatron.core.transformer.moe.bsr_integration:BSR-MoE: found latest checkpoint with BSR manifest at /mnt/ais-c1/dataset/zds/5.12/bsr/iter_0003880 (step=3880)
INFO:megatron.core.transformer.moe.bsr_integration:BSR-MoE: found latest checkpoint with BSR manifest at /mnt/ais-c1/dataset/zds/5.12/bsr/iter_0003880 (step=3880)
INFO:megatron.core.transformer.moe.bsr_integration:BSR-MoE: found latest checkpoint with BSR manifest at /mnt/ais-c1/dataset/zds/5.12/bsr/iter_0003880 (step=3880)
INFO:megatron.core.transformer.moe.bsr_integration:BSR-MoE: found latest checkpoint with BSR manifest at /mnt/ais-c1/dataset/zds/5.12/bsr/iter_0003880 (step=3880)
INFO:megatron.core.transformer.moe.bsr_integration:BSR-MoE: found latest checkpoint with BSR manifest at /mnt/ais-c1/dataset/zds/5.12/bsr/iter_0003880 (step=3880)
INFO:megatron.core.transformer.moe.bsr_integration:BSR-MoE: found latest checkpoint with BSR manifest at /mnt/ais-c1/dataset/zds/5.12/bsr/iter_0003880 (step=3880)
INFO:megatron.core.transformer.moe.bsr_integration:BSR-MoE: found latest checkpoint with BSR manifest at /mnt/ais-c1/dataset/zds/5.12/bsr/iter_0003880 (step=3880)
WARNING:megatron.core.transformer.moe.recovery_controller:[2026-05-13 18:40:38] BSR-MoE controller: HYBRID_RECOVERY path — dense from DP peer, experts from checkpoint (step=3880, failed=11, replacement=11)
WARNING:megatron.core.transformer.moe.recovery_controller:[2026-05-13 18:40:38] BSR-MoE controller: HYBRID_RECOVERY path — dense from DP peer, experts from checkpoint (step=3880, failed=11, replacement=11)
WARNING:megatron.core.transformer.moe.recovery_controller:[2026-05-13 18:40:38] BSR-MoE controller: dense_sync elapsed=0.000s (step=3880)
WARNING:megatron.core.transformer.moe.recovery_controller:[2026-05-13 18:40:38] BSR-MoE controller: expert_restore (sync weights, deferred optimizer) elapsed=0.000s (step=3880)
WARNING:megatron.core.transformer.moe.recovery_controller:[2026-05-13 18:40:38] BSR-MoE controller: dense_sync elapsed=0.000s (step=3880)
WARNING:megatron.core.transformer.moe.recovery_controller:[2026-05-13 18:40:38] BSR-MoE controller: ⏱️  [Phase B] Parameter recovery COMPLETED (path=HYBRID_RECOVERY, elapsed=0.139s)
WARNING:megatron.core.transformer.moe.recovery_controller:[2026-05-13 18:40:38] BSR-MoE controller: expert_restore (sync weights, deferred optimizer) elapsed=0.000s (step=3880)
WARNING:megatron.core.transformer.moe.recovery_controller:[2026-05-13 18:40:38] BSR-MoE controller: ⏱️  [Phase B] Parameter recovery COMPLETED (path=HYBRID_RECOVERY, elapsed=0.138s)
INFO:megatron.core.transformer.moe.bsr_integration:BSR-MoE post-recovery convergence: views consistent after HYBRID_RECOVERY path (step=3880)
WARNING:megatron.core.transformer.moe.recovery_controller:[2026-05-13 18:40:38] BSR-MoE controller: ⏱️  [Phase B→C] Post-recovery convergence completed (path=HYBRID_RECOVERY, elapsed=0.000s, step=3880)
WARNING:megatron.core.transformer.moe.recovery_controller:[2026-05-13 18:40:38] BSR-MoE controller: HYBRID_RECOVERY path — dense from DP peer, experts from checkpoint (step=3880, failed=11, replacement=11)
WARNING:megatron.core.transformer.moe.recovery_controller:[2026-05-13 18:40:38] BSR-MoE controller: ⏱️  [Phase C] Starting post-repair...
INFO:megatron.core.transformer.moe.bsr_integration:BSR-MoE post-recovery convergence: views consistent after HYBRID_RECOVERY path (step=3880)
WARNING:megatron.core.transformer.moe.recovery_controller:[2026-05-13 18:40:38] BSR-MoE controller: ⏱️  [Phase B→C] Post-recovery convergence completed (path=HYBRID_RECOVERY, elapsed=0.000s, step=3880)
WARNING:megatron.core.transformer.moe.recovery_controller:[2026-05-13 18:40:38] BSR-MoE controller: ⏱️  [Phase C] Starting post-repair...
INFO:megatron.core.transformer.moe.reintegration_barrier:BSR-MoE barrier: begin reintegration for rank 11 -> 11 (experts=[48, 49, 50, 51, 52, 53, 54, 55, 56, 57, 58, 59, 60, 61, 62, 63], step=3880)
WARNING:megatron.core.transformer.moe.recovery_controller:[2026-05-13 18:40:38] BSR-MoE controller: dense_sync elapsed=0.000s (step=3880)
INFO:megatron.core.transformer.moe.reintegration_barrier:BSR-MoE barrier: rank 11 -> REPAIRED_NOT_ROUTED (all preconditions met, step=3880)
INFO:megatron.core.transformer.moe.reintegration_barrier:BSR-MoE barrier: begin reintegration for rank 11 -> 11 (experts=[48, 49, 50, 51, 52, 53, 54, 55, 56, 57, 58, 59, 60, 61, 62, 63], step=3880)
WARNING:megatron.core.transformer.moe.recovery_controller:[2026-05-13 18:40:38] BSR-MoE controller: reintegration barrier initialized for rank 11 (all preconditions marked, step=3880)
WARNING:megatron.core.transformer.moe.recovery_controller:[2026-05-13 18:40:38] BSR-MoE controller: expert_restore (sync weights, deferred optimizer) elapsed=0.000s (step=3880)
WARNING:megatron.core.transformer.moe.recovery_controller:[2026-05-13 18:40:38] BSR-MoE controller: SAFE_POINT_REPAIR → REINTEGRATED (event=safe_point_repair_completed, step=3880)
WARNING:megatron.core.transformer.moe.recovery_controller:[2026-05-13 18:40:38] BSR-MoE controller: ⏱️  [Phase B] Parameter recovery COMPLETED (path=HYBRID_RECOVERY, elapsed=0.138s)
WARNING:megatron.core.transformer.moe.recovery_controller:[2026-05-13 18:40:38] BSR-MoE controller: HYBRID_RECOVERY path — dense from DP peer, experts from checkpoint (step=3880, failed=11, replacement=11)
INFO:megatron.core.transformer.moe.reintegration_barrier:BSR-MoE barrier: rank 11 -> REPAIRED_NOT_ROUTED (all preconditions met, step=3880)
WARNING:megatron.core.transformer.moe.recovery_controller:[2026-05-13 18:40:38] BSR-MoE controller: ⏱️  ✅ SAFE-POINT REPAIR COMPLETED (path=HYBRID_RECOVERY, step=3880, failed=11, replacement=11) | Total=0.139s | Breakdown: PhaseA=0.000s, PhaseB=0.139s, PhaseC=0.000s
WARNING:megatron.core.transformer.moe.recovery_controller:[2026-05-13 18:40:38] BSR-MoE controller: reintegration barrier initialized for rank 11 (all preconditions marked, step=3880)
WARNING:megatron.core.transformer.moe.recovery_controller:[2026-05-13 18:40:38] BSR-MoE controller: SAFE_POINT_REPAIR → REINTEGRATED (event=safe_point_repair_completed, step=3880)
WARNING:megatron.core.transformer.moe.recovery_controller:[2026-05-13 18:40:38] BSR-MoE controller: ⏱️  ✅ SAFE-POINT REPAIR COMPLETED (path=HYBRID_RECOVERY, step=3880, failed=11, replacement=11) | Total=0.139s | Breakdown: PhaseA=0.000s, PhaseB=0.138s, PhaseC=0.000s
INFO:megatron.core.transformer.moe.bsr_integration:BSR-MoE post-recovery convergence: views consistent after HYBRID_RECOVERY path (step=3880)
WARNING:megatron.core.transformer.moe.recovery_controller:[2026-05-13 18:40:38] BSR-MoE controller: HYBRID_RECOVERY path — dense from DP peer, experts from checkpoint (step=3880, failed=11, replacement=11)
WARNING:megatron.core.transformer.moe.recovery_controller:[2026-05-13 18:40:38] BSR-MoE controller: dense_sync elapsed=0.000s (step=3880)
WARNING:megatron.core.transformer.moe.recovery_controller:[2026-05-13 18:40:38] BSR-MoE controller: ⏱️  [Phase B→C] Post-recovery convergence completed (path=HYBRID_RECOVERY, elapsed=0.000s, step=3880)
WARNING:megatron.core.transformer.moe.recovery_controller:[2026-05-13 18:40:38] BSR-MoE controller: ⏱️  [Phase C] Starting post-repair...
WARNING:megatron.core.transformer.moe.recovery_controller:[2026-05-13 18:40:38] BSR-MoE controller: HYBRID_RECOVERY path — dense from DP peer, experts from checkpoint (step=3880, failed=11, replacement=11)
WARNING:megatron.core.transformer.moe.recovery_controller:[2026-05-13 18:40:38] BSR-MoE controller: expert_restore (sync weights, deferred optimizer) elapsed=0.000s (step=3880)
WARNING:megatron.core.transformer.moe.recovery_controller:[2026-05-13 18:40:38] BSR-MoE controller: ⏱️  [Phase B] Parameter recovery COMPLETED (path=HYBRID_RECOVERY, elapsed=0.138s)
WARNING:megatron.core.transformer.moe.recovery_controller:[2026-05-13 18:40:38] BSR-MoE controller: dense_sync elapsed=0.000s (step=3880)
INFO:megatron.core.transformer.moe.reintegration_barrier:BSR-MoE barrier: begin reintegration for rank 11 -> 11 (experts=[48, 49, 50, 51, 52, 53, 54, 55, 56, 57, 58, 59, 60, 61, 62, 63], step=3880)
WARNING:megatron.core.transformer.moe.recovery_controller:[2026-05-13 18:40:38] BSR-MoE controller: dense_sync elapsed=0.000s (step=3880)
WARNING:megatron.core.transformer.moe.recovery_controller:[2026-05-13 18:40:38] BSR-MoE controller: expert_restore (sync weights, deferred optimizer) elapsed=0.000s (step=3880)
WARNING:megatron.core.transformer.moe.recovery_controller:[2026-05-13 18:40:38] BSR-MoE controller: HYBRID_RECOVERY path — dense from DP peer, experts from checkpoint (step=3880, failed=11, replacement=11)
WARNING:megatron.core.transformer.moe.recovery_controller:[2026-05-13 18:40:38] BSR-MoE controller: expert_restore (sync weights, deferred optimizer) elapsed=0.000s (step=3880)
INFO:megatron.core.transformer.moe.bsr_integration:BSR-MoE post-recovery convergence: views consistent after HYBRID_RECOVERY path (step=3880)
WARNING:megatron.core.transformer.moe.recovery_controller:[2026-05-13 18:40:38] BSR-MoE controller: ⏱️  [Phase B] Parameter recovery COMPLETED (path=HYBRID_RECOVERY, elapsed=0.139s)
INFO:megatron.core.transformer.moe.reintegration_barrier:BSR-MoE barrier: rank 11 -> REPAIRED_NOT_ROUTED (all preconditions met, step=3880)
WARNING:megatron.core.transformer.moe.recovery_controller:[2026-05-13 18:40:38] BSR-MoE controller: HYBRID_RECOVERY path — dense from DP peer, experts from checkpoint (step=3880, failed=11, replacement=11)
WARNING:megatron.core.transformer.moe.recovery_controller:[2026-05-13 18:40:38] BSR-MoE controller: ⏱️  [Phase B→C] Post-recovery convergence completed (path=HYBRID_RECOVERY, elapsed=0.000s, step=3880)
WARNING:megatron.core.transformer.moe.recovery_controller:[2026-05-13 18:40:38] BSR-MoE controller: reintegration barrier initialized for rank 11 (all preconditions marked, step=3880)
WARNING:megatron.core.transformer.moe.recovery_controller:[2026-05-13 18:40:38] BSR-MoE controller: ⏱️  [Phase C] Starting post-repair...
WARNING:megatron.core.transformer.moe.recovery_controller:[2026-05-13 18:40:38] BSR-MoE controller: SAFE_POINT_REPAIR → REINTEGRATED (event=safe_point_repair_completed, step=3880)
WARNING:megatron.core.transformer.moe.recovery_controller:[2026-05-13 18:40:38] BSR-MoE controller: dense_sync elapsed=0.000s (step=3880)
INFO:megatron.core.transformer.moe.bsr_integration:BSR-MoE post-recovery convergence: views consistent after HYBRID_RECOVERY path (step=3880)
WARNING:megatron.core.transformer.moe.recovery_controller:[2026-05-13 18:40:38] BSR-MoE controller: ⏱️  ✅ SAFE-POINT REPAIR COMPLETED (path=HYBRID_RECOVERY, step=3880, failed=11, replacement=11) | Total=0.139s | Breakdown: PhaseA=0.000s, PhaseB=0.138s, PhaseC=0.000s
WARNING:megatron.core.transformer.moe.recovery_controller:[2026-05-13 18:40:38] BSR-MoE controller: ⏱️  [Phase B→C] Post-recovery convergence completed (path=HYBRID_RECOVERY, elapsed=0.000s, step=3880)
WARNING:megatron.core.transformer.moe.recovery_controller:[2026-05-13 18:40:38] BSR-MoE controller: expert_restore (sync weights, deferred optimizer) elapsed=0.000s (step=3880)
WARNING:megatron.core.transformer.moe.recovery_controller:[2026-05-13 18:40:38] BSR-MoE controller: dense_sync elapsed=0.000s (step=3880)
WARNING:megatron.core.transformer.moe.recovery_controller:[2026-05-13 18:40:38] BSR-MoE controller: ⏱️  [Phase C] Starting post-repair...
INFO:megatron.core.transformer.moe.reintegration_barrier:BSR-MoE barrier: begin reintegration for rank 11 -> 11 (experts=[48, 49, 50, 51, 52, 53, 54, 55, 56, 57, 58, 59, 60, 61, 62, 63], step=3880)
WARNING:megatron.core.transformer.moe.recovery_controller:[2026-05-13 18:40:38] BSR-MoE controller: ⏱️  [Phase B] Parameter recovery COMPLETED (path=HYBRID_RECOVERY, elapsed=0.139s)
WARNING:megatron.core.transformer.moe.recovery_controller:[2026-05-13 18:40:38] BSR-MoE controller: expert_restore (sync weights, deferred optimizer) elapsed=0.000s (step=3880)
WARNING:megatron.core.transformer.moe.recovery_controller:[2026-05-13 18:40:38] BSR-MoE controller: ⏱️  [Phase B] Parameter recovery COMPLETED (path=HYBRID_RECOVERY, elapsed=0.139s)
INFO:megatron.core.transformer.moe.reintegration_barrier:BSR-MoE barrier: rank 11 -> REPAIRED_NOT_ROUTED (all preconditions met, step=3880)
INFO:megatron.core.transformer.moe.reintegration_barrier:BSR-MoE barrier: begin reintegration for rank 11 -> 11 (experts=[48, 49, 50, 51, 52, 53, 54, 55, 56, 57, 58, 59, 60, 61, 62, 63], step=3880)
WARNING:megatron.core.transformer.moe.recovery_controller:[2026-05-13 18:40:38] BSR-MoE controller: reintegration barrier initialized for rank 11 (all preconditions marked, step=3880)
INFO:megatron.core.transformer.moe.bsr_integration:BSR-MoE post-recovery convergence: views consistent after HYBRID_RECOVERY path (step=3880)
WARNING:megatron.core.transformer.moe.recovery_controller:[2026-05-13 18:40:38] BSR-MoE controller: ⏱️  [Phase B→C] Post-recovery convergence completed (path=HYBRID_RECOVERY, elapsed=0.000s, step=3880)
WARNING:megatron.core.transformer.moe.recovery_controller:[2026-05-13 18:40:38] BSR-MoE controller: SAFE_POINT_REPAIR → REINTEGRATED (event=safe_point_repair_completed, step=3880)
INFO:megatron.core.transformer.moe.reintegration_barrier:BSR-MoE barrier: rank 11 -> REPAIRED_NOT_ROUTED (all preconditions met, step=3880)
INFO:megatron.core.transformer.moe.bsr_integration:BSR-MoE post-recovery convergence: views consistent after HYBRID_RECOVERY path (step=3880)
WARNING:megatron.core.transformer.moe.recovery_controller:[2026-05-13 18:40:38] BSR-MoE controller: ⏱️  [Phase C] Starting post-repair...
WARNING:megatron.core.transformer.moe.recovery_controller:[2026-05-13 18:40:38] BSR-MoE controller: reintegration barrier initialized for rank 11 (all preconditions marked, step=3880)
WARNING:megatron.core.transformer.moe.recovery_controller:[2026-05-13 18:40:38] BSR-MoE controller: ⏱️  ✅ SAFE-POINT REPAIR COMPLETED (path=HYBRID_RECOVERY, step=3880, failed=11, replacement=11) | Total=0.139s | Breakdown: PhaseA=0.000s, PhaseB=0.138s, PhaseC=0.000s
WARNING:megatron.core.transformer.moe.recovery_controller:[2026-05-13 18:40:38] BSR-MoE controller: ⏱️  [Phase B→C] Post-recovery convergence completed (path=HYBRID_RECOVERY, elapsed=0.000s, step=3880)
WARNING:megatron.core.transformer.moe.recovery_controller:[2026-05-13 18:40:38] BSR-MoE controller: SAFE_POINT_REPAIR → REINTEGRATED (event=safe_point_repair_completed, step=3880)
WARNING:megatron.core.transformer.moe.recovery_controller:[2026-05-13 18:40:38] BSR-MoE controller: ⏱️  [Phase C] Starting post-repair...
WARNING:megatron.core.transformer.moe.recovery_controller:[2026-05-13 18:40:38] BSR-MoE controller: ⏱️  ✅ SAFE-POINT REPAIR COMPLETED (path=HYBRID_RECOVERY, step=3880, failed=11, replacement=11) | Total=0.140s | Breakdown: PhaseA=0.000s, PhaseB=0.139s, PhaseC=0.000s
INFO:megatron.core.transformer.moe.reintegration_barrier:BSR-MoE barrier: begin reintegration for rank 11 -> 11 (experts=[48, 49, 50, 51, 52, 53, 54, 55, 56, 57, 58, 59, 60, 61, 62, 63], step=3880)
INFO:megatron.core.transformer.moe.reintegration_barrier:BSR-MoE barrier: rank 11 -> REPAIRED_NOT_ROUTED (all preconditions met, step=3880)
INFO:megatron.core.transformer.moe.reintegration_barrier:BSR-MoE barrier: begin reintegration for rank 11 -> 11 (experts=[48, 49, 50, 51, 52, 53, 54, 55, 56, 57, 58, 59, 60, 61, 62, 63], step=3880)
WARNING:megatron.core.transformer.moe.recovery_controller:[2026-05-13 18:40:38] BSR-MoE controller: reintegration barrier initialized for rank 11 (all preconditions marked, step=3880)
WARNING:megatron.core.transformer.moe.recovery_controller:[2026-05-13 18:40:38] BSR-MoE controller: SAFE_POINT_REPAIR → REINTEGRATED (event=safe_point_repair_completed, step=3880)
INFO:megatron.core.transformer.moe.reintegration_barrier:BSR-MoE barrier: rank 11 -> REPAIRED_NOT_ROUTED (all preconditions met, step=3880)
WARNING:megatron.core.transformer.moe.recovery_controller:[2026-05-13 18:40:38] BSR-MoE controller: ⏱️  ✅ SAFE-POINT REPAIR COMPLETED (path=HYBRID_RECOVERY, step=3880, failed=11, replacement=11) | Total=0.140s | Breakdown: PhaseA=0.000s, PhaseB=0.139s, PhaseC=0.000s
WARNING:megatron.core.transformer.moe.recovery_controller:[2026-05-13 18:40:38] BSR-MoE controller: reintegration barrier initialized for rank 11 (all preconditions marked, step=3880)
WARNING:megatron.core.transformer.moe.recovery_controller:[2026-05-13 18:40:38] BSR-MoE controller: SAFE_POINT_REPAIR → REINTEGRATED (event=safe_point_repair_completed, step=3880)
WARNING:megatron.core.transformer.moe.recovery_controller:[2026-05-13 18:40:38] BSR-MoE controller: ⏱️  ✅ SAFE-POINT REPAIR COMPLETED (path=HYBRID_RECOVERY, step=3880, failed=11, replacement=11) | Total=0.139s | Breakdown: PhaseA=0.000s, PhaseB=0.139s, PhaseC=0.000s
WARNING:megatron.core.transformer.moe.recovery_controller:[2026-05-13 18:40:38] BSR-MoE controller: ⏱️  [Phase B] Parameter recovery COMPLETED (path=HYBRID_RECOVERY, elapsed=0.138s)
INFO:megatron.core.transformer.moe.bsr_integration:BSR-MoE post-recovery convergence: views consistent after HYBRID_RECOVERY path (step=3880)
WARNING:megatron.core.transformer.moe.recovery_controller:[2026-05-13 18:40:38] BSR-MoE controller: ⏱️  [Phase B→C] Post-recovery convergence completed (path=HYBRID_RECOVERY, elapsed=0.000s, step=3880)
WARNING:megatron.core.transformer.moe.recovery_controller:[2026-05-13 18:40:38] BSR-MoE controller: ⏱️  [Phase C] Starting post-repair...
INFO:megatron.core.transformer.moe.reintegration_barrier:BSR-MoE barrier: begin reintegration for rank 11 -> 11 (experts=[48, 49, 50, 51, 52, 53, 54, 55, 56, 57, 58, 59, 60, 61, 62, 63], step=3880)
INFO:megatron.core.transformer.moe.reintegration_barrier:BSR-MoE barrier: rank 11 -> REPAIRED_NOT_ROUTED (all preconditions met, step=3880)
WARNING:megatron.core.transformer.moe.recovery_controller:[2026-05-13 18:40:38] BSR-MoE controller: reintegration barrier initialized for rank 11 (all preconditions marked, step=3880)
WARNING:megatron.core.transformer.moe.recovery_controller:[2026-05-13 18:40:38] BSR-MoE controller: SAFE_POINT_REPAIR → REINTEGRATED (event=safe_point_repair_completed, step=3880)
WARNING:megatron.core.transformer.moe.recovery_controller:[2026-05-13 18:40:38] BSR-MoE controller: ⏱️  ✅ SAFE-POINT REPAIR COMPLETED (path=HYBRID_RECOVERY, step=3880, failed=11, replacement=11) | Total=0.141s | Breakdown: PhaseA=0.000s, PhaseB=0.138s, PhaseC=0.000s
WARNING:megatron.core.transformer.moe.optimizer_commit_guard:BSR-MoE OptimizerCommitGuard: BLOCKING optimizer.step() at step 3880 — explicitly blocked (reason=hard_failure_rank_11_step_3880)
INFO:megatron.core.transformer.moe.optimizer_commit_guard:BSR-MoE OptimizerCommitGuard: optimizer.step() SKIPPED at step 3880 (reason: iteration_invalidated)
WARNING:megatron.core.transformer.moe.optimizer_commit_guard:BSR-MoE OptimizerCommitGuard: BLOCKING optimizer.step() at step 3880 — explicitly blocked (reason=hard_failure_rank_11_step_3880)
INFO:megatron.core.transformer.moe.optimizer_commit_guard:BSR-MoE OptimizerCommitGuard: optimizer.step() SKIPPED at step 3880 (reason: iteration_invalidated)
WARNING:megatron.core.transformer.moe.optimizer_commit_guard:BSR-MoE OptimizerCommitGuard: BLOCKING optimizer.step() at step 3880 — explicitly blocked (reason=hard_failure_rank_11_step_3880)
WARNING:megatron.core.transformer.moe.optimizer_commit_guard:BSR-MoE OptimizerCommitGuard: BLOCKING optimizer.step() at step 3880 — explicitly blocked (reason=hard_failure_rank_11_step_3880)
INFO:megatron.core.transformer.moe.optimizer_commit_guard:BSR-MoE OptimizerCommitGuard: optimizer.step() SKIPPED at step 3880 (reason: iteration_invalidated)
INFO:megatron.core.transformer.moe.optimizer_commit_guard:BSR-MoE OptimizerCommitGuard: optimizer.step() SKIPPED at step 3880 (reason: iteration_invalidated)
WARNING:megatron.core.transformer.moe.optimizer_commit_guard:BSR-MoE OptimizerCommitGuard: BLOCKING optimizer.step() at step 3880 — explicitly blocked (reason=hard_failure_rank_11_step_3880)
INFO:megatron.core.transformer.moe.optimizer_commit_guard:BSR-MoE OptimizerCommitGuard: optimizer.step() SKIPPED at step 3880 (reason: iteration_invalidated)
WARNING:megatron.core.transformer.moe.optimizer_commit_guard:BSR-MoE OptimizerCommitGuard: BLOCKING optimizer.step() at step 3880 — explicitly blocked (reason=hard_failure_rank_11_step_3880)
WARNING:megatron.core.transformer.moe.optimizer_commit_guard:BSR-MoE OptimizerCommitGuard: BLOCKING optimizer.step() at step 3880 — explicitly blocked (reason=hard_failure_rank_11_step_3880)
INFO:megatron.core.transformer.moe.optimizer_commit_guard:BSR-MoE OptimizerCommitGuard: optimizer.step() SKIPPED at step 3880 (reason: iteration_invalidated)
INFO:megatron.core.transformer.moe.optimizer_commit_guard:BSR-MoE OptimizerCommitGuard: optimizer.step() SKIPPED at step 3880 (reason: iteration_invalidated)
WARNING:megatron.core.transformer.moe.optimizer_commit_guard:BSR-MoE OptimizerCommitGuard: BLOCKING optimizer.step() at step 3880 — explicitly blocked (reason=hard_failure_rank_11_step_3880)
INFO:megatron.core.transformer.moe.optimizer_commit_guard:BSR-MoE OptimizerCommitGuard: optimizer.step() SKIPPED at step 3880 (reason: iteration_invalidated)
 [2026-05-13 18:40:48] iteration     3881/   20000 | consumed samples:       248384 | elapsed time per iteration (ms): 10729.2 | learning rate: 9.225455E-05 | global batch size:    64 | load_balancing_loss: 1.035836E+00 | loss scale: 1.0 | number of skipped iterations:   1 | number of nan iterations:   0 |
WARNING:megatron.core.transformer.moe.reintegration_barrier:BSR-MoE barrier: rank 11 reintegrated at step 3881 (replacement=11, experts=[48, 49, 50, 51, 52, 53, 54, 55, 56, 57, 58, 59, 60, 61, 62, 63])
INFO:megatron.core.transformer.moe.recovery_controller:BSR-MoE controller: barrier reintegration executed for rank 11 at step 3881
WARNING:megatron.core.transformer.moe.reintegration_barrier:BSR-MoE barrier: rank 11 reintegrated at step 3881 (replacement=11, experts=[48, 49, 50, 51, 52, 53, 54, 55, 56, 57, 58, 59, 60, 61, 62, 63])
WARNING:megatron.core.transformer.moe.recovery_controller:[2026-05-13 18:40:48] BSR-MoE controller: REINTEGRATED → HEALTHY_TRAINING (event=reintegration_finalized, step=3881)
WARNING:megatron.core.transformer.moe.reintegration_barrier:BSR-MoE barrier: rank 11 reintegrated at step 3881 (replacement=11, experts=[48, 49, 50, 51, 52, 53, 54, 55, 56, 57, 58, 59, 60, 61, 62, 63])
INFO:megatron.core.transformer.moe.recovery_controller:BSR-MoE controller: barrier reintegration executed for rank 11 at step 3881
WARNING:megatron.core.transformer.moe.reintegration_barrier:BSR-MoE barrier: rank 11 reintegrated at step 3881 (replacement=11, experts=[48, 49, 50, 51, 52, 53, 54, 55, 56, 57, 58, 59, 60, 61, 62, 63])
WARNING:megatron.core.transformer.moe.reintegration_barrier:BSR-MoE barrier: rank 11 reintegrated at step 3881 (replacement=11, experts=[48, 49, 50, 51, 52, 53, 54, 55, 56, 57, 58, 59, 60, 61, 62, 63])
WARNING:megatron.core.transformer.moe.recovery_controller:[2026-05-13 18:40:48] BSR-MoE controller: reintegration finalized at step 3881 (1 recoveries completed)
WARNING:megatron.core.transformer.moe.reintegration_barrier:BSR-MoE barrier: rank 11 reintegrated at step 3881 (replacement=11, experts=[48, 49, 50, 51, 52, 53, 54, 55, 56, 57, 58, 59, 60, 61, 62, 63])
INFO:megatron.core.transformer.moe.recovery_controller:BSR-MoE controller: barrier reintegration executed for rank 11 at step 3881
INFO:megatron.core.transformer.moe.recovery_controller:BSR-MoE controller: barrier reintegration executed for rank 11 at step 3881
WARNING:megatron.core.transformer.moe.reintegration_barrier:BSR-MoE barrier: rank 11 reintegrated at step 3881 (replacement=11, experts=[48, 49, 50, 51, 52, 53, 54, 55, 56, 57, 58, 59, 60, 61, 62, 63])
INFO:megatron.core.transformer.moe.recovery_controller:BSR-MoE controller: barrier reintegration executed for rank 11 at step 3881
INFO:megatron.core.transformer.moe.recovery_controller:BSR-MoE controller: barrier reintegration executed for rank 11 at step 3881
INFO:megatron.core.transformer.moe.recovery_controller:BSR-MoE controller: barrier reintegration executed for rank 11 at step 3881
WARNING:megatron.core.transformer.moe.recovery_controller:[2026-05-13 18:40:48] BSR-MoE controller: REINTEGRATED → HEALTHY_TRAINING (event=reintegration_finalized, step=3881)
WARNING:megatron.core.transformer.moe.recovery_controller:[2026-05-13 18:40:48] BSR-MoE controller: reintegration finalized at step 3881 (1 recoveries completed)
WARNING:megatron.core.transformer.moe.recovery_controller:[2026-05-13 18:40:48] BSR-MoE controller: REINTEGRATED → HEALTHY_TRAINING (event=reintegration_finalized, step=3881)
WARNING:megatron.core.transformer.moe.recovery_controller:[2026-05-13 18:40:48] BSR-MoE controller: REINTEGRATED → HEALTHY_TRAINING (event=reintegration_finalized, step=3881)
WARNING:megatron.core.transformer.moe.recovery_controller:[2026-05-13 18:40:48] BSR-MoE controller: REINTEGRATED → HEALTHY_TRAINING (event=reintegration_finalized, step=3881)
WARNING:megatron.core.transformer.moe.recovery_controller:[2026-05-13 18:40:48] BSR-MoE controller: reintegration finalized at step 3881 (1 recoveries completed)
WARNING:megatron.core.transformer.moe.recovery_controller:[2026-05-13 18:40:48] BSR-MoE controller: reintegration finalized at step 3881 (1 recoveries completed)
WARNING:megatron.core.transformer.moe.recovery_controller:[2026-05-13 18:40:48] BSR-MoE controller: reintegration finalized at step 3881 (1 recoveries completed)
WARNING:megatron.core.transformer.moe.recovery_controller:[2026-05-13 18:40:48] BSR-MoE controller: REINTEGRATED → HEALTHY_TRAINING (event=reintegration_finalized, step=3881)
WARNING:megatron.core.transformer.moe.recovery_controller:[2026-05-13 18:40:48] BSR-MoE controller: reintegration finalized at step 3881 (1 recoveries completed)
WARNING:megatron.core.transformer.moe.recovery_controller:[2026-05-13 18:40:48] BSR-MoE controller: REINTEGRATED → HEALTHY_TRAINING (event=reintegration_finalized, step=3881)
WARNING:megatron.core.transformer.moe.reintegration_barrier:BSR-MoE barrier: rank 11 reintegrated at step 3881 (replacement=11, experts=[48, 49, 50, 51, 52, 53, 54, 55, 56, 57, 58, 59, 60, 61, 62, 63])
WARNING:megatron.core.transformer.moe.recovery_controller:[2026-05-13 18:40:48] BSR-MoE controller: reintegration finalized at step 3881 (1 recoveries completed)
INFO:megatron.core.transformer.moe.recovery_controller:BSR-MoE controller: barrier reintegration executed for rank 11 at step 3881
WARNING:megatron.core.transformer.moe.recovery_controller:[2026-05-13 18:40:48] BSR-MoE controller: REINTEGRATED → HEALTHY_TRAINING (event=reintegration_finalized, step=3881)
WARNING:megatron.core.transformer.moe.recovery_controller:[2026-05-13 18:40:48] BSR-MoE controller: reintegration finalized at step 3881 (1 recoveries completed)
 [2026-05-13 18:40:59] iteration     3882/   20000 | consumed samples:       248448 | elapsed time per iteration (ms): 10623.5 | learning rate: 9.225059E-05 | global batch size:    64 | load_balancing_loss: 1.037936E+00 | lm loss: 3.166988E+00 | loss scale: 1.0 | grad norm: 0.205 | number of skipped iterations:   0 | number of nan iterations:   0 |
 [2026-05-13 18:41:10] iteration     3883/   20000 | consumed samples:       248512 | elapsed time per iteration (ms): 10600.7 | learning rate: 9.224662E-05 | global batch size:    64 | load_balancing_loss: 1.033465E+00 | lm loss: 3.110634E+00 | loss scale: 1.0 | grad norm: 0.191 | number of skipped iterations:   0 | number of nan iterations:   0 |
 [2026-05-13 18:41:20] iteration     3884/   20000 | consumed samples:       248576 | elapsed time per iteration (ms): 10599.4 | learning rate: 9.224266E-05 | global batch size:    64 | load_balancing_loss: 1.036330E+00 | lm loss: 3.144869E+00 | loss scale: 1.0 | grad norm: 0.188 | number of skipped iterations:   0 | number of nan iterations:   0 |
 [2026-05-13 18:41:31] iteration     3885/   20000 | consumed samples:       248640 | elapsed time per iteration (ms): 10653.0 | learning rate: 9.223868E-05 | global batch size:    64 | load_balancing_loss: 1.042250E+00 | lm loss: 3.167717E+00 | loss scale: 1.0 | grad norm: 0.202 | number of skipped iterations:   0 | number of nan iterations:   0 |
 [2026-05-13 18:41:41] iteration     3886/   20000 | consumed samples:       248704 | elapsed time per iteration (ms): 10609.0 | learning rate: 9.223471E-05 | global batch size:    64 | load_balancing_loss: 1.038552E+00 | lm loss: 3.105086E+00 | loss scale: 1.0 | grad norm: 0.193 | number of skipped iterations:   0 | number of nan iterations:   0 |
 [2026-05-13 18:41:52] iteration     3887/   20000 | consumed samples:       248768 | elapsed time per iteration (ms): 10621.5 | learning rate: 9.223074E-05 | global batch size:    64 | load_balancing_loss: 1.032238E+00 | lm loss: 3.160319E+00 | loss scale: 1.0 | grad norm: 0.195 | number of skipped iterations:   0 | number of nan iterations:   0 |
 [2026-05-13 18:42:03] iteration     3888/   20000 | consumed samples:       248832 | elapsed time per iteration (ms): 10605.2 | learning rate: 9.222677E-05 | global batch size:    64 | load_balancing_loss: 1.037145E+00 | lm loss: 3.180850E+00 | loss scale: 1.0 | grad norm: 0.194 | number of skipped iterations:   0 | number of nan iterations:   0 |
 [2026-05-13 18:42:13] iteration     3889/   20000 | consumed samples:       248896 | elapsed time per iteration (ms): 10601.6 | learning rate: 9.222280E-05 | global batch size:    64 | load_balancing_loss: 1.036272E+00 | lm loss: 3.070225E+00 | loss scale: 1.0 | grad norm: 0.190 | number of skipped iterations:   0 | number of nan iterations:   0 |
 [2026-05-13 18:42:24] iteration     3890/   20000 | consumed samples:       248960 | elapsed time per iteration (ms): 10610.7 | learning rate: 9.221883E-05 | global batch size:    64 | load_balancing_loss: 1.036210E+00 | lm loss: 3.086362E+00 | loss scale: 1.0 | grad norm: 0.196 | number of skipped iterations:   0 | number of nan iterations:   0 |
 [2026-05-13 18:42:35] iteration     3891/   20000 | consumed samples:       249024 | elapsed time per iteration (ms): 10624.2 | learning rate: 9.221485E-05 | global batch size:    64 | load_balancing_loss: 1.035594E+00 | lm loss: 3.124638E+00 | loss scale: 1.0 | grad norm: 0.193 | number of skipped iterations:   0 | number of nan iterations:   0 |
 [2026-05-13 18:42:45] iteration     3892/   20000 | consumed samples:       249088 | elapsed time per iteration (ms): 10592.0 | learning rate: 9.221087E-05 | global batch size:    64 | load_balancing_loss: 1.033647E+00 | lm loss: 3.119310E+00 | loss scale: 1.0 | grad norm: 0.193 | number of skipped iterations:   0 | number of nan iterations:   0 |
 [2026-05-13 18:42:56] iteration     3893/   20000 | consumed samples:       249152 | elapsed time per iteration (ms): 10599.7 | learning rate: 9.220690E-05 | global batch size:    64 | load_balancing_loss: 1.039306E+00 | lm loss: 3.129543E+00 | loss scale: 1.0 | grad norm: 0.200 | number of skipped iterations:   0 | number of nan iterations:   0 |
 [2026-05-13 18:43:06] iteration     3894/   20000 | consumed samples:       249216 | elapsed time per iteration (ms): 10592.3 | learning rate: 9.220292E-05 | global batch size:    64 | load_balancing_loss: 1.038298E+00 | lm loss: 3.150049E+00 | loss scale: 1.0 | grad norm: 0.199 | number of skipped iterations:   0 | number of nan iterations:   0 |
 [2026-05-13 18:43:17] iteration     3895/   20000 | consumed samples:       249280 | elapsed time per iteration (ms): 10605.4 | learning rate: 9.219894E-05 | global batch size:    64 | load_balancing_loss: 1.034501E+00 | lm loss: 3.148282E+00 | loss scale: 1.0 | grad norm: 0.197 | number of skipped iterations:   0 | number of nan iterations:   0 |
 [2026-05-13 18:43:28] iteration     3896/   20000 | consumed samples:       249344 | elapsed time per iteration (ms): 10625.0 | learning rate: 9.219496E-05 | global batch size:    64 | load_balancing_loss: 1.036444E+00 | lm loss: 3.046349E+00 | loss scale: 1.0 | grad norm: 0.196 | number of skipped iterations:   0 | number of nan iterations:   0 |
 [2026-05-13 18:43:38] iteration     3897/   20000 | consumed samples:       249408 | elapsed time per iteration (ms): 10601.2 | learning rate: 9.219098E-05 | global batch size:    64 | load_balancing_loss: 1.040355E+00 | lm loss: 3.097857E+00 | loss scale: 1.0 | grad norm: 0.197 | number of skipped iterations:   0 | number of nan iterations:   0 |
 [2026-05-13 18:43:49] iteration     3898/   20000 | consumed samples:       249472 | elapsed time per iteration (ms): 10617.3 | learning rate: 9.218700E-05 | global batch size:    64 | load_balancing_loss: 1.032151E+00 | lm loss: 3.240698E+00 | loss scale: 1.0 | grad norm: 0.204 | number of skipped iterations:   0 | number of nan iterations:   0 |
 [2026-05-13 18:43:59] iteration     3899/   20000 | consumed samples:       249536 | elapsed time per iteration (ms): 10605.5 | learning rate: 9.218302E-05 | global batch size:    64 | load_balancing_loss: 1.037714E+00 | lm loss: 3.108306E+00 | loss scale: 1.0 | grad norm: 0.191 | number of skipped iterations:   0 | number of nan iterations:   0 |
 [2026-05-13 18:44:10] iteration     3900/   20000 | consumed samples:       249600 | elapsed time per iteration (ms): 10597.2 | learning rate: 9.217903E-05 | global batch size:    64 | load_balancing_loss: 1.039426E+00 | lm loss: 3.285143E+00 | loss scale: 1.0 | grad norm: 0.194 | number of skipped iterations:   0 | number of nan iterations:   0 |
[save_train_log] 运行incremental分析 (iteration 3900)...
[save_train_log] incremental 分析完成: /mnt/ais-c1/dataset/zds/log/5.12/analysis_latest/analysis_incremental_iter3900.txt
 [2026-05-13 18:44:21] iteration     3901/   20000 | consumed samples:       249664 | elapsed time per iteration (ms): 10605.9 | learning rate: 9.217505E-05 | global batch size:    64 | load_balancing_loss: 1.034774E+00 | lm loss: 3.164353E+00 | loss scale: 1.0 | grad norm: 0.191 | number of skipped iterations:   0 | number of nan iterations:   0 |
 [2026-05-13 18:44:31] iteration     3902/   20000 | consumed samples:       249728 | elapsed time per iteration (ms): 10596.8 | learning rate: 9.217107E-05 | global batch size:    64 | load_balancing_loss: 1.033570E+00 | lm loss: 3.166121E+00 | loss scale: 1.0 | grad norm: 0.193 | number of skipped iterations:   0 | number of nan iterations:   0 |
 [2026-05-13 18:44:42] iteration     3903/   20000 | consumed samples:       249792 | elapsed time per iteration (ms): 10613.8 | learning rate: 9.216709E-05 | global batch size:    64 | load_balancing_loss: 1.032075E+00 | lm loss: 3.209111E+00 | loss scale: 1.0 | grad norm: 0.188 | number of skipped iterations:   0 | number of nan iterations:   0 |
 [2026-05-13 18:44:52] iteration     3904/   20000 | consumed samples:       249856 | elapsed time per iteration (ms): 10629.8 | learning rate: 9.216310E-05 | global batch size:    64 | load_balancing_loss: 1.031086E+00 | lm loss: 3.218664E+00 | loss scale: 1.0 | grad norm: 0.206 | number of skipped iterations:   0 | number of nan iterations:   0 |
 [2026-05-13 18:45:03] iteration     3905/   20000 | consumed samples:       249920 | elapsed time per iteration (ms): 10623.5 | learning rate: 9.215911E-05 | global batch size:    64 | load_balancing_loss: 1.035959E+00 | lm loss: 3.124389E+00 | loss scale: 1.0 | grad norm: 0.201 | number of skipped iterations:   0 | number of nan iterations:   0 |
 [2026-05-13 18:45:14] iteration     3906/   20000 | consumed samples:       249984 | elapsed time per iteration (ms): 10590.9 | learning rate: 9.215512E-05 | global batch size:    64 | load_balancing_loss: 1.037421E+00 | lm loss: 3.155925E+00 | loss scale: 1.0 | grad norm: 0.191 | number of skipped iterations:   0 | number of nan iterations:   0 |
 [2026-05-13 18:45:24] iteration     3907/   20000 | consumed samples:       250048 | elapsed time per iteration (ms): 10616.3 | learning rate: 9.215113E-05 | global batch size:    64 | load_balancing_loss: 1.035233E+00 | lm loss: 3.143169E+00 | loss scale: 1.0 | grad norm: 0.192 | number of skipped iterations:   0 | number of nan iterations:   0 |
 [2026-05-13 18:45:35] iteration     3908/   20000 | consumed samples:       250112 | elapsed time per iteration (ms): 10613.1 | learning rate: 9.214714E-05 | global batch size:    64 | load_balancing_loss: 1.036877E+00 | lm loss: 3.168347E+00 | loss scale: 1.0 | grad norm: 0.196 | number of skipped iterations:   0 | number of nan iterations:   0 |
 [2026-05-13 18:45:45] iteration     3909/   20000 | consumed samples:       250176 | elapsed time per iteration (ms): 10598.4 | learning rate: 9.214315E-05 | global batch size:    64 | load_balancing_loss: 1.038362E+00 | lm loss: 3.085318E+00 | loss scale: 1.0 | grad norm: 0.190 | number of skipped iterations:   0 | number of nan iterations:   0 |
 [2026-05-13 18:45:56] iteration     3910/   20000 | consumed samples:       250240 | elapsed time per iteration (ms): 10612.3 | learning rate: 9.213916E-05 | global batch size:    64 | load_balancing_loss: 1.038023E+00 | lm loss: 3.097298E+00 | loss scale: 1.0 | grad norm: 0.196 | number of skipped iterations:   0 | number of nan iterations:   0 |
 [2026-05-13 18:46:07] iteration     3911/   20000 | consumed samples:       250304 | elapsed time per iteration (ms): 10626.3 | learning rate: 9.213517E-05 | global batch size:    64 | load_balancing_loss: 1.038898E+00 | lm loss: 3.100778E+00 | loss scale: 1.0 | grad norm: 0.193 | number of skipped iterations:   0 | number of nan iterations:   0 |
 [2026-05-13 18:46:17] iteration     3912/   20000 | consumed samples:       250368 | elapsed time per iteration (ms): 10599.2 | learning rate: 9.213117E-05 | global batch size:    64 | load_balancing_loss: 1.038648E+00 | lm loss: 3.232213E+00 | loss scale: 1.0 | grad norm: 0.208 | number of skipped iterations:   0 | number of nan iterations:   0 |
 [2026-05-13 18:46:28] iteration     3913/   20000 | consumed samples:       250432 | elapsed time per iteration (ms): 10620.5 | learning rate: 9.212718E-05 | global batch size:    64 | load_balancing_loss: 1.037347E+00 | lm loss: 3.102954E+00 | loss scale: 1.0 | grad norm: 0.194 | number of skipped iterations:   0 | number of nan iterations:   0 |
 [2026-05-13 18:46:39] iteration     3914/   20000 | consumed samples:       250496 | elapsed time per iteration (ms): 10605.3 | learning rate: 9.212318E-05 | global batch size:    64 | load_balancing_loss: 1.034780E+00 | lm loss: 3.223052E+00 | loss scale: 1.0 | grad norm: 0.197 | number of skipped iterations:   0 | number of nan iterations:   0 |
 [2026-05-13 18:46:49] iteration     3915/   20000 | consumed samples:       250560 | elapsed time per iteration (ms): 10618.3 | learning rate: 9.211918E-05 | global batch size:    64 | load_balancing_loss: 1.037066E+00 | lm loss: 3.159664E+00 | loss scale: 1.0 | grad norm: 0.198 | number of skipped iterations:   0 | number of nan iterations:   0 |
 [2026-05-13 18:47:00] iteration     3916/   20000 | consumed samples:       250624 | elapsed time per iteration (ms): 10618.7 | learning rate: 9.211519E-05 | global batch size:    64 | load_balancing_loss: 1.033839E+00 | lm loss: 3.183367E+00 | loss scale: 1.0 | grad norm: 0.196 | number of skipped iterations:   0 | number of nan iterations:   0 |
 [2026-05-13 18:47:10] iteration     3917/   20000 | consumed samples:       250688 | elapsed time per iteration (ms): 10600.9 | learning rate: 9.211119E-05 | global batch size:    64 | load_balancing_loss: 1.034593E+00 | lm loss: 3.147693E+00 | loss scale: 1.0 | grad norm: 0.189 | number of skipped iterations:   0 | number of nan iterations:   0 |
 [2026-05-13 18:47:21] iteration     3918/   20000 | consumed samples:       250752 | elapsed time per iteration (ms): 10741.1 | learning rate: 9.210719E-05 | global batch size:    64 | load_balancing_loss: 1.038456E+00 | lm loss: 3.236257E+00 | loss scale: 1.0 | grad norm: 0.195 | number of skipped iterations:   0 | number of nan iterations:   0 |
 [2026-05-13 18:47:32] iteration     3919/   20000 | consumed samples:       250816 | elapsed time per iteration (ms): 10637.7 | learning rate: 9.210319E-05 | global batch size:    64 | load_balancing_loss: 1.037278E+00 | lm loss: 3.157517E+00 | loss scale: 1.0 | grad norm: 0.198 | number of skipped iterations:   0 | number of nan iterations:   0 |
 [2026-05-13 18:47:42] iteration     3920/   20000 | consumed samples:       250880 | elapsed time per iteration (ms): 10726.7 | learning rate: 9.209919E-05 | global batch size:    64 | load_balancing_loss: 1.034840E+00 | lm loss: 3.272223E+00 | loss scale: 1.0 | grad norm: 0.195 | number of skipped iterations:   0 | number of nan iterations:   0 |
INFO:megatron.core.transformer.moe.bsr_integration:BSR-MoE: checkpoint metadata injected (iteration=3920, phase=HEALTHY_TRAINING)
INFO:megatron.core.transformer.moe.bsr_integration:BSR-MoE: checkpoint metadata injected (iteration=3920, phase=HEALTHY_TRAINING)
INFO:megatron.core.transformer.moe.bsr_integration:BSR-MoE: checkpoint metadata injected (iteration=3920, phase=HEALTHY_TRAINING)
INFO:megatron.core.transformer.moe.bsr_integration:BSR-MoE: checkpoint metadata injected (iteration=3920, phase=HEALTHY_TRAINING)
INFO:megatron.core.transformer.moe.bsr_integration:BSR-MoE: checkpoint metadata injected (iteration=3920, phase=HEALTHY_TRAINING)
INFO:megatron.core.transformer.moe.bsr_integration:BSR-MoE: checkpoint metadata injected (iteration=3920, phase=HEALTHY_TRAINING)
INFO:megatron.core.transformer.moe.bsr_integration:BSR-MoE: checkpoint metadata injected (iteration=3920, phase=HEALTHY_TRAINING)
INFO:megatron.core.transformer.moe.bsr_integration:BSR-MoE: checkpoint metadata injected (iteration=3920, phase=HEALTHY_TRAINING)
(min, max) time across ranks (ms):
    save-checkpoint ................................: (34400.34, 34400.92)
WARNING:megatron.core.transformer.moe.bsr_integration:[2026-05-13 18:48:17] BSR-MoE FAULT INJECTION #9: type=restart_in_place, rank=54, step=3920, experts=[96, 97, 98, 99, 100, 101, 102, 103, 104, 105, 106, 107, 108, 109, 110, 111], ep_group=[48, 49, 50, 51, 52, 53, 54, 55]
WARNING:megatron.core.transformer.moe.recovery_controller:[2026-05-13 18:48:17] BSR-MoE controller: rank 54 HARD FAILURE (step=3920, reason=scheduled_restart_in_place_injection, experts=[96, 97, 98, 99, 100, 101, 102, 103, 104, 105, 106, 107, 108, 109, 110, 111], mid_iteration=False)
INFO:megatron.core.transformer.moe.recovery_controller:ExpertRecoveryTracker: experts [96, 97, 98, 99, 100, 101, 102, 103, 104, 105, 106, 107, 108, 109, 110, 111] → RECOVERING (step=3920)
WARNING:megatron.core.transformer.moe.optimizer_commit_guard:OptimizerCommitGuard: commit BLOCKED (reason=hard_failure_rank_54_step_3920)
WARNING:megatron.core.transformer.moe.bsr_integration:BSR-MoE: optimizer commit blocked for step 3920 (hard failure of rank 54)
WARNING:megatron.core.transformer.moe.bsr_integration:BSR-MoE: entering waiting-for-replacement state (failed_rank=54, step=3920, experts=[96, 97, 98, 99, 100, 101, 102, 103, 104, 105, 106, 107, 108, 109, 110, 111])
WARNING:megatron.core.transformer.moe.bsr_integration:[2026-05-13 18:48:17] BSR-MoE FAULT INJECTION #9: type=restart_in_place, rank=54, step=3920, experts=[96, 97, 98, 99, 100, 101, 102, 103, 104, 105, 106, 107, 108, 109, 110, 111], ep_group=[48, 49, 50, 51, 52, 53, 54, 55]
WARNING:megatron.core.transformer.moe.recovery_controller:[2026-05-13 18:48:17] BSR-MoE controller: HEALTHY_TRAINING → PENDING_GROUP_REPAIR (event=hard_rank_failure, step=3920)
WARNING:megatron.core.transformer.moe.recovery_controller:[2026-05-13 18:48:17] BSR-MoE controller: replacement assigned — failed_rank=54, replacement_rank=54 (step=3920)
WARNING:megatron.core.transformer.moe.recovery_controller:[2026-05-13 18:48:17] BSR-MoE controller: rank 54 HARD FAILURE (step=3920, reason=scheduled_restart_in_place_injection, experts=[96, 97, 98, 99, 100, 101, 102, 103, 104, 105, 106, 107, 108, 109, 110, 111], mid_iteration=False)
WARNING:megatron.core.transformer.moe.bsr_integration:[2026-05-13 18:48:17] BSR-MoE FAULT INJECTION #9: type=restart_in_place, rank=54, step=3920, experts=[96, 97, 98, 99, 100, 101, 102, 103, 104, 105, 106, 107, 108, 109, 110, 111], ep_group=[48, 49, 50, 51, 52, 53, 54, 55]
INFO:megatron.core.transformer.moe.recovery_controller:ExpertRecoveryTracker: experts [96, 97, 98, 99, 100, 101, 102, 103, 104, 105, 106, 107, 108, 109, 110, 111] → RECOVERING (step=3920)
INFO:megatron.core.transformer.moe.replacement_registry:BSR-MoE replacement: failed_rank=54, replacement_rank=54, NOT_PRESENT → BOOTSTRAPPING (step=3920)
WARNING:megatron.core.transformer.moe.replacement_registry:BSR-MoE: replacement announced — failed_rank=54 → replacement_rank=54 (step=3920, reason='')
WARNING:megatron.core.transformer.moe.recovery_controller:[2026-05-13 18:48:17] BSR-MoE controller: PENDING_GROUP_REPAIR → WAITING_FOR_REPLACEMENT (event=replacement_assigned, step=3920)
WARNING:megatron.core.transformer.moe.optimizer_commit_guard:OptimizerCommitGuard: commit BLOCKED (reason=hard_failure_rank_54_step_3920)
WARNING:megatron.core.transformer.moe.recovery_controller:[2026-05-13 18:48:17] BSR-MoE controller: replacement ready — failed_rank=54 (step=3920)
WARNING:megatron.core.transformer.moe.bsr_integration:BSR-MoE: optimizer commit blocked for step 3920 (hard failure of rank 54)
WARNING:megatron.core.transformer.moe.recovery_controller:[2026-05-13 18:48:17] BSR-MoE controller: rank 54 HARD FAILURE (step=3920, reason=scheduled_restart_in_place_injection, experts=[96, 97, 98, 99, 100, 101, 102, 103, 104, 105, 106, 107, 108, 109, 110, 111], mid_iteration=False)
WARNING:megatron.core.transformer.moe.recovery_controller:[2026-05-13 18:48:17] BSR-MoE controller: WAITING_FOR_REPLACEMENT → SAFE_POINT_REPAIR (event=replacement_ready, step=3920)
WARNING:megatron.core.transformer.moe.bsr_integration:BSR-MoE: entering waiting-for-replacement state (failed_rank=54, step=3920, experts=[96, 97, 98, 99, 100, 101, 102, 103, 104, 105, 106, 107, 108, 109, 110, 111])
WARNING:megatron.core.transformer.moe.recovery_controller:BSR-MoE controller: restart-in-place fast path for rank 54 (replacement=self, step=3920)
WARNING:megatron.core.transformer.moe.bsr_integration:[2026-05-13 18:48:17] BSR-MoE FAULT INJECTION: next periodic fault scheduled at step 3960 (interval=40, total_injections=9)
WARNING:megatron.core.transformer.moe.bsr_integration:[2026-05-13 18:48:17] BSR-MoE FAULT INJECTION #9: type=restart_in_place, rank=54, step=3920, experts=[96, 97, 98, 99, 100, 101, 102, 103, 104, 105, 106, 107, 108, 109, 110, 111], ep_group=[48, 49, 50, 51, 52, 53, 54, 55]
INFO:megatron.core.transformer.moe.recovery_controller:ExpertRecoveryTracker: experts [96, 97, 98, 99, 100, 101, 102, 103, 104, 105, 106, 107, 108, 109, 110, 111] → RECOVERING (step=3920)
WARNING:megatron.core.transformer.moe.recovery_controller:[2026-05-13 18:48:17] BSR-MoE controller: ⏱️  START safe-point repair at step 3920 (failed=54, replacement=54)
WARNING:megatron.core.transformer.moe.recovery_controller:[2026-05-13 18:48:17] BSR-MoE controller: ⏱️  [Phase A] Starting infrastructure repair...
WARNING:megatron.core.transformer.moe.recovery_controller:[2026-05-13 18:48:17] BSR-MoE controller: HEALTHY_TRAINING → PENDING_GROUP_REPAIR (event=hard_rank_failure, step=3920)
WARNING:megatron.core.transformer.moe.optimizer_commit_guard:OptimizerCommitGuard: commit BLOCKED (reason=hard_failure_rank_54_step_3920)
INFO:megatron.core.transformer.moe.replacement_registry:BSR-MoE replacement: failed_rank=54, replacement_rank=54, BOOTSTRAPPING → READY_FOR_REPAIR (step=3920)
WARNING:megatron.core.transformer.moe.recovery_controller:[2026-05-13 18:48:17] BSR-MoE controller: replacement assigned — failed_rank=54, replacement_rank=54 (step=3920)
WARNING:megatron.core.transformer.moe.bsr_integration:BSR-MoE: optimizer commit blocked for step 3920 (hard failure of rank 54)
INFO:megatron.core.transformer.moe.replacement_registry:BSR-MoE replacement: failed_rank=54, replacement_rank=54, READY_FOR_REPAIR → INTEGRATED (step=3920)
WARNING:megatron.core.transformer.moe.replacement_registry:BSR-MoE: replacement INTEGRATED — failed_rank=54, replacement_rank=54 (step=3920)
WARNING:megatron.core.transformer.moe.bsr_integration:BSR-MoE: entering waiting-for-replacement state (failed_rank=54, step=3920, experts=[96, 97, 98, 99, 100, 101, 102, 103, 104, 105, 106, 107, 108, 109, 110, 111])
WARNING:megatron.core.transformer.moe.recovery_controller:[2026-05-13 18:48:17] BSR-MoE controller: rank 54 HARD FAILURE (step=3920, reason=scheduled_restart_in_place_injection, experts=[96, 97, 98, 99, 100, 101, 102, 103, 104, 105, 106, 107, 108, 109, 110, 111], mid_iteration=False)
WARNING:megatron.core.transformer.moe.recovery_controller:[2026-05-13 18:48:17] BSR-MoE controller: step1 replacement_integrate elapsed=0.000s (step=3920)
WARNING:megatron.core.transformer.moe.bsr_integration:[2026-05-13 18:48:17] BSR-MoE FAULT INJECTION #9: type=restart_in_place, rank=54, step=3920, experts=[96, 97, 98, 99, 100, 101, 102, 103, 104, 105, 106, 107, 108, 109, 110, 111], ep_group=[48, 49, 50, 51, 52, 53, 54, 55]
WARNING:megatron.core.transformer.moe.bsr_integration:[2026-05-13 18:48:17] BSR-MoE FAULT INJECTION #9: type=restart_in_place, rank=54, step=3920, experts=[96, 97, 98, 99, 100, 101, 102, 103, 104, 105, 106, 107, 108, 109, 110, 111], ep_group=[48, 49, 50, 51, 52, 53, 54, 55]
WARNING:megatron.core.transformer.moe.recovery_controller:[2026-05-13 18:48:17] BSR-MoE controller: step2 group_rebuild_request elapsed=0.000s (step=3920)
WARNING:megatron.core.transformer.moe.recovery_controller:[2026-05-13 18:48:17] BSR-MoE controller: step3 group_rebuild_execute elapsed=0.000s (step=3920)
INFO:megatron.core.transformer.moe.recovery_controller:ExpertRecoveryTracker: experts [96, 97, 98, 99, 100, 101, 102, 103, 104, 105, 106, 107, 108, 109, 110, 111] → RECOVERING (step=3920)
INFO:megatron.core.transformer.moe.replacement_registry:BSR-MoE replacement: failed_rank=54, replacement_rank=54, NOT_PRESENT → BOOTSTRAPPING (step=3920)
WARNING:megatron.core.transformer.moe.recovery_controller:[2026-05-13 18:48:17] BSR-MoE controller: step4 group_rebuild_finish elapsed=0.000s (step=3920)
WARNING:megatron.core.transformer.moe.replacement_registry:BSR-MoE: replacement announced — failed_rank=54 → replacement_rank=54 (step=3920, reason='')
WARNING:megatron.core.transformer.moe.recovery_controller:[2026-05-13 18:48:17] BSR-MoE controller: step5 topology_refresh elapsed=0.000s (step=3920)
WARNING:megatron.core.transformer.moe.recovery_controller:[2026-05-13 18:48:17] BSR-MoE controller: HEALTHY_TRAINING → PENDING_GROUP_REPAIR (event=hard_rank_failure, step=3920)
WARNING:megatron.core.transformer.moe.recovery_controller:[2026-05-13 18:48:17] BSR-MoE controller: ⏱️  [Phase A] Infrastructure repair COMPLETED (elapsed=0.000s)
WARNING:megatron.core.transformer.moe.recovery_controller:[2026-05-13 18:48:17] BSR-MoE controller: PENDING_GROUP_REPAIR → WAITING_FOR_REPLACEMENT (event=replacement_assigned, step=3920)
WARNING:megatron.core.transformer.moe.recovery_controller:[2026-05-13 18:48:17] BSR-MoE controller: ⏱️  [Phase B] Starting parameter recovery...
WARNING:megatron.core.transformer.moe.optimizer_commit_guard:OptimizerCommitGuard: commit BLOCKED (reason=hard_failure_rank_54_step_3920)
WARNING:megatron.core.transformer.moe.recovery_controller:[2026-05-13 18:48:17] BSR-MoE controller: replacement ready — failed_rank=54 (step=3920)
WARNING:megatron.core.transformer.moe.bsr_integration:BSR-MoE: optimizer commit blocked for step 3920 (hard failure of rank 54)
WARNING:megatron.core.transformer.moe.recovery_controller:[2026-05-13 18:48:17] BSR-MoE controller: rank 54 HARD FAILURE (step=3920, reason=scheduled_restart_in_place_injection, experts=[96, 97, 98, 99, 100, 101, 102, 103, 104, 105, 106, 107, 108, 109, 110, 111], mid_iteration=False)
WARNING:megatron.core.transformer.moe.recovery_controller:[2026-05-13 18:48:17] BSR-MoE controller: rank 54 HARD FAILURE (step=3920, reason=scheduled_restart_in_place_injection, experts=[96, 97, 98, 99, 100, 101, 102, 103, 104, 105, 106, 107, 108, 109, 110, 111], mid_iteration=False)
WARNING:megatron.core.transformer.moe.recovery_controller:[2026-05-13 18:48:17] BSR-MoE controller: replacement assigned — failed_rank=54, replacement_rank=54 (step=3920)
WARNING:megatron.core.transformer.moe.recovery_controller:[2026-05-13 18:48:17] BSR-MoE controller: WAITING_FOR_REPLACEMENT → SAFE_POINT_REPAIR (event=replacement_ready, step=3920)
WARNING:megatron.core.transformer.moe.bsr_integration:BSR-MoE: entering waiting-for-replacement state (failed_rank=54, step=3920, experts=[96, 97, 98, 99, 100, 101, 102, 103, 104, 105, 106, 107, 108, 109, 110, 111])
WARNING:megatron.core.transformer.moe.recovery_controller:BSR-MoE controller: restart-in-place fast path for rank 54 (replacement=self, step=3920)
WARNING:megatron.core.transformer.moe.bsr_integration:[2026-05-13 18:48:17] BSR-MoE FAULT INJECTION: next periodic fault scheduled at step 3960 (interval=40, total_injections=9)
INFO:megatron.core.transformer.moe.recovery_controller:ExpertRecoveryTracker: experts [96, 97, 98, 99, 100, 101, 102, 103, 104, 105, 106, 107, 108, 109, 110, 111] → RECOVERING (step=3920)
INFO:megatron.core.transformer.moe.recovery_controller:ExpertRecoveryTracker: experts [96, 97, 98, 99, 100, 101, 102, 103, 104, 105, 106, 107, 108, 109, 110, 111] → RECOVERING (step=3920)
WARNING:megatron.core.transformer.moe.bsr_integration:[2026-05-13 18:48:17] BSR-MoE FAULT INJECTION #9: type=restart_in_place, rank=54, step=3920, experts=[96, 97, 98, 99, 100, 101, 102, 103, 104, 105, 106, 107, 108, 109, 110, 111], ep_group=[48, 49, 50, 51, 52, 53, 54, 55]
WARNING:megatron.core.transformer.moe.recovery_controller:[2026-05-13 18:48:17] BSR-MoE controller: ⏱️  START safe-point repair at step 3920 (failed=54, replacement=54)
INFO:megatron.core.transformer.moe.replacement_registry:BSR-MoE replacement: failed_rank=54, replacement_rank=54, NOT_PRESENT → BOOTSTRAPPING (step=3920)
WARNING:megatron.core.transformer.moe.recovery_controller:[2026-05-13 18:48:17] BSR-MoE controller: ⏱️  [Phase A] Starting infrastructure repair...
WARNING:megatron.core.transformer.moe.recovery_controller:[2026-05-13 18:48:17] BSR-MoE controller: HEALTHY_TRAINING → PENDING_GROUP_REPAIR (event=hard_rank_failure, step=3920)
WARNING:megatron.core.transformer.moe.replacement_registry:BSR-MoE: replacement announced — failed_rank=54 → replacement_rank=54 (step=3920, reason='')
WARNING:megatron.core.transformer.moe.optimizer_commit_guard:OptimizerCommitGuard: commit BLOCKED (reason=hard_failure_rank_54_step_3920)
WARNING:megatron.core.transformer.moe.optimizer_commit_guard:OptimizerCommitGuard: commit BLOCKED (reason=hard_failure_rank_54_step_3920)
WARNING:megatron.core.transformer.moe.bsr_integration:BSR-MoE: optimizer commit blocked for step 3920 (hard failure of rank 54)
WARNING:megatron.core.transformer.moe.recovery_controller:[2026-05-13 18:48:17] BSR-MoE controller: PENDING_GROUP_REPAIR → WAITING_FOR_REPLACEMENT (event=replacement_assigned, step=3920)
INFO:megatron.core.transformer.moe.replacement_registry:BSR-MoE replacement: failed_rank=54, replacement_rank=54, BOOTSTRAPPING → READY_FOR_REPAIR (step=3920)
WARNING:megatron.core.transformer.moe.bsr_integration:BSR-MoE: optimizer commit blocked for step 3920 (hard failure of rank 54)
WARNING:megatron.core.transformer.moe.bsr_integration:[2026-05-13 18:48:17] BSR-MoE FAULT INJECTION #9: type=restart_in_place, rank=54, step=3920, experts=[96, 97, 98, 99, 100, 101, 102, 103, 104, 105, 106, 107, 108, 109, 110, 111], ep_group=[48, 49, 50, 51, 52, 53, 54, 55]
WARNING:megatron.core.transformer.moe.bsr_integration:BSR-MoE: entering waiting-for-replacement state (failed_rank=54, step=3920, experts=[96, 97, 98, 99, 100, 101, 102, 103, 104, 105, 106, 107, 108, 109, 110, 111])
WARNING:megatron.core.transformer.moe.recovery_controller:[2026-05-13 18:48:17] BSR-MoE controller: replacement ready — failed_rank=54 (step=3920)
WARNING:megatron.core.transformer.moe.recovery_controller:[2026-05-13 18:48:17] BSR-MoE controller: replacement assigned — failed_rank=54, replacement_rank=54 (step=3920)
INFO:megatron.core.transformer.moe.replacement_registry:BSR-MoE replacement: failed_rank=54, replacement_rank=54, READY_FOR_REPAIR → INTEGRATED (step=3920)
WARNING:megatron.core.transformer.moe.bsr_integration:BSR-MoE: entering waiting-for-replacement state (failed_rank=54, step=3920, experts=[96, 97, 98, 99, 100, 101, 102, 103, 104, 105, 106, 107, 108, 109, 110, 111])
WARNING:megatron.core.transformer.moe.replacement_registry:BSR-MoE: replacement INTEGRATED — failed_rank=54, replacement_rank=54 (step=3920)
WARNING:megatron.core.transformer.moe.recovery_controller:[2026-05-13 18:48:17] BSR-MoE controller: WAITING_FOR_REPLACEMENT → SAFE_POINT_REPAIR (event=replacement_ready, step=3920)
WARNING:megatron.core.transformer.moe.recovery_controller:[2026-05-13 18:48:17] BSR-MoE controller: rank 54 HARD FAILURE (step=3920, reason=scheduled_restart_in_place_injection, experts=[96, 97, 98, 99, 100, 101, 102, 103, 104, 105, 106, 107, 108, 109, 110, 111], mid_iteration=False)
WARNING:megatron.core.transformer.moe.recovery_controller:BSR-MoE controller: restart-in-place fast path for rank 54 (replacement=self, step=3920)
WARNING:megatron.core.transformer.moe.recovery_controller:[2026-05-13 18:48:17] BSR-MoE controller: step1 replacement_integrate elapsed=0.000s (step=3920)
WARNING:megatron.core.transformer.moe.recovery_controller:[2026-05-13 18:48:17] BSR-MoE controller: step2 group_rebuild_request elapsed=0.000s (step=3920)
WARNING:megatron.core.transformer.moe.bsr_integration:[2026-05-13 18:48:17] BSR-MoE FAULT INJECTION: next periodic fault scheduled at step 3960 (interval=40, total_injections=9)
WARNING:megatron.core.transformer.moe.recovery_controller:[2026-05-13 18:48:17] BSR-MoE controller: step3 group_rebuild_execute elapsed=0.000s (step=3920)
WARNING:megatron.core.transformer.moe.recovery_controller:[2026-05-13 18:48:17] BSR-MoE controller: HEALTHY_TRAINING → PENDING_GROUP_REPAIR (event=hard_rank_failure, step=3920)
INFO:megatron.core.transformer.moe.replacement_registry:BSR-MoE replacement: failed_rank=54, replacement_rank=54, NOT_PRESENT → BOOTSTRAPPING (step=3920)
WARNING:megatron.core.transformer.moe.recovery_controller:[2026-05-13 18:48:17] BSR-MoE controller: step4 group_rebuild_finish elapsed=0.000s (step=3920)
INFO:megatron.core.transformer.moe.recovery_controller:ExpertRecoveryTracker: experts [96, 97, 98, 99, 100, 101, 102, 103, 104, 105, 106, 107, 108, 109, 110, 111] → RECOVERING (step=3920)
WARNING:megatron.core.transformer.moe.recovery_controller:[2026-05-13 18:48:17] BSR-MoE controller: ⏱️  START safe-point repair at step 3920 (failed=54, replacement=54)
WARNING:megatron.core.transformer.moe.replacement_registry:BSR-MoE: replacement announced — failed_rank=54 → replacement_rank=54 (step=3920, reason='')
WARNING:megatron.core.transformer.moe.recovery_controller:[2026-05-13 18:48:17] BSR-MoE controller: HEALTHY_TRAINING → PENDING_GROUP_REPAIR (event=hard_rank_failure, step=3920)
WARNING:megatron.core.transformer.moe.recovery_controller:[2026-05-13 18:48:17] BSR-MoE controller: step5 topology_refresh elapsed=0.000s (step=3920)
WARNING:megatron.core.transformer.moe.recovery_controller:[2026-05-13 18:48:17] BSR-MoE controller: rank 54 HARD FAILURE (step=3920, reason=scheduled_restart_in_place_injection, experts=[96, 97, 98, 99, 100, 101, 102, 103, 104, 105, 106, 107, 108, 109, 110, 111], mid_iteration=False)
WARNING:megatron.core.transformer.moe.recovery_controller:[2026-05-13 18:48:17] BSR-MoE controller: ⏱️  [Phase A] Starting infrastructure repair...
WARNING:megatron.core.transformer.moe.recovery_controller:[2026-05-13 18:48:17] BSR-MoE controller: ⏱️  [Phase A] Infrastructure repair COMPLETED (elapsed=0.000s)
WARNING:megatron.core.transformer.moe.recovery_controller:[2026-05-13 18:48:17] BSR-MoE controller: PENDING_GROUP_REPAIR → WAITING_FOR_REPLACEMENT (event=replacement_assigned, step=3920)
WARNING:megatron.core.transformer.moe.recovery_controller:[2026-05-13 18:48:17] BSR-MoE controller: replacement assigned — failed_rank=54, replacement_rank=54 (step=3920)
WARNING:megatron.core.transformer.moe.recovery_controller:[2026-05-13 18:48:17] BSR-MoE controller: ⏱️  [Phase B] Starting parameter recovery...
WARNING:megatron.core.transformer.moe.recovery_controller:[2026-05-13 18:48:17] BSR-MoE controller: replacement ready — failed_rank=54 (step=3920)
WARNING:megatron.core.transformer.moe.recovery_controller:[2026-05-13 18:48:17] BSR-MoE controller: replacement assigned — failed_rank=54, replacement_rank=54 (step=3920)
INFO:megatron.core.transformer.moe.replacement_registry:BSR-MoE replacement: failed_rank=54, replacement_rank=54, BOOTSTRAPPING → READY_FOR_REPAIR (step=3920)
INFO:megatron.core.transformer.moe.recovery_controller:ExpertRecoveryTracker: experts [96, 97, 98, 99, 100, 101, 102, 103, 104, 105, 106, 107, 108, 109, 110, 111] → RECOVERING (step=3920)
WARNING:megatron.core.transformer.moe.optimizer_commit_guard:OptimizerCommitGuard: commit BLOCKED (reason=hard_failure_rank_54_step_3920)
WARNING:megatron.core.transformer.moe.recovery_controller:[2026-05-13 18:48:17] BSR-MoE controller: WAITING_FOR_REPLACEMENT → SAFE_POINT_REPAIR (event=replacement_ready, step=3920)
INFO:megatron.core.transformer.moe.replacement_registry:BSR-MoE replacement: failed_rank=54, replacement_rank=54, READY_FOR_REPAIR → INTEGRATED (step=3920)
WARNING:megatron.core.transformer.moe.bsr_integration:BSR-MoE: optimizer commit blocked for step 3920 (hard failure of rank 54)
WARNING:megatron.core.transformer.moe.recovery_controller:BSR-MoE controller: restart-in-place fast path for rank 54 (replacement=self, step=3920)
WARNING:megatron.core.transformer.moe.replacement_registry:BSR-MoE: replacement INTEGRATED — failed_rank=54, replacement_rank=54 (step=3920)
WARNING:megatron.core.transformer.moe.bsr_integration:BSR-MoE: entering waiting-for-replacement state (failed_rank=54, step=3920, experts=[96, 97, 98, 99, 100, 101, 102, 103, 104, 105, 106, 107, 108, 109, 110, 111])
WARNING:megatron.core.transformer.moe.bsr_integration:[2026-05-13 18:48:17] BSR-MoE FAULT INJECTION: next periodic fault scheduled at step 3960 (interval=40, total_injections=9)
WARNING:megatron.core.transformer.moe.recovery_controller:[2026-05-13 18:48:17] BSR-MoE controller: step1 replacement_integrate elapsed=0.000s (step=3920)
INFO:megatron.core.transformer.moe.replacement_registry:BSR-MoE replacement: failed_rank=54, replacement_rank=54, NOT_PRESENT → BOOTSTRAPPING (step=3920)
WARNING:megatron.core.transformer.moe.optimizer_commit_guard:OptimizerCommitGuard: commit BLOCKED (reason=hard_failure_rank_54_step_3920)
WARNING:megatron.core.transformer.moe.recovery_controller:[2026-05-13 18:48:17] BSR-MoE controller: step2 group_rebuild_request elapsed=0.000s (step=3920)
WARNING:megatron.core.transformer.moe.replacement_registry:BSR-MoE: replacement announced — failed_rank=54 → replacement_rank=54 (step=3920, reason='')
INFO:megatron.core.transformer.moe.replacement_registry:BSR-MoE replacement: failed_rank=54, replacement_rank=54, NOT_PRESENT → BOOTSTRAPPING (step=3920)
WARNING:megatron.core.transformer.moe.recovery_controller:[2026-05-13 18:48:17] BSR-MoE controller: ⏱️  START safe-point repair at step 3920 (failed=54, replacement=54)
WARNING:megatron.core.transformer.moe.bsr_integration:BSR-MoE: optimizer commit blocked for step 3920 (hard failure of rank 54)
WARNING:megatron.core.transformer.moe.recovery_controller:[2026-05-13 18:48:17] BSR-MoE controller: step3 group_rebuild_execute elapsed=0.000s (step=3920)
WARNING:megatron.core.transformer.moe.replacement_registry:BSR-MoE: replacement announced — failed_rank=54 → replacement_rank=54 (step=3920, reason='')
WARNING:megatron.core.transformer.moe.recovery_controller:[2026-05-13 18:48:17] BSR-MoE controller: ⏱️  [Phase A] Starting infrastructure repair...
WARNING:megatron.core.transformer.moe.recovery_controller:[2026-05-13 18:48:17] BSR-MoE controller: PENDING_GROUP_REPAIR → WAITING_FOR_REPLACEMENT (event=replacement_assigned, step=3920)
WARNING:megatron.core.transformer.moe.recovery_controller:[2026-05-13 18:48:17] BSR-MoE controller: step4 group_rebuild_finish elapsed=0.000s (step=3920)
WARNING:megatron.core.transformer.moe.bsr_integration:BSR-MoE: entering waiting-for-replacement state (failed_rank=54, step=3920, experts=[96, 97, 98, 99, 100, 101, 102, 103, 104, 105, 106, 107, 108, 109, 110, 111])
WARNING:megatron.core.transformer.moe.recovery_controller:[2026-05-13 18:48:17] BSR-MoE controller: PENDING_GROUP_REPAIR → WAITING_FOR_REPLACEMENT (event=replacement_assigned, step=3920)
WARNING:megatron.core.transformer.moe.recovery_controller:[2026-05-13 18:48:17] BSR-MoE controller: step5 topology_refresh elapsed=0.000s (step=3920)
WARNING:megatron.core.transformer.moe.recovery_controller:[2026-05-13 18:48:17] BSR-MoE controller: replacement ready — failed_rank=54 (step=3920)
WARNING:megatron.core.transformer.moe.recovery_controller:[2026-05-13 18:48:17] BSR-MoE controller: HEALTHY_TRAINING → PENDING_GROUP_REPAIR (event=hard_rank_failure, step=3920)
WARNING:megatron.core.transformer.moe.recovery_controller:[2026-05-13 18:48:17] BSR-MoE controller: ⏱️  [Phase A] Infrastructure repair COMPLETED (elapsed=0.000s)
WARNING:megatron.core.transformer.moe.recovery_controller:[2026-05-13 18:48:17] BSR-MoE controller: replacement ready — failed_rank=54 (step=3920)
INFO:megatron.core.transformer.moe.replacement_registry:BSR-MoE replacement: failed_rank=54, replacement_rank=54, BOOTSTRAPPING → READY_FOR_REPAIR (step=3920)
WARNING:megatron.core.transformer.moe.recovery_controller:[2026-05-13 18:48:17] BSR-MoE controller: WAITING_FOR_REPLACEMENT → SAFE_POINT_REPAIR (event=replacement_ready, step=3920)
WARNING:megatron.core.transformer.moe.recovery_controller:[2026-05-13 18:48:17] BSR-MoE controller: ⏱️  [Phase B] Starting parameter recovery...
WARNING:megatron.core.transformer.moe.recovery_controller:BSR-MoE controller: restart-in-place fast path for rank 54 (replacement=self, step=3920)
WARNING:megatron.core.transformer.moe.recovery_controller:[2026-05-13 18:48:17] BSR-MoE controller: WAITING_FOR_REPLACEMENT → SAFE_POINT_REPAIR (event=replacement_ready, step=3920)
INFO:megatron.core.transformer.moe.replacement_registry:BSR-MoE replacement: failed_rank=54, replacement_rank=54, READY_FOR_REPAIR → INTEGRATED (step=3920)
WARNING:megatron.core.transformer.moe.recovery_controller:BSR-MoE controller: restart-in-place fast path for rank 54 (replacement=self, step=3920)
WARNING:megatron.core.transformer.moe.replacement_registry:BSR-MoE: replacement INTEGRATED — failed_rank=54, replacement_rank=54 (step=3920)
WARNING:megatron.core.transformer.moe.bsr_integration:[2026-05-13 18:48:17] BSR-MoE FAULT INJECTION: next periodic fault scheduled at step 3960 (interval=40, total_injections=9)
WARNING:megatron.core.transformer.moe.recovery_controller:[2026-05-13 18:48:17] BSR-MoE controller: replacement assigned — failed_rank=54, replacement_rank=54 (step=3920)
WARNING:megatron.core.transformer.moe.recovery_controller:[2026-05-13 18:48:17] BSR-MoE controller: HEALTHY_TRAINING → PENDING_GROUP_REPAIR (event=hard_rank_failure, step=3920)
WARNING:megatron.core.transformer.moe.bsr_integration:[2026-05-13 18:48:17] BSR-MoE FAULT INJECTION: next periodic fault scheduled at step 3960 (interval=40, total_injections=9)
WARNING:megatron.core.transformer.moe.recovery_controller:[2026-05-13 18:48:17] BSR-MoE controller: step1 replacement_integrate elapsed=0.000s (step=3920)
WARNING:megatron.core.transformer.moe.recovery_controller:[2026-05-13 18:48:17] BSR-MoE controller: ⏱️  START safe-point repair at step 3920 (failed=54, replacement=54)
WARNING:megatron.core.transformer.moe.recovery_controller:[2026-05-13 18:48:17] BSR-MoE controller: step2 group_rebuild_request elapsed=0.000s (step=3920)
WARNING:megatron.core.transformer.moe.recovery_controller:[2026-05-13 18:48:17] BSR-MoE controller: ⏱️  START safe-point repair at step 3920 (failed=54, replacement=54)
WARNING:megatron.core.transformer.moe.recovery_controller:[2026-05-13 18:48:17] BSR-MoE controller: step3 group_rebuild_execute elapsed=0.000s (step=3920)
WARNING:megatron.core.transformer.moe.recovery_controller:[2026-05-13 18:48:17] BSR-MoE controller: ⏱️  [Phase A] Starting infrastructure repair...
WARNING:megatron.core.transformer.moe.recovery_controller:[2026-05-13 18:48:17] BSR-MoE controller: replacement assigned — failed_rank=54, replacement_rank=54 (step=3920)
WARNING:megatron.core.transformer.moe.recovery_controller:[2026-05-13 18:48:17] BSR-MoE controller: step4 group_rebuild_finish elapsed=0.000s (step=3920)
WARNING:megatron.core.transformer.moe.recovery_controller:[2026-05-13 18:48:17] BSR-MoE controller: ⏱️  [Phase A] Starting infrastructure repair...
WARNING:megatron.core.transformer.moe.recovery_controller:[2026-05-13 18:48:17] BSR-MoE controller: step5 topology_refresh elapsed=0.000s (step=3920)
INFO:megatron.core.transformer.moe.replacement_registry:BSR-MoE replacement: failed_rank=54, replacement_rank=54, NOT_PRESENT → BOOTSTRAPPING (step=3920)
WARNING:megatron.core.transformer.moe.recovery_controller:[2026-05-13 18:48:17] BSR-MoE controller: ⏱️  [Phase A] Infrastructure repair COMPLETED (elapsed=0.000s)
WARNING:megatron.core.transformer.moe.replacement_registry:BSR-MoE: replacement announced — failed_rank=54 → replacement_rank=54 (step=3920, reason='')
INFO:megatron.core.transformer.moe.replacement_registry:BSR-MoE replacement: failed_rank=54, replacement_rank=54, BOOTSTRAPPING → READY_FOR_REPAIR (step=3920)
WARNING:megatron.core.transformer.moe.recovery_controller:[2026-05-13 18:48:17] BSR-MoE controller: ⏱️  [Phase B] Starting parameter recovery...
INFO:megatron.core.transformer.moe.replacement_registry:BSR-MoE replacement: failed_rank=54, replacement_rank=54, BOOTSTRAPPING → READY_FOR_REPAIR (step=3920)
WARNING:megatron.core.transformer.moe.recovery_controller:[2026-05-13 18:48:17] BSR-MoE controller: PENDING_GROUP_REPAIR → WAITING_FOR_REPLACEMENT (event=replacement_assigned, step=3920)
INFO:megatron.core.transformer.moe.replacement_registry:BSR-MoE replacement: failed_rank=54, replacement_rank=54, READY_FOR_REPAIR → INTEGRATED (step=3920)
INFO:megatron.core.transformer.moe.replacement_registry:BSR-MoE replacement: failed_rank=54, replacement_rank=54, READY_FOR_REPAIR → INTEGRATED (step=3920)
WARNING:megatron.core.transformer.moe.replacement_registry:BSR-MoE: replacement INTEGRATED — failed_rank=54, replacement_rank=54 (step=3920)
WARNING:megatron.core.transformer.moe.replacement_registry:BSR-MoE: replacement INTEGRATED — failed_rank=54, replacement_rank=54 (step=3920)
WARNING:megatron.core.transformer.moe.recovery_controller:[2026-05-13 18:48:17] BSR-MoE controller: replacement ready — failed_rank=54 (step=3920)
INFO:megatron.core.transformer.moe.replacement_registry:BSR-MoE replacement: failed_rank=54, replacement_rank=54, NOT_PRESENT → BOOTSTRAPPING (step=3920)
WARNING:megatron.core.transformer.moe.recovery_controller:[2026-05-13 18:48:17] BSR-MoE controller: step1 replacement_integrate elapsed=0.000s (step=3920)
WARNING:megatron.core.transformer.moe.recovery_controller:[2026-05-13 18:48:17] BSR-MoE controller: step1 replacement_integrate elapsed=0.000s (step=3920)
WARNING:megatron.core.transformer.moe.replacement_registry:BSR-MoE: replacement announced — failed_rank=54 → replacement_rank=54 (step=3920, reason='')
WARNING:megatron.core.transformer.moe.recovery_controller:[2026-05-13 18:48:17] BSR-MoE controller: WAITING_FOR_REPLACEMENT → SAFE_POINT_REPAIR (event=replacement_ready, step=3920)
WARNING:megatron.core.transformer.moe.recovery_controller:[2026-05-13 18:48:17] BSR-MoE controller: step2 group_rebuild_request elapsed=0.000s (step=3920)
WARNING:megatron.core.transformer.moe.recovery_controller:[2026-05-13 18:48:17] BSR-MoE controller: step2 group_rebuild_request elapsed=0.000s (step=3920)
WARNING:megatron.core.transformer.moe.recovery_controller:BSR-MoE controller: restart-in-place fast path for rank 54 (replacement=self, step=3920)
WARNING:megatron.core.transformer.moe.recovery_controller:[2026-05-13 18:48:17] BSR-MoE controller: PENDING_GROUP_REPAIR → WAITING_FOR_REPLACEMENT (event=replacement_assigned, step=3920)
WARNING:megatron.core.transformer.moe.recovery_controller:[2026-05-13 18:48:17] BSR-MoE controller: step3 group_rebuild_execute elapsed=0.000s (step=3920)
WARNING:megatron.core.transformer.moe.recovery_controller:[2026-05-13 18:48:17] BSR-MoE controller: step3 group_rebuild_execute elapsed=0.000s (step=3920)
WARNING:megatron.core.transformer.moe.bsr_integration:[2026-05-13 18:48:17] BSR-MoE FAULT INJECTION: next periodic fault scheduled at step 3960 (interval=40, total_injections=9)
WARNING:megatron.core.transformer.moe.recovery_controller:[2026-05-13 18:48:17] BSR-MoE controller: step4 group_rebuild_finish elapsed=0.000s (step=3920)
WARNING:megatron.core.transformer.moe.recovery_controller:[2026-05-13 18:48:17] BSR-MoE controller: step4 group_rebuild_finish elapsed=0.000s (step=3920)
WARNING:megatron.core.transformer.moe.recovery_controller:[2026-05-13 18:48:17] BSR-MoE controller: replacement ready — failed_rank=54 (step=3920)
WARNING:megatron.core.transformer.moe.recovery_controller:[2026-05-13 18:48:17] BSR-MoE controller: step5 topology_refresh elapsed=0.000s (step=3920)
WARNING:megatron.core.transformer.moe.recovery_controller:[2026-05-13 18:48:17] BSR-MoE controller: step5 topology_refresh elapsed=0.000s (step=3920)
WARNING:megatron.core.transformer.moe.recovery_controller:[2026-05-13 18:48:17] BSR-MoE controller: WAITING_FOR_REPLACEMENT → SAFE_POINT_REPAIR (event=replacement_ready, step=3920)
WARNING:megatron.core.transformer.moe.recovery_controller:[2026-05-13 18:48:17] BSR-MoE controller: ⏱️  START safe-point repair at step 3920 (failed=54, replacement=54)
WARNING:megatron.core.transformer.moe.recovery_controller:[2026-05-13 18:48:17] BSR-MoE controller: ⏱️  [Phase A] Infrastructure repair COMPLETED (elapsed=0.000s)
WARNING:megatron.core.transformer.moe.recovery_controller:[2026-05-13 18:48:17] BSR-MoE controller: ⏱️  [Phase A] Infrastructure repair COMPLETED (elapsed=0.000s)
WARNING:megatron.core.transformer.moe.recovery_controller:BSR-MoE controller: restart-in-place fast path for rank 54 (replacement=self, step=3920)
WARNING:megatron.core.transformer.moe.recovery_controller:[2026-05-13 18:48:17] BSR-MoE controller: ⏱️  [Phase B] Starting parameter recovery...
WARNING:megatron.core.transformer.moe.recovery_controller:[2026-05-13 18:48:17] BSR-MoE controller: ⏱️  [Phase A] Starting infrastructure repair...
WARNING:megatron.core.transformer.moe.recovery_controller:[2026-05-13 18:48:17] BSR-MoE controller: ⏱️  [Phase B] Starting parameter recovery...
WARNING:megatron.core.transformer.moe.bsr_integration:[2026-05-13 18:48:17] BSR-MoE FAULT INJECTION: next periodic fault scheduled at step 3960 (interval=40, total_injections=9)
INFO:megatron.core.transformer.moe.replacement_registry:BSR-MoE replacement: failed_rank=54, replacement_rank=54, BOOTSTRAPPING → READY_FOR_REPAIR (step=3920)
WARNING:megatron.core.transformer.moe.recovery_controller:[2026-05-13 18:48:17] BSR-MoE controller: ⏱️  START safe-point repair at step 3920 (failed=54, replacement=54)
WARNING:megatron.core.transformer.moe.recovery_controller:[2026-05-13 18:48:17] BSR-MoE controller: ⏱️  [Phase A] Starting infrastructure repair...
INFO:megatron.core.transformer.moe.replacement_registry:BSR-MoE replacement: failed_rank=54, replacement_rank=54, READY_FOR_REPAIR → INTEGRATED (step=3920)
WARNING:megatron.core.transformer.moe.replacement_registry:BSR-MoE: replacement INTEGRATED — failed_rank=54, replacement_rank=54 (step=3920)
WARNING:megatron.core.transformer.moe.recovery_controller:[2026-05-13 18:48:17] BSR-MoE controller: step1 replacement_integrate elapsed=0.000s (step=3920)
INFO:megatron.core.transformer.moe.replacement_registry:BSR-MoE replacement: failed_rank=54, replacement_rank=54, BOOTSTRAPPING → READY_FOR_REPAIR (step=3920)
WARNING:megatron.core.transformer.moe.recovery_controller:[2026-05-13 18:48:17] BSR-MoE controller: step2 group_rebuild_request elapsed=0.000s (step=3920)
INFO:megatron.core.transformer.moe.replacement_registry:BSR-MoE replacement: failed_rank=54, replacement_rank=54, READY_FOR_REPAIR → INTEGRATED (step=3920)
WARNING:megatron.core.transformer.moe.recovery_controller:[2026-05-13 18:48:17] BSR-MoE controller: step3 group_rebuild_execute elapsed=0.000s (step=3920)
WARNING:megatron.core.transformer.moe.replacement_registry:BSR-MoE: replacement INTEGRATED — failed_rank=54, replacement_rank=54 (step=3920)
WARNING:megatron.core.transformer.moe.recovery_controller:[2026-05-13 18:48:17] BSR-MoE controller: step4 group_rebuild_finish elapsed=0.000s (step=3920)
WARNING:megatron.core.transformer.moe.recovery_controller:[2026-05-13 18:48:17] BSR-MoE controller: step1 replacement_integrate elapsed=0.000s (step=3920)
WARNING:megatron.core.transformer.moe.recovery_controller:[2026-05-13 18:48:17] BSR-MoE controller: step5 topology_refresh elapsed=0.000s (step=3920)
WARNING:megatron.core.transformer.moe.recovery_controller:[2026-05-13 18:48:17] BSR-MoE controller: ⏱️  [Phase A] Infrastructure repair COMPLETED (elapsed=0.000s)
WARNING:megatron.core.transformer.moe.recovery_controller:[2026-05-13 18:48:17] BSR-MoE controller: step2 group_rebuild_request elapsed=0.000s (step=3920)
WARNING:megatron.core.transformer.moe.recovery_controller:[2026-05-13 18:48:17] BSR-MoE controller: ⏱️  [Phase B] Starting parameter recovery...
WARNING:megatron.core.transformer.moe.recovery_controller:[2026-05-13 18:48:17] BSR-MoE controller: step3 group_rebuild_execute elapsed=0.000s (step=3920)
WARNING:megatron.core.transformer.moe.recovery_controller:[2026-05-13 18:48:17] BSR-MoE controller: step4 group_rebuild_finish elapsed=0.000s (step=3920)
WARNING:megatron.core.transformer.moe.recovery_controller:[2026-05-13 18:48:17] BSR-MoE controller: step5 topology_refresh elapsed=0.000s (step=3920)
WARNING:megatron.core.transformer.moe.recovery_controller:[2026-05-13 18:48:17] BSR-MoE controller: ⏱️  [Phase A] Infrastructure repair COMPLETED (elapsed=0.000s)
WARNING:megatron.core.transformer.moe.recovery_controller:[2026-05-13 18:48:17] BSR-MoE controller: ⏱️  [Phase B] Starting parameter recovery...
INFO:megatron.core.transformer.moe.bsr_integration:BSR-MoE: found latest checkpoint with BSR manifest at /mnt/ais-c1/dataset/zds/5.12/bsr/iter_0003920 (step=3920)
INFO:megatron.core.transformer.moe.bsr_integration:BSR-MoE: found latest checkpoint with BSR manifest at /mnt/ais-c1/dataset/zds/5.12/bsr/iter_0003920 (step=3920)
INFO:megatron.core.transformer.moe.bsr_integration:BSR-MoE: found latest checkpoint with BSR manifest at /mnt/ais-c1/dataset/zds/5.12/bsr/iter_0003920 (step=3920)
INFO:megatron.core.transformer.moe.bsr_integration:BSR-MoE: found latest checkpoint with BSR manifest at /mnt/ais-c1/dataset/zds/5.12/bsr/iter_0003920 (step=3920)
INFO:megatron.core.transformer.moe.bsr_integration:BSR-MoE: found latest checkpoint with BSR manifest at /mnt/ais-c1/dataset/zds/5.12/bsr/iter_0003920 (step=3920)
INFO:megatron.core.transformer.moe.bsr_integration:BSR-MoE: found latest checkpoint with BSR manifest at /mnt/ais-c1/dataset/zds/5.12/bsr/iter_0003920 (step=3920)
INFO:megatron.core.transformer.moe.bsr_integration:BSR-MoE: found latest checkpoint with BSR manifest at /mnt/ais-c1/dataset/zds/5.12/bsr/iter_0003920 (step=3920)
INFO:megatron.core.transformer.moe.bsr_integration:BSR-MoE: found latest checkpoint with BSR manifest at /mnt/ais-c1/dataset/zds/5.12/bsr/iter_0003920 (step=3920)
WARNING:megatron.core.transformer.moe.recovery_controller:[2026-05-13 18:48:17] BSR-MoE controller: HYBRID_RECOVERY path — dense from DP peer, experts from checkpoint (step=3920, failed=54, replacement=54)
WARNING:megatron.core.transformer.moe.recovery_controller:[2026-05-13 18:48:17] BSR-MoE controller: HYBRID_RECOVERY path — dense from DP peer, experts from checkpoint (step=3920, failed=54, replacement=54)
WARNING:megatron.core.transformer.moe.recovery_controller:[2026-05-13 18:48:17] BSR-MoE controller: dense_sync elapsed=0.000s (step=3920)
WARNING:megatron.core.transformer.moe.recovery_controller:[2026-05-13 18:48:17] BSR-MoE controller: dense_sync elapsed=0.000s (step=3920)
WARNING:megatron.core.transformer.moe.recovery_controller:[2026-05-13 18:48:17] BSR-MoE controller: expert_restore (sync weights, deferred optimizer) elapsed=0.000s (step=3920)
WARNING:megatron.core.transformer.moe.recovery_controller:[2026-05-13 18:48:17] BSR-MoE controller: expert_restore (sync weights, deferred optimizer) elapsed=0.000s (step=3920)
WARNING:megatron.core.transformer.moe.recovery_controller:[2026-05-13 18:48:17] BSR-MoE controller: ⏱️  [Phase B] Parameter recovery COMPLETED (path=HYBRID_RECOVERY, elapsed=0.191s)
WARNING:megatron.core.transformer.moe.recovery_controller:[2026-05-13 18:48:17] BSR-MoE controller: ⏱️  [Phase B] Parameter recovery COMPLETED (path=HYBRID_RECOVERY, elapsed=0.192s)
INFO:megatron.core.transformer.moe.bsr_integration:BSR-MoE post-recovery convergence: views consistent after HYBRID_RECOVERY path (step=3920)
INFO:megatron.core.transformer.moe.bsr_integration:BSR-MoE post-recovery convergence: views consistent after HYBRID_RECOVERY path (step=3920)
WARNING:megatron.core.transformer.moe.recovery_controller:[2026-05-13 18:48:17] BSR-MoE controller: HYBRID_RECOVERY path — dense from DP peer, experts from checkpoint (step=3920, failed=54, replacement=54)
WARNING:megatron.core.transformer.moe.recovery_controller:[2026-05-13 18:48:17] BSR-MoE controller: ⏱️  [Phase B→C] Post-recovery convergence completed (path=HYBRID_RECOVERY, elapsed=0.000s, step=3920)
WARNING:megatron.core.transformer.moe.recovery_controller:[2026-05-13 18:48:17] BSR-MoE controller: ⏱️  [Phase B→C] Post-recovery convergence completed (path=HYBRID_RECOVERY, elapsed=0.000s, step=3920)
WARNING:megatron.core.transformer.moe.recovery_controller:[2026-05-13 18:48:17] BSR-MoE controller: ⏱️  [Phase C] Starting post-repair...
WARNING:megatron.core.transformer.moe.recovery_controller:[2026-05-13 18:48:17] BSR-MoE controller: ⏱️  [Phase C] Starting post-repair...
INFO:megatron.core.transformer.moe.reintegration_barrier:BSR-MoE barrier: begin reintegration for rank 54 -> 54 (experts=[96, 97, 98, 99, 100, 101, 102, 103, 104, 105, 106, 107, 108, 109, 110, 111], step=3920)
WARNING:megatron.core.transformer.moe.recovery_controller:[2026-05-13 18:48:17] BSR-MoE controller: dense_sync elapsed=0.000s (step=3920)
WARNING:megatron.core.transformer.moe.recovery_controller:[2026-05-13 18:48:17] BSR-MoE controller: HYBRID_RECOVERY path — dense from DP peer, experts from checkpoint (step=3920, failed=54, replacement=54)
INFO:megatron.core.transformer.moe.reintegration_barrier:BSR-MoE barrier: begin reintegration for rank 54 -> 54 (experts=[96, 97, 98, 99, 100, 101, 102, 103, 104, 105, 106, 107, 108, 109, 110, 111], step=3920)
WARNING:megatron.core.transformer.moe.recovery_controller:[2026-05-13 18:48:17] BSR-MoE controller: expert_restore (sync weights, deferred optimizer) elapsed=0.000s (step=3920)
INFO:megatron.core.transformer.moe.reintegration_barrier:BSR-MoE barrier: rank 54 -> REPAIRED_NOT_ROUTED (all preconditions met, step=3920)
WARNING:megatron.core.transformer.moe.recovery_controller:[2026-05-13 18:48:17] BSR-MoE controller: ⏱️  [Phase B] Parameter recovery COMPLETED (path=HYBRID_RECOVERY, elapsed=0.192s)
WARNING:megatron.core.transformer.moe.recovery_controller:[2026-05-13 18:48:17] BSR-MoE controller: dense_sync elapsed=0.000s (step=3920)
WARNING:megatron.core.transformer.moe.recovery_controller:[2026-05-13 18:48:17] BSR-MoE controller: reintegration barrier initialized for rank 54 (all preconditions marked, step=3920)
INFO:megatron.core.transformer.moe.reintegration_barrier:BSR-MoE barrier: rank 54 -> REPAIRED_NOT_ROUTED (all preconditions met, step=3920)
WARNING:megatron.core.transformer.moe.recovery_controller:[2026-05-13 18:48:17] BSR-MoE controller: SAFE_POINT_REPAIR → REINTEGRATED (event=safe_point_repair_completed, step=3920)
WARNING:megatron.core.transformer.moe.recovery_controller:[2026-05-13 18:48:17] BSR-MoE controller: reintegration barrier initialized for rank 54 (all preconditions marked, step=3920)
WARNING:megatron.core.transformer.moe.recovery_controller:[2026-05-13 18:48:17] BSR-MoE controller: expert_restore (sync weights, deferred optimizer) elapsed=0.000s (step=3920)
WARNING:megatron.core.transformer.moe.recovery_controller:[2026-05-13 18:48:17] BSR-MoE controller: ⏱️  ✅ SAFE-POINT REPAIR COMPLETED (path=HYBRID_RECOVERY, step=3920, failed=54, replacement=54) | Total=0.192s | Breakdown: PhaseA=0.000s, PhaseB=0.191s, PhaseC=0.000s
WARNING:megatron.core.transformer.moe.recovery_controller:[2026-05-13 18:48:17] BSR-MoE controller: ⏱️  [Phase B] Parameter recovery COMPLETED (path=HYBRID_RECOVERY, elapsed=0.192s)
WARNING:megatron.core.transformer.moe.recovery_controller:[2026-05-13 18:48:17] BSR-MoE controller: SAFE_POINT_REPAIR → REINTEGRATED (event=safe_point_repair_completed, step=3920)
INFO:megatron.core.transformer.moe.bsr_integration:BSR-MoE post-recovery convergence: views consistent after HYBRID_RECOVERY path (step=3920)
WARNING:megatron.core.transformer.moe.recovery_controller:[2026-05-13 18:48:17] BSR-MoE controller: HYBRID_RECOVERY path — dense from DP peer, experts from checkpoint (step=3920, failed=54, replacement=54)
WARNING:megatron.core.transformer.moe.recovery_controller:[2026-05-13 18:48:17] BSR-MoE controller: ⏱️  [Phase B→C] Post-recovery convergence completed (path=HYBRID_RECOVERY, elapsed=0.000s, step=3920)
WARNING:megatron.core.transformer.moe.recovery_controller:[2026-05-13 18:48:17] BSR-MoE controller: ⏱️  ✅ SAFE-POINT REPAIR COMPLETED (path=HYBRID_RECOVERY, step=3920, failed=54, replacement=54) | Total=0.193s | Breakdown: PhaseA=0.000s, PhaseB=0.192s, PhaseC=0.000s
WARNING:megatron.core.transformer.moe.recovery_controller:[2026-05-13 18:48:17] BSR-MoE controller: ⏱️  [Phase C] Starting post-repair...
INFO:megatron.core.transformer.moe.bsr_integration:BSR-MoE post-recovery convergence: views consistent after HYBRID_RECOVERY path (step=3920)
WARNING:megatron.core.transformer.moe.recovery_controller:[2026-05-13 18:48:17] BSR-MoE controller: ⏱️  [Phase B→C] Post-recovery convergence completed (path=HYBRID_RECOVERY, elapsed=0.000s, step=3920)
WARNING:megatron.core.transformer.moe.recovery_controller:[2026-05-13 18:48:17] BSR-MoE controller: dense_sync elapsed=0.000s (step=3920)
WARNING:megatron.core.transformer.moe.recovery_controller:[2026-05-13 18:48:17] BSR-MoE controller: ⏱️  [Phase C] Starting post-repair...
INFO:megatron.core.transformer.moe.reintegration_barrier:BSR-MoE barrier: begin reintegration for rank 54 -> 54 (experts=[96, 97, 98, 99, 100, 101, 102, 103, 104, 105, 106, 107, 108, 109, 110, 111], step=3920)
WARNING:megatron.core.transformer.moe.recovery_controller:[2026-05-13 18:48:17] BSR-MoE controller: HYBRID_RECOVERY path — dense from DP peer, experts from checkpoint (step=3920, failed=54, replacement=54)
INFO:megatron.core.transformer.moe.reintegration_barrier:BSR-MoE barrier: begin reintegration for rank 54 -> 54 (experts=[96, 97, 98, 99, 100, 101, 102, 103, 104, 105, 106, 107, 108, 109, 110, 111], step=3920)
WARNING:megatron.core.transformer.moe.recovery_controller:[2026-05-13 18:48:17] BSR-MoE controller: expert_restore (sync weights, deferred optimizer) elapsed=0.000s (step=3920)
INFO:megatron.core.transformer.moe.reintegration_barrier:BSR-MoE barrier: rank 54 -> REPAIRED_NOT_ROUTED (all preconditions met, step=3920)
WARNING:megatron.core.transformer.moe.recovery_controller:[2026-05-13 18:48:17] BSR-MoE controller: reintegration barrier initialized for rank 54 (all preconditions marked, step=3920)
WARNING:megatron.core.transformer.moe.recovery_controller:[2026-05-13 18:48:17] BSR-MoE controller: ⏱️  [Phase B] Parameter recovery COMPLETED (path=HYBRID_RECOVERY, elapsed=0.192s)
WARNING:megatron.core.transformer.moe.recovery_controller:[2026-05-13 18:48:17] BSR-MoE controller: SAFE_POINT_REPAIR → REINTEGRATED (event=safe_point_repair_completed, step=3920)
INFO:megatron.core.transformer.moe.reintegration_barrier:BSR-MoE barrier: rank 54 -> REPAIRED_NOT_ROUTED (all preconditions met, step=3920)
WARNING:megatron.core.transformer.moe.recovery_controller:[2026-05-13 18:48:17] BSR-MoE controller: HYBRID_RECOVERY path — dense from DP peer, experts from checkpoint (step=3920, failed=54, replacement=54)
WARNING:megatron.core.transformer.moe.recovery_controller:[2026-05-13 18:48:17] BSR-MoE controller: ⏱️  ✅ SAFE-POINT REPAIR COMPLETED (path=HYBRID_RECOVERY, step=3920, failed=54, replacement=54) | Total=0.193s | Breakdown: PhaseA=0.000s, PhaseB=0.192s, PhaseC=0.000s
WARNING:megatron.core.transformer.moe.recovery_controller:[2026-05-13 18:48:17] BSR-MoE controller: HYBRID_RECOVERY path — dense from DP peer, experts from checkpoint (step=3920, failed=54, replacement=54)
WARNING:megatron.core.transformer.moe.recovery_controller:[2026-05-13 18:48:17] BSR-MoE controller: reintegration barrier initialized for rank 54 (all preconditions marked, step=3920)
WARNING:megatron.core.transformer.moe.recovery_controller:[2026-05-13 18:48:17] BSR-MoE controller: dense_sync elapsed=0.000s (step=3920)
WARNING:megatron.core.transformer.moe.recovery_controller:[2026-05-13 18:48:17] BSR-MoE controller: SAFE_POINT_REPAIR → REINTEGRATED (event=safe_point_repair_completed, step=3920)
WARNING:megatron.core.transformer.moe.recovery_controller:[2026-05-13 18:48:17] BSR-MoE controller: ⏱️  ✅ SAFE-POINT REPAIR COMPLETED (path=HYBRID_RECOVERY, step=3920, failed=54, replacement=54) | Total=0.193s | Breakdown: PhaseA=0.000s, PhaseB=0.192s, PhaseC=0.000s
INFO:megatron.core.transformer.moe.bsr_integration:BSR-MoE post-recovery convergence: views consistent after HYBRID_RECOVERY path (step=3920)
WARNING:megatron.core.transformer.moe.recovery_controller:[2026-05-13 18:48:17] BSR-MoE controller: expert_restore (sync weights, deferred optimizer) elapsed=0.000s (step=3920)
WARNING:megatron.core.transformer.moe.recovery_controller:[2026-05-13 18:48:17] BSR-MoE controller: dense_sync elapsed=0.000s (step=3920)
WARNING:megatron.core.transformer.moe.recovery_controller:[2026-05-13 18:48:17] BSR-MoE controller: ⏱️  [Phase B→C] Post-recovery convergence completed (path=HYBRID_RECOVERY, elapsed=0.000s, step=3920)
WARNING:megatron.core.transformer.moe.recovery_controller:[2026-05-13 18:48:17] BSR-MoE controller: dense_sync elapsed=0.000s (step=3920)
WARNING:megatron.core.transformer.moe.recovery_controller:[2026-05-13 18:48:17] BSR-MoE controller: ⏱️  [Phase B] Parameter recovery COMPLETED (path=HYBRID_RECOVERY, elapsed=0.192s)
WARNING:megatron.core.transformer.moe.recovery_controller:[2026-05-13 18:48:17] BSR-MoE controller: ⏱️  [Phase C] Starting post-repair...
WARNING:megatron.core.transformer.moe.recovery_controller:[2026-05-13 18:48:17] BSR-MoE controller: expert_restore (sync weights, deferred optimizer) elapsed=0.000s (step=3920)
WARNING:megatron.core.transformer.moe.recovery_controller:[2026-05-13 18:48:17] BSR-MoE controller: expert_restore (sync weights, deferred optimizer) elapsed=0.000s (step=3920)
WARNING:megatron.core.transformer.moe.recovery_controller:[2026-05-13 18:48:17] BSR-MoE controller: ⏱️  [Phase B] Parameter recovery COMPLETED (path=HYBRID_RECOVERY, elapsed=0.193s)
WARNING:megatron.core.transformer.moe.recovery_controller:[2026-05-13 18:48:17] BSR-MoE controller: ⏱️  [Phase B] Parameter recovery COMPLETED (path=HYBRID_RECOVERY, elapsed=0.192s)
INFO:megatron.core.transformer.moe.bsr_integration:BSR-MoE post-recovery convergence: views consistent after HYBRID_RECOVERY path (step=3920)
INFO:megatron.core.transformer.moe.reintegration_barrier:BSR-MoE barrier: begin reintegration for rank 54 -> 54 (experts=[96, 97, 98, 99, 100, 101, 102, 103, 104, 105, 106, 107, 108, 109, 110, 111], step=3920)
WARNING:megatron.core.transformer.moe.recovery_controller:[2026-05-13 18:48:17] BSR-MoE controller: ⏱️  [Phase B→C] Post-recovery convergence completed (path=HYBRID_RECOVERY, elapsed=0.000s, step=3920)
INFO:megatron.core.transformer.moe.bsr_integration:BSR-MoE post-recovery convergence: views consistent after HYBRID_RECOVERY path (step=3920)
INFO:megatron.core.transformer.moe.bsr_integration:BSR-MoE post-recovery convergence: views consistent after HYBRID_RECOVERY path (step=3920)
WARNING:megatron.core.transformer.moe.recovery_controller:[2026-05-13 18:48:17] BSR-MoE controller: ⏱️  [Phase C] Starting post-repair...
WARNING:megatron.core.transformer.moe.recovery_controller:[2026-05-13 18:48:17] BSR-MoE controller: ⏱️  [Phase B→C] Post-recovery convergence completed (path=HYBRID_RECOVERY, elapsed=0.000s, step=3920)
WARNING:megatron.core.transformer.moe.recovery_controller:[2026-05-13 18:48:17] BSR-MoE controller: ⏱️  [Phase B→C] Post-recovery convergence completed (path=HYBRID_RECOVERY, elapsed=0.000s, step=3920)
WARNING:megatron.core.transformer.moe.recovery_controller:[2026-05-13 18:48:17] BSR-MoE controller: ⏱️  [Phase C] Starting post-repair...
WARNING:megatron.core.transformer.moe.recovery_controller:[2026-05-13 18:48:17] BSR-MoE controller: ⏱️  [Phase C] Starting post-repair...
INFO:megatron.core.transformer.moe.reintegration_barrier:BSR-MoE barrier: rank 54 -> REPAIRED_NOT_ROUTED (all preconditions met, step=3920)
WARNING:megatron.core.transformer.moe.recovery_controller:[2026-05-13 18:48:17] BSR-MoE controller: reintegration barrier initialized for rank 54 (all preconditions marked, step=3920)
INFO:megatron.core.transformer.moe.reintegration_barrier:BSR-MoE barrier: begin reintegration for rank 54 -> 54 (experts=[96, 97, 98, 99, 100, 101, 102, 103, 104, 105, 106, 107, 108, 109, 110, 111], step=3920)
INFO:megatron.core.transformer.moe.reintegration_barrier:BSR-MoE barrier: begin reintegration for rank 54 -> 54 (experts=[96, 97, 98, 99, 100, 101, 102, 103, 104, 105, 106, 107, 108, 109, 110, 111], step=3920)
INFO:megatron.core.transformer.moe.reintegration_barrier:BSR-MoE barrier: begin reintegration for rank 54 -> 54 (experts=[96, 97, 98, 99, 100, 101, 102, 103, 104, 105, 106, 107, 108, 109, 110, 111], step=3920)
WARNING:megatron.core.transformer.moe.recovery_controller:[2026-05-13 18:48:17] BSR-MoE controller: SAFE_POINT_REPAIR → REINTEGRATED (event=safe_point_repair_completed, step=3920)
WARNING:megatron.core.transformer.moe.recovery_controller:[2026-05-13 18:48:17] BSR-MoE controller: ⏱️  ✅ SAFE-POINT REPAIR COMPLETED (path=HYBRID_RECOVERY, step=3920, failed=54, replacement=54) | Total=0.193s | Breakdown: PhaseA=0.000s, PhaseB=0.192s, PhaseC=0.000s
INFO:megatron.core.transformer.moe.reintegration_barrier:BSR-MoE barrier: rank 54 -> REPAIRED_NOT_ROUTED (all preconditions met, step=3920)
INFO:megatron.core.transformer.moe.reintegration_barrier:BSR-MoE barrier: rank 54 -> REPAIRED_NOT_ROUTED (all preconditions met, step=3920)
WARNING:megatron.core.transformer.moe.recovery_controller:[2026-05-13 18:48:17] BSR-MoE controller: reintegration barrier initialized for rank 54 (all preconditions marked, step=3920)
INFO:megatron.core.transformer.moe.reintegration_barrier:BSR-MoE barrier: rank 54 -> REPAIRED_NOT_ROUTED (all preconditions met, step=3920)
WARNING:megatron.core.transformer.moe.recovery_controller:[2026-05-13 18:48:17] BSR-MoE controller: reintegration barrier initialized for rank 54 (all preconditions marked, step=3920)
WARNING:megatron.core.transformer.moe.recovery_controller:[2026-05-13 18:48:17] BSR-MoE controller: SAFE_POINT_REPAIR → REINTEGRATED (event=safe_point_repair_completed, step=3920)
WARNING:megatron.core.transformer.moe.recovery_controller:[2026-05-13 18:48:17] BSR-MoE controller: reintegration barrier initialized for rank 54 (all preconditions marked, step=3920)
WARNING:megatron.core.transformer.moe.recovery_controller:[2026-05-13 18:48:17] BSR-MoE controller: SAFE_POINT_REPAIR → REINTEGRATED (event=safe_point_repair_completed, step=3920)
WARNING:megatron.core.transformer.moe.recovery_controller:[2026-05-13 18:48:17] BSR-MoE controller: ⏱️  ✅ SAFE-POINT REPAIR COMPLETED (path=HYBRID_RECOVERY, step=3920, failed=54, replacement=54) | Total=0.193s | Breakdown: PhaseA=0.000s, PhaseB=0.192s, PhaseC=0.000s
WARNING:megatron.core.transformer.moe.recovery_controller:[2026-05-13 18:48:17] BSR-MoE controller: ⏱️  ✅ SAFE-POINT REPAIR COMPLETED (path=HYBRID_RECOVERY, step=3920, failed=54, replacement=54) | Total=0.193s | Breakdown: PhaseA=0.000s, PhaseB=0.193s, PhaseC=0.000s
WARNING:megatron.core.transformer.moe.recovery_controller:[2026-05-13 18:48:17] BSR-MoE controller: SAFE_POINT_REPAIR → REINTEGRATED (event=safe_point_repair_completed, step=3920)
WARNING:megatron.core.transformer.moe.recovery_controller:[2026-05-13 18:48:17] BSR-MoE controller: ⏱️  ✅ SAFE-POINT REPAIR COMPLETED (path=HYBRID_RECOVERY, step=3920, failed=54, replacement=54) | Total=0.193s | Breakdown: PhaseA=0.000s, PhaseB=0.192s, PhaseC=0.000s
WARNING:megatron.core.transformer.moe.optimizer_commit_guard:BSR-MoE OptimizerCommitGuard: BLOCKING optimizer.step() at step 3920 — explicitly blocked (reason=hard_failure_rank_54_step_3920)
WARNING:megatron.core.transformer.moe.optimizer_commit_guard:BSR-MoE OptimizerCommitGuard: BLOCKING optimizer.step() at step 3920 — explicitly blocked (reason=hard_failure_rank_54_step_3920)
INFO:megatron.core.transformer.moe.optimizer_commit_guard:BSR-MoE OptimizerCommitGuard: optimizer.step() SKIPPED at step 3920 (reason: iteration_invalidated)
INFO:megatron.core.transformer.moe.optimizer_commit_guard:BSR-MoE OptimizerCommitGuard: optimizer.step() SKIPPED at step 3920 (reason: iteration_invalidated)
WARNING:megatron.core.transformer.moe.optimizer_commit_guard:BSR-MoE OptimizerCommitGuard: BLOCKING optimizer.step() at step 3920 — explicitly blocked (reason=hard_failure_rank_54_step_3920)
INFO:megatron.core.transformer.moe.optimizer_commit_guard:BSR-MoE OptimizerCommitGuard: optimizer.step() SKIPPED at step 3920 (reason: iteration_invalidated)
WARNING:megatron.core.transformer.moe.optimizer_commit_guard:BSR-MoE OptimizerCommitGuard: BLOCKING optimizer.step() at step 3920 — explicitly blocked (reason=hard_failure_rank_54_step_3920)
INFO:megatron.core.transformer.moe.optimizer_commit_guard:BSR-MoE OptimizerCommitGuard: optimizer.step() SKIPPED at step 3920 (reason: iteration_invalidated)
WARNING:megatron.core.transformer.moe.optimizer_commit_guard:BSR-MoE OptimizerCommitGuard: BLOCKING optimizer.step() at step 3920 — explicitly blocked (reason=hard_failure_rank_54_step_3920)
WARNING:megatron.core.transformer.moe.optimizer_commit_guard:BSR-MoE OptimizerCommitGuard: BLOCKING optimizer.step() at step 3920 — explicitly blocked (reason=hard_failure_rank_54_step_3920)
INFO:megatron.core.transformer.moe.optimizer_commit_guard:BSR-MoE OptimizerCommitGuard: optimizer.step() SKIPPED at step 3920 (reason: iteration_invalidated)
INFO:megatron.core.transformer.moe.optimizer_commit_guard:BSR-MoE OptimizerCommitGuard: optimizer.step() SKIPPED at step 3920 (reason: iteration_invalidated)
WARNING:megatron.core.transformer.moe.optimizer_commit_guard:BSR-MoE OptimizerCommitGuard: BLOCKING optimizer.step() at step 3920 — explicitly blocked (reason=hard_failure_rank_54_step_3920)
INFO:megatron.core.transformer.moe.optimizer_commit_guard:BSR-MoE OptimizerCommitGuard: optimizer.step() SKIPPED at step 3920 (reason: iteration_invalidated)
WARNING:megatron.core.transformer.moe.optimizer_commit_guard:BSR-MoE OptimizerCommitGuard: BLOCKING optimizer.step() at step 3920 — explicitly blocked (reason=hard_failure_rank_54_step_3920)
INFO:megatron.core.transformer.moe.optimizer_commit_guard:BSR-MoE OptimizerCommitGuard: optimizer.step() SKIPPED at step 3920 (reason: iteration_invalidated)
 [2026-05-13 18:48:32] iteration     3921/   20000 | consumed samples:       250944 | elapsed time per iteration (ms): 15354.5 | learning rate: 9.209919E-05 | global batch size:    64 | load_balancing_loss: 1.034183E+00 | loss scale: 1.0 | number of skipped iterations:   1 | number of nan iterations:   0 |
WARNING:megatron.core.transformer.moe.reintegration_barrier:BSR-MoE barrier: rank 54 reintegrated at step 3921 (replacement=54, experts=[96, 97, 98, 99, 100, 101, 102, 103, 104, 105, 106, 107, 108, 109, 110, 111])
WARNING:megatron.core.transformer.moe.reintegration_barrier:BSR-MoE barrier: rank 54 reintegrated at step 3921 (replacement=54, experts=[96, 97, 98, 99, 100, 101, 102, 103, 104, 105, 106, 107, 108, 109, 110, 111])
WARNING:megatron.core.transformer.moe.reintegration_barrier:BSR-MoE barrier: rank 54 reintegrated at step 3921 (replacement=54, experts=[96, 97, 98, 99, 100, 101, 102, 103, 104, 105, 106, 107, 108, 109, 110, 111])
INFO:megatron.core.transformer.moe.recovery_controller:BSR-MoE controller: barrier reintegration executed for rank 54 at step 3921
WARNING:megatron.core.transformer.moe.reintegration_barrier:BSR-MoE barrier: rank 54 reintegrated at step 3921 (replacement=54, experts=[96, 97, 98, 99, 100, 101, 102, 103, 104, 105, 106, 107, 108, 109, 110, 111])
INFO:megatron.core.transformer.moe.recovery_controller:BSR-MoE controller: barrier reintegration executed for rank 54 at step 3921
INFO:megatron.core.transformer.moe.recovery_controller:BSR-MoE controller: barrier reintegration executed for rank 54 at step 3921
WARNING:megatron.core.transformer.moe.reintegration_barrier:BSR-MoE barrier: rank 54 reintegrated at step 3921 (replacement=54, experts=[96, 97, 98, 99, 100, 101, 102, 103, 104, 105, 106, 107, 108, 109, 110, 111])
INFO:megatron.core.transformer.moe.recovery_controller:BSR-MoE controller: barrier reintegration executed for rank 54 at step 3921
WARNING:megatron.core.transformer.moe.reintegration_barrier:BSR-MoE barrier: rank 54 reintegrated at step 3921 (replacement=54, experts=[96, 97, 98, 99, 100, 101, 102, 103, 104, 105, 106, 107, 108, 109, 110, 111])
INFO:megatron.core.transformer.moe.recovery_controller:BSR-MoE controller: barrier reintegration executed for rank 54 at step 3921
WARNING:megatron.core.transformer.moe.reintegration_barrier:BSR-MoE barrier: rank 54 reintegrated at step 3921 (replacement=54, experts=[96, 97, 98, 99, 100, 101, 102, 103, 104, 105, 106, 107, 108, 109, 110, 111])
INFO:megatron.core.transformer.moe.recovery_controller:BSR-MoE controller: barrier reintegration executed for rank 54 at step 3921
WARNING:megatron.core.transformer.moe.recovery_controller:[2026-05-13 18:48:32] BSR-MoE controller: REINTEGRATED → HEALTHY_TRAINING (event=reintegration_finalized, step=3921)
WARNING:megatron.core.transformer.moe.recovery_controller:[2026-05-13 18:48:32] BSR-MoE controller: REINTEGRATED → HEALTHY_TRAINING (event=reintegration_finalized, step=3921)
WARNING:megatron.core.transformer.moe.reintegration_barrier:BSR-MoE barrier: rank 54 reintegrated at step 3921 (replacement=54, experts=[96, 97, 98, 99, 100, 101, 102, 103, 104, 105, 106, 107, 108, 109, 110, 111])
INFO:megatron.core.transformer.moe.recovery_controller:BSR-MoE controller: barrier reintegration executed for rank 54 at step 3921
WARNING:megatron.core.transformer.moe.recovery_controller:[2026-05-13 18:48:32] BSR-MoE controller: reintegration finalized at step 3921 (1 recoveries completed)
WARNING:megatron.core.transformer.moe.recovery_controller:[2026-05-13 18:48:32] BSR-MoE controller: REINTEGRATED → HEALTHY_TRAINING (event=reintegration_finalized, step=3921)
WARNING:megatron.core.transformer.moe.recovery_controller:[2026-05-13 18:48:32] BSR-MoE controller: REINTEGRATED → HEALTHY_TRAINING (event=reintegration_finalized, step=3921)
WARNING:megatron.core.transformer.moe.recovery_controller:[2026-05-13 18:48:32] BSR-MoE controller: reintegration finalized at step 3921 (1 recoveries completed)
WARNING:megatron.core.transformer.moe.recovery_controller:[2026-05-13 18:48:32] BSR-MoE controller: reintegration finalized at step 3921 (1 recoveries completed)
INFO:megatron.core.transformer.moe.recovery_controller:BSR-MoE controller: barrier reintegration executed for rank 54 at step 3921
WARNING:megatron.core.transformer.moe.recovery_controller:[2026-05-13 18:48:32] BSR-MoE controller: reintegration finalized at step 3921 (1 recoveries completed)
WARNING:megatron.core.transformer.moe.recovery_controller:[2026-05-13 18:48:32] BSR-MoE controller: REINTEGRATED → HEALTHY_TRAINING (event=reintegration_finalized, step=3921)
WARNING:megatron.core.transformer.moe.recovery_controller:[2026-05-13 18:48:32] BSR-MoE controller: REINTEGRATED → HEALTHY_TRAINING (event=reintegration_finalized, step=3921)
WARNING:megatron.core.transformer.moe.recovery_controller:[2026-05-13 18:48:32] BSR-MoE controller: reintegration finalized at step 3921 (1 recoveries completed)
WARNING:megatron.core.transformer.moe.recovery_controller:[2026-05-13 18:48:32] BSR-MoE controller: reintegration finalized at step 3921 (1 recoveries completed)
WARNING:megatron.core.transformer.moe.recovery_controller:[2026-05-13 18:48:32] BSR-MoE controller: REINTEGRATED → HEALTHY_TRAINING (event=reintegration_finalized, step=3921)
WARNING:megatron.core.transformer.moe.recovery_controller:[2026-05-13 18:48:32] BSR-MoE controller: REINTEGRATED → HEALTHY_TRAINING (event=reintegration_finalized, step=3921)
WARNING:megatron.core.transformer.moe.recovery_controller:[2026-05-13 18:48:32] BSR-MoE controller: reintegration finalized at step 3921 (1 recoveries completed)
WARNING:megatron.core.transformer.moe.recovery_controller:[2026-05-13 18:48:32] BSR-MoE controller: reintegration finalized at step 3921 (1 recoveries completed)
 [2026-05-13 18:48:43] iteration     3922/   20000 | consumed samples:       251008 | elapsed time per iteration (ms): 10640.1 | learning rate: 9.209519E-05 | global batch size:    64 | load_balancing_loss: 1.034521E+00 | lm loss: 3.219882E+00 | loss scale: 1.0 | grad norm: 0.197 | number of skipped iterations:   0 | number of nan iterations:   0 |
 [2026-05-13 18:48:53] iteration     3923/   20000 | consumed samples:       251072 | elapsed time per iteration (ms): 10628.3 | learning rate: 9.209118E-05 | global batch size:    64 | load_balancing_loss: 1.033218E+00 | lm loss: 3.167211E+00 | loss scale: 1.0 | grad norm: 0.195 | number of skipped iterations:   0 | number of nan iterations:   0 |
 [2026-05-13 18:49:05] iteration     3924/   20000 | consumed samples:       251136 | elapsed time per iteration (ms): 11111.5 | learning rate: 9.208718E-05 | global batch size:    64 | load_balancing_loss: 1.037566E+00 | lm loss: 3.220420E+00 | loss scale: 1.0 | grad norm: 0.197 | number of skipped iterations:   0 | number of nan iterations:   0 |
 [2026-05-13 18:49:15] iteration     3925/   20000 | consumed samples:       251200 | elapsed time per iteration (ms): 10805.8 | learning rate: 9.208317E-05 | global batch size:    64 | load_balancing_loss: 1.035310E+00 | lm loss: 3.212277E+00 | loss scale: 1.0 | grad norm: 0.199 | number of skipped iterations:   0 | number of nan iterations:   0 |
 [2026-05-13 18:49:26] iteration     3926/   20000 | consumed samples:       251264 | elapsed time per iteration (ms): 10626.3 | learning rate: 9.207917E-05 | global batch size:    64 | load_balancing_loss: 1.037752E+00 | lm loss: 3.134270E+00 | loss scale: 1.0 | grad norm: 0.193 | number of skipped iterations:   0 | number of nan iterations:   0 |
 [2026-05-13 18:49:37] iteration     3927/   20000 | consumed samples:       251328 | elapsed time per iteration (ms): 10628.2 | learning rate: 9.207516E-05 | global batch size:    64 | load_balancing_loss: 1.036573E+00 | lm loss: 3.143693E+00 | loss scale: 1.0 | grad norm: 0.200 | number of skipped iterations:   0 | number of nan iterations:   0 |
 [2026-05-13 18:49:47] iteration     3928/   20000 | consumed samples:       251392 | elapsed time per iteration (ms): 10674.4 | learning rate: 9.207115E-05 | global batch size:    64 | load_balancing_loss: 1.037518E+00 | lm loss: 3.061743E+00 | loss scale: 1.0 | grad norm: 0.194 | number of skipped iterations:   0 | number of nan iterations:   0 |
 [2026-05-13 18:49:58] iteration     3929/   20000 | consumed samples:       251456 | elapsed time per iteration (ms): 10757.5 | learning rate: 9.206714E-05 | global batch size:    64 | load_balancing_loss: 1.035945E+00 | lm loss: 3.121016E+00 | loss scale: 1.0 | grad norm: 0.195 | number of skipped iterations:   0 | number of nan iterations:   0 |
 [2026-05-13 18:50:09] iteration     3930/   20000 | consumed samples:       251520 | elapsed time per iteration (ms): 10594.5 | learning rate: 9.206314E-05 | global batch size:    64 | load_balancing_loss: 1.035600E+00 | lm loss: 3.207020E+00 | loss scale: 1.0 | grad norm: 0.193 | number of skipped iterations:   0 | number of nan iterations:   0 |
 [2026-05-13 18:50:19] iteration     3931/   20000 | consumed samples:       251584 | elapsed time per iteration (ms): 10602.0 | learning rate: 9.205913E-05 | global batch size:    64 | load_balancing_loss: 1.034747E+00 | lm loss: 3.189838E+00 | loss scale: 1.0 | grad norm: 0.200 | number of skipped iterations:   0 | number of nan iterations:   0 |
 [2026-05-13 18:50:30] iteration     3932/   20000 | consumed samples:       251648 | elapsed time per iteration (ms): 10778.4 | learning rate: 9.205512E-05 | global batch size:    64 | load_balancing_loss: 1.038016E+00 | lm loss: 3.094897E+00 | loss scale: 1.0 | grad norm: 0.195 | number of skipped iterations:   0 | number of nan iterations:   0 |
 [2026-05-13 18:50:41] iteration     3933/   20000 | consumed samples:       251712 | elapsed time per iteration (ms): 10630.3 | learning rate: 9.205110E-05 | global batch size:    64 | load_balancing_loss: 1.036237E+00 | lm loss: 3.060783E+00 | loss scale: 1.0 | grad norm: 0.191 | number of skipped iterations:   0 | number of nan iterations:   0 |
 [2026-05-13 18:50:51] iteration     3934/   20000 | consumed samples:       251776 | elapsed time per iteration (ms): 10733.1 | learning rate: 9.204709E-05 | global batch size:    64 | load_balancing_loss: 1.038854E+00 | lm loss: 3.119112E+00 | loss scale: 1.0 | grad norm: 0.194 | number of skipped iterations:   0 | number of nan iterations:   0 |
 [2026-05-13 18:51:02] iteration     3935/   20000 | consumed samples:       251840 | elapsed time per iteration (ms): 10629.7 | learning rate: 9.204308E-05 | global batch size:    64 | load_balancing_loss: 1.035900E+00 | lm loss: 3.099177E+00 | loss scale: 1.0 | grad norm: 0.203 | number of skipped iterations:   0 | number of nan iterations:   0 |
 [2026-05-13 18:51:13] iteration     3936/   20000 | consumed samples:       251904 | elapsed time per iteration (ms): 10899.8 | learning rate: 9.203906E-05 | global batch size:    64 | load_balancing_loss: 1.037696E+00 | lm loss: 3.079596E+00 | loss scale: 1.0 | grad norm: 0.191 | number of skipped iterations:   0 | number of nan iterations:   0 |
 [2026-05-13 18:51:24] iteration     3937/   20000 | consumed samples:       251968 | elapsed time per iteration (ms): 10600.0 | learning rate: 9.203504E-05 | global batch size:    64 | load_balancing_loss: 1.033540E+00 | lm loss: 3.150028E+00 | loss scale: 1.0 | grad norm: 0.198 | number of skipped iterations:   0 | number of nan iterations:   0 |
 [2026-05-13 18:51:34] iteration     3938/   20000 | consumed samples:       252032 | elapsed time per iteration (ms): 10602.5 | learning rate: 9.203103E-05 | global batch size:    64 | load_balancing_loss: 1.037004E+00 | lm loss: 3.123857E+00 | loss scale: 1.0 | grad norm: 0.192 | number of skipped iterations:   0 | number of nan iterations:   0 |
 [2026-05-13 18:51:45] iteration     3939/   20000 | consumed samples:       252096 | elapsed time per iteration (ms): 10614.9 | learning rate: 9.202701E-05 | global batch size:    64 | load_balancing_loss: 1.034134E+00 | lm loss: 3.146410E+00 | loss scale: 1.0 | grad norm: 0.194 | number of skipped iterations:   0 | number of nan iterations:   0 |
 [2026-05-13 18:51:55] iteration     3940/   20000 | consumed samples:       252160 | elapsed time per iteration (ms): 10629.6 | learning rate: 9.202299E-05 | global batch size:    64 | load_balancing_loss: 1.036540E+00 | lm loss: 3.074259E+00 | loss scale: 1.0 | grad norm: 0.194 | number of skipped iterations:   0 | number of nan iterations:   0 |
 [2026-05-13 18:52:06] iteration     3941/   20000 | consumed samples:       252224 | elapsed time per iteration (ms): 10650.9 | learning rate: 9.201897E-05 | global batch size:    64 | load_balancing_loss: 1.037900E+00 | lm loss: 3.122523E+00 | loss scale: 1.0 | grad norm: 0.192 | number of skipped iterations:   0 | number of nan iterations:   0 |
 [2026-05-13 18:52:17] iteration     3942/   20000 | consumed samples:       252288 | elapsed time per iteration (ms): 10585.5 | learning rate: 9.201495E-05 | global batch size:    64 | load_balancing_loss: 1.034176E+00 | lm loss: 3.128125E+00 | loss scale: 1.0 | grad norm: 0.195 | number of skipped iterations:   0 | number of nan iterations:   0 |
 [2026-05-13 18:52:27] iteration     3943/   20000 | consumed samples:       252352 | elapsed time per iteration (ms): 10713.5 | learning rate: 9.201093E-05 | global batch size:    64 | load_balancing_loss: 1.033064E+00 | lm loss: 3.167854E+00 | loss scale: 1.0 | grad norm: 0.195 | number of skipped iterations:   0 | number of nan iterations:   0 |
 [2026-05-13 18:52:38] iteration     3944/   20000 | consumed samples:       252416 | elapsed time per iteration (ms): 10739.9 | learning rate: 9.200691E-05 | global batch size:    64 | load_balancing_loss: 1.035339E+00 | lm loss: 3.125654E+00 | loss scale: 1.0 | grad norm: 0.194 | number of skipped iterations:   0 | number of nan iterations:   0 |
 [2026-05-13 18:52:49] iteration     3945/   20000 | consumed samples:       252480 | elapsed time per iteration (ms): 10578.2 | learning rate: 9.200289E-05 | global batch size:    64 | load_balancing_loss: 1.031814E+00 | lm loss: 3.156644E+00 | loss scale: 1.0 | grad norm: 0.192 | number of skipped iterations:   0 | number of nan iterations:   0 |
 [2026-05-13 18:52:59] iteration     3946/   20000 | consumed samples:       252544 | elapsed time per iteration (ms): 10664.6 | learning rate: 9.199886E-05 | global batch size:    64 | load_balancing_loss: 1.039106E+00 | lm loss: 3.084831E+00 | loss scale: 1.0 | grad norm: 0.196 | number of skipped iterations:   0 | number of nan iterations:   0 |
 [2026-05-13 18:53:10] iteration     3947/   20000 | consumed samples:       252608 | elapsed time per iteration (ms): 10631.9 | learning rate: 9.199484E-05 | global batch size:    64 | load_balancing_loss: 1.039785E+00 | lm loss: 3.100795E+00 | loss scale: 1.0 | grad norm: 0.194 | number of skipped iterations:   0 | number of nan iterations:   0 |
 [2026-05-13 18:53:21] iteration     3948/   20000 | consumed samples:       252672 | elapsed time per iteration (ms): 10937.3 | learning rate: 9.199081E-05 | global batch size:    64 | load_balancing_loss: 1.036683E+00 | lm loss: 3.126477E+00 | loss scale: 1.0 | grad norm: 0.207 | number of skipped iterations:   0 | number of nan iterations:   0 |
 [2026-05-13 18:53:32] iteration     3949/   20000 | consumed samples:       252736 | elapsed time per iteration (ms): 10670.4 | learning rate: 9.198679E-05 | global batch size:    64 | load_balancing_loss: 1.034546E+00 | lm loss: 3.098897E+00 | loss scale: 1.0 | grad norm: 0.199 | number of skipped iterations:   0 | number of nan iterations:   0 |
 [2026-05-13 18:53:42] iteration     3950/   20000 | consumed samples:       252800 | elapsed time per iteration (ms): 10597.5 | learning rate: 9.198276E-05 | global batch size:    64 | load_balancing_loss: 1.038877E+00 | lm loss: 3.161454E+00 | loss scale: 1.0 | grad norm: 0.199 | number of skipped iterations:   0 | number of nan iterations:   0 |
 [2026-05-13 18:53:53] iteration     3951/   20000 | consumed samples:       252864 | elapsed time per iteration (ms): 10605.1 | learning rate: 9.197873E-05 | global batch size:    64 | load_balancing_loss: 1.035767E+00 | lm loss: 3.131385E+00 | loss scale: 1.0 | grad norm: 0.195 | number of skipped iterations:   0 | number of nan iterations:   0 |
 [2026-05-13 18:54:04] iteration     3952/   20000 | consumed samples:       252928 | elapsed time per iteration (ms): 11148.9 | learning rate: 9.197470E-05 | global batch size:    64 | load_balancing_loss: 1.038352E+00 | lm loss: 3.182427E+00 | loss scale: 1.0 | grad norm: 0.195 | number of skipped iterations:   0 | number of nan iterations:   0 |
 [2026-05-13 18:54:15] iteration     3953/   20000 | consumed samples:       252992 | elapsed time per iteration (ms): 10833.5 | learning rate: 9.197067E-05 | global batch size:    64 | load_balancing_loss: 1.029569E+00 | lm loss: 3.189635E+00 | loss scale: 1.0 | grad norm: 0.195 | number of skipped iterations:   0 | number of nan iterations:   0 |
 [2026-05-13 18:54:26] iteration     3954/   20000 | consumed samples:       253056 | elapsed time per iteration (ms): 10717.2 | learning rate: 9.196664E-05 | global batch size:    64 | load_balancing_loss: 1.041975E+00 | lm loss: 3.107046E+00 | loss scale: 1.0 | grad norm: 0.200 | number of skipped iterations:   0 | number of nan iterations:   0 |
 [2026-05-13 18:54:36] iteration     3955/   20000 | consumed samples:       253120 | elapsed time per iteration (ms): 10620.7 | learning rate: 9.196260E-05 | global batch size:    64 | load_balancing_loss: 1.033805E+00 | lm loss: 3.144163E+00 | loss scale: 1.0 | grad norm: 0.192 | number of skipped iterations:   0 | number of nan iterations:   0 |
 [2026-05-13 18:54:48] iteration     3956/   20000 | consumed samples:       253184 | elapsed time per iteration (ms): 11805.3 | learning rate: 9.195857E-05 | global batch size:    64 | load_balancing_loss: 1.033780E+00 | lm loss: 3.191781E+00 | loss scale: 1.0 | grad norm: 0.198 | number of skipped iterations:   0 | number of nan iterations:   0 |
 [2026-05-13 18:54:59] iteration     3957/   20000 | consumed samples:       253248 | elapsed time per iteration (ms): 10625.1 | learning rate: 9.195454E-05 | global batch size:    64 | load_balancing_loss: 1.035958E+00 | lm loss: 3.213399E+00 | loss scale: 1.0 | grad norm: 0.199 | number of skipped iterations:   0 | number of nan iterations:   0 |
 [2026-05-13 18:55:09] iteration     3958/   20000 | consumed samples:       253312 | elapsed time per iteration (ms): 10586.0 | learning rate: 9.195050E-05 | global batch size:    64 | load_balancing_loss: 1.041939E+00 | lm loss: 3.126486E+00 | loss scale: 1.0 | grad norm: 0.199 | number of skipped iterations:   0 | number of nan iterations:   0 |
 [2026-05-13 18:55:20] iteration     3959/   20000 | consumed samples:       253376 | elapsed time per iteration (ms): 10597.7 | learning rate: 9.194647E-05 | global batch size:    64 | load_balancing_loss: 1.037848E+00 | lm loss: 3.196502E+00 | loss scale: 1.0 | grad norm: 0.195 | number of skipped iterations:   0 | number of nan iterations:   0 |
 [2026-05-13 18:55:30] iteration     3960/   20000 | consumed samples:       253440 | elapsed time per iteration (ms): 10753.2 | learning rate: 9.194243E-05 | global batch size:    64 | load_balancing_loss: 1.038477E+00 | lm loss: 3.119653E+00 | loss scale: 1.0 | grad norm: 0.195 | number of skipped iterations:   0 | number of nan iterations:   0 |
INFO:megatron.core.transformer.moe.bsr_integration:BSR-MoE: checkpoint metadata injected (iteration=3960, phase=HEALTHY_TRAINING)
INFO:megatron.core.transformer.moe.bsr_integration:BSR-MoE: checkpoint metadata injected (iteration=3960, phase=HEALTHY_TRAINING)
INFO:megatron.core.transformer.moe.bsr_integration:BSR-MoE: checkpoint metadata injected (iteration=3960, phase=HEALTHY_TRAINING)
INFO:megatron.core.transformer.moe.bsr_integration:BSR-MoE: checkpoint metadata injected (iteration=3960, phase=HEALTHY_TRAINING)
INFO:megatron.core.transformer.moe.bsr_integration:BSR-MoE: checkpoint metadata injected (iteration=3960, phase=HEALTHY_TRAINING)
INFO:megatron.core.transformer.moe.bsr_integration:BSR-MoE: checkpoint metadata injected (iteration=3960, phase=HEALTHY_TRAINING)
INFO:megatron.core.transformer.moe.bsr_integration:BSR-MoE: checkpoint metadata injected (iteration=3960, phase=HEALTHY_TRAINING)
INFO:megatron.core.transformer.moe.bsr_integration:BSR-MoE: checkpoint metadata injected (iteration=3960, phase=HEALTHY_TRAINING)
(min, max) time across ranks (ms):
    save-checkpoint ................................: (36285.17, 36285.80)
WARNING:megatron.core.transformer.moe.bsr_integration:[2026-05-13 18:56:07] BSR-MoE FAULT INJECTION #10: type=restart_in_place, rank=4, step=3960, experts=[64, 65, 66, 67, 68, 69, 70, 71, 72, 73, 74, 75, 76, 77, 78, 79], ep_group=[0, 1, 2, 3, 4, 5, 6, 7]
WARNING:megatron.core.transformer.moe.recovery_controller:[2026-05-13 18:56:07] BSR-MoE controller: rank 4 HARD FAILURE (step=3960, reason=scheduled_restart_in_place_injection, experts=[64, 65, 66, 67, 68, 69, 70, 71, 72, 73, 74, 75, 76, 77, 78, 79], mid_iteration=False)
INFO:megatron.core.transformer.moe.recovery_controller:ExpertRecoveryTracker: experts [64, 65, 66, 67, 68, 69, 70, 71, 72, 73, 74, 75, 76, 77, 78, 79] → RECOVERING (step=3960)
WARNING:megatron.core.transformer.moe.bsr_integration:[2026-05-13 18:56:07] BSR-MoE FAULT INJECTION #10: type=restart_in_place, rank=4, step=3960, experts=[64, 65, 66, 67, 68, 69, 70, 71, 72, 73, 74, 75, 76, 77, 78, 79], ep_group=[0, 1, 2, 3, 4, 5, 6, 7]
WARNING:megatron.core.transformer.moe.optimizer_commit_guard:OptimizerCommitGuard: commit BLOCKED (reason=hard_failure_rank_4_step_3960)
WARNING:megatron.core.transformer.moe.bsr_integration:BSR-MoE: optimizer commit blocked for step 3960 (hard failure of rank 4)
WARNING:megatron.core.transformer.moe.bsr_integration:[2026-05-13 18:56:07] BSR-MoE FAULT INJECTION #10: type=restart_in_place, rank=4, step=3960, experts=[64, 65, 66, 67, 68, 69, 70, 71, 72, 73, 74, 75, 76, 77, 78, 79], ep_group=[0, 1, 2, 3, 4, 5, 6, 7]
WARNING:megatron.core.transformer.moe.bsr_integration:BSR-MoE: entering waiting-for-replacement state (failed_rank=4, step=3960, experts=[64, 65, 66, 67, 68, 69, 70, 71, 72, 73, 74, 75, 76, 77, 78, 79])
WARNING:megatron.core.transformer.moe.recovery_controller:[2026-05-13 18:56:07] BSR-MoE controller: HEALTHY_TRAINING → PENDING_GROUP_REPAIR (event=hard_rank_failure, step=3960)
WARNING:megatron.core.transformer.moe.recovery_controller:[2026-05-13 18:56:07] BSR-MoE controller: rank 4 HARD FAILURE (step=3960, reason=scheduled_restart_in_place_injection, experts=[64, 65, 66, 67, 68, 69, 70, 71, 72, 73, 74, 75, 76, 77, 78, 79], mid_iteration=False)
WARNING:megatron.core.transformer.moe.recovery_controller:[2026-05-13 18:56:07] BSR-MoE controller: replacement assigned — failed_rank=4, replacement_rank=4 (step=3960)
WARNING:megatron.core.transformer.moe.recovery_controller:[2026-05-13 18:56:07] BSR-MoE controller: rank 4 HARD FAILURE (step=3960, reason=scheduled_restart_in_place_injection, experts=[64, 65, 66, 67, 68, 69, 70, 71, 72, 73, 74, 75, 76, 77, 78, 79], mid_iteration=False)
INFO:megatron.core.transformer.moe.recovery_controller:ExpertRecoveryTracker: experts [64, 65, 66, 67, 68, 69, 70, 71, 72, 73, 74, 75, 76, 77, 78, 79] → RECOVERING (step=3960)
INFO:megatron.core.transformer.moe.replacement_registry:BSR-MoE replacement: failed_rank=4, replacement_rank=4, NOT_PRESENT → BOOTSTRAPPING (step=3960)
INFO:megatron.core.transformer.moe.recovery_controller:ExpertRecoveryTracker: experts [64, 65, 66, 67, 68, 69, 70, 71, 72, 73, 74, 75, 76, 77, 78, 79] → RECOVERING (step=3960)
WARNING:megatron.core.transformer.moe.replacement_registry:BSR-MoE: replacement announced — failed_rank=4 → replacement_rank=4 (step=3960, reason='')
WARNING:megatron.core.transformer.moe.recovery_controller:[2026-05-13 18:56:07] BSR-MoE controller: PENDING_GROUP_REPAIR → WAITING_FOR_REPLACEMENT (event=replacement_assigned, step=3960)
WARNING:megatron.core.transformer.moe.optimizer_commit_guard:OptimizerCommitGuard: commit BLOCKED (reason=hard_failure_rank_4_step_3960)
WARNING:megatron.core.transformer.moe.recovery_controller:[2026-05-13 18:56:07] BSR-MoE controller: replacement ready — failed_rank=4 (step=3960)
WARNING:megatron.core.transformer.moe.bsr_integration:BSR-MoE: optimizer commit blocked for step 3960 (hard failure of rank 4)
WARNING:megatron.core.transformer.moe.optimizer_commit_guard:OptimizerCommitGuard: commit BLOCKED (reason=hard_failure_rank_4_step_3960)
WARNING:megatron.core.transformer.moe.recovery_controller:[2026-05-13 18:56:07] BSR-MoE controller: WAITING_FOR_REPLACEMENT → SAFE_POINT_REPAIR (event=replacement_ready, step=3960)
WARNING:megatron.core.transformer.moe.bsr_integration:BSR-MoE: entering waiting-for-replacement state (failed_rank=4, step=3960, experts=[64, 65, 66, 67, 68, 69, 70, 71, 72, 73, 74, 75, 76, 77, 78, 79])
WARNING:megatron.core.transformer.moe.bsr_integration:BSR-MoE: optimizer commit blocked for step 3960 (hard failure of rank 4)
WARNING:megatron.core.transformer.moe.recovery_controller:BSR-MoE controller: restart-in-place fast path for rank 4 (replacement=self, step=3960)
WARNING:megatron.core.transformer.moe.bsr_integration:BSR-MoE: entering waiting-for-replacement state (failed_rank=4, step=3960, experts=[64, 65, 66, 67, 68, 69, 70, 71, 72, 73, 74, 75, 76, 77, 78, 79])
WARNING:megatron.core.transformer.moe.bsr_integration:[2026-05-13 18:56:07] BSR-MoE FAULT INJECTION: next periodic fault scheduled at step 4000 (interval=40, total_injections=10)
WARNING:megatron.core.transformer.moe.recovery_controller:[2026-05-13 18:56:07] BSR-MoE controller: ⏱️  START safe-point repair at step 3960 (failed=4, replacement=4)
WARNING:megatron.core.transformer.moe.recovery_controller:[2026-05-13 18:56:07] BSR-MoE controller: HEALTHY_TRAINING → PENDING_GROUP_REPAIR (event=hard_rank_failure, step=3960)
WARNING:megatron.core.transformer.moe.recovery_controller:[2026-05-13 18:56:07] BSR-MoE controller: ⏱️  [Phase A] Starting infrastructure repair...
WARNING:megatron.core.transformer.moe.recovery_controller:[2026-05-13 18:56:07] BSR-MoE controller: HEALTHY_TRAINING → PENDING_GROUP_REPAIR (event=hard_rank_failure, step=3960)
INFO:megatron.core.transformer.moe.replacement_registry:BSR-MoE replacement: failed_rank=4, replacement_rank=4, BOOTSTRAPPING → READY_FOR_REPAIR (step=3960)
WARNING:megatron.core.transformer.moe.recovery_controller:[2026-05-13 18:56:07] BSR-MoE controller: replacement assigned — failed_rank=4, replacement_rank=4 (step=3960)
INFO:megatron.core.transformer.moe.replacement_registry:BSR-MoE replacement: failed_rank=4, replacement_rank=4, READY_FOR_REPAIR → INTEGRATED (step=3960)
WARNING:megatron.core.transformer.moe.replacement_registry:BSR-MoE: replacement INTEGRATED — failed_rank=4, replacement_rank=4 (step=3960)
WARNING:megatron.core.transformer.moe.recovery_controller:[2026-05-13 18:56:07] BSR-MoE controller: replacement assigned — failed_rank=4, replacement_rank=4 (step=3960)
WARNING:megatron.core.transformer.moe.recovery_controller:[2026-05-13 18:56:07] BSR-MoE controller: step1 replacement_integrate elapsed=0.000s (step=3960)
WARNING:megatron.core.transformer.moe.recovery_controller:[2026-05-13 18:56:07] BSR-MoE controller: step2 group_rebuild_request elapsed=0.000s (step=3960)
WARNING:megatron.core.transformer.moe.recovery_controller:[2026-05-13 18:56:07] BSR-MoE controller: step3 group_rebuild_execute elapsed=0.000s (step=3960)
INFO:megatron.core.transformer.moe.replacement_registry:BSR-MoE replacement: failed_rank=4, replacement_rank=4, NOT_PRESENT → BOOTSTRAPPING (step=3960)
WARNING:megatron.core.transformer.moe.recovery_controller:[2026-05-13 18:56:07] BSR-MoE controller: step4 group_rebuild_finish elapsed=0.000s (step=3960)
WARNING:megatron.core.transformer.moe.replacement_registry:BSR-MoE: replacement announced — failed_rank=4 → replacement_rank=4 (step=3960, reason='')
WARNING:megatron.core.transformer.moe.recovery_controller:[2026-05-13 18:56:07] BSR-MoE controller: step5 topology_refresh elapsed=0.000s (step=3960)
INFO:megatron.core.transformer.moe.replacement_registry:BSR-MoE replacement: failed_rank=4, replacement_rank=4, NOT_PRESENT → BOOTSTRAPPING (step=3960)
WARNING:megatron.core.transformer.moe.recovery_controller:[2026-05-13 18:56:07] BSR-MoE controller: ⏱️  [Phase A] Infrastructure repair COMPLETED (elapsed=0.000s)
WARNING:megatron.core.transformer.moe.replacement_registry:BSR-MoE: replacement announced — failed_rank=4 → replacement_rank=4 (step=3960, reason='')
WARNING:megatron.core.transformer.moe.recovery_controller:[2026-05-13 18:56:07] BSR-MoE controller: PENDING_GROUP_REPAIR → WAITING_FOR_REPLACEMENT (event=replacement_assigned, step=3960)
WARNING:megatron.core.transformer.moe.recovery_controller:[2026-05-13 18:56:07] BSR-MoE controller: ⏱️  [Phase B] Starting parameter recovery...
WARNING:megatron.core.transformer.moe.recovery_controller:[2026-05-13 18:56:07] BSR-MoE controller: replacement ready — failed_rank=4 (step=3960)
WARNING:megatron.core.transformer.moe.recovery_controller:[2026-05-13 18:56:07] BSR-MoE controller: PENDING_GROUP_REPAIR → WAITING_FOR_REPLACEMENT (event=replacement_assigned, step=3960)
WARNING:megatron.core.transformer.moe.recovery_controller:[2026-05-13 18:56:07] BSR-MoE controller: WAITING_FOR_REPLACEMENT → SAFE_POINT_REPAIR (event=replacement_ready, step=3960)
WARNING:megatron.core.transformer.moe.recovery_controller:[2026-05-13 18:56:07] BSR-MoE controller: replacement ready — failed_rank=4 (step=3960)
WARNING:megatron.core.transformer.moe.recovery_controller:BSR-MoE controller: restart-in-place fast path for rank 4 (replacement=self, step=3960)
WARNING:megatron.core.transformer.moe.recovery_controller:[2026-05-13 18:56:07] BSR-MoE controller: WAITING_FOR_REPLACEMENT → SAFE_POINT_REPAIR (event=replacement_ready, step=3960)
WARNING:megatron.core.transformer.moe.bsr_integration:[2026-05-13 18:56:07] BSR-MoE FAULT INJECTION: next periodic fault scheduled at step 4000 (interval=40, total_injections=10)
WARNING:megatron.core.transformer.moe.recovery_controller:BSR-MoE controller: restart-in-place fast path for rank 4 (replacement=self, step=3960)
WARNING:megatron.core.transformer.moe.bsr_integration:[2026-05-13 18:56:07] BSR-MoE FAULT INJECTION: next periodic fault scheduled at step 4000 (interval=40, total_injections=10)
WARNING:megatron.core.transformer.moe.recovery_controller:[2026-05-13 18:56:07] BSR-MoE controller: ⏱️  START safe-point repair at step 3960 (failed=4, replacement=4)
WARNING:megatron.core.transformer.moe.recovery_controller:[2026-05-13 18:56:07] BSR-MoE controller: ⏱️  [Phase A] Starting infrastructure repair...
WARNING:megatron.core.transformer.moe.recovery_controller:[2026-05-13 18:56:07] BSR-MoE controller: ⏱️  START safe-point repair at step 3960 (failed=4, replacement=4)
WARNING:megatron.core.transformer.moe.recovery_controller:[2026-05-13 18:56:07] BSR-MoE controller: ⏱️  [Phase A] Starting infrastructure repair...
INFO:megatron.core.transformer.moe.replacement_registry:BSR-MoE replacement: failed_rank=4, replacement_rank=4, BOOTSTRAPPING → READY_FOR_REPAIR (step=3960)
INFO:megatron.core.transformer.moe.replacement_registry:BSR-MoE replacement: failed_rank=4, replacement_rank=4, BOOTSTRAPPING → READY_FOR_REPAIR (step=3960)
INFO:megatron.core.transformer.moe.replacement_registry:BSR-MoE replacement: failed_rank=4, replacement_rank=4, READY_FOR_REPAIR → INTEGRATED (step=3960)
INFO:megatron.core.transformer.moe.replacement_registry:BSR-MoE replacement: failed_rank=4, replacement_rank=4, READY_FOR_REPAIR → INTEGRATED (step=3960)
WARNING:megatron.core.transformer.moe.replacement_registry:BSR-MoE: replacement INTEGRATED — failed_rank=4, replacement_rank=4 (step=3960)
WARNING:megatron.core.transformer.moe.replacement_registry:BSR-MoE: replacement INTEGRATED — failed_rank=4, replacement_rank=4 (step=3960)
WARNING:megatron.core.transformer.moe.recovery_controller:[2026-05-13 18:56:07] BSR-MoE controller: step1 replacement_integrate elapsed=0.000s (step=3960)
WARNING:megatron.core.transformer.moe.recovery_controller:[2026-05-13 18:56:07] BSR-MoE controller: step1 replacement_integrate elapsed=0.000s (step=3960)
WARNING:megatron.core.transformer.moe.recovery_controller:[2026-05-13 18:56:07] BSR-MoE controller: step2 group_rebuild_request elapsed=0.000s (step=3960)
WARNING:megatron.core.transformer.moe.recovery_controller:[2026-05-13 18:56:07] BSR-MoE controller: step2 group_rebuild_request elapsed=0.000s (step=3960)
WARNING:megatron.core.transformer.moe.recovery_controller:[2026-05-13 18:56:07] BSR-MoE controller: step3 group_rebuild_execute elapsed=0.000s (step=3960)
WARNING:megatron.core.transformer.moe.recovery_controller:[2026-05-13 18:56:07] BSR-MoE controller: step3 group_rebuild_execute elapsed=0.000s (step=3960)
WARNING:megatron.core.transformer.moe.recovery_controller:[2026-05-13 18:56:07] BSR-MoE controller: step4 group_rebuild_finish elapsed=0.000s (step=3960)
WARNING:megatron.core.transformer.moe.recovery_controller:[2026-05-13 18:56:07] BSR-MoE controller: step4 group_rebuild_finish elapsed=0.000s (step=3960)
WARNING:megatron.core.transformer.moe.bsr_integration:[2026-05-13 18:56:07] BSR-MoE FAULT INJECTION #10: type=restart_in_place, rank=4, step=3960, experts=[64, 65, 66, 67, 68, 69, 70, 71, 72, 73, 74, 75, 76, 77, 78, 79], ep_group=[0, 1, 2, 3, 4, 5, 6, 7]
WARNING:megatron.core.transformer.moe.recovery_controller:[2026-05-13 18:56:07] BSR-MoE controller: step5 topology_refresh elapsed=0.000s (step=3960)
WARNING:megatron.core.transformer.moe.recovery_controller:[2026-05-13 18:56:07] BSR-MoE controller: step5 topology_refresh elapsed=0.000s (step=3960)
WARNING:megatron.core.transformer.moe.recovery_controller:[2026-05-13 18:56:07] BSR-MoE controller: ⏱️  [Phase A] Infrastructure repair COMPLETED (elapsed=0.000s)
WARNING:megatron.core.transformer.moe.recovery_controller:[2026-05-13 18:56:07] BSR-MoE controller: ⏱️  [Phase A] Infrastructure repair COMPLETED (elapsed=0.000s)
WARNING:megatron.core.transformer.moe.recovery_controller:[2026-05-13 18:56:07] BSR-MoE controller: ⏱️  [Phase B] Starting parameter recovery...
WARNING:megatron.core.transformer.moe.recovery_controller:[2026-05-13 18:56:07] BSR-MoE controller: ⏱️  [Phase B] Starting parameter recovery...
WARNING:megatron.core.transformer.moe.bsr_integration:[2026-05-13 18:56:07] BSR-MoE FAULT INJECTION #10: type=restart_in_place, rank=4, step=3960, experts=[64, 65, 66, 67, 68, 69, 70, 71, 72, 73, 74, 75, 76, 77, 78, 79], ep_group=[0, 1, 2, 3, 4, 5, 6, 7]
WARNING:megatron.core.transformer.moe.recovery_controller:[2026-05-13 18:56:07] BSR-MoE controller: rank 4 HARD FAILURE (step=3960, reason=scheduled_restart_in_place_injection, experts=[64, 65, 66, 67, 68, 69, 70, 71, 72, 73, 74, 75, 76, 77, 78, 79], mid_iteration=False)
INFO:megatron.core.transformer.moe.recovery_controller:ExpertRecoveryTracker: experts [64, 65, 66, 67, 68, 69, 70, 71, 72, 73, 74, 75, 76, 77, 78, 79] → RECOVERING (step=3960)
WARNING:megatron.core.transformer.moe.bsr_integration:[2026-05-13 18:56:07] BSR-MoE FAULT INJECTION #10: type=restart_in_place, rank=4, step=3960, experts=[64, 65, 66, 67, 68, 69, 70, 71, 72, 73, 74, 75, 76, 77, 78, 79], ep_group=[0, 1, 2, 3, 4, 5, 6, 7]
WARNING:megatron.core.transformer.moe.recovery_controller:[2026-05-13 18:56:07] BSR-MoE controller: rank 4 HARD FAILURE (step=3960, reason=scheduled_restart_in_place_injection, experts=[64, 65, 66, 67, 68, 69, 70, 71, 72, 73, 74, 75, 76, 77, 78, 79], mid_iteration=False)
WARNING:megatron.core.transformer.moe.bsr_integration:[2026-05-13 18:56:07] BSR-MoE FAULT INJECTION #10: type=restart_in_place, rank=4, step=3960, experts=[64, 65, 66, 67, 68, 69, 70, 71, 72, 73, 74, 75, 76, 77, 78, 79], ep_group=[0, 1, 2, 3, 4, 5, 6, 7]
WARNING:megatron.core.transformer.moe.bsr_integration:[2026-05-13 18:56:07] BSR-MoE FAULT INJECTION #10: type=restart_in_place, rank=4, step=3960, experts=[64, 65, 66, 67, 68, 69, 70, 71, 72, 73, 74, 75, 76, 77, 78, 79], ep_group=[0, 1, 2, 3, 4, 5, 6, 7]
WARNING:megatron.core.transformer.moe.optimizer_commit_guard:OptimizerCommitGuard: commit BLOCKED (reason=hard_failure_rank_4_step_3960)
INFO:megatron.core.transformer.moe.recovery_controller:ExpertRecoveryTracker: experts [64, 65, 66, 67, 68, 69, 70, 71, 72, 73, 74, 75, 76, 77, 78, 79] → RECOVERING (step=3960)
WARNING:megatron.core.transformer.moe.bsr_integration:BSR-MoE: optimizer commit blocked for step 3960 (hard failure of rank 4)
WARNING:megatron.core.transformer.moe.bsr_integration:BSR-MoE: entering waiting-for-replacement state (failed_rank=4, step=3960, experts=[64, 65, 66, 67, 68, 69, 70, 71, 72, 73, 74, 75, 76, 77, 78, 79])
WARNING:megatron.core.transformer.moe.recovery_controller:[2026-05-13 18:56:07] BSR-MoE controller: rank 4 HARD FAILURE (step=3960, reason=scheduled_restart_in_place_injection, experts=[64, 65, 66, 67, 68, 69, 70, 71, 72, 73, 74, 75, 76, 77, 78, 79], mid_iteration=False)
WARNING:megatron.core.transformer.moe.optimizer_commit_guard:OptimizerCommitGuard: commit BLOCKED (reason=hard_failure_rank_4_step_3960)
WARNING:megatron.core.transformer.moe.recovery_controller:[2026-05-13 18:56:07] BSR-MoE controller: rank 4 HARD FAILURE (step=3960, reason=scheduled_restart_in_place_injection, experts=[64, 65, 66, 67, 68, 69, 70, 71, 72, 73, 74, 75, 76, 77, 78, 79], mid_iteration=False)
WARNING:megatron.core.transformer.moe.recovery_controller:[2026-05-13 18:56:07] BSR-MoE controller: rank 4 HARD FAILURE (step=3960, reason=scheduled_restart_in_place_injection, experts=[64, 65, 66, 67, 68, 69, 70, 71, 72, 73, 74, 75, 76, 77, 78, 79], mid_iteration=False)
WARNING:megatron.core.transformer.moe.bsr_integration:BSR-MoE: optimizer commit blocked for step 3960 (hard failure of rank 4)
WARNING:megatron.core.transformer.moe.bsr_integration:BSR-MoE: entering waiting-for-replacement state (failed_rank=4, step=3960, experts=[64, 65, 66, 67, 68, 69, 70, 71, 72, 73, 74, 75, 76, 77, 78, 79])
WARNING:megatron.core.transformer.moe.recovery_controller:[2026-05-13 18:56:07] BSR-MoE controller: HEALTHY_TRAINING → PENDING_GROUP_REPAIR (event=hard_rank_failure, step=3960)
INFO:megatron.core.transformer.moe.recovery_controller:ExpertRecoveryTracker: experts [64, 65, 66, 67, 68, 69, 70, 71, 72, 73, 74, 75, 76, 77, 78, 79] → RECOVERING (step=3960)
INFO:megatron.core.transformer.moe.recovery_controller:ExpertRecoveryTracker: experts [64, 65, 66, 67, 68, 69, 70, 71, 72, 73, 74, 75, 76, 77, 78, 79] → RECOVERING (step=3960)
INFO:megatron.core.transformer.moe.recovery_controller:ExpertRecoveryTracker: experts [64, 65, 66, 67, 68, 69, 70, 71, 72, 73, 74, 75, 76, 77, 78, 79] → RECOVERING (step=3960)
WARNING:megatron.core.transformer.moe.recovery_controller:[2026-05-13 18:56:07] BSR-MoE controller: replacement assigned — failed_rank=4, replacement_rank=4 (step=3960)
WARNING:megatron.core.transformer.moe.optimizer_commit_guard:OptimizerCommitGuard: commit BLOCKED (reason=hard_failure_rank_4_step_3960)
WARNING:megatron.core.transformer.moe.optimizer_commit_guard:OptimizerCommitGuard: commit BLOCKED (reason=hard_failure_rank_4_step_3960)
WARNING:megatron.core.transformer.moe.recovery_controller:[2026-05-13 18:56:07] BSR-MoE controller: HEALTHY_TRAINING → PENDING_GROUP_REPAIR (event=hard_rank_failure, step=3960)
WARNING:megatron.core.transformer.moe.bsr_integration:BSR-MoE: optimizer commit blocked for step 3960 (hard failure of rank 4)
WARNING:megatron.core.transformer.moe.bsr_integration:BSR-MoE: optimizer commit blocked for step 3960 (hard failure of rank 4)
WARNING:megatron.core.transformer.moe.optimizer_commit_guard:OptimizerCommitGuard: commit BLOCKED (reason=hard_failure_rank_4_step_3960)
WARNING:megatron.core.transformer.moe.bsr_integration:BSR-MoE: entering waiting-for-replacement state (failed_rank=4, step=3960, experts=[64, 65, 66, 67, 68, 69, 70, 71, 72, 73, 74, 75, 76, 77, 78, 79])
WARNING:megatron.core.transformer.moe.bsr_integration:BSR-MoE: entering waiting-for-replacement state (failed_rank=4, step=3960, experts=[64, 65, 66, 67, 68, 69, 70, 71, 72, 73, 74, 75, 76, 77, 78, 79])
WARNING:megatron.core.transformer.moe.bsr_integration:BSR-MoE: optimizer commit blocked for step 3960 (hard failure of rank 4)
INFO:megatron.core.transformer.moe.replacement_registry:BSR-MoE replacement: failed_rank=4, replacement_rank=4, NOT_PRESENT → BOOTSTRAPPING (step=3960)
WARNING:megatron.core.transformer.moe.bsr_integration:BSR-MoE: entering waiting-for-replacement state (failed_rank=4, step=3960, experts=[64, 65, 66, 67, 68, 69, 70, 71, 72, 73, 74, 75, 76, 77, 78, 79])
WARNING:megatron.core.transformer.moe.recovery_controller:[2026-05-13 18:56:07] BSR-MoE controller: replacement assigned — failed_rank=4, replacement_rank=4 (step=3960)
WARNING:megatron.core.transformer.moe.replacement_registry:BSR-MoE: replacement announced — failed_rank=4 → replacement_rank=4 (step=3960, reason='')
WARNING:megatron.core.transformer.moe.recovery_controller:[2026-05-13 18:56:07] BSR-MoE controller: PENDING_GROUP_REPAIR → WAITING_FOR_REPLACEMENT (event=replacement_assigned, step=3960)
WARNING:megatron.core.transformer.moe.recovery_controller:[2026-05-13 18:56:07] BSR-MoE controller: HEALTHY_TRAINING → PENDING_GROUP_REPAIR (event=hard_rank_failure, step=3960)
WARNING:megatron.core.transformer.moe.recovery_controller:[2026-05-13 18:56:07] BSR-MoE controller: replacement ready — failed_rank=4 (step=3960)
WARNING:megatron.core.transformer.moe.recovery_controller:[2026-05-13 18:56:07] BSR-MoE controller: HEALTHY_TRAINING → PENDING_GROUP_REPAIR (event=hard_rank_failure, step=3960)
WARNING:megatron.core.transformer.moe.recovery_controller:[2026-05-13 18:56:07] BSR-MoE controller: WAITING_FOR_REPLACEMENT → SAFE_POINT_REPAIR (event=replacement_ready, step=3960)
WARNING:megatron.core.transformer.moe.recovery_controller:[2026-05-13 18:56:07] BSR-MoE controller: HEALTHY_TRAINING → PENDING_GROUP_REPAIR (event=hard_rank_failure, step=3960)
INFO:megatron.core.transformer.moe.replacement_registry:BSR-MoE replacement: failed_rank=4, replacement_rank=4, NOT_PRESENT → BOOTSTRAPPING (step=3960)
WARNING:megatron.core.transformer.moe.recovery_controller:BSR-MoE controller: restart-in-place fast path for rank 4 (replacement=self, step=3960)
WARNING:megatron.core.transformer.moe.replacement_registry:BSR-MoE: replacement announced — failed_rank=4 → replacement_rank=4 (step=3960, reason='')
WARNING:megatron.core.transformer.moe.recovery_controller:[2026-05-13 18:56:07] BSR-MoE controller: replacement assigned — failed_rank=4, replacement_rank=4 (step=3960)
WARNING:megatron.core.transformer.moe.recovery_controller:[2026-05-13 18:56:07] BSR-MoE controller: replacement assigned — failed_rank=4, replacement_rank=4 (step=3960)
WARNING:megatron.core.transformer.moe.bsr_integration:[2026-05-13 18:56:07] BSR-MoE FAULT INJECTION: next periodic fault scheduled at step 4000 (interval=40, total_injections=10)
WARNING:megatron.core.transformer.moe.recovery_controller:[2026-05-13 18:56:07] BSR-MoE controller: PENDING_GROUP_REPAIR → WAITING_FOR_REPLACEMENT (event=replacement_assigned, step=3960)
WARNING:megatron.core.transformer.moe.recovery_controller:[2026-05-13 18:56:07] BSR-MoE controller: replacement assigned — failed_rank=4, replacement_rank=4 (step=3960)
WARNING:megatron.core.transformer.moe.recovery_controller:[2026-05-13 18:56:07] BSR-MoE controller: ⏱️  START safe-point repair at step 3960 (failed=4, replacement=4)
WARNING:megatron.core.transformer.moe.recovery_controller:[2026-05-13 18:56:07] BSR-MoE controller: replacement ready — failed_rank=4 (step=3960)
WARNING:megatron.core.transformer.moe.recovery_controller:[2026-05-13 18:56:07] BSR-MoE controller: ⏱️  [Phase A] Starting infrastructure repair...
WARNING:megatron.core.transformer.moe.recovery_controller:[2026-05-13 18:56:07] BSR-MoE controller: WAITING_FOR_REPLACEMENT → SAFE_POINT_REPAIR (event=replacement_ready, step=3960)
WARNING:megatron.core.transformer.moe.recovery_controller:BSR-MoE controller: restart-in-place fast path for rank 4 (replacement=self, step=3960)
INFO:megatron.core.transformer.moe.replacement_registry:BSR-MoE replacement: failed_rank=4, replacement_rank=4, NOT_PRESENT → BOOTSTRAPPING (step=3960)
INFO:megatron.core.transformer.moe.replacement_registry:BSR-MoE replacement: failed_rank=4, replacement_rank=4, NOT_PRESENT → BOOTSTRAPPING (step=3960)
WARNING:megatron.core.transformer.moe.replacement_registry:BSR-MoE: replacement announced — failed_rank=4 → replacement_rank=4 (step=3960, reason='')
WARNING:megatron.core.transformer.moe.bsr_integration:[2026-05-13 18:56:07] BSR-MoE FAULT INJECTION: next periodic fault scheduled at step 4000 (interval=40, total_injections=10)
INFO:megatron.core.transformer.moe.replacement_registry:BSR-MoE replacement: failed_rank=4, replacement_rank=4, BOOTSTRAPPING → READY_FOR_REPAIR (step=3960)
WARNING:megatron.core.transformer.moe.replacement_registry:BSR-MoE: replacement announced — failed_rank=4 → replacement_rank=4 (step=3960, reason='')
INFO:megatron.core.transformer.moe.replacement_registry:BSR-MoE replacement: failed_rank=4, replacement_rank=4, NOT_PRESENT → BOOTSTRAPPING (step=3960)
INFO:megatron.core.transformer.moe.replacement_registry:BSR-MoE replacement: failed_rank=4, replacement_rank=4, READY_FOR_REPAIR → INTEGRATED (step=3960)
WARNING:megatron.core.transformer.moe.replacement_registry:BSR-MoE: replacement announced — failed_rank=4 → replacement_rank=4 (step=3960, reason='')
WARNING:megatron.core.transformer.moe.recovery_controller:[2026-05-13 18:56:07] BSR-MoE controller: ⏱️  START safe-point repair at step 3960 (failed=4, replacement=4)
WARNING:megatron.core.transformer.moe.recovery_controller:[2026-05-13 18:56:07] BSR-MoE controller: PENDING_GROUP_REPAIR → WAITING_FOR_REPLACEMENT (event=replacement_assigned, step=3960)
WARNING:megatron.core.transformer.moe.recovery_controller:[2026-05-13 18:56:07] BSR-MoE controller: PENDING_GROUP_REPAIR → WAITING_FOR_REPLACEMENT (event=replacement_assigned, step=3960)
WARNING:megatron.core.transformer.moe.replacement_registry:BSR-MoE: replacement INTEGRATED — failed_rank=4, replacement_rank=4 (step=3960)
WARNING:megatron.core.transformer.moe.recovery_controller:[2026-05-13 18:56:07] BSR-MoE controller: ⏱️  [Phase A] Starting infrastructure repair...
WARNING:megatron.core.transformer.moe.recovery_controller:[2026-05-13 18:56:07] BSR-MoE controller: PENDING_GROUP_REPAIR → WAITING_FOR_REPLACEMENT (event=replacement_assigned, step=3960)
WARNING:megatron.core.transformer.moe.recovery_controller:[2026-05-13 18:56:07] BSR-MoE controller: replacement ready — failed_rank=4 (step=3960)
WARNING:megatron.core.transformer.moe.recovery_controller:[2026-05-13 18:56:07] BSR-MoE controller: step1 replacement_integrate elapsed=0.000s (step=3960)
WARNING:megatron.core.transformer.moe.recovery_controller:[2026-05-13 18:56:07] BSR-MoE controller: replacement ready — failed_rank=4 (step=3960)
WARNING:megatron.core.transformer.moe.recovery_controller:[2026-05-13 18:56:07] BSR-MoE controller: step2 group_rebuild_request elapsed=0.000s (step=3960)
WARNING:megatron.core.transformer.moe.recovery_controller:[2026-05-13 18:56:07] BSR-MoE controller: WAITING_FOR_REPLACEMENT → SAFE_POINT_REPAIR (event=replacement_ready, step=3960)
WARNING:megatron.core.transformer.moe.recovery_controller:[2026-05-13 18:56:07] BSR-MoE controller: WAITING_FOR_REPLACEMENT → SAFE_POINT_REPAIR (event=replacement_ready, step=3960)
WARNING:megatron.core.transformer.moe.recovery_controller:[2026-05-13 18:56:07] BSR-MoE controller: replacement ready — failed_rank=4 (step=3960)
INFO:megatron.core.transformer.moe.replacement_registry:BSR-MoE replacement: failed_rank=4, replacement_rank=4, BOOTSTRAPPING → READY_FOR_REPAIR (step=3960)
WARNING:megatron.core.transformer.moe.recovery_controller:[2026-05-13 18:56:07] BSR-MoE controller: step3 group_rebuild_execute elapsed=0.000s (step=3960)
WARNING:megatron.core.transformer.moe.recovery_controller:BSR-MoE controller: restart-in-place fast path for rank 4 (replacement=self, step=3960)
WARNING:megatron.core.transformer.moe.recovery_controller:BSR-MoE controller: restart-in-place fast path for rank 4 (replacement=self, step=3960)
WARNING:megatron.core.transformer.moe.recovery_controller:[2026-05-13 18:56:07] BSR-MoE controller: step4 group_rebuild_finish elapsed=0.000s (step=3960)
WARNING:megatron.core.transformer.moe.recovery_controller:[2026-05-13 18:56:07] BSR-MoE controller: WAITING_FOR_REPLACEMENT → SAFE_POINT_REPAIR (event=replacement_ready, step=3960)
INFO:megatron.core.transformer.moe.replacement_registry:BSR-MoE replacement: failed_rank=4, replacement_rank=4, READY_FOR_REPAIR → INTEGRATED (step=3960)
WARNING:megatron.core.transformer.moe.bsr_integration:[2026-05-13 18:56:07] BSR-MoE FAULT INJECTION: next periodic fault scheduled at step 4000 (interval=40, total_injections=10)
WARNING:megatron.core.transformer.moe.bsr_integration:[2026-05-13 18:56:07] BSR-MoE FAULT INJECTION: next periodic fault scheduled at step 4000 (interval=40, total_injections=10)
WARNING:megatron.core.transformer.moe.recovery_controller:[2026-05-13 18:56:07] BSR-MoE controller: step5 topology_refresh elapsed=0.000s (step=3960)
WARNING:megatron.core.transformer.moe.recovery_controller:BSR-MoE controller: restart-in-place fast path for rank 4 (replacement=self, step=3960)
WARNING:megatron.core.transformer.moe.replacement_registry:BSR-MoE: replacement INTEGRATED — failed_rank=4, replacement_rank=4 (step=3960)
WARNING:megatron.core.transformer.moe.recovery_controller:[2026-05-13 18:56:07] BSR-MoE controller: ⏱️  [Phase A] Infrastructure repair COMPLETED (elapsed=0.000s)
WARNING:megatron.core.transformer.moe.bsr_integration:[2026-05-13 18:56:07] BSR-MoE FAULT INJECTION: next periodic fault scheduled at step 4000 (interval=40, total_injections=10)
WARNING:megatron.core.transformer.moe.recovery_controller:[2026-05-13 18:56:07] BSR-MoE controller: step1 replacement_integrate elapsed=0.000s (step=3960)
WARNING:megatron.core.transformer.moe.recovery_controller:[2026-05-13 18:56:07] BSR-MoE controller: ⏱️  [Phase B] Starting parameter recovery...
WARNING:megatron.core.transformer.moe.recovery_controller:[2026-05-13 18:56:07] BSR-MoE controller: ⏱️  START safe-point repair at step 3960 (failed=4, replacement=4)
WARNING:megatron.core.transformer.moe.recovery_controller:[2026-05-13 18:56:07] BSR-MoE controller: ⏱️  START safe-point repair at step 3960 (failed=4, replacement=4)
WARNING:megatron.core.transformer.moe.recovery_controller:[2026-05-13 18:56:07] BSR-MoE controller: step2 group_rebuild_request elapsed=0.000s (step=3960)
WARNING:megatron.core.transformer.moe.recovery_controller:[2026-05-13 18:56:07] BSR-MoE controller: ⏱️  [Phase A] Starting infrastructure repair...
WARNING:megatron.core.transformer.moe.recovery_controller:[2026-05-13 18:56:07] BSR-MoE controller: ⏱️  START safe-point repair at step 3960 (failed=4, replacement=4)
WARNING:megatron.core.transformer.moe.recovery_controller:[2026-05-13 18:56:07] BSR-MoE controller: ⏱️  [Phase A] Starting infrastructure repair...
WARNING:megatron.core.transformer.moe.recovery_controller:[2026-05-13 18:56:07] BSR-MoE controller: step3 group_rebuild_execute elapsed=0.000s (step=3960)
WARNING:megatron.core.transformer.moe.recovery_controller:[2026-05-13 18:56:07] BSR-MoE controller: ⏱️  [Phase A] Starting infrastructure repair...
WARNING:megatron.core.transformer.moe.recovery_controller:[2026-05-13 18:56:07] BSR-MoE controller: step4 group_rebuild_finish elapsed=0.000s (step=3960)
WARNING:megatron.core.transformer.moe.recovery_controller:[2026-05-13 18:56:07] BSR-MoE controller: step5 topology_refresh elapsed=0.000s (step=3960)
INFO:megatron.core.transformer.moe.replacement_registry:BSR-MoE replacement: failed_rank=4, replacement_rank=4, BOOTSTRAPPING → READY_FOR_REPAIR (step=3960)
INFO:megatron.core.transformer.moe.replacement_registry:BSR-MoE replacement: failed_rank=4, replacement_rank=4, BOOTSTRAPPING → READY_FOR_REPAIR (step=3960)
WARNING:megatron.core.transformer.moe.recovery_controller:[2026-05-13 18:56:07] BSR-MoE controller: ⏱️  [Phase A] Infrastructure repair COMPLETED (elapsed=0.000s)
INFO:megatron.core.transformer.moe.replacement_registry:BSR-MoE replacement: failed_rank=4, replacement_rank=4, READY_FOR_REPAIR → INTEGRATED (step=3960)
INFO:megatron.core.transformer.moe.replacement_registry:BSR-MoE replacement: failed_rank=4, replacement_rank=4, BOOTSTRAPPING → READY_FOR_REPAIR (step=3960)
INFO:megatron.core.transformer.moe.replacement_registry:BSR-MoE replacement: failed_rank=4, replacement_rank=4, READY_FOR_REPAIR → INTEGRATED (step=3960)
WARNING:megatron.core.transformer.moe.recovery_controller:[2026-05-13 18:56:07] BSR-MoE controller: ⏱️  [Phase B] Starting parameter recovery...
WARNING:megatron.core.transformer.moe.replacement_registry:BSR-MoE: replacement INTEGRATED — failed_rank=4, replacement_rank=4 (step=3960)
INFO:megatron.core.transformer.moe.replacement_registry:BSR-MoE replacement: failed_rank=4, replacement_rank=4, READY_FOR_REPAIR → INTEGRATED (step=3960)
WARNING:megatron.core.transformer.moe.replacement_registry:BSR-MoE: replacement INTEGRATED — failed_rank=4, replacement_rank=4 (step=3960)
WARNING:megatron.core.transformer.moe.replacement_registry:BSR-MoE: replacement INTEGRATED — failed_rank=4, replacement_rank=4 (step=3960)
WARNING:megatron.core.transformer.moe.recovery_controller:[2026-05-13 18:56:07] BSR-MoE controller: step1 replacement_integrate elapsed=0.000s (step=3960)
WARNING:megatron.core.transformer.moe.recovery_controller:[2026-05-13 18:56:07] BSR-MoE controller: step1 replacement_integrate elapsed=0.000s (step=3960)
WARNING:megatron.core.transformer.moe.recovery_controller:[2026-05-13 18:56:07] BSR-MoE controller: step2 group_rebuild_request elapsed=0.000s (step=3960)
WARNING:megatron.core.transformer.moe.recovery_controller:[2026-05-13 18:56:07] BSR-MoE controller: step1 replacement_integrate elapsed=0.000s (step=3960)
WARNING:megatron.core.transformer.moe.recovery_controller:[2026-05-13 18:56:07] BSR-MoE controller: step2 group_rebuild_request elapsed=0.000s (step=3960)
WARNING:megatron.core.transformer.moe.recovery_controller:[2026-05-13 18:56:07] BSR-MoE controller: step3 group_rebuild_execute elapsed=0.000s (step=3960)
WARNING:megatron.core.transformer.moe.recovery_controller:[2026-05-13 18:56:07] BSR-MoE controller: step2 group_rebuild_request elapsed=0.000s (step=3960)
WARNING:megatron.core.transformer.moe.recovery_controller:[2026-05-13 18:56:07] BSR-MoE controller: step3 group_rebuild_execute elapsed=0.000s (step=3960)
WARNING:megatron.core.transformer.moe.recovery_controller:[2026-05-13 18:56:07] BSR-MoE controller: step4 group_rebuild_finish elapsed=0.000s (step=3960)
WARNING:megatron.core.transformer.moe.recovery_controller:[2026-05-13 18:56:07] BSR-MoE controller: step3 group_rebuild_execute elapsed=0.000s (step=3960)
WARNING:megatron.core.transformer.moe.recovery_controller:[2026-05-13 18:56:07] BSR-MoE controller: step4 group_rebuild_finish elapsed=0.000s (step=3960)
WARNING:megatron.core.transformer.moe.recovery_controller:[2026-05-13 18:56:07] BSR-MoE controller: step5 topology_refresh elapsed=0.000s (step=3960)
WARNING:megatron.core.transformer.moe.recovery_controller:[2026-05-13 18:56:07] BSR-MoE controller: step5 topology_refresh elapsed=0.000s (step=3960)
WARNING:megatron.core.transformer.moe.recovery_controller:[2026-05-13 18:56:07] BSR-MoE controller: step4 group_rebuild_finish elapsed=0.000s (step=3960)
WARNING:megatron.core.transformer.moe.recovery_controller:[2026-05-13 18:56:07] BSR-MoE controller: ⏱️  [Phase A] Infrastructure repair COMPLETED (elapsed=0.000s)
WARNING:megatron.core.transformer.moe.recovery_controller:[2026-05-13 18:56:07] BSR-MoE controller: ⏱️  [Phase A] Infrastructure repair COMPLETED (elapsed=0.000s)
WARNING:megatron.core.transformer.moe.recovery_controller:[2026-05-13 18:56:07] BSR-MoE controller: step5 topology_refresh elapsed=0.000s (step=3960)
WARNING:megatron.core.transformer.moe.recovery_controller:[2026-05-13 18:56:07] BSR-MoE controller: ⏱️  [Phase B] Starting parameter recovery...
WARNING:megatron.core.transformer.moe.recovery_controller:[2026-05-13 18:56:07] BSR-MoE controller: ⏱️  [Phase B] Starting parameter recovery...
WARNING:megatron.core.transformer.moe.recovery_controller:[2026-05-13 18:56:07] BSR-MoE controller: ⏱️  [Phase A] Infrastructure repair COMPLETED (elapsed=0.000s)
WARNING:megatron.core.transformer.moe.recovery_controller:[2026-05-13 18:56:07] BSR-MoE controller: ⏱️  [Phase B] Starting parameter recovery...
INFO:megatron.core.transformer.moe.bsr_integration:BSR-MoE: found latest checkpoint with BSR manifest at /mnt/ais-c1/dataset/zds/5.12/bsr/iter_0003960 (step=3960)
INFO:megatron.core.transformer.moe.bsr_integration:BSR-MoE: found latest checkpoint with BSR manifest at /mnt/ais-c1/dataset/zds/5.12/bsr/iter_0003960 (step=3960)
INFO:megatron.core.transformer.moe.bsr_integration:BSR-MoE: found latest checkpoint with BSR manifest at /mnt/ais-c1/dataset/zds/5.12/bsr/iter_0003960 (step=3960)
INFO:megatron.core.transformer.moe.bsr_integration:BSR-MoE: found latest checkpoint with BSR manifest at /mnt/ais-c1/dataset/zds/5.12/bsr/iter_0003960 (step=3960)
INFO:megatron.core.transformer.moe.bsr_integration:BSR-MoE: found latest checkpoint with BSR manifest at /mnt/ais-c1/dataset/zds/5.12/bsr/iter_0003960 (step=3960)
INFO:megatron.core.transformer.moe.bsr_integration:BSR-MoE: found latest checkpoint with BSR manifest at /mnt/ais-c1/dataset/zds/5.12/bsr/iter_0003960 (step=3960)
INFO:megatron.core.transformer.moe.bsr_integration:BSR-MoE: found latest checkpoint with BSR manifest at /mnt/ais-c1/dataset/zds/5.12/bsr/iter_0003960 (step=3960)
INFO:megatron.core.transformer.moe.bsr_integration:BSR-MoE: found latest checkpoint with BSR manifest at /mnt/ais-c1/dataset/zds/5.12/bsr/iter_0003960 (step=3960)
WARNING:megatron.core.transformer.moe.recovery_controller:[2026-05-13 18:56:07] BSR-MoE controller: HYBRID_RECOVERY path — dense from DP peer, experts from checkpoint (step=3960, failed=4, replacement=4)
WARNING:megatron.core.transformer.moe.recovery_controller:[2026-05-13 18:56:07] BSR-MoE controller: HYBRID_RECOVERY path — dense from DP peer, experts from checkpoint (step=3960, failed=4, replacement=4)
WARNING:megatron.core.transformer.moe.recovery_controller:[2026-05-13 18:56:07] BSR-MoE controller: dense_sync elapsed=0.000s (step=3960)
WARNING:megatron.core.transformer.moe.recovery_controller:[2026-05-13 18:56:07] BSR-MoE controller: expert_restore (sync weights, deferred optimizer) elapsed=0.000s (step=3960)
WARNING:megatron.core.transformer.moe.recovery_controller:[2026-05-13 18:56:07] BSR-MoE controller: ⏱️  [Phase B] Parameter recovery COMPLETED (path=HYBRID_RECOVERY, elapsed=0.225s)
WARNING:megatron.core.transformer.moe.recovery_controller:[2026-05-13 18:56:07] BSR-MoE controller: dense_sync elapsed=0.000s (step=3960)
WARNING:megatron.core.transformer.moe.recovery_controller:[2026-05-13 18:56:07] BSR-MoE controller: expert_restore (sync weights, deferred optimizer) elapsed=0.000s (step=3960)
WARNING:megatron.core.transformer.moe.recovery_controller:[2026-05-13 18:56:07] BSR-MoE controller: ⏱️  [Phase B] Parameter recovery COMPLETED (path=HYBRID_RECOVERY, elapsed=0.226s)
INFO:megatron.core.transformer.moe.bsr_integration:BSR-MoE post-recovery convergence: views consistent after HYBRID_RECOVERY path (step=3960)
WARNING:megatron.core.transformer.moe.recovery_controller:[2026-05-13 18:56:07] BSR-MoE controller: ⏱️  [Phase B→C] Post-recovery convergence completed (path=HYBRID_RECOVERY, elapsed=0.000s, step=3960)
WARNING:megatron.core.transformer.moe.recovery_controller:[2026-05-13 18:56:07] BSR-MoE controller: ⏱️  [Phase C] Starting post-repair...
WARNING:megatron.core.transformer.moe.recovery_controller:[2026-05-13 18:56:07] BSR-MoE controller: HYBRID_RECOVERY path — dense from DP peer, experts from checkpoint (step=3960, failed=4, replacement=4)
INFO:megatron.core.transformer.moe.bsr_integration:BSR-MoE post-recovery convergence: views consistent after HYBRID_RECOVERY path (step=3960)
WARNING:megatron.core.transformer.moe.recovery_controller:[2026-05-13 18:56:07] BSR-MoE controller: ⏱️  [Phase B→C] Post-recovery convergence completed (path=HYBRID_RECOVERY, elapsed=0.000s, step=3960)
WARNING:megatron.core.transformer.moe.recovery_controller:[2026-05-13 18:56:07] BSR-MoE controller: ⏱️  [Phase C] Starting post-repair...
INFO:megatron.core.transformer.moe.reintegration_barrier:BSR-MoE barrier: begin reintegration for rank 4 -> 4 (experts=[64, 65, 66, 67, 68, 69, 70, 71, 72, 73, 74, 75, 76, 77, 78, 79], step=3960)
WARNING:megatron.core.transformer.moe.recovery_controller:[2026-05-13 18:56:07] BSR-MoE controller: dense_sync elapsed=0.000s (step=3960)
INFO:megatron.core.transformer.moe.reintegration_barrier:BSR-MoE barrier: begin reintegration for rank 4 -> 4 (experts=[64, 65, 66, 67, 68, 69, 70, 71, 72, 73, 74, 75, 76, 77, 78, 79], step=3960)
INFO:megatron.core.transformer.moe.reintegration_barrier:BSR-MoE barrier: rank 4 -> REPAIRED_NOT_ROUTED (all preconditions met, step=3960)
WARNING:megatron.core.transformer.moe.recovery_controller:[2026-05-13 18:56:07] BSR-MoE controller: reintegration barrier initialized for rank 4 (all preconditions marked, step=3960)
WARNING:megatron.core.transformer.moe.recovery_controller:[2026-05-13 18:56:07] BSR-MoE controller: expert_restore (sync weights, deferred optimizer) elapsed=0.000s (step=3960)
WARNING:megatron.core.transformer.moe.recovery_controller:[2026-05-13 18:56:07] BSR-MoE controller: ⏱️  [Phase B] Parameter recovery COMPLETED (path=HYBRID_RECOVERY, elapsed=0.225s)
WARNING:megatron.core.transformer.moe.recovery_controller:[2026-05-13 18:56:07] BSR-MoE controller: SAFE_POINT_REPAIR → REINTEGRATED (event=safe_point_repair_completed, step=3960)
INFO:megatron.core.transformer.moe.reintegration_barrier:BSR-MoE barrier: rank 4 -> REPAIRED_NOT_ROUTED (all preconditions met, step=3960)
WARNING:megatron.core.transformer.moe.recovery_controller:[2026-05-13 18:56:07] BSR-MoE controller: HYBRID_RECOVERY path — dense from DP peer, experts from checkpoint (step=3960, failed=4, replacement=4)
WARNING:megatron.core.transformer.moe.recovery_controller:[2026-05-13 18:56:07] BSR-MoE controller: ⏱️  ✅ SAFE-POINT REPAIR COMPLETED (path=HYBRID_RECOVERY, step=3960, failed=4, replacement=4) | Total=0.226s | Breakdown: PhaseA=0.000s, PhaseB=0.225s, PhaseC=0.000s
WARNING:megatron.core.transformer.moe.recovery_controller:[2026-05-13 18:56:07] BSR-MoE controller: reintegration barrier initialized for rank 4 (all preconditions marked, step=3960)
WARNING:megatron.core.transformer.moe.recovery_controller:[2026-05-13 18:56:07] BSR-MoE controller: SAFE_POINT_REPAIR → REINTEGRATED (event=safe_point_repair_completed, step=3960)
INFO:megatron.core.transformer.moe.bsr_integration:BSR-MoE post-recovery convergence: views consistent after HYBRID_RECOVERY path (step=3960)
WARNING:megatron.core.transformer.moe.recovery_controller:[2026-05-13 18:56:07] BSR-MoE controller: ⏱️  ✅ SAFE-POINT REPAIR COMPLETED (path=HYBRID_RECOVERY, step=3960, failed=4, replacement=4) | Total=0.227s | Breakdown: PhaseA=0.000s, PhaseB=0.226s, PhaseC=0.000s
WARNING:megatron.core.transformer.moe.recovery_controller:[2026-05-13 18:56:07] BSR-MoE controller: HYBRID_RECOVERY path — dense from DP peer, experts from checkpoint (step=3960, failed=4, replacement=4)
WARNING:megatron.core.transformer.moe.recovery_controller:[2026-05-13 18:56:07] BSR-MoE controller: ⏱️  [Phase B→C] Post-recovery convergence completed (path=HYBRID_RECOVERY, elapsed=0.000s, step=3960)
WARNING:megatron.core.transformer.moe.recovery_controller:[2026-05-13 18:56:07] BSR-MoE controller: ⏱️  [Phase C] Starting post-repair...
WARNING:megatron.core.transformer.moe.recovery_controller:[2026-05-13 18:56:07] BSR-MoE controller: dense_sync elapsed=0.000s (step=3960)
WARNING:megatron.core.transformer.moe.recovery_controller:[2026-05-13 18:56:07] BSR-MoE controller: HYBRID_RECOVERY path — dense from DP peer, experts from checkpoint (step=3960, failed=4, replacement=4)
WARNING:megatron.core.transformer.moe.recovery_controller:[2026-05-13 18:56:07] BSR-MoE controller: HYBRID_RECOVERY path — dense from DP peer, experts from checkpoint (step=3960, failed=4, replacement=4)
WARNING:megatron.core.transformer.moe.recovery_controller:[2026-05-13 18:56:07] BSR-MoE controller: dense_sync elapsed=0.000s (step=3960)
WARNING:megatron.core.transformer.moe.recovery_controller:[2026-05-13 18:56:07] BSR-MoE controller: expert_restore (sync weights, deferred optimizer) elapsed=0.000s (step=3960)
INFO:megatron.core.transformer.moe.reintegration_barrier:BSR-MoE barrier: begin reintegration for rank 4 -> 4 (experts=[64, 65, 66, 67, 68, 69, 70, 71, 72, 73, 74, 75, 76, 77, 78, 79], step=3960)
WARNING:megatron.core.transformer.moe.recovery_controller:[2026-05-13 18:56:07] BSR-MoE controller: ⏱️  [Phase B] Parameter recovery COMPLETED (path=HYBRID_RECOVERY, elapsed=0.225s)
WARNING:megatron.core.transformer.moe.recovery_controller:[2026-05-13 18:56:07] BSR-MoE controller: dense_sync elapsed=0.000s (step=3960)
WARNING:megatron.core.transformer.moe.recovery_controller:[2026-05-13 18:56:07] BSR-MoE controller: expert_restore (sync weights, deferred optimizer) elapsed=0.000s (step=3960)
WARNING:megatron.core.transformer.moe.recovery_controller:[2026-05-13 18:56:07] BSR-MoE controller: ⏱️  [Phase B] Parameter recovery COMPLETED (path=HYBRID_RECOVERY, elapsed=0.225s)
WARNING:megatron.core.transformer.moe.recovery_controller:[2026-05-13 18:56:07] BSR-MoE controller: expert_restore (sync weights, deferred optimizer) elapsed=0.000s (step=3960)
INFO:megatron.core.transformer.moe.reintegration_barrier:BSR-MoE barrier: rank 4 -> REPAIRED_NOT_ROUTED (all preconditions met, step=3960)
WARNING:megatron.core.transformer.moe.recovery_controller:[2026-05-13 18:56:07] BSR-MoE controller: dense_sync elapsed=0.000s (step=3960)
WARNING:megatron.core.transformer.moe.recovery_controller:[2026-05-13 18:56:07] BSR-MoE controller: ⏱️  [Phase B] Parameter recovery COMPLETED (path=HYBRID_RECOVERY, elapsed=0.227s)
WARNING:megatron.core.transformer.moe.recovery_controller:[2026-05-13 18:56:07] BSR-MoE controller: reintegration barrier initialized for rank 4 (all preconditions marked, step=3960)
INFO:megatron.core.transformer.moe.bsr_integration:BSR-MoE post-recovery convergence: views consistent after HYBRID_RECOVERY path (step=3960)
WARNING:megatron.core.transformer.moe.recovery_controller:[2026-05-13 18:56:07] BSR-MoE controller: SAFE_POINT_REPAIR → REINTEGRATED (event=safe_point_repair_completed, step=3960)
WARNING:megatron.core.transformer.moe.recovery_controller:[2026-05-13 18:56:07] BSR-MoE controller: ⏱️  [Phase B→C] Post-recovery convergence completed (path=HYBRID_RECOVERY, elapsed=0.000s, step=3960)
WARNING:megatron.core.transformer.moe.recovery_controller:[2026-05-13 18:56:07] BSR-MoE controller: HYBRID_RECOVERY path — dense from DP peer, experts from checkpoint (step=3960, failed=4, replacement=4)
WARNING:megatron.core.transformer.moe.recovery_controller:[2026-05-13 18:56:07] BSR-MoE controller: expert_restore (sync weights, deferred optimizer) elapsed=0.000s (step=3960)
WARNING:megatron.core.transformer.moe.recovery_controller:[2026-05-13 18:56:07] BSR-MoE controller: ⏱️  [Phase C] Starting post-repair...
WARNING:megatron.core.transformer.moe.recovery_controller:[2026-05-13 18:56:07] BSR-MoE controller: ⏱️  ✅ SAFE-POINT REPAIR COMPLETED (path=HYBRID_RECOVERY, step=3960, failed=4, replacement=4) | Total=0.226s | Breakdown: PhaseA=0.000s, PhaseB=0.225s, PhaseC=0.000s
INFO:megatron.core.transformer.moe.bsr_integration:BSR-MoE post-recovery convergence: views consistent after HYBRID_RECOVERY path (step=3960)
INFO:megatron.core.transformer.moe.bsr_integration:BSR-MoE post-recovery convergence: views consistent after HYBRID_RECOVERY path (step=3960)
WARNING:megatron.core.transformer.moe.recovery_controller:[2026-05-13 18:56:07] BSR-MoE controller: ⏱️  [Phase B] Parameter recovery COMPLETED (path=HYBRID_RECOVERY, elapsed=0.227s)
WARNING:megatron.core.transformer.moe.recovery_controller:[2026-05-13 18:56:07] BSR-MoE controller: ⏱️  [Phase B→C] Post-recovery convergence completed (path=HYBRID_RECOVERY, elapsed=0.000s, step=3960)
WARNING:megatron.core.transformer.moe.recovery_controller:[2026-05-13 18:56:07] BSR-MoE controller: ⏱️  [Phase B→C] Post-recovery convergence completed (path=HYBRID_RECOVERY, elapsed=0.000s, step=3960)
WARNING:megatron.core.transformer.moe.recovery_controller:[2026-05-13 18:56:07] BSR-MoE controller: ⏱️  [Phase C] Starting post-repair...
WARNING:megatron.core.transformer.moe.recovery_controller:[2026-05-13 18:56:07] BSR-MoE controller: ⏱️  [Phase C] Starting post-repair...
INFO:megatron.core.transformer.moe.reintegration_barrier:BSR-MoE barrier: begin reintegration for rank 4 -> 4 (experts=[64, 65, 66, 67, 68, 69, 70, 71, 72, 73, 74, 75, 76, 77, 78, 79], step=3960)
WARNING:megatron.core.transformer.moe.recovery_controller:[2026-05-13 18:56:07] BSR-MoE controller: dense_sync elapsed=0.000s (step=3960)
INFO:megatron.core.transformer.moe.bsr_integration:BSR-MoE post-recovery convergence: views consistent after HYBRID_RECOVERY path (step=3960)
WARNING:megatron.core.transformer.moe.recovery_controller:[2026-05-13 18:56:07] BSR-MoE controller: ⏱️  [Phase B→C] Post-recovery convergence completed (path=HYBRID_RECOVERY, elapsed=0.000s, step=3960)
INFO:megatron.core.transformer.moe.reintegration_barrier:BSR-MoE barrier: begin reintegration for rank 4 -> 4 (experts=[64, 65, 66, 67, 68, 69, 70, 71, 72, 73, 74, 75, 76, 77, 78, 79], step=3960)
WARNING:megatron.core.transformer.moe.recovery_controller:[2026-05-13 18:56:07] BSR-MoE controller: ⏱️  [Phase C] Starting post-repair...
INFO:megatron.core.transformer.moe.reintegration_barrier:BSR-MoE barrier: begin reintegration for rank 4 -> 4 (experts=[64, 65, 66, 67, 68, 69, 70, 71, 72, 73, 74, 75, 76, 77, 78, 79], step=3960)
WARNING:megatron.core.transformer.moe.recovery_controller:[2026-05-13 18:56:07] BSR-MoE controller: expert_restore (sync weights, deferred optimizer) elapsed=0.000s (step=3960)
INFO:megatron.core.transformer.moe.reintegration_barrier:BSR-MoE barrier: rank 4 -> REPAIRED_NOT_ROUTED (all preconditions met, step=3960)
WARNING:megatron.core.transformer.moe.recovery_controller:[2026-05-13 18:56:07] BSR-MoE controller: ⏱️  [Phase B] Parameter recovery COMPLETED (path=HYBRID_RECOVERY, elapsed=0.226s)
WARNING:megatron.core.transformer.moe.recovery_controller:[2026-05-13 18:56:07] BSR-MoE controller: reintegration barrier initialized for rank 4 (all preconditions marked, step=3960)
INFO:megatron.core.transformer.moe.reintegration_barrier:BSR-MoE barrier: rank 4 -> REPAIRED_NOT_ROUTED (all preconditions met, step=3960)
WARNING:megatron.core.transformer.moe.recovery_controller:[2026-05-13 18:56:07] BSR-MoE controller: reintegration barrier initialized for rank 4 (all preconditions marked, step=3960)
WARNING:megatron.core.transformer.moe.recovery_controller:[2026-05-13 18:56:07] BSR-MoE controller: SAFE_POINT_REPAIR → REINTEGRATED (event=safe_point_repair_completed, step=3960)
INFO:megatron.core.transformer.moe.reintegration_barrier:BSR-MoE barrier: rank 4 -> REPAIRED_NOT_ROUTED (all preconditions met, step=3960)
INFO:megatron.core.transformer.moe.reintegration_barrier:BSR-MoE barrier: begin reintegration for rank 4 -> 4 (experts=[64, 65, 66, 67, 68, 69, 70, 71, 72, 73, 74, 75, 76, 77, 78, 79], step=3960)
WARNING:megatron.core.transformer.moe.recovery_controller:[2026-05-13 18:56:07] BSR-MoE controller: SAFE_POINT_REPAIR → REINTEGRATED (event=safe_point_repair_completed, step=3960)
WARNING:megatron.core.transformer.moe.recovery_controller:[2026-05-13 18:56:07] BSR-MoE controller: reintegration barrier initialized for rank 4 (all preconditions marked, step=3960)
WARNING:megatron.core.transformer.moe.recovery_controller:[2026-05-13 18:56:07] BSR-MoE controller: ⏱️  ✅ SAFE-POINT REPAIR COMPLETED (path=HYBRID_RECOVERY, step=3960, failed=4, replacement=4) | Total=0.226s | Breakdown: PhaseA=0.000s, PhaseB=0.225s, PhaseC=0.000s
WARNING:megatron.core.transformer.moe.recovery_controller:[2026-05-13 18:56:07] BSR-MoE controller: ⏱️  ✅ SAFE-POINT REPAIR COMPLETED (path=HYBRID_RECOVERY, step=3960, failed=4, replacement=4) | Total=0.227s | Breakdown: PhaseA=0.000s, PhaseB=0.227s, PhaseC=0.000s
INFO:megatron.core.transformer.moe.bsr_integration:BSR-MoE post-recovery convergence: views consistent after HYBRID_RECOVERY path (step=3960)
WARNING:megatron.core.transformer.moe.recovery_controller:[2026-05-13 18:56:07] BSR-MoE controller: SAFE_POINT_REPAIR → REINTEGRATED (event=safe_point_repair_completed, step=3960)
INFO:megatron.core.transformer.moe.reintegration_barrier:BSR-MoE barrier: rank 4 -> REPAIRED_NOT_ROUTED (all preconditions met, step=3960)
WARNING:megatron.core.transformer.moe.recovery_controller:[2026-05-13 18:56:07] BSR-MoE controller: ⏱️  [Phase B→C] Post-recovery convergence completed (path=HYBRID_RECOVERY, elapsed=0.000s, step=3960)
WARNING:megatron.core.transformer.moe.recovery_controller:[2026-05-13 18:56:07] BSR-MoE controller: ⏱️  ✅ SAFE-POINT REPAIR COMPLETED (path=HYBRID_RECOVERY, step=3960, failed=4, replacement=4) | Total=0.226s | Breakdown: PhaseA=0.000s, PhaseB=0.225s, PhaseC=0.000s
WARNING:megatron.core.transformer.moe.recovery_controller:[2026-05-13 18:56:07] BSR-MoE controller: reintegration barrier initialized for rank 4 (all preconditions marked, step=3960)
WARNING:megatron.core.transformer.moe.recovery_controller:[2026-05-13 18:56:07] BSR-MoE controller: ⏱️  [Phase C] Starting post-repair...
WARNING:megatron.core.transformer.moe.recovery_controller:[2026-05-13 18:56:07] BSR-MoE controller: SAFE_POINT_REPAIR → REINTEGRATED (event=safe_point_repair_completed, step=3960)
WARNING:megatron.core.transformer.moe.recovery_controller:[2026-05-13 18:56:07] BSR-MoE controller: ⏱️  ✅ SAFE-POINT REPAIR COMPLETED (path=HYBRID_RECOVERY, step=3960, failed=4, replacement=4) | Total=0.227s | Breakdown: PhaseA=0.000s, PhaseB=0.227s, PhaseC=0.000s
INFO:megatron.core.transformer.moe.reintegration_barrier:BSR-MoE barrier: begin reintegration for rank 4 -> 4 (experts=[64, 65, 66, 67, 68, 69, 70, 71, 72, 73, 74, 75, 76, 77, 78, 79], step=3960)
INFO:megatron.core.transformer.moe.reintegration_barrier:BSR-MoE barrier: rank 4 -> REPAIRED_NOT_ROUTED (all preconditions met, step=3960)
WARNING:megatron.core.transformer.moe.recovery_controller:[2026-05-13 18:56:07] BSR-MoE controller: reintegration barrier initialized for rank 4 (all preconditions marked, step=3960)
WARNING:megatron.core.transformer.moe.recovery_controller:[2026-05-13 18:56:07] BSR-MoE controller: SAFE_POINT_REPAIR → REINTEGRATED (event=safe_point_repair_completed, step=3960)
WARNING:megatron.core.transformer.moe.recovery_controller:[2026-05-13 18:56:07] BSR-MoE controller: ⏱️  ✅ SAFE-POINT REPAIR COMPLETED (path=HYBRID_RECOVERY, step=3960, failed=4, replacement=4) | Total=0.226s | Breakdown: PhaseA=0.000s, PhaseB=0.226s, PhaseC=0.000s
WARNING:megatron.core.transformer.moe.optimizer_commit_guard:BSR-MoE OptimizerCommitGuard: BLOCKING optimizer.step() at step 3960 — explicitly blocked (reason=hard_failure_rank_4_step_3960)
WARNING:megatron.core.transformer.moe.optimizer_commit_guard:BSR-MoE OptimizerCommitGuard: BLOCKING optimizer.step() at step 3960 — explicitly blocked (reason=hard_failure_rank_4_step_3960)
INFO:megatron.core.transformer.moe.optimizer_commit_guard:BSR-MoE OptimizerCommitGuard: optimizer.step() SKIPPED at step 3960 (reason: iteration_invalidated)
INFO:megatron.core.transformer.moe.optimizer_commit_guard:BSR-MoE OptimizerCommitGuard: optimizer.step() SKIPPED at step 3960 (reason: iteration_invalidated)
WARNING:megatron.core.transformer.moe.optimizer_commit_guard:BSR-MoE OptimizerCommitGuard: BLOCKING optimizer.step() at step 3960 — explicitly blocked (reason=hard_failure_rank_4_step_3960)
INFO:megatron.core.transformer.moe.optimizer_commit_guard:BSR-MoE OptimizerCommitGuard: optimizer.step() SKIPPED at step 3960 (reason: iteration_invalidated)
WARNING:megatron.core.transformer.moe.optimizer_commit_guard:BSR-MoE OptimizerCommitGuard: BLOCKING optimizer.step() at step 3960 — explicitly blocked (reason=hard_failure_rank_4_step_3960)
INFO:megatron.core.transformer.moe.optimizer_commit_guard:BSR-MoE OptimizerCommitGuard: optimizer.step() SKIPPED at step 3960 (reason: iteration_invalidated)
WARNING:megatron.core.transformer.moe.optimizer_commit_guard:BSR-MoE OptimizerCommitGuard: BLOCKING optimizer.step() at step 3960 — explicitly blocked (reason=hard_failure_rank_4_step_3960)
INFO:megatron.core.transformer.moe.optimizer_commit_guard:BSR-MoE OptimizerCommitGuard: optimizer.step() SKIPPED at step 3960 (reason: iteration_invalidated)
WARNING:megatron.core.transformer.moe.optimizer_commit_guard:BSR-MoE OptimizerCommitGuard: BLOCKING optimizer.step() at step 3960 — explicitly blocked (reason=hard_failure_rank_4_step_3960)
INFO:megatron.core.transformer.moe.optimizer_commit_guard:BSR-MoE OptimizerCommitGuard: optimizer.step() SKIPPED at step 3960 (reason: iteration_invalidated)
WARNING:megatron.core.transformer.moe.optimizer_commit_guard:BSR-MoE OptimizerCommitGuard: BLOCKING optimizer.step() at step 3960 — explicitly blocked (reason=hard_failure_rank_4_step_3960)
INFO:megatron.core.transformer.moe.optimizer_commit_guard:BSR-MoE OptimizerCommitGuard: optimizer.step() SKIPPED at step 3960 (reason: iteration_invalidated)
WARNING:megatron.core.transformer.moe.optimizer_commit_guard:BSR-MoE OptimizerCommitGuard: BLOCKING optimizer.step() at step 3960 — explicitly blocked (reason=hard_failure_rank_4_step_3960)
INFO:megatron.core.transformer.moe.optimizer_commit_guard:BSR-MoE OptimizerCommitGuard: optimizer.step() SKIPPED at step 3960 (reason: iteration_invalidated)
 [2026-05-13 18:56:19] iteration     3961/   20000 | consumed samples:       253504 | elapsed time per iteration (ms): 11776.9 | learning rate: 9.194243E-05 | global batch size:    64 | load_balancing_loss: 1.033396E+00 | loss scale: 1.0 | number of skipped iterations:   1 | number of nan iterations:   0 |
WARNING:megatron.core.transformer.moe.reintegration_barrier:BSR-MoE barrier: rank 4 reintegrated at step 3961 (replacement=4, experts=[64, 65, 66, 67, 68, 69, 70, 71, 72, 73, 74, 75, 76, 77, 78, 79])
INFO:megatron.core.transformer.moe.recovery_controller:BSR-MoE controller: barrier reintegration executed for rank 4 at step 3961
WARNING:megatron.core.transformer.moe.reintegration_barrier:BSR-MoE barrier: rank 4 reintegrated at step 3961 (replacement=4, experts=[64, 65, 66, 67, 68, 69, 70, 71, 72, 73, 74, 75, 76, 77, 78, 79])
INFO:megatron.core.transformer.moe.recovery_controller:BSR-MoE controller: barrier reintegration executed for rank 4 at step 3961
WARNING:megatron.core.transformer.moe.recovery_controller:[2026-05-13 18:56:19] BSR-MoE controller: REINTEGRATED → HEALTHY_TRAINING (event=reintegration_finalized, step=3961)
WARNING:megatron.core.transformer.moe.reintegration_barrier:BSR-MoE barrier: rank 4 reintegrated at step 3961 (replacement=4, experts=[64, 65, 66, 67, 68, 69, 70, 71, 72, 73, 74, 75, 76, 77, 78, 79])
WARNING:megatron.core.transformer.moe.recovery_controller:[2026-05-13 18:56:19] BSR-MoE controller: reintegration finalized at step 3961 (1 recoveries completed)
INFO:megatron.core.transformer.moe.recovery_controller:BSR-MoE controller: barrier reintegration executed for rank 4 at step 3961
WARNING:megatron.core.transformer.moe.recovery_controller:[2026-05-13 18:56:19] BSR-MoE controller: REINTEGRATED → HEALTHY_TRAINING (event=reintegration_finalized, step=3961)
WARNING:megatron.core.transformer.moe.recovery_controller:[2026-05-13 18:56:19] BSR-MoE controller: reintegration finalized at step 3961 (1 recoveries completed)
WARNING:megatron.core.transformer.moe.recovery_controller:[2026-05-13 18:56:19] BSR-MoE controller: REINTEGRATED → HEALTHY_TRAINING (event=reintegration_finalized, step=3961)
WARNING:megatron.core.transformer.moe.recovery_controller:[2026-05-13 18:56:19] BSR-MoE controller: reintegration finalized at step 3961 (1 recoveries completed)
WARNING:megatron.core.transformer.moe.reintegration_barrier:BSR-MoE barrier: rank 4 reintegrated at step 3961 (replacement=4, experts=[64, 65, 66, 67, 68, 69, 70, 71, 72, 73, 74, 75, 76, 77, 78, 79])
INFO:megatron.core.transformer.moe.recovery_controller:BSR-MoE controller: barrier reintegration executed for rank 4 at step 3961
WARNING:megatron.core.transformer.moe.reintegration_barrier:BSR-MoE barrier: rank 4 reintegrated at step 3961 (replacement=4, experts=[64, 65, 66, 67, 68, 69, 70, 71, 72, 73, 74, 75, 76, 77, 78, 79])
INFO:megatron.core.transformer.moe.recovery_controller:BSR-MoE controller: barrier reintegration executed for rank 4 at step 3961
WARNING:megatron.core.transformer.moe.reintegration_barrier:BSR-MoE barrier: rank 4 reintegrated at step 3961 (replacement=4, experts=[64, 65, 66, 67, 68, 69, 70, 71, 72, 73, 74, 75, 76, 77, 78, 79])
WARNING:megatron.core.transformer.moe.recovery_controller:[2026-05-13 18:56:19] BSR-MoE controller: REINTEGRATED → HEALTHY_TRAINING (event=reintegration_finalized, step=3961)
WARNING:megatron.core.transformer.moe.reintegration_barrier:BSR-MoE barrier: rank 4 reintegrated at step 3961 (replacement=4, experts=[64, 65, 66, 67, 68, 69, 70, 71, 72, 73, 74, 75, 76, 77, 78, 79])
WARNING:megatron.core.transformer.moe.recovery_controller:[2026-05-13 18:56:19] BSR-MoE controller: reintegration finalized at step 3961 (1 recoveries completed)
INFO:megatron.core.transformer.moe.recovery_controller:BSR-MoE controller: barrier reintegration executed for rank 4 at step 3961
INFO:megatron.core.transformer.moe.recovery_controller:BSR-MoE controller: barrier reintegration executed for rank 4 at step 3961
WARNING:megatron.core.transformer.moe.recovery_controller:[2026-05-13 18:56:19] BSR-MoE controller: REINTEGRATED → HEALTHY_TRAINING (event=reintegration_finalized, step=3961)
WARNING:megatron.core.transformer.moe.recovery_controller:[2026-05-13 18:56:19] BSR-MoE controller: reintegration finalized at step 3961 (1 recoveries completed)
WARNING:megatron.core.transformer.moe.reintegration_barrier:BSR-MoE barrier: rank 4 reintegrated at step 3961 (replacement=4, experts=[64, 65, 66, 67, 68, 69, 70, 71, 72, 73, 74, 75, 76, 77, 78, 79])
WARNING:megatron.core.transformer.moe.recovery_controller:[2026-05-13 18:56:19] BSR-MoE controller: REINTEGRATED → HEALTHY_TRAINING (event=reintegration_finalized, step=3961)
WARNING:megatron.core.transformer.moe.recovery_controller:[2026-05-13 18:56:19] BSR-MoE controller: REINTEGRATED → HEALTHY_TRAINING (event=reintegration_finalized, step=3961)
WARNING:megatron.core.transformer.moe.recovery_controller:[2026-05-13 18:56:19] BSR-MoE controller: reintegration finalized at step 3961 (1 recoveries completed)
WARNING:megatron.core.transformer.moe.recovery_controller:[2026-05-13 18:56:19] BSR-MoE controller: reintegration finalized at step 3961 (1 recoveries completed)
INFO:megatron.core.transformer.moe.recovery_controller:BSR-MoE controller: barrier reintegration executed for rank 4 at step 3961
WARNING:megatron.core.transformer.moe.recovery_controller:[2026-05-13 18:56:19] BSR-MoE controller: REINTEGRATED → HEALTHY_TRAINING (event=reintegration_finalized, step=3961)
WARNING:megatron.core.transformer.moe.recovery_controller:[2026-05-13 18:56:19] BSR-MoE controller: reintegration finalized at step 3961 (1 recoveries completed)
 [2026-05-13 18:56:29] iteration     3962/   20000 | consumed samples:       253568 | elapsed time per iteration (ms): 10597.7 | learning rate: 9.193840E-05 | global batch size:    64 | load_balancing_loss: 1.037825E+00 | lm loss: 3.288348E+00 | loss scale: 1.0 | grad norm: 0.208 | number of skipped iterations:   0 | number of nan iterations:   0 |
 [2026-05-13 18:56:40] iteration     3963/   20000 | consumed samples:       253632 | elapsed time per iteration (ms): 10580.3 | learning rate: 9.193436E-05 | global batch size:    64 | load_balancing_loss: 1.038193E+00 | lm loss: 3.142071E+00 | loss scale: 1.0 | grad norm: 0.194 | number of skipped iterations:   0 | number of nan iterations:   0 |
 [2026-05-13 18:56:50] iteration     3964/   20000 | consumed samples:       253696 | elapsed time per iteration (ms): 10592.3 | learning rate: 9.193031E-05 | global batch size:    64 | load_balancing_loss: 1.032751E+00 | lm loss: 3.155566E+00 | loss scale: 1.0 | grad norm: 0.187 | number of skipped iterations:   0 | number of nan iterations:   0 |
 [2026-05-13 18:57:01] iteration     3965/   20000 | consumed samples:       253760 | elapsed time per iteration (ms): 10603.8 | learning rate: 9.192627E-05 | global batch size:    64 | load_balancing_loss: 1.037604E+00 | lm loss: 3.153022E+00 | loss scale: 1.0 | grad norm: 0.193 | number of skipped iterations:   0 | number of nan iterations:   0 |
 [2026-05-13 18:57:12] iteration     3966/   20000 | consumed samples:       253824 | elapsed time per iteration (ms): 10617.1 | learning rate: 9.192224E-05 | global batch size:    64 | load_balancing_loss: 1.029552E+00 | lm loss: 3.096788E+00 | loss scale: 1.0 | grad norm: 0.193 | number of skipped iterations:   0 | number of nan iterations:   0 |
 [2026-05-13 18:57:22] iteration     3967/   20000 | consumed samples:       253888 | elapsed time per iteration (ms): 10605.7 | learning rate: 9.191819E-05 | global batch size:    64 | load_balancing_loss: 1.032154E+00 | lm loss: 3.111841E+00 | loss scale: 1.0 | grad norm: 0.193 | number of skipped iterations:   0 | number of nan iterations:   0 |
 [2026-05-13 18:57:33] iteration     3968/   20000 | consumed samples:       253952 | elapsed time per iteration (ms): 10599.1 | learning rate: 9.191415E-05 | global batch size:    64 | load_balancing_loss: 1.032720E+00 | lm loss: 3.084662E+00 | loss scale: 1.0 | grad norm: 0.193 | number of skipped iterations:   0 | number of nan iterations:   0 |
 [2026-05-13 18:57:43] iteration     3969/   20000 | consumed samples:       254016 | elapsed time per iteration (ms): 10590.5 | learning rate: 9.191011E-05 | global batch size:    64 | load_balancing_loss: 1.034749E+00 | lm loss: 3.165992E+00 | loss scale: 1.0 | grad norm: 0.195 | number of skipped iterations:   0 | number of nan iterations:   0 |
 [2026-05-13 18:57:54] iteration     3970/   20000 | consumed samples:       254080 | elapsed time per iteration (ms): 10607.7 | learning rate: 9.190606E-05 | global batch size:    64 | load_balancing_loss: 1.034102E+00 | lm loss: 3.230405E+00 | loss scale: 1.0 | grad norm: 0.192 | number of skipped iterations:   0 | number of nan iterations:   0 |
 [2026-05-13 18:58:05] iteration     3971/   20000 | consumed samples:       254144 | elapsed time per iteration (ms): 10885.8 | learning rate: 9.190202E-05 | global batch size:    64 | load_balancing_loss: 1.037595E+00 | lm loss: 3.153744E+00 | loss scale: 1.0 | grad norm: 0.197 | number of skipped iterations:   0 | number of nan iterations:   0 |
 [2026-05-13 18:58:15] iteration     3972/   20000 | consumed samples:       254208 | elapsed time per iteration (ms): 10606.9 | learning rate: 9.189796E-05 | global batch size:    64 | load_balancing_loss: 1.046512E+00 | lm loss: 3.217331E+00 | loss scale: 1.0 | grad norm: 0.197 | number of skipped iterations:   0 | number of nan iterations:   0 |
 [2026-05-13 18:58:26] iteration     3973/   20000 | consumed samples:       254272 | elapsed time per iteration (ms): 10577.4 | learning rate: 9.189392E-05 | global batch size:    64 | load_balancing_loss: 1.037499E+00 | lm loss: 3.120623E+00 | loss scale: 1.0 | grad norm: 0.191 | number of skipped iterations:   0 | number of nan iterations:   0 |
 [2026-05-13 18:58:37] iteration     3974/   20000 | consumed samples:       254336 | elapsed time per iteration (ms): 10835.6 | learning rate: 9.188987E-05 | global batch size:    64 | load_balancing_loss: 1.034023E+00 | lm loss: 3.175274E+00 | loss scale: 1.0 | grad norm: 0.209 | number of skipped iterations:   0 | number of nan iterations:   0 |
 [2026-05-13 18:58:47] iteration     3975/   20000 | consumed samples:       254400 | elapsed time per iteration (ms): 10604.2 | learning rate: 9.188582E-05 | global batch size:    64 | load_balancing_loss: 1.036439E+00 | lm loss: 3.165471E+00 | loss scale: 1.0 | grad norm: 0.194 | number of skipped iterations:   0 | number of nan iterations:   0 |
 [2026-05-13 18:58:58] iteration     3976/   20000 | consumed samples:       254464 | elapsed time per iteration (ms): 10581.6 | learning rate: 9.188177E-05 | global batch size:    64 | load_balancing_loss: 1.033885E+00 | lm loss: 3.089879E+00 | loss scale: 1.0 | grad norm: 0.192 | number of skipped iterations:   0 | number of nan iterations:   0 |
 [2026-05-13 18:59:09] iteration     3977/   20000 | consumed samples:       254528 | elapsed time per iteration (ms): 10580.4 | learning rate: 9.187772E-05 | global batch size:    64 | load_balancing_loss: 1.031842E+00 | lm loss: 3.150382E+00 | loss scale: 1.0 | grad norm: 0.196 | number of skipped iterations:   0 | number of nan iterations:   0 |
 [2026-05-13 18:59:19] iteration     3978/   20000 | consumed samples:       254592 | elapsed time per iteration (ms): 10615.6 | learning rate: 9.187367E-05 | global batch size:    64 | load_balancing_loss: 1.029481E+00 | lm loss: 3.207213E+00 | loss scale: 1.0 | grad norm: 0.189 | number of skipped iterations:   0 | number of nan iterations:   0 |
 [2026-05-13 18:59:30] iteration     3979/   20000 | consumed samples:       254656 | elapsed time per iteration (ms): 10663.5 | learning rate: 9.186961E-05 | global batch size:    64 | load_balancing_loss: 1.035481E+00 | lm loss: 3.233923E+00 | loss scale: 1.0 | grad norm: 0.199 | number of skipped iterations:   0 | number of nan iterations:   0 |
 [2026-05-13 18:59:41] iteration     3980/   20000 | consumed samples:       254720 | elapsed time per iteration (ms): 10577.2 | learning rate: 9.186556E-05 | global batch size:    64 | load_balancing_loss: 1.032387E+00 | lm loss: 3.154372E+00 | loss scale: 1.0 | grad norm: 0.197 | number of skipped iterations:   0 | number of nan iterations:   0 |
 [2026-05-13 18:59:51] iteration     3981/   20000 | consumed samples:       254784 | elapsed time per iteration (ms): 10589.1 | learning rate: 9.186150E-05 | global batch size:    64 | load_balancing_loss: 1.034452E+00 | lm loss: 3.114005E+00 | loss scale: 1.0 | grad norm: 0.196 | number of skipped iterations:   0 | number of nan iterations:   0 |
 [2026-05-13 19:00:02] iteration     3982/   20000 | consumed samples:       254848 | elapsed time per iteration (ms): 10585.4 | learning rate: 9.185745E-05 | global batch size:    64 | load_balancing_loss: 1.040379E+00 | lm loss: 3.194195E+00 | loss scale: 1.0 | grad norm: 0.199 | number of skipped iterations:   0 | number of nan iterations:   0 |
 [2026-05-13 19:00:12] iteration     3983/   20000 | consumed samples:       254912 | elapsed time per iteration (ms): 10631.8 | learning rate: 9.185339E-05 | global batch size:    64 | load_balancing_loss: 1.035491E+00 | lm loss: 3.139436E+00 | loss scale: 1.0 | grad norm: 0.213 | number of skipped iterations:   0 | number of nan iterations:   0 |
 [2026-05-13 19:00:23] iteration     3984/   20000 | consumed samples:       254976 | elapsed time per iteration (ms): 10590.9 | learning rate: 9.184933E-05 | global batch size:    64 | load_balancing_loss: 1.034293E+00 | lm loss: 3.114390E+00 | loss scale: 1.0 | grad norm: 0.199 | number of skipped iterations:   0 | number of nan iterations:   0 |
 [2026-05-13 19:00:33] iteration     3985/   20000 | consumed samples:       255040 | elapsed time per iteration (ms): 10596.2 | learning rate: 9.184527E-05 | global batch size:    64 | load_balancing_loss: 1.029812E+00 | lm loss: 3.191940E+00 | loss scale: 1.0 | grad norm: 0.194 | number of skipped iterations:   0 | number of nan iterations:   0 |
 [2026-05-13 19:00:44] iteration     3986/   20000 | consumed samples:       255104 | elapsed time per iteration (ms): 10617.9 | learning rate: 9.184122E-05 | global batch size:    64 | load_balancing_loss: 1.034660E+00 | lm loss: 3.086621E+00 | loss scale: 1.0 | grad norm: 0.206 | number of skipped iterations:   0 | number of nan iterations:   0 |
 [2026-05-13 19:00:55] iteration     3987/   20000 | consumed samples:       255168 | elapsed time per iteration (ms): 10603.6 | learning rate: 9.183715E-05 | global batch size:    64 | load_balancing_loss: 1.035943E+00 | lm loss: 3.201439E+00 | loss scale: 1.0 | grad norm: 0.197 | number of skipped iterations:   0 | number of nan iterations:   0 |
 [2026-05-13 19:01:05] iteration     3988/   20000 | consumed samples:       255232 | elapsed time per iteration (ms): 10628.7 | learning rate: 9.183309E-05 | global batch size:    64 | load_balancing_loss: 1.039823E+00 | lm loss: 3.071960E+00 | loss scale: 1.0 | grad norm: 0.199 | number of skipped iterations:   0 | number of nan iterations:   0 |
 [2026-05-13 19:01:16] iteration     3989/   20000 | consumed samples:       255296 | elapsed time per iteration (ms): 10617.5 | learning rate: 9.182903E-05 | global batch size:    64 | load_balancing_loss: 1.037417E+00 | lm loss: 3.189445E+00 | loss scale: 1.0 | grad norm: 0.194 | number of skipped iterations:   0 | number of nan iterations:   0 |
 [2026-05-13 19:01:27] iteration     3990/   20000 | consumed samples:       255360 | elapsed time per iteration (ms): 10626.0 | learning rate: 9.182497E-05 | global batch size:    64 | load_balancing_loss: 1.040812E+00 | lm loss: 3.161516E+00 | loss scale: 1.0 | grad norm: 0.193 | number of skipped iterations:   0 | number of nan iterations:   0 |
 [2026-05-13 19:01:37] iteration     3991/   20000 | consumed samples:       255424 | elapsed time per iteration (ms): 10631.8 | learning rate: 9.182090E-05 | global batch size:    64 | load_balancing_loss: 1.036134E+00 | lm loss: 3.136219E+00 | loss scale: 1.0 | grad norm: 0.192 | number of skipped iterations:   0 | number of nan iterations:   0 |
 [2026-05-13 19:01:48] iteration     3992/   20000 | consumed samples:       255488 | elapsed time per iteration (ms): 10626.0 | learning rate: 9.181684E-05 | global batch size:    64 | load_balancing_loss: 1.034892E+00 | lm loss: 3.188700E+00 | loss scale: 1.0 | grad norm: 0.196 | number of skipped iterations:   0 | number of nan iterations:   0 |
 [2026-05-13 19:01:58] iteration     3993/   20000 | consumed samples:       255552 | elapsed time per iteration (ms): 10608.2 | learning rate: 9.181277E-05 | global batch size:    64 | load_balancing_loss: 1.029921E+00 | lm loss: 3.208679E+00 | loss scale: 1.0 | grad norm: 0.192 | number of skipped iterations:   0 | number of nan iterations:   0 |
 [2026-05-13 19:02:09] iteration     3994/   20000 | consumed samples:       255616 | elapsed time per iteration (ms): 10611.5 | learning rate: 9.180870E-05 | global batch size:    64 | load_balancing_loss: 1.034247E+00 | lm loss: 3.111676E+00 | loss scale: 1.0 | grad norm: 0.195 | number of skipped iterations:   0 | number of nan iterations:   0 |
 [2026-05-13 19:02:20] iteration     3995/   20000 | consumed samples:       255680 | elapsed time per iteration (ms): 10592.8 | learning rate: 9.180464E-05 | global batch size:    64 | load_balancing_loss: 1.037252E+00 | lm loss: 3.190197E+00 | loss scale: 1.0 | grad norm: 0.197 | number of skipped iterations:   0 | number of nan iterations:   0 |
 [2026-05-13 19:02:30] iteration     3996/   20000 | consumed samples:       255744 | elapsed time per iteration (ms): 10589.0 | learning rate: 9.180057E-05 | global batch size:    64 | load_balancing_loss: 1.037908E+00 | lm loss: 3.070835E+00 | loss scale: 1.0 | grad norm: 0.197 | number of skipped iterations:   0 | number of nan iterations:   0 |
 [2026-05-13 19:02:41] iteration     3997/   20000 | consumed samples:       255808 | elapsed time per iteration (ms): 10589.7 | learning rate: 9.179650E-05 | global batch size:    64 | load_balancing_loss: 1.033554E+00 | lm loss: 3.161903E+00 | loss scale: 1.0 | grad norm: 0.189 | number of skipped iterations:   0 | number of nan iterations:   0 |
 [2026-05-13 19:02:51] iteration     3998/   20000 | consumed samples:       255872 | elapsed time per iteration (ms): 10602.2 | learning rate: 9.179243E-05 | global batch size:    64 | load_balancing_loss: 1.035221E+00 | lm loss: 3.112814E+00 | loss scale: 1.0 | grad norm: 0.195 | number of skipped iterations:   0 | number of nan iterations:   0 |
 [2026-05-13 19:03:02] iteration     3999/   20000 | consumed samples:       255936 | elapsed time per iteration (ms): 10591.1 | learning rate: 9.178836E-05 | global batch size:    64 | load_balancing_loss: 1.035806E+00 | lm loss: 3.121648E+00 | loss scale: 1.0 | grad norm: 0.198 | number of skipped iterations:   0 | number of nan iterations:   0 |
 [2026-05-13 19:03:13] iteration     4000/   20000 | consumed samples:       256000 | elapsed time per iteration (ms): 10552.9 | learning rate: 9.178428E-05 | global batch size:    64 | load_balancing_loss: 1.037185E+00 | lm loss: 3.119608E+00 | loss scale: 1.0 | grad norm: 0.201 | number of skipped iterations:   0 | number of nan iterations:   0 |
INFO:megatron.core.transformer.moe.bsr_integration:BSR-MoE: checkpoint metadata injected (iteration=4000, phase=HEALTHY_TRAINING)
[save_train_log] 运行incremental分析 (iteration 4000)...
INFO:megatron.core.transformer.moe.bsr_integration:BSR-MoE: checkpoint metadata injected (iteration=4000, phase=HEALTHY_TRAINING)
INFO:megatron.core.transformer.moe.bsr_integration:BSR-MoE: checkpoint metadata injected (iteration=4000, phase=HEALTHY_TRAINING)
INFO:megatron.core.transformer.moe.bsr_integration:BSR-MoE: checkpoint metadata injected (iteration=4000, phase=HEALTHY_TRAINING)
INFO:megatron.core.transformer.moe.bsr_integration:BSR-MoE: checkpoint metadata injected (iteration=4000, phase=HEALTHY_TRAINING)
INFO:megatron.core.transformer.moe.bsr_integration:BSR-MoE: checkpoint metadata injected (iteration=4000, phase=HEALTHY_TRAINING)
INFO:megatron.core.transformer.moe.bsr_integration:BSR-MoE: checkpoint metadata injected (iteration=4000, phase=HEALTHY_TRAINING)
INFO:megatron.core.transformer.moe.bsr_integration:BSR-MoE: checkpoint metadata injected (iteration=4000, phase=HEALTHY_TRAINING)
[save_train_log] incremental 分析失败(rc=1)，未覆盖正式报告；失败输出: /mnt/ais-c1/dataset/zds/log/5.12/analysis_latest/analysis_incremental_iter4000.txt.failed.1850
(min, max) time across ranks (ms):
    save-checkpoint ................................: (33170.25, 33170.99)
WARNING:megatron.core.transformer.moe.bsr_integration:[2026-05-13 19:03:46] BSR-MoE FAULT INJECTION #11: type=restart_in_place, rank=3, step=4000, experts=[48, 49, 50, 51, 52, 53, 54, 55, 56, 57, 58, 59, 60, 61, 62, 63], ep_group=[0, 1, 2, 3, 4, 5, 6, 7]
WARNING:megatron.core.transformer.moe.recovery_controller:[2026-05-13 19:03:46] BSR-MoE controller: rank 3 HARD FAILURE (step=4000, reason=scheduled_restart_in_place_injection, experts=[48, 49, 50, 51, 52, 53, 54, 55, 56, 57, 58, 59, 60, 61, 62, 63], mid_iteration=False)
INFO:megatron.core.transformer.moe.recovery_controller:ExpertRecoveryTracker: experts [48, 49, 50, 51, 52, 53, 54, 55, 56, 57, 58, 59, 60, 61, 62, 63] → RECOVERING (step=4000)
WARNING:megatron.core.transformer.moe.optimizer_commit_guard:OptimizerCommitGuard: commit BLOCKED (reason=hard_failure_rank_3_step_4000)
WARNING:megatron.core.transformer.moe.bsr_integration:BSR-MoE: optimizer commit blocked for step 4000 (hard failure of rank 3)
WARNING:megatron.core.transformer.moe.bsr_integration:BSR-MoE: entering waiting-for-replacement state (failed_rank=3, step=4000, experts=[48, 49, 50, 51, 52, 53, 54, 55, 56, 57, 58, 59, 60, 61, 62, 63])
WARNING:megatron.core.transformer.moe.recovery_controller:[2026-05-13 19:03:46] BSR-MoE controller: HEALTHY_TRAINING → PENDING_GROUP_REPAIR (event=hard_rank_failure, step=4000)
WARNING:megatron.core.transformer.moe.bsr_integration:[2026-05-13 19:03:46] BSR-MoE FAULT INJECTION #11: type=restart_in_place, rank=3, step=4000, experts=[48, 49, 50, 51, 52, 53, 54, 55, 56, 57, 58, 59, 60, 61, 62, 63], ep_group=[0, 1, 2, 3, 4, 5, 6, 7]
WARNING:megatron.core.transformer.moe.recovery_controller:[2026-05-13 19:03:46] BSR-MoE controller: replacement assigned — failed_rank=3, replacement_rank=3 (step=4000)
INFO:megatron.core.transformer.moe.replacement_registry:BSR-MoE replacement: failed_rank=3, replacement_rank=3, NOT_PRESENT → BOOTSTRAPPING (step=4000)
WARNING:megatron.core.transformer.moe.bsr_integration:[2026-05-13 19:03:46] BSR-MoE FAULT INJECTION #11: type=restart_in_place, rank=3, step=4000, experts=[48, 49, 50, 51, 52, 53, 54, 55, 56, 57, 58, 59, 60, 61, 62, 63], ep_group=[0, 1, 2, 3, 4, 5, 6, 7]
WARNING:megatron.core.transformer.moe.replacement_registry:BSR-MoE: replacement announced — failed_rank=3 → replacement_rank=3 (step=4000, reason='')
WARNING:megatron.core.transformer.moe.recovery_controller:[2026-05-13 19:03:46] BSR-MoE controller: rank 3 HARD FAILURE (step=4000, reason=scheduled_restart_in_place_injection, experts=[48, 49, 50, 51, 52, 53, 54, 55, 56, 57, 58, 59, 60, 61, 62, 63], mid_iteration=False)
WARNING:megatron.core.transformer.moe.recovery_controller:[2026-05-13 19:03:46] BSR-MoE controller: PENDING_GROUP_REPAIR → WAITING_FOR_REPLACEMENT (event=replacement_assigned, step=4000)
WARNING:megatron.core.transformer.moe.recovery_controller:[2026-05-13 19:03:46] BSR-MoE controller: replacement ready — failed_rank=3 (step=4000)
INFO:megatron.core.transformer.moe.recovery_controller:ExpertRecoveryTracker: experts [48, 49, 50, 51, 52, 53, 54, 55, 56, 57, 58, 59, 60, 61, 62, 63] → RECOVERING (step=4000)
WARNING:megatron.core.transformer.moe.recovery_controller:[2026-05-13 19:03:46] BSR-MoE controller: WAITING_FOR_REPLACEMENT → SAFE_POINT_REPAIR (event=replacement_ready, step=4000)
WARNING:megatron.core.transformer.moe.recovery_controller:BSR-MoE controller: restart-in-place fast path for rank 3 (replacement=self, step=4000)
WARNING:megatron.core.transformer.moe.bsr_integration:[2026-05-13 19:03:46] BSR-MoE FAULT INJECTION: next periodic fault scheduled at step 4040 (interval=40, total_injections=11)
WARNING:megatron.core.transformer.moe.recovery_controller:[2026-05-13 19:03:46] BSR-MoE controller: rank 3 HARD FAILURE (step=4000, reason=scheduled_restart_in_place_injection, experts=[48, 49, 50, 51, 52, 53, 54, 55, 56, 57, 58, 59, 60, 61, 62, 63], mid_iteration=False)
WARNING:megatron.core.transformer.moe.optimizer_commit_guard:OptimizerCommitGuard: commit BLOCKED (reason=hard_failure_rank_3_step_4000)
WARNING:megatron.core.transformer.moe.recovery_controller:[2026-05-13 19:03:46] BSR-MoE controller: ⏱️  START safe-point repair at step 4000 (failed=3, replacement=3)
WARNING:megatron.core.transformer.moe.bsr_integration:BSR-MoE: optimizer commit blocked for step 4000 (hard failure of rank 3)
WARNING:megatron.core.transformer.moe.recovery_controller:[2026-05-13 19:03:46] BSR-MoE controller: ⏱️  [Phase A] Starting infrastructure repair...
INFO:megatron.core.transformer.moe.recovery_controller:ExpertRecoveryTracker: experts [48, 49, 50, 51, 52, 53, 54, 55, 56, 57, 58, 59, 60, 61, 62, 63] → RECOVERING (step=4000)
WARNING:megatron.core.transformer.moe.bsr_integration:BSR-MoE: entering waiting-for-replacement state (failed_rank=3, step=4000, experts=[48, 49, 50, 51, 52, 53, 54, 55, 56, 57, 58, 59, 60, 61, 62, 63])
INFO:megatron.core.transformer.moe.replacement_registry:BSR-MoE replacement: failed_rank=3, replacement_rank=3, BOOTSTRAPPING → READY_FOR_REPAIR (step=4000)
INFO:megatron.core.transformer.moe.replacement_registry:BSR-MoE replacement: failed_rank=3, replacement_rank=3, READY_FOR_REPAIR → INTEGRATED (step=4000)
WARNING:megatron.core.transformer.moe.optimizer_commit_guard:OptimizerCommitGuard: commit BLOCKED (reason=hard_failure_rank_3_step_4000)
WARNING:megatron.core.transformer.moe.replacement_registry:BSR-MoE: replacement INTEGRATED — failed_rank=3, replacement_rank=3 (step=4000)
WARNING:megatron.core.transformer.moe.bsr_integration:BSR-MoE: optimizer commit blocked for step 4000 (hard failure of rank 3)
WARNING:megatron.core.transformer.moe.recovery_controller:[2026-05-13 19:03:46] BSR-MoE controller: step1 replacement_integrate elapsed=0.000s (step=4000)
WARNING:megatron.core.transformer.moe.recovery_controller:[2026-05-13 19:03:46] BSR-MoE controller: HEALTHY_TRAINING → PENDING_GROUP_REPAIR (event=hard_rank_failure, step=4000)
WARNING:megatron.core.transformer.moe.bsr_integration:BSR-MoE: entering waiting-for-replacement state (failed_rank=3, step=4000, experts=[48, 49, 50, 51, 52, 53, 54, 55, 56, 57, 58, 59, 60, 61, 62, 63])
WARNING:megatron.core.transformer.moe.recovery_controller:[2026-05-13 19:03:46] BSR-MoE controller: step2 group_rebuild_request elapsed=0.000s (step=4000)
WARNING:megatron.core.transformer.moe.bsr_integration:[2026-05-13 19:03:46] BSR-MoE FAULT INJECTION #11: type=restart_in_place, rank=3, step=4000, experts=[48, 49, 50, 51, 52, 53, 54, 55, 56, 57, 58, 59, 60, 61, 62, 63], ep_group=[0, 1, 2, 3, 4, 5, 6, 7]
WARNING:megatron.core.transformer.moe.recovery_controller:[2026-05-13 19:03:46] BSR-MoE controller: step3 group_rebuild_execute elapsed=0.000s (step=4000)
WARNING:megatron.core.transformer.moe.recovery_controller:[2026-05-13 19:03:46] BSR-MoE controller: step4 group_rebuild_finish elapsed=0.000s (step=4000)
WARNING:megatron.core.transformer.moe.recovery_controller:[2026-05-13 19:03:46] BSR-MoE controller: replacement assigned — failed_rank=3, replacement_rank=3 (step=4000)
WARNING:megatron.core.transformer.moe.recovery_controller:[2026-05-13 19:03:46] BSR-MoE controller: step5 topology_refresh elapsed=0.000s (step=4000)
WARNING:megatron.core.transformer.moe.bsr_integration:[2026-05-13 19:03:46] BSR-MoE FAULT INJECTION #11: type=restart_in_place, rank=3, step=4000, experts=[48, 49, 50, 51, 52, 53, 54, 55, 56, 57, 58, 59, 60, 61, 62, 63], ep_group=[0, 1, 2, 3, 4, 5, 6, 7]
WARNING:megatron.core.transformer.moe.recovery_controller:[2026-05-13 19:03:46] BSR-MoE controller: ⏱️  [Phase A] Infrastructure repair COMPLETED (elapsed=0.000s)
WARNING:megatron.core.transformer.moe.recovery_controller:[2026-05-13 19:03:46] BSR-MoE controller: HEALTHY_TRAINING → PENDING_GROUP_REPAIR (event=hard_rank_failure, step=4000)
WARNING:megatron.core.transformer.moe.recovery_controller:[2026-05-13 19:03:46] BSR-MoE controller: ⏱️  [Phase B] Starting parameter recovery...
WARNING:megatron.core.transformer.moe.bsr_integration:[2026-05-13 19:03:46] BSR-MoE FAULT INJECTION #11: type=restart_in_place, rank=3, step=4000, experts=[48, 49, 50, 51, 52, 53, 54, 55, 56, 57, 58, 59, 60, 61, 62, 63], ep_group=[0, 1, 2, 3, 4, 5, 6, 7]
WARNING:megatron.core.transformer.moe.recovery_controller:[2026-05-13 19:03:46] BSR-MoE controller: replacement assigned — failed_rank=3, replacement_rank=3 (step=4000)
WARNING:megatron.core.transformer.moe.bsr_integration:[2026-05-13 19:03:46] BSR-MoE FAULT INJECTION #11: type=restart_in_place, rank=3, step=4000, experts=[48, 49, 50, 51, 52, 53, 54, 55, 56, 57, 58, 59, 60, 61, 62, 63], ep_group=[0, 1, 2, 3, 4, 5, 6, 7]
WARNING:megatron.core.transformer.moe.recovery_controller:[2026-05-13 19:03:46] BSR-MoE controller: rank 3 HARD FAILURE (step=4000, reason=scheduled_restart_in_place_injection, experts=[48, 49, 50, 51, 52, 53, 54, 55, 56, 57, 58, 59, 60, 61, 62, 63], mid_iteration=False)
INFO:megatron.core.transformer.moe.replacement_registry:BSR-MoE replacement: failed_rank=3, replacement_rank=3, NOT_PRESENT → BOOTSTRAPPING (step=4000)
WARNING:megatron.core.transformer.moe.replacement_registry:BSR-MoE: replacement announced — failed_rank=3 → replacement_rank=3 (step=4000, reason='')
WARNING:megatron.core.transformer.moe.recovery_controller:[2026-05-13 19:03:46] BSR-MoE controller: rank 3 HARD FAILURE (step=4000, reason=scheduled_restart_in_place_injection, experts=[48, 49, 50, 51, 52, 53, 54, 55, 56, 57, 58, 59, 60, 61, 62, 63], mid_iteration=False)
WARNING:megatron.core.transformer.moe.recovery_controller:[2026-05-13 19:03:46] BSR-MoE controller: PENDING_GROUP_REPAIR → WAITING_FOR_REPLACEMENT (event=replacement_assigned, step=4000)
INFO:megatron.core.transformer.moe.recovery_controller:ExpertRecoveryTracker: experts [48, 49, 50, 51, 52, 53, 54, 55, 56, 57, 58, 59, 60, 61, 62, 63] → RECOVERING (step=4000)
WARNING:megatron.core.transformer.moe.recovery_controller:[2026-05-13 19:03:46] BSR-MoE controller: rank 3 HARD FAILURE (step=4000, reason=scheduled_restart_in_place_injection, experts=[48, 49, 50, 51, 52, 53, 54, 55, 56, 57, 58, 59, 60, 61, 62, 63], mid_iteration=False)
INFO:megatron.core.transformer.moe.replacement_registry:BSR-MoE replacement: failed_rank=3, replacement_rank=3, NOT_PRESENT → BOOTSTRAPPING (step=4000)
WARNING:megatron.core.transformer.moe.recovery_controller:[2026-05-13 19:03:46] BSR-MoE controller: replacement ready — failed_rank=3 (step=4000)
WARNING:megatron.core.transformer.moe.replacement_registry:BSR-MoE: replacement announced — failed_rank=3 → replacement_rank=3 (step=4000, reason='')
WARNING:megatron.core.transformer.moe.recovery_controller:[2026-05-13 19:03:46] BSR-MoE controller: WAITING_FOR_REPLACEMENT → SAFE_POINT_REPAIR (event=replacement_ready, step=4000)
INFO:megatron.core.transformer.moe.recovery_controller:ExpertRecoveryTracker: experts [48, 49, 50, 51, 52, 53, 54, 55, 56, 57, 58, 59, 60, 61, 62, 63] → RECOVERING (step=4000)
WARNING:megatron.core.transformer.moe.recovery_controller:[2026-05-13 19:03:46] BSR-MoE controller: rank 3 HARD FAILURE (step=4000, reason=scheduled_restart_in_place_injection, experts=[48, 49, 50, 51, 52, 53, 54, 55, 56, 57, 58, 59, 60, 61, 62, 63], mid_iteration=False)
WARNING:megatron.core.transformer.moe.recovery_controller:BSR-MoE controller: restart-in-place fast path for rank 3 (replacement=self, step=4000)
WARNING:megatron.core.transformer.moe.bsr_integration:[2026-05-13 19:03:46] BSR-MoE FAULT INJECTION #11: type=restart_in_place, rank=3, step=4000, experts=[48, 49, 50, 51, 52, 53, 54, 55, 56, 57, 58, 59, 60, 61, 62, 63], ep_group=[0, 1, 2, 3, 4, 5, 6, 7]
WARNING:megatron.core.transformer.moe.recovery_controller:[2026-05-13 19:03:46] BSR-MoE controller: PENDING_GROUP_REPAIR → WAITING_FOR_REPLACEMENT (event=replacement_assigned, step=4000)
INFO:megatron.core.transformer.moe.recovery_controller:ExpertRecoveryTracker: experts [48, 49, 50, 51, 52, 53, 54, 55, 56, 57, 58, 59, 60, 61, 62, 63] → RECOVERING (step=4000)
WARNING:megatron.core.transformer.moe.optimizer_commit_guard:OptimizerCommitGuard: commit BLOCKED (reason=hard_failure_rank_3_step_4000)
WARNING:megatron.core.transformer.moe.bsr_integration:[2026-05-13 19:03:46] BSR-MoE FAULT INJECTION: next periodic fault scheduled at step 4040 (interval=40, total_injections=11)
WARNING:megatron.core.transformer.moe.recovery_controller:[2026-05-13 19:03:46] BSR-MoE controller: replacement ready — failed_rank=3 (step=4000)
WARNING:megatron.core.transformer.moe.bsr_integration:BSR-MoE: optimizer commit blocked for step 4000 (hard failure of rank 3)
WARNING:megatron.core.transformer.moe.bsr_integration:BSR-MoE: entering waiting-for-replacement state (failed_rank=3, step=4000, experts=[48, 49, 50, 51, 52, 53, 54, 55, 56, 57, 58, 59, 60, 61, 62, 63])
WARNING:megatron.core.transformer.moe.recovery_controller:[2026-05-13 19:03:46] BSR-MoE controller: WAITING_FOR_REPLACEMENT → SAFE_POINT_REPAIR (event=replacement_ready, step=4000)
INFO:megatron.core.transformer.moe.recovery_controller:ExpertRecoveryTracker: experts [48, 49, 50, 51, 52, 53, 54, 55, 56, 57, 58, 59, 60, 61, 62, 63] → RECOVERING (step=4000)
WARNING:megatron.core.transformer.moe.recovery_controller:[2026-05-13 19:03:46] BSR-MoE controller: ⏱️  START safe-point repair at step 4000 (failed=3, replacement=3)
WARNING:megatron.core.transformer.moe.optimizer_commit_guard:OptimizerCommitGuard: commit BLOCKED (reason=hard_failure_rank_3_step_4000)
WARNING:megatron.core.transformer.moe.recovery_controller:BSR-MoE controller: restart-in-place fast path for rank 3 (replacement=self, step=4000)
WARNING:megatron.core.transformer.moe.recovery_controller:[2026-05-13 19:03:46] BSR-MoE controller: ⏱️  [Phase A] Starting infrastructure repair...
WARNING:megatron.core.transformer.moe.bsr_integration:BSR-MoE: optimizer commit blocked for step 4000 (hard failure of rank 3)
WARNING:megatron.core.transformer.moe.optimizer_commit_guard:OptimizerCommitGuard: commit BLOCKED (reason=hard_failure_rank_3_step_4000)
WARNING:megatron.core.transformer.moe.bsr_integration:[2026-05-13 19:03:46] BSR-MoE FAULT INJECTION: next periodic fault scheduled at step 4040 (interval=40, total_injections=11)
WARNING:megatron.core.transformer.moe.bsr_integration:BSR-MoE: entering waiting-for-replacement state (failed_rank=3, step=4000, experts=[48, 49, 50, 51, 52, 53, 54, 55, 56, 57, 58, 59, 60, 61, 62, 63])
WARNING:megatron.core.transformer.moe.bsr_integration:BSR-MoE: optimizer commit blocked for step 4000 (hard failure of rank 3)
WARNING:megatron.core.transformer.moe.bsr_integration:BSR-MoE: entering waiting-for-replacement state (failed_rank=3, step=4000, experts=[48, 49, 50, 51, 52, 53, 54, 55, 56, 57, 58, 59, 60, 61, 62, 63])
INFO:megatron.core.transformer.moe.replacement_registry:BSR-MoE replacement: failed_rank=3, replacement_rank=3, BOOTSTRAPPING → READY_FOR_REPAIR (step=4000)
WARNING:megatron.core.transformer.moe.optimizer_commit_guard:OptimizerCommitGuard: commit BLOCKED (reason=hard_failure_rank_3_step_4000)
WARNING:megatron.core.transformer.moe.recovery_controller:[2026-05-13 19:03:46] BSR-MoE controller: ⏱️  START safe-point repair at step 4000 (failed=3, replacement=3)
WARNING:megatron.core.transformer.moe.recovery_controller:[2026-05-13 19:03:46] BSR-MoE controller: HEALTHY_TRAINING → PENDING_GROUP_REPAIR (event=hard_rank_failure, step=4000)
INFO:megatron.core.transformer.moe.replacement_registry:BSR-MoE replacement: failed_rank=3, replacement_rank=3, READY_FOR_REPAIR → INTEGRATED (step=4000)
WARNING:megatron.core.transformer.moe.bsr_integration:BSR-MoE: optimizer commit blocked for step 4000 (hard failure of rank 3)
WARNING:megatron.core.transformer.moe.recovery_controller:[2026-05-13 19:03:46] BSR-MoE controller: rank 3 HARD FAILURE (step=4000, reason=scheduled_restart_in_place_injection, experts=[48, 49, 50, 51, 52, 53, 54, 55, 56, 57, 58, 59, 60, 61, 62, 63], mid_iteration=False)
WARNING:megatron.core.transformer.moe.recovery_controller:[2026-05-13 19:03:46] BSR-MoE controller: ⏱️  [Phase A] Starting infrastructure repair...
WARNING:megatron.core.transformer.moe.bsr_integration:BSR-MoE: entering waiting-for-replacement state (failed_rank=3, step=4000, experts=[48, 49, 50, 51, 52, 53, 54, 55, 56, 57, 58, 59, 60, 61, 62, 63])
WARNING:megatron.core.transformer.moe.replacement_registry:BSR-MoE: replacement INTEGRATED — failed_rank=3, replacement_rank=3 (step=4000)
WARNING:megatron.core.transformer.moe.recovery_controller:[2026-05-13 19:03:46] BSR-MoE controller: step1 replacement_integrate elapsed=0.000s (step=4000)
WARNING:megatron.core.transformer.moe.recovery_controller:[2026-05-13 19:03:46] BSR-MoE controller: HEALTHY_TRAINING → PENDING_GROUP_REPAIR (event=hard_rank_failure, step=4000)
INFO:megatron.core.transformer.moe.replacement_registry:BSR-MoE replacement: failed_rank=3, replacement_rank=3, BOOTSTRAPPING → READY_FOR_REPAIR (step=4000)
WARNING:megatron.core.transformer.moe.recovery_controller:[2026-05-13 19:03:46] BSR-MoE controller: replacement assigned — failed_rank=3, replacement_rank=3 (step=4000)
WARNING:megatron.core.transformer.moe.recovery_controller:[2026-05-13 19:03:46] BSR-MoE controller: step2 group_rebuild_request elapsed=0.000s (step=4000)
WARNING:megatron.core.transformer.moe.recovery_controller:[2026-05-13 19:03:46] BSR-MoE controller: HEALTHY_TRAINING → PENDING_GROUP_REPAIR (event=hard_rank_failure, step=4000)
INFO:megatron.core.transformer.moe.replacement_registry:BSR-MoE replacement: failed_rank=3, replacement_rank=3, READY_FOR_REPAIR → INTEGRATED (step=4000)
INFO:megatron.core.transformer.moe.recovery_controller:ExpertRecoveryTracker: experts [48, 49, 50, 51, 52, 53, 54, 55, 56, 57, 58, 59, 60, 61, 62, 63] → RECOVERING (step=4000)
WARNING:megatron.core.transformer.moe.recovery_controller:[2026-05-13 19:03:46] BSR-MoE controller: step3 group_rebuild_execute elapsed=0.000s (step=4000)
WARNING:megatron.core.transformer.moe.replacement_registry:BSR-MoE: replacement INTEGRATED — failed_rank=3, replacement_rank=3 (step=4000)
WARNING:megatron.core.transformer.moe.recovery_controller:[2026-05-13 19:03:46] BSR-MoE controller: step4 group_rebuild_finish elapsed=0.000s (step=4000)
WARNING:megatron.core.transformer.moe.recovery_controller:[2026-05-13 19:03:46] BSR-MoE controller: replacement assigned — failed_rank=3, replacement_rank=3 (step=4000)
WARNING:megatron.core.transformer.moe.recovery_controller:[2026-05-13 19:03:46] BSR-MoE controller: HEALTHY_TRAINING → PENDING_GROUP_REPAIR (event=hard_rank_failure, step=4000)
WARNING:megatron.core.transformer.moe.recovery_controller:[2026-05-13 19:03:46] BSR-MoE controller: step5 topology_refresh elapsed=0.000s (step=4000)
WARNING:megatron.core.transformer.moe.recovery_controller:[2026-05-13 19:03:46] BSR-MoE controller: step1 replacement_integrate elapsed=0.000s (step=4000)
WARNING:megatron.core.transformer.moe.recovery_controller:[2026-05-13 19:03:46] BSR-MoE controller: replacement assigned — failed_rank=3, replacement_rank=3 (step=4000)
WARNING:megatron.core.transformer.moe.recovery_controller:[2026-05-13 19:03:46] BSR-MoE controller: ⏱️  [Phase A] Infrastructure repair COMPLETED (elapsed=0.000s)
WARNING:megatron.core.transformer.moe.recovery_controller:[2026-05-13 19:03:46] BSR-MoE controller: step2 group_rebuild_request elapsed=0.000s (step=4000)
WARNING:megatron.core.transformer.moe.recovery_controller:[2026-05-13 19:03:46] BSR-MoE controller: ⏱️  [Phase B] Starting parameter recovery...
WARNING:megatron.core.transformer.moe.recovery_controller:[2026-05-13 19:03:46] BSR-MoE controller: step3 group_rebuild_execute elapsed=0.000s (step=4000)
INFO:megatron.core.transformer.moe.replacement_registry:BSR-MoE replacement: failed_rank=3, replacement_rank=3, NOT_PRESENT → BOOTSTRAPPING (step=4000)
WARNING:megatron.core.transformer.moe.optimizer_commit_guard:OptimizerCommitGuard: commit BLOCKED (reason=hard_failure_rank_3_step_4000)
WARNING:megatron.core.transformer.moe.recovery_controller:[2026-05-13 19:03:46] BSR-MoE controller: replacement assigned — failed_rank=3, replacement_rank=3 (step=4000)
WARNING:megatron.core.transformer.moe.replacement_registry:BSR-MoE: replacement announced — failed_rank=3 → replacement_rank=3 (step=4000, reason='')
WARNING:megatron.core.transformer.moe.recovery_controller:[2026-05-13 19:03:46] BSR-MoE controller: step4 group_rebuild_finish elapsed=0.000s (step=4000)
WARNING:megatron.core.transformer.moe.bsr_integration:BSR-MoE: optimizer commit blocked for step 4000 (hard failure of rank 3)
WARNING:megatron.core.transformer.moe.recovery_controller:[2026-05-13 19:03:46] BSR-MoE controller: step5 topology_refresh elapsed=0.000s (step=4000)
INFO:megatron.core.transformer.moe.replacement_registry:BSR-MoE replacement: failed_rank=3, replacement_rank=3, NOT_PRESENT → BOOTSTRAPPING (step=4000)
WARNING:megatron.core.transformer.moe.bsr_integration:BSR-MoE: entering waiting-for-replacement state (failed_rank=3, step=4000, experts=[48, 49, 50, 51, 52, 53, 54, 55, 56, 57, 58, 59, 60, 61, 62, 63])
WARNING:megatron.core.transformer.moe.recovery_controller:[2026-05-13 19:03:46] BSR-MoE controller: ⏱️  [Phase A] Infrastructure repair COMPLETED (elapsed=0.000s)
WARNING:megatron.core.transformer.moe.recovery_controller:[2026-05-13 19:03:46] BSR-MoE controller: PENDING_GROUP_REPAIR → WAITING_FOR_REPLACEMENT (event=replacement_assigned, step=4000)
WARNING:megatron.core.transformer.moe.replacement_registry:BSR-MoE: replacement announced — failed_rank=3 → replacement_rank=3 (step=4000, reason='')
INFO:megatron.core.transformer.moe.replacement_registry:BSR-MoE replacement: failed_rank=3, replacement_rank=3, NOT_PRESENT → BOOTSTRAPPING (step=4000)
WARNING:megatron.core.transformer.moe.recovery_controller:[2026-05-13 19:03:46] BSR-MoE controller: ⏱️  [Phase B] Starting parameter recovery...
WARNING:megatron.core.transformer.moe.recovery_controller:[2026-05-13 19:03:46] BSR-MoE controller: replacement ready — failed_rank=3 (step=4000)
WARNING:megatron.core.transformer.moe.replacement_registry:BSR-MoE: replacement announced — failed_rank=3 → replacement_rank=3 (step=4000, reason='')
WARNING:megatron.core.transformer.moe.recovery_controller:[2026-05-13 19:03:46] BSR-MoE controller: PENDING_GROUP_REPAIR → WAITING_FOR_REPLACEMENT (event=replacement_assigned, step=4000)
INFO:megatron.core.transformer.moe.replacement_registry:BSR-MoE replacement: failed_rank=3, replacement_rank=3, NOT_PRESENT → BOOTSTRAPPING (step=4000)
WARNING:megatron.core.transformer.moe.recovery_controller:[2026-05-13 19:03:46] BSR-MoE controller: WAITING_FOR_REPLACEMENT → SAFE_POINT_REPAIR (event=replacement_ready, step=4000)
WARNING:megatron.core.transformer.moe.recovery_controller:[2026-05-13 19:03:46] BSR-MoE controller: PENDING_GROUP_REPAIR → WAITING_FOR_REPLACEMENT (event=replacement_assigned, step=4000)
WARNING:megatron.core.transformer.moe.recovery_controller:[2026-05-13 19:03:46] BSR-MoE controller: replacement ready — failed_rank=3 (step=4000)
WARNING:megatron.core.transformer.moe.replacement_registry:BSR-MoE: replacement announced — failed_rank=3 → replacement_rank=3 (step=4000, reason='')
WARNING:megatron.core.transformer.moe.recovery_controller:BSR-MoE controller: restart-in-place fast path for rank 3 (replacement=self, step=4000)
WARNING:megatron.core.transformer.moe.recovery_controller:[2026-05-13 19:03:46] BSR-MoE controller: replacement ready — failed_rank=3 (step=4000)
WARNING:megatron.core.transformer.moe.recovery_controller:[2026-05-13 19:03:46] BSR-MoE controller: WAITING_FOR_REPLACEMENT → SAFE_POINT_REPAIR (event=replacement_ready, step=4000)
WARNING:megatron.core.transformer.moe.recovery_controller:[2026-05-13 19:03:46] BSR-MoE controller: HEALTHY_TRAINING → PENDING_GROUP_REPAIR (event=hard_rank_failure, step=4000)
WARNING:megatron.core.transformer.moe.bsr_integration:[2026-05-13 19:03:46] BSR-MoE FAULT INJECTION: next periodic fault scheduled at step 4040 (interval=40, total_injections=11)
WARNING:megatron.core.transformer.moe.recovery_controller:[2026-05-13 19:03:46] BSR-MoE controller: PENDING_GROUP_REPAIR → WAITING_FOR_REPLACEMENT (event=replacement_assigned, step=4000)
WARNING:megatron.core.transformer.moe.recovery_controller:BSR-MoE controller: restart-in-place fast path for rank 3 (replacement=self, step=4000)
WARNING:megatron.core.transformer.moe.recovery_controller:[2026-05-13 19:03:46] BSR-MoE controller: WAITING_FOR_REPLACEMENT → SAFE_POINT_REPAIR (event=replacement_ready, step=4000)
WARNING:megatron.core.transformer.moe.recovery_controller:[2026-05-13 19:03:46] BSR-MoE controller: replacement ready — failed_rank=3 (step=4000)
WARNING:megatron.core.transformer.moe.recovery_controller:BSR-MoE controller: restart-in-place fast path for rank 3 (replacement=self, step=4000)
WARNING:megatron.core.transformer.moe.bsr_integration:[2026-05-13 19:03:46] BSR-MoE FAULT INJECTION: next periodic fault scheduled at step 4040 (interval=40, total_injections=11)
WARNING:megatron.core.transformer.moe.recovery_controller:[2026-05-13 19:03:46] BSR-MoE controller: ⏱️  START safe-point repair at step 4000 (failed=3, replacement=3)
WARNING:megatron.core.transformer.moe.bsr_integration:[2026-05-13 19:03:46] BSR-MoE FAULT INJECTION: next periodic fault scheduled at step 4040 (interval=40, total_injections=11)
WARNING:megatron.core.transformer.moe.recovery_controller:[2026-05-13 19:03:46] BSR-MoE controller: WAITING_FOR_REPLACEMENT → SAFE_POINT_REPAIR (event=replacement_ready, step=4000)
WARNING:megatron.core.transformer.moe.recovery_controller:[2026-05-13 19:03:46] BSR-MoE controller: ⏱️  [Phase A] Starting infrastructure repair...
WARNING:megatron.core.transformer.moe.recovery_controller:[2026-05-13 19:03:46] BSR-MoE controller: replacement assigned — failed_rank=3, replacement_rank=3 (step=4000)
WARNING:megatron.core.transformer.moe.recovery_controller:BSR-MoE controller: restart-in-place fast path for rank 3 (replacement=self, step=4000)
WARNING:megatron.core.transformer.moe.recovery_controller:[2026-05-13 19:03:46] BSR-MoE controller: ⏱️  START safe-point repair at step 4000 (failed=3, replacement=3)
WARNING:megatron.core.transformer.moe.recovery_controller:[2026-05-13 19:03:46] BSR-MoE controller: ⏱️  START safe-point repair at step 4000 (failed=3, replacement=3)
WARNING:megatron.core.transformer.moe.recovery_controller:[2026-05-13 19:03:46] BSR-MoE controller: ⏱️  [Phase A] Starting infrastructure repair...
WARNING:megatron.core.transformer.moe.bsr_integration:[2026-05-13 19:03:46] BSR-MoE FAULT INJECTION: next periodic fault scheduled at step 4040 (interval=40, total_injections=11)
WARNING:megatron.core.transformer.moe.recovery_controller:[2026-05-13 19:03:46] BSR-MoE controller: ⏱️  [Phase A] Starting infrastructure repair...
INFO:megatron.core.transformer.moe.replacement_registry:BSR-MoE replacement: failed_rank=3, replacement_rank=3, BOOTSTRAPPING → READY_FOR_REPAIR (step=4000)
WARNING:megatron.core.transformer.moe.recovery_controller:[2026-05-13 19:03:46] BSR-MoE controller: ⏱️  START safe-point repair at step 4000 (failed=3, replacement=3)
INFO:megatron.core.transformer.moe.replacement_registry:BSR-MoE replacement: failed_rank=3, replacement_rank=3, READY_FOR_REPAIR → INTEGRATED (step=4000)
INFO:megatron.core.transformer.moe.replacement_registry:BSR-MoE replacement: failed_rank=3, replacement_rank=3, BOOTSTRAPPING → READY_FOR_REPAIR (step=4000)
WARNING:megatron.core.transformer.moe.recovery_controller:[2026-05-13 19:03:46] BSR-MoE controller: ⏱️  [Phase A] Starting infrastructure repair...
WARNING:megatron.core.transformer.moe.replacement_registry:BSR-MoE: replacement INTEGRATED — failed_rank=3, replacement_rank=3 (step=4000)
INFO:megatron.core.transformer.moe.replacement_registry:BSR-MoE replacement: failed_rank=3, replacement_rank=3, BOOTSTRAPPING → READY_FOR_REPAIR (step=4000)
INFO:megatron.core.transformer.moe.replacement_registry:BSR-MoE replacement: failed_rank=3, replacement_rank=3, READY_FOR_REPAIR → INTEGRATED (step=4000)
INFO:megatron.core.transformer.moe.replacement_registry:BSR-MoE replacement: failed_rank=3, replacement_rank=3, NOT_PRESENT → BOOTSTRAPPING (step=4000)
WARNING:megatron.core.transformer.moe.recovery_controller:[2026-05-13 19:03:46] BSR-MoE controller: step1 replacement_integrate elapsed=0.000s (step=4000)
INFO:megatron.core.transformer.moe.replacement_registry:BSR-MoE replacement: failed_rank=3, replacement_rank=3, READY_FOR_REPAIR → INTEGRATED (step=4000)
WARNING:megatron.core.transformer.moe.replacement_registry:BSR-MoE: replacement INTEGRATED — failed_rank=3, replacement_rank=3 (step=4000)
WARNING:megatron.core.transformer.moe.replacement_registry:BSR-MoE: replacement announced — failed_rank=3 → replacement_rank=3 (step=4000, reason='')
INFO:megatron.core.transformer.moe.replacement_registry:BSR-MoE replacement: failed_rank=3, replacement_rank=3, BOOTSTRAPPING → READY_FOR_REPAIR (step=4000)
WARNING:megatron.core.transformer.moe.replacement_registry:BSR-MoE: replacement INTEGRATED — failed_rank=3, replacement_rank=3 (step=4000)
WARNING:megatron.core.transformer.moe.recovery_controller:[2026-05-13 19:03:46] BSR-MoE controller: step2 group_rebuild_request elapsed=0.000s (step=4000)
WARNING:megatron.core.transformer.moe.recovery_controller:[2026-05-13 19:03:46] BSR-MoE controller: step1 replacement_integrate elapsed=0.000s (step=4000)
INFO:megatron.core.transformer.moe.replacement_registry:BSR-MoE replacement: failed_rank=3, replacement_rank=3, READY_FOR_REPAIR → INTEGRATED (step=4000)
WARNING:megatron.core.transformer.moe.recovery_controller:[2026-05-13 19:03:46] BSR-MoE controller: step3 group_rebuild_execute elapsed=0.000s (step=4000)
WARNING:megatron.core.transformer.moe.recovery_controller:[2026-05-13 19:03:46] BSR-MoE controller: step1 replacement_integrate elapsed=0.000s (step=4000)
WARNING:megatron.core.transformer.moe.recovery_controller:[2026-05-13 19:03:46] BSR-MoE controller: PENDING_GROUP_REPAIR → WAITING_FOR_REPLACEMENT (event=replacement_assigned, step=4000)
WARNING:megatron.core.transformer.moe.recovery_controller:[2026-05-13 19:03:46] BSR-MoE controller: step2 group_rebuild_request elapsed=0.000s (step=4000)
WARNING:megatron.core.transformer.moe.recovery_controller:[2026-05-13 19:03:46] BSR-MoE controller: step4 group_rebuild_finish elapsed=0.000s (step=4000)
WARNING:megatron.core.transformer.moe.replacement_registry:BSR-MoE: replacement INTEGRATED — failed_rank=3, replacement_rank=3 (step=4000)
WARNING:megatron.core.transformer.moe.recovery_controller:[2026-05-13 19:03:46] BSR-MoE controller: step2 group_rebuild_request elapsed=0.000s (step=4000)
WARNING:megatron.core.transformer.moe.recovery_controller:[2026-05-13 19:03:46] BSR-MoE controller: step3 group_rebuild_execute elapsed=0.000s (step=4000)
WARNING:megatron.core.transformer.moe.recovery_controller:[2026-05-13 19:03:46] BSR-MoE controller: replacement ready — failed_rank=3 (step=4000)
WARNING:megatron.core.transformer.moe.recovery_controller:[2026-05-13 19:03:46] BSR-MoE controller: step5 topology_refresh elapsed=0.000s (step=4000)
WARNING:megatron.core.transformer.moe.recovery_controller:[2026-05-13 19:03:46] BSR-MoE controller: step1 replacement_integrate elapsed=0.000s (step=4000)
WARNING:megatron.core.transformer.moe.recovery_controller:[2026-05-13 19:03:46] BSR-MoE controller: step4 group_rebuild_finish elapsed=0.000s (step=4000)
WARNING:megatron.core.transformer.moe.recovery_controller:[2026-05-13 19:03:46] BSR-MoE controller: step3 group_rebuild_execute elapsed=0.000s (step=4000)
WARNING:megatron.core.transformer.moe.recovery_controller:[2026-05-13 19:03:46] BSR-MoE controller: ⏱️  [Phase A] Infrastructure repair COMPLETED (elapsed=0.000s)
WARNING:megatron.core.transformer.moe.recovery_controller:[2026-05-13 19:03:46] BSR-MoE controller: step5 topology_refresh elapsed=0.000s (step=4000)
WARNING:megatron.core.transformer.moe.recovery_controller:[2026-05-13 19:03:46] BSR-MoE controller: step2 group_rebuild_request elapsed=0.000s (step=4000)
WARNING:megatron.core.transformer.moe.recovery_controller:[2026-05-13 19:03:46] BSR-MoE controller: step4 group_rebuild_finish elapsed=0.000s (step=4000)
WARNING:megatron.core.transformer.moe.recovery_controller:[2026-05-13 19:03:46] BSR-MoE controller: WAITING_FOR_REPLACEMENT → SAFE_POINT_REPAIR (event=replacement_ready, step=4000)
WARNING:megatron.core.transformer.moe.recovery_controller:[2026-05-13 19:03:46] BSR-MoE controller: ⏱️  [Phase B] Starting parameter recovery...
WARNING:megatron.core.transformer.moe.recovery_controller:[2026-05-13 19:03:46] BSR-MoE controller: ⏱️  [Phase A] Infrastructure repair COMPLETED (elapsed=0.000s)
WARNING:megatron.core.transformer.moe.recovery_controller:[2026-05-13 19:03:46] BSR-MoE controller: step5 topology_refresh elapsed=0.000s (step=4000)
WARNING:megatron.core.transformer.moe.recovery_controller:[2026-05-13 19:03:46] BSR-MoE controller: step3 group_rebuild_execute elapsed=0.000s (step=4000)
WARNING:megatron.core.transformer.moe.recovery_controller:BSR-MoE controller: restart-in-place fast path for rank 3 (replacement=self, step=4000)
WARNING:megatron.core.transformer.moe.recovery_controller:[2026-05-13 19:03:46] BSR-MoE controller: ⏱️  [Phase B] Starting parameter recovery...
WARNING:megatron.core.transformer.moe.recovery_controller:[2026-05-13 19:03:46] BSR-MoE controller: ⏱️  [Phase A] Infrastructure repair COMPLETED (elapsed=0.000s)
WARNING:megatron.core.transformer.moe.recovery_controller:[2026-05-13 19:03:46] BSR-MoE controller: step4 group_rebuild_finish elapsed=0.000s (step=4000)
WARNING:megatron.core.transformer.moe.bsr_integration:[2026-05-13 19:03:46] BSR-MoE FAULT INJECTION: next periodic fault scheduled at step 4040 (interval=40, total_injections=11)
WARNING:megatron.core.transformer.moe.recovery_controller:[2026-05-13 19:03:46] BSR-MoE controller: ⏱️  [Phase B] Starting parameter recovery...
WARNING:megatron.core.transformer.moe.recovery_controller:[2026-05-13 19:03:46] BSR-MoE controller: step5 topology_refresh elapsed=0.000s (step=4000)
WARNING:megatron.core.transformer.moe.recovery_controller:[2026-05-13 19:03:46] BSR-MoE controller: ⏱️  [Phase A] Infrastructure repair COMPLETED (elapsed=0.000s)
WARNING:megatron.core.transformer.moe.recovery_controller:[2026-05-13 19:03:46] BSR-MoE controller: ⏱️  START safe-point repair at step 4000 (failed=3, replacement=3)
WARNING:megatron.core.transformer.moe.recovery_controller:[2026-05-13 19:03:46] BSR-MoE controller: ⏱️  [Phase B] Starting parameter recovery...
WARNING:megatron.core.transformer.moe.recovery_controller:[2026-05-13 19:03:46] BSR-MoE controller: ⏱️  [Phase A] Starting infrastructure repair...
INFO:megatron.core.transformer.moe.replacement_registry:BSR-MoE replacement: failed_rank=3, replacement_rank=3, BOOTSTRAPPING → READY_FOR_REPAIR (step=4000)
INFO:megatron.core.transformer.moe.replacement_registry:BSR-MoE replacement: failed_rank=3, replacement_rank=3, READY_FOR_REPAIR → INTEGRATED (step=4000)
WARNING:megatron.core.transformer.moe.replacement_registry:BSR-MoE: replacement INTEGRATED — failed_rank=3, replacement_rank=3 (step=4000)
WARNING:megatron.core.transformer.moe.recovery_controller:[2026-05-13 19:03:46] BSR-MoE controller: step1 replacement_integrate elapsed=0.000s (step=4000)
WARNING:megatron.core.transformer.moe.recovery_controller:[2026-05-13 19:03:46] BSR-MoE controller: step2 group_rebuild_request elapsed=0.000s (step=4000)
WARNING:megatron.core.transformer.moe.recovery_controller:[2026-05-13 19:03:46] BSR-MoE controller: step3 group_rebuild_execute elapsed=0.000s (step=4000)
WARNING:megatron.core.transformer.moe.recovery_controller:[2026-05-13 19:03:46] BSR-MoE controller: step4 group_rebuild_finish elapsed=0.000s (step=4000)
WARNING:megatron.core.transformer.moe.recovery_controller:[2026-05-13 19:03:46] BSR-MoE controller: step5 topology_refresh elapsed=0.000s (step=4000)
WARNING:megatron.core.transformer.moe.recovery_controller:[2026-05-13 19:03:46] BSR-MoE controller: ⏱️  [Phase A] Infrastructure repair COMPLETED (elapsed=0.000s)
WARNING:megatron.core.transformer.moe.recovery_controller:[2026-05-13 19:03:46] BSR-MoE controller: ⏱️  [Phase B] Starting parameter recovery...
INFO:megatron.core.transformer.moe.bsr_integration:BSR-MoE: found latest checkpoint with BSR manifest at /mnt/ais-c1/dataset/zds/5.12/bsr/iter_0004000 (step=4000)
INFO:megatron.core.transformer.moe.bsr_integration:BSR-MoE: found latest checkpoint with BSR manifest at /mnt/ais-c1/dataset/zds/5.12/bsr/iter_0004000 (step=4000)
INFO:megatron.core.transformer.moe.bsr_integration:BSR-MoE: found latest checkpoint with BSR manifest at /mnt/ais-c1/dataset/zds/5.12/bsr/iter_0004000 (step=4000)
INFO:megatron.core.transformer.moe.bsr_integration:BSR-MoE: found latest checkpoint with BSR manifest at /mnt/ais-c1/dataset/zds/5.12/bsr/iter_0004000 (step=4000)
INFO:megatron.core.transformer.moe.bsr_integration:BSR-MoE: found latest checkpoint with BSR manifest at /mnt/ais-c1/dataset/zds/5.12/bsr/iter_0004000 (step=4000)
INFO:megatron.core.transformer.moe.bsr_integration:BSR-MoE: found latest checkpoint with BSR manifest at /mnt/ais-c1/dataset/zds/5.12/bsr/iter_0004000 (step=4000)
INFO:megatron.core.transformer.moe.bsr_integration:BSR-MoE: found latest checkpoint with BSR manifest at /mnt/ais-c1/dataset/zds/5.12/bsr/iter_0004000 (step=4000)
INFO:megatron.core.transformer.moe.bsr_integration:BSR-MoE: found latest checkpoint with BSR manifest at /mnt/ais-c1/dataset/zds/5.12/bsr/iter_0004000 (step=4000)
WARNING:megatron.core.transformer.moe.recovery_controller:[2026-05-13 19:03:46] BSR-MoE controller: HYBRID_RECOVERY path — dense from DP peer, experts from checkpoint (step=4000, failed=3, replacement=3)
WARNING:megatron.core.transformer.moe.recovery_controller:[2026-05-13 19:03:46] BSR-MoE controller: dense_sync elapsed=0.000s (step=4000)
WARNING:megatron.core.transformer.moe.recovery_controller:[2026-05-13 19:03:46] BSR-MoE controller: HYBRID_RECOVERY path — dense from DP peer, experts from checkpoint (step=4000, failed=3, replacement=3)
WARNING:megatron.core.transformer.moe.recovery_controller:[2026-05-13 19:03:46] BSR-MoE controller: expert_restore (sync weights, deferred optimizer) elapsed=0.000s (step=4000)
WARNING:megatron.core.transformer.moe.recovery_controller:[2026-05-13 19:03:46] BSR-MoE controller: ⏱️  [Phase B] Parameter recovery COMPLETED (path=HYBRID_RECOVERY, elapsed=0.163s)
WARNING:megatron.core.transformer.moe.recovery_controller:[2026-05-13 19:03:46] BSR-MoE controller: dense_sync elapsed=0.000s (step=4000)
INFO:megatron.core.transformer.moe.bsr_integration:BSR-MoE post-recovery convergence: views consistent after HYBRID_RECOVERY path (step=4000)
WARNING:megatron.core.transformer.moe.recovery_controller:[2026-05-13 19:03:46] BSR-MoE controller: expert_restore (sync weights, deferred optimizer) elapsed=0.000s (step=4000)
WARNING:megatron.core.transformer.moe.recovery_controller:[2026-05-13 19:03:46] BSR-MoE controller: ⏱️  [Phase B→C] Post-recovery convergence completed (path=HYBRID_RECOVERY, elapsed=0.000s, step=4000)
WARNING:megatron.core.transformer.moe.recovery_controller:[2026-05-13 19:03:46] BSR-MoE controller: ⏱️  [Phase C] Starting post-repair...
WARNING:megatron.core.transformer.moe.recovery_controller:[2026-05-13 19:03:46] BSR-MoE controller: ⏱️  [Phase B] Parameter recovery COMPLETED (path=HYBRID_RECOVERY, elapsed=0.162s)
WARNING:megatron.core.transformer.moe.recovery_controller:[2026-05-13 19:03:46] BSR-MoE controller: HYBRID_RECOVERY path — dense from DP peer, experts from checkpoint (step=4000, failed=3, replacement=3)
INFO:megatron.core.transformer.moe.reintegration_barrier:BSR-MoE barrier: begin reintegration for rank 3 -> 3 (experts=[48, 49, 50, 51, 52, 53, 54, 55, 56, 57, 58, 59, 60, 61, 62, 63], step=4000)
INFO:megatron.core.transformer.moe.bsr_integration:BSR-MoE post-recovery convergence: views consistent after HYBRID_RECOVERY path (step=4000)
WARNING:megatron.core.transformer.moe.recovery_controller:[2026-05-13 19:03:46] BSR-MoE controller: dense_sync elapsed=0.000s (step=4000)
WARNING:megatron.core.transformer.moe.recovery_controller:[2026-05-13 19:03:46] BSR-MoE controller: ⏱️  [Phase B→C] Post-recovery convergence completed (path=HYBRID_RECOVERY, elapsed=0.000s, step=4000)
WARNING:megatron.core.transformer.moe.recovery_controller:[2026-05-13 19:03:46] BSR-MoE controller: ⏱️  [Phase C] Starting post-repair...
INFO:megatron.core.transformer.moe.reintegration_barrier:BSR-MoE barrier: rank 3 -> REPAIRED_NOT_ROUTED (all preconditions met, step=4000)
WARNING:megatron.core.transformer.moe.recovery_controller:[2026-05-13 19:03:46] BSR-MoE controller: expert_restore (sync weights, deferred optimizer) elapsed=0.000s (step=4000)
WARNING:megatron.core.transformer.moe.recovery_controller:[2026-05-13 19:03:46] BSR-MoE controller: reintegration barrier initialized for rank 3 (all preconditions marked, step=4000)
WARNING:megatron.core.transformer.moe.recovery_controller:[2026-05-13 19:03:46] BSR-MoE controller: ⏱️  [Phase B] Parameter recovery COMPLETED (path=HYBRID_RECOVERY, elapsed=0.163s)
WARNING:megatron.core.transformer.moe.recovery_controller:[2026-05-13 19:03:46] BSR-MoE controller: SAFE_POINT_REPAIR → REINTEGRATED (event=safe_point_repair_completed, step=4000)
INFO:megatron.core.transformer.moe.reintegration_barrier:BSR-MoE barrier: begin reintegration for rank 3 -> 3 (experts=[48, 49, 50, 51, 52, 53, 54, 55, 56, 57, 58, 59, 60, 61, 62, 63], step=4000)
WARNING:megatron.core.transformer.moe.recovery_controller:[2026-05-13 19:03:46] BSR-MoE controller: ⏱️  ✅ SAFE-POINT REPAIR COMPLETED (path=HYBRID_RECOVERY, step=4000, failed=3, replacement=3) | Total=0.163s | Breakdown: PhaseA=0.000s, PhaseB=0.163s, PhaseC=0.000s
INFO:megatron.core.transformer.moe.bsr_integration:BSR-MoE post-recovery convergence: views consistent after HYBRID_RECOVERY path (step=4000)
WARNING:megatron.core.transformer.moe.recovery_controller:[2026-05-13 19:03:46] BSR-MoE controller: ⏱️  [Phase B→C] Post-recovery convergence completed (path=HYBRID_RECOVERY, elapsed=0.000s, step=4000)
INFO:megatron.core.transformer.moe.reintegration_barrier:BSR-MoE barrier: rank 3 -> REPAIRED_NOT_ROUTED (all preconditions met, step=4000)
WARNING:megatron.core.transformer.moe.recovery_controller:[2026-05-13 19:03:46] BSR-MoE controller: ⏱️  [Phase C] Starting post-repair...
WARNING:megatron.core.transformer.moe.recovery_controller:[2026-05-13 19:03:46] BSR-MoE controller: reintegration barrier initialized for rank 3 (all preconditions marked, step=4000)
WARNING:megatron.core.transformer.moe.recovery_controller:[2026-05-13 19:03:46] BSR-MoE controller: SAFE_POINT_REPAIR → REINTEGRATED (event=safe_point_repair_completed, step=4000)
WARNING:megatron.core.transformer.moe.recovery_controller:[2026-05-13 19:03:46] BSR-MoE controller: ⏱️  ✅ SAFE-POINT REPAIR COMPLETED (path=HYBRID_RECOVERY, step=4000, failed=3, replacement=3) | Total=0.163s | Breakdown: PhaseA=0.000s, PhaseB=0.162s, PhaseC=0.000s
INFO:megatron.core.transformer.moe.reintegration_barrier:BSR-MoE barrier: begin reintegration for rank 3 -> 3 (experts=[48, 49, 50, 51, 52, 53, 54, 55, 56, 57, 58, 59, 60, 61, 62, 63], step=4000)
WARNING:megatron.core.transformer.moe.recovery_controller:[2026-05-13 19:03:46] BSR-MoE controller: HYBRID_RECOVERY path — dense from DP peer, experts from checkpoint (step=4000, failed=3, replacement=3)
INFO:megatron.core.transformer.moe.reintegration_barrier:BSR-MoE barrier: rank 3 -> REPAIRED_NOT_ROUTED (all preconditions met, step=4000)
WARNING:megatron.core.transformer.moe.recovery_controller:[2026-05-13 19:03:46] BSR-MoE controller: reintegration barrier initialized for rank 3 (all preconditions marked, step=4000)
WARNING:megatron.core.transformer.moe.recovery_controller:[2026-05-13 19:03:46] BSR-MoE controller: SAFE_POINT_REPAIR → REINTEGRATED (event=safe_point_repair_completed, step=4000)
WARNING:megatron.core.transformer.moe.recovery_controller:[2026-05-13 19:03:46] BSR-MoE controller: dense_sync elapsed=0.000s (step=4000)
WARNING:megatron.core.transformer.moe.recovery_controller:[2026-05-13 19:03:46] BSR-MoE controller: ⏱️  ✅ SAFE-POINT REPAIR COMPLETED (path=HYBRID_RECOVERY, step=4000, failed=3, replacement=3) | Total=0.164s | Breakdown: PhaseA=0.000s, PhaseB=0.163s, PhaseC=0.000s
WARNING:megatron.core.transformer.moe.recovery_controller:[2026-05-13 19:03:46] BSR-MoE controller: HYBRID_RECOVERY path — dense from DP peer, experts from checkpoint (step=4000, failed=3, replacement=3)
WARNING:megatron.core.transformer.moe.recovery_controller:[2026-05-13 19:03:46] BSR-MoE controller: HYBRID_RECOVERY path — dense from DP peer, experts from checkpoint (step=4000, failed=3, replacement=3)
WARNING:megatron.core.transformer.moe.recovery_controller:[2026-05-13 19:03:46] BSR-MoE controller: expert_restore (sync weights, deferred optimizer) elapsed=0.000s (step=4000)
WARNING:megatron.core.transformer.moe.recovery_controller:[2026-05-13 19:03:46] BSR-MoE controller: ⏱️  [Phase B] Parameter recovery COMPLETED (path=HYBRID_RECOVERY, elapsed=0.164s)
WARNING:megatron.core.transformer.moe.recovery_controller:[2026-05-13 19:03:46] BSR-MoE controller: dense_sync elapsed=0.000s (step=4000)
WARNING:megatron.core.transformer.moe.recovery_controller:[2026-05-13 19:03:46] BSR-MoE controller: dense_sync elapsed=0.000s (step=4000)
INFO:megatron.core.transformer.moe.bsr_integration:BSR-MoE post-recovery convergence: views consistent after HYBRID_RECOVERY path (step=4000)
WARNING:megatron.core.transformer.moe.recovery_controller:[2026-05-13 19:03:46] BSR-MoE controller: expert_restore (sync weights, deferred optimizer) elapsed=0.000s (step=4000)
WARNING:megatron.core.transformer.moe.recovery_controller:[2026-05-13 19:03:46] BSR-MoE controller: HYBRID_RECOVERY path — dense from DP peer, experts from checkpoint (step=4000, failed=3, replacement=3)
WARNING:megatron.core.transformer.moe.recovery_controller:[2026-05-13 19:03:46] BSR-MoE controller: ⏱️  [Phase B→C] Post-recovery convergence completed (path=HYBRID_RECOVERY, elapsed=0.000s, step=4000)
WARNING:megatron.core.transformer.moe.recovery_controller:[2026-05-13 19:03:46] BSR-MoE controller: ⏱️  [Phase B] Parameter recovery COMPLETED (path=HYBRID_RECOVERY, elapsed=0.163s)
WARNING:megatron.core.transformer.moe.recovery_controller:[2026-05-13 19:03:46] BSR-MoE controller: expert_restore (sync weights, deferred optimizer) elapsed=0.000s (step=4000)
WARNING:megatron.core.transformer.moe.recovery_controller:[2026-05-13 19:03:46] BSR-MoE controller: HYBRID_RECOVERY path — dense from DP peer, experts from checkpoint (step=4000, failed=3, replacement=3)
WARNING:megatron.core.transformer.moe.recovery_controller:[2026-05-13 19:03:46] BSR-MoE controller: ⏱️  [Phase C] Starting post-repair...
WARNING:megatron.core.transformer.moe.recovery_controller:[2026-05-13 19:03:46] BSR-MoE controller: ⏱️  [Phase B] Parameter recovery COMPLETED (path=HYBRID_RECOVERY, elapsed=0.163s)
WARNING:megatron.core.transformer.moe.recovery_controller:[2026-05-13 19:03:46] BSR-MoE controller: dense_sync elapsed=0.000s (step=4000)
INFO:megatron.core.transformer.moe.bsr_integration:BSR-MoE post-recovery convergence: views consistent after HYBRID_RECOVERY path (step=4000)
INFO:megatron.core.transformer.moe.reintegration_barrier:BSR-MoE barrier: begin reintegration for rank 3 -> 3 (experts=[48, 49, 50, 51, 52, 53, 54, 55, 56, 57, 58, 59, 60, 61, 62, 63], step=4000)
WARNING:megatron.core.transformer.moe.recovery_controller:[2026-05-13 19:03:46] BSR-MoE controller: dense_sync elapsed=0.000s (step=4000)
INFO:megatron.core.transformer.moe.bsr_integration:BSR-MoE post-recovery convergence: views consistent after HYBRID_RECOVERY path (step=4000)
WARNING:megatron.core.transformer.moe.recovery_controller:[2026-05-13 19:03:46] BSR-MoE controller: ⏱️  [Phase B→C] Post-recovery convergence completed (path=HYBRID_RECOVERY, elapsed=0.000s, step=4000)
WARNING:megatron.core.transformer.moe.recovery_controller:[2026-05-13 19:03:46] BSR-MoE controller: expert_restore (sync weights, deferred optimizer) elapsed=0.000s (step=4000)
WARNING:megatron.core.transformer.moe.recovery_controller:[2026-05-13 19:03:46] BSR-MoE controller: ⏱️  [Phase B→C] Post-recovery convergence completed (path=HYBRID_RECOVERY, elapsed=0.000s, step=4000)
WARNING:megatron.core.transformer.moe.recovery_controller:[2026-05-13 19:03:46] BSR-MoE controller: ⏱️  [Phase C] Starting post-repair...
WARNING:megatron.core.transformer.moe.recovery_controller:[2026-05-13 19:03:46] BSR-MoE controller: ⏱️  [Phase C] Starting post-repair...
WARNING:megatron.core.transformer.moe.recovery_controller:[2026-05-13 19:03:46] BSR-MoE controller: ⏱️  [Phase B] Parameter recovery COMPLETED (path=HYBRID_RECOVERY, elapsed=0.164s)
WARNING:megatron.core.transformer.moe.recovery_controller:[2026-05-13 19:03:46] BSR-MoE controller: expert_restore (sync weights, deferred optimizer) elapsed=0.000s (step=4000)
INFO:megatron.core.transformer.moe.reintegration_barrier:BSR-MoE barrier: rank 3 -> REPAIRED_NOT_ROUTED (all preconditions met, step=4000)
WARNING:megatron.core.transformer.moe.recovery_controller:[2026-05-13 19:03:46] BSR-MoE controller: ⏱️  [Phase B] Parameter recovery COMPLETED (path=HYBRID_RECOVERY, elapsed=0.163s)
WARNING:megatron.core.transformer.moe.recovery_controller:[2026-05-13 19:03:46] BSR-MoE controller: reintegration barrier initialized for rank 3 (all preconditions marked, step=4000)
WARNING:megatron.core.transformer.moe.recovery_controller:[2026-05-13 19:03:46] BSR-MoE controller: SAFE_POINT_REPAIR → REINTEGRATED (event=safe_point_repair_completed, step=4000)
INFO:megatron.core.transformer.moe.reintegration_barrier:BSR-MoE barrier: begin reintegration for rank 3 -> 3 (experts=[48, 49, 50, 51, 52, 53, 54, 55, 56, 57, 58, 59, 60, 61, 62, 63], step=4000)
INFO:megatron.core.transformer.moe.reintegration_barrier:BSR-MoE barrier: begin reintegration for rank 3 -> 3 (experts=[48, 49, 50, 51, 52, 53, 54, 55, 56, 57, 58, 59, 60, 61, 62, 63], step=4000)
WARNING:megatron.core.transformer.moe.recovery_controller:[2026-05-13 19:03:46] BSR-MoE controller: ⏱️  ✅ SAFE-POINT REPAIR COMPLETED (path=HYBRID_RECOVERY, step=4000, failed=3, replacement=3) | Total=0.165s | Breakdown: PhaseA=0.000s, PhaseB=0.164s, PhaseC=0.000s
INFO:megatron.core.transformer.moe.bsr_integration:BSR-MoE post-recovery convergence: views consistent after HYBRID_RECOVERY path (step=4000)
WARNING:megatron.core.transformer.moe.recovery_controller:[2026-05-13 19:03:46] BSR-MoE controller: ⏱️  [Phase B→C] Post-recovery convergence completed (path=HYBRID_RECOVERY, elapsed=0.000s, step=4000)
INFO:megatron.core.transformer.moe.bsr_integration:BSR-MoE post-recovery convergence: views consistent after HYBRID_RECOVERY path (step=4000)
WARNING:megatron.core.transformer.moe.recovery_controller:[2026-05-13 19:03:46] BSR-MoE controller: ⏱️  [Phase C] Starting post-repair...
WARNING:megatron.core.transformer.moe.recovery_controller:[2026-05-13 19:03:46] BSR-MoE controller: ⏱️  [Phase B→C] Post-recovery convergence completed (path=HYBRID_RECOVERY, elapsed=0.000s, step=4000)
INFO:megatron.core.transformer.moe.reintegration_barrier:BSR-MoE barrier: rank 3 -> REPAIRED_NOT_ROUTED (all preconditions met, step=4000)
INFO:megatron.core.transformer.moe.reintegration_barrier:BSR-MoE barrier: rank 3 -> REPAIRED_NOT_ROUTED (all preconditions met, step=4000)
WARNING:megatron.core.transformer.moe.recovery_controller:[2026-05-13 19:03:46] BSR-MoE controller: ⏱️  [Phase C] Starting post-repair...
WARNING:megatron.core.transformer.moe.recovery_controller:[2026-05-13 19:03:46] BSR-MoE controller: reintegration barrier initialized for rank 3 (all preconditions marked, step=4000)
WARNING:megatron.core.transformer.moe.recovery_controller:[2026-05-13 19:03:46] BSR-MoE controller: reintegration barrier initialized for rank 3 (all preconditions marked, step=4000)
WARNING:megatron.core.transformer.moe.recovery_controller:[2026-05-13 19:03:46] BSR-MoE controller: SAFE_POINT_REPAIR → REINTEGRATED (event=safe_point_repair_completed, step=4000)
WARNING:megatron.core.transformer.moe.recovery_controller:[2026-05-13 19:03:46] BSR-MoE controller: SAFE_POINT_REPAIR → REINTEGRATED (event=safe_point_repair_completed, step=4000)
INFO:megatron.core.transformer.moe.reintegration_barrier:BSR-MoE barrier: begin reintegration for rank 3 -> 3 (experts=[48, 49, 50, 51, 52, 53, 54, 55, 56, 57, 58, 59, 60, 61, 62, 63], step=4000)
WARNING:megatron.core.transformer.moe.recovery_controller:[2026-05-13 19:03:46] BSR-MoE controller: ⏱️  ✅ SAFE-POINT REPAIR COMPLETED (path=HYBRID_RECOVERY, step=4000, failed=3, replacement=3) | Total=0.164s | Breakdown: PhaseA=0.000s, PhaseB=0.163s, PhaseC=0.000s
WARNING:megatron.core.transformer.moe.recovery_controller:[2026-05-13 19:03:46] BSR-MoE controller: ⏱️  ✅ SAFE-POINT REPAIR COMPLETED (path=HYBRID_RECOVERY, step=4000, failed=3, replacement=3) | Total=0.164s | Breakdown: PhaseA=0.000s, PhaseB=0.163s, PhaseC=0.000s
INFO:megatron.core.transformer.moe.reintegration_barrier:BSR-MoE barrier: begin reintegration for rank 3 -> 3 (experts=[48, 49, 50, 51, 52, 53, 54, 55, 56, 57, 58, 59, 60, 61, 62, 63], step=4000)
INFO:megatron.core.transformer.moe.reintegration_barrier:BSR-MoE barrier: rank 3 -> REPAIRED_NOT_ROUTED (all preconditions met, step=4000)
WARNING:megatron.core.transformer.moe.recovery_controller:[2026-05-13 19:03:46] BSR-MoE controller: reintegration barrier initialized for rank 3 (all preconditions marked, step=4000)
INFO:megatron.core.transformer.moe.reintegration_barrier:BSR-MoE barrier: rank 3 -> REPAIRED_NOT_ROUTED (all preconditions met, step=4000)
WARNING:megatron.core.transformer.moe.recovery_controller:[2026-05-13 19:03:46] BSR-MoE controller: SAFE_POINT_REPAIR → REINTEGRATED (event=safe_point_repair_completed, step=4000)
WARNING:megatron.core.transformer.moe.recovery_controller:[2026-05-13 19:03:46] BSR-MoE controller: reintegration barrier initialized for rank 3 (all preconditions marked, step=4000)
WARNING:megatron.core.transformer.moe.recovery_controller:[2026-05-13 19:03:46] BSR-MoE controller: ⏱️  ✅ SAFE-POINT REPAIR COMPLETED (path=HYBRID_RECOVERY, step=4000, failed=3, replacement=3) | Total=0.164s | Breakdown: PhaseA=0.000s, PhaseB=0.164s, PhaseC=0.000s
WARNING:megatron.core.transformer.moe.recovery_controller:[2026-05-13 19:03:46] BSR-MoE controller: SAFE_POINT_REPAIR → REINTEGRATED (event=safe_point_repair_completed, step=4000)
WARNING:megatron.core.transformer.moe.recovery_controller:[2026-05-13 19:03:46] BSR-MoE controller: ⏱️  ✅ SAFE-POINT REPAIR COMPLETED (path=HYBRID_RECOVERY, step=4000, failed=3, replacement=3) | Total=0.164s | Breakdown: PhaseA=0.000s, PhaseB=0.163s, PhaseC=0.000s
WARNING:megatron.core.transformer.moe.optimizer_commit_guard:BSR-MoE OptimizerCommitGuard: BLOCKING optimizer.step() at step 4000 — explicitly blocked (reason=hard_failure_rank_3_step_4000)
WARNING:megatron.core.transformer.moe.optimizer_commit_guard:BSR-MoE OptimizerCommitGuard: BLOCKING optimizer.step() at step 4000 — explicitly blocked (reason=hard_failure_rank_3_step_4000)
INFO:megatron.core.transformer.moe.optimizer_commit_guard:BSR-MoE OptimizerCommitGuard: optimizer.step() SKIPPED at step 4000 (reason: iteration_invalidated)
INFO:megatron.core.transformer.moe.optimizer_commit_guard:BSR-MoE OptimizerCommitGuard: optimizer.step() SKIPPED at step 4000 (reason: iteration_invalidated)
WARNING:megatron.core.transformer.moe.optimizer_commit_guard:BSR-MoE OptimizerCommitGuard: BLOCKING optimizer.step() at step 4000 — explicitly blocked (reason=hard_failure_rank_3_step_4000)
INFO:megatron.core.transformer.moe.optimizer_commit_guard:BSR-MoE OptimizerCommitGuard: optimizer.step() SKIPPED at step 4000 (reason: iteration_invalidated)
WARNING:megatron.core.transformer.moe.optimizer_commit_guard:BSR-MoE OptimizerCommitGuard: BLOCKING optimizer.step() at step 4000 — explicitly blocked (reason=hard_failure_rank_3_step_4000)
INFO:megatron.core.transformer.moe.optimizer_commit_guard:BSR-MoE OptimizerCommitGuard: optimizer.step() SKIPPED at step 4000 (reason: iteration_invalidated)
WARNING:megatron.core.transformer.moe.optimizer_commit_guard:BSR-MoE OptimizerCommitGuard: BLOCKING optimizer.step() at step 4000 — explicitly blocked (reason=hard_failure_rank_3_step_4000)
WARNING:megatron.core.transformer.moe.optimizer_commit_guard:BSR-MoE OptimizerCommitGuard: BLOCKING optimizer.step() at step 4000 — explicitly blocked (reason=hard_failure_rank_3_step_4000)
INFO:megatron.core.transformer.moe.optimizer_commit_guard:BSR-MoE OptimizerCommitGuard: optimizer.step() SKIPPED at step 4000 (reason: iteration_invalidated)
WARNING:megatron.core.transformer.moe.optimizer_commit_guard:BSR-MoE OptimizerCommitGuard: BLOCKING optimizer.step() at step 4000 — explicitly blocked (reason=hard_failure_rank_3_step_4000)
INFO:megatron.core.transformer.moe.optimizer_commit_guard:BSR-MoE OptimizerCommitGuard: optimizer.step() SKIPPED at step 4000 (reason: iteration_invalidated)
INFO:megatron.core.transformer.moe.optimizer_commit_guard:BSR-MoE OptimizerCommitGuard: optimizer.step() SKIPPED at step 4000 (reason: iteration_invalidated)
WARNING:megatron.core.transformer.moe.optimizer_commit_guard:BSR-MoE OptimizerCommitGuard: BLOCKING optimizer.step() at step 4000 — explicitly blocked (reason=hard_failure_rank_3_step_4000)
INFO:megatron.core.transformer.moe.optimizer_commit_guard:BSR-MoE OptimizerCommitGuard: optimizer.step() SKIPPED at step 4000 (reason: iteration_invalidated)
 [2026-05-13 19:04:15] iteration     4001/   20000 | consumed samples:       256064 | elapsed time per iteration (ms): 29220.0 | learning rate: 9.178428E-05 | global batch size:    64 | load_balancing_loss: 1.035045E+00 | loss scale: 1.0 | number of skipped iterations:   1 | number of nan iterations:   0 |
WARNING:megatron.core.transformer.moe.reintegration_barrier:BSR-MoE barrier: rank 3 reintegrated at step 4001 (replacement=3, experts=[48, 49, 50, 51, 52, 53, 54, 55, 56, 57, 58, 59, 60, 61, 62, 63])
INFO:megatron.core.transformer.moe.recovery_controller:BSR-MoE controller: barrier reintegration executed for rank 3 at step 4001
WARNING:megatron.core.transformer.moe.reintegration_barrier:BSR-MoE barrier: rank 3 reintegrated at step 4001 (replacement=3, experts=[48, 49, 50, 51, 52, 53, 54, 55, 56, 57, 58, 59, 60, 61, 62, 63])
INFO:megatron.core.transformer.moe.recovery_controller:BSR-MoE controller: barrier reintegration executed for rank 3 at step 4001
WARNING:megatron.core.transformer.moe.reintegration_barrier:BSR-MoE barrier: rank 3 reintegrated at step 4001 (replacement=3, experts=[48, 49, 50, 51, 52, 53, 54, 55, 56, 57, 58, 59, 60, 61, 62, 63])
WARNING:megatron.core.transformer.moe.reintegration_barrier:BSR-MoE barrier: rank 3 reintegrated at step 4001 (replacement=3, experts=[48, 49, 50, 51, 52, 53, 54, 55, 56, 57, 58, 59, 60, 61, 62, 63])
INFO:megatron.core.transformer.moe.recovery_controller:BSR-MoE controller: barrier reintegration executed for rank 3 at step 4001
WARNING:megatron.core.transformer.moe.recovery_controller:[2026-05-13 19:04:15] BSR-MoE controller: REINTEGRATED → HEALTHY_TRAINING (event=reintegration_finalized, step=4001)
WARNING:megatron.core.transformer.moe.reintegration_barrier:BSR-MoE barrier: rank 3 reintegrated at step 4001 (replacement=3, experts=[48, 49, 50, 51, 52, 53, 54, 55, 56, 57, 58, 59, 60, 61, 62, 63])
INFO:megatron.core.transformer.moe.recovery_controller:BSR-MoE controller: barrier reintegration executed for rank 3 at step 4001
WARNING:megatron.core.transformer.moe.recovery_controller:[2026-05-13 19:04:15] BSR-MoE controller: reintegration finalized at step 4001 (1 recoveries completed)
INFO:megatron.core.transformer.moe.recovery_controller:BSR-MoE controller: barrier reintegration executed for rank 3 at step 4001
WARNING:megatron.core.transformer.moe.recovery_controller:[2026-05-13 19:04:15] BSR-MoE controller: REINTEGRATED → HEALTHY_TRAINING (event=reintegration_finalized, step=4001)
WARNING:megatron.core.transformer.moe.recovery_controller:[2026-05-13 19:04:15] BSR-MoE controller: reintegration finalized at step 4001 (1 recoveries completed)
WARNING:megatron.core.transformer.moe.reintegration_barrier:BSR-MoE barrier: rank 3 reintegrated at step 4001 (replacement=3, experts=[48, 49, 50, 51, 52, 53, 54, 55, 56, 57, 58, 59, 60, 61, 62, 63])
WARNING:megatron.core.transformer.moe.recovery_controller:[2026-05-13 19:04:15] BSR-MoE controller: REINTEGRATED → HEALTHY_TRAINING (event=reintegration_finalized, step=4001)
WARNING:megatron.core.transformer.moe.reintegration_barrier:BSR-MoE barrier: rank 3 reintegrated at step 4001 (replacement=3, experts=[48, 49, 50, 51, 52, 53, 54, 55, 56, 57, 58, 59, 60, 61, 62, 63])
WARNING:megatron.core.transformer.moe.recovery_controller:[2026-05-13 19:04:15] BSR-MoE controller: REINTEGRATED → HEALTHY_TRAINING (event=reintegration_finalized, step=4001)
INFO:megatron.core.transformer.moe.recovery_controller:BSR-MoE controller: barrier reintegration executed for rank 3 at step 4001
WARNING:megatron.core.transformer.moe.recovery_controller:[2026-05-13 19:04:15] BSR-MoE controller: reintegration finalized at step 4001 (1 recoveries completed)
INFO:megatron.core.transformer.moe.recovery_controller:BSR-MoE controller: barrier reintegration executed for rank 3 at step 4001
WARNING:megatron.core.transformer.moe.recovery_controller:[2026-05-13 19:04:15] BSR-MoE controller: reintegration finalized at step 4001 (1 recoveries completed)
WARNING:megatron.core.transformer.moe.recovery_controller:[2026-05-13 19:04:15] BSR-MoE controller: REINTEGRATED → HEALTHY_TRAINING (event=reintegration_finalized, step=4001)
WARNING:megatron.core.transformer.moe.recovery_controller:[2026-05-13 19:04:15] BSR-MoE controller: reintegration finalized at step 4001 (1 recoveries completed)
WARNING:megatron.core.transformer.moe.recovery_controller:[2026-05-13 19:04:15] BSR-MoE controller: REINTEGRATED → HEALTHY_TRAINING (event=reintegration_finalized, step=4001)
WARNING:megatron.core.transformer.moe.recovery_controller:[2026-05-13 19:04:15] BSR-MoE controller: REINTEGRATED → HEALTHY_TRAINING (event=reintegration_finalized, step=4001)
WARNING:megatron.core.transformer.moe.recovery_controller:[2026-05-13 19:04:15] BSR-MoE controller: reintegration finalized at step 4001 (1 recoveries completed)
WARNING:megatron.core.transformer.moe.recovery_controller:[2026-05-13 19:04:15] BSR-MoE controller: reintegration finalized at step 4001 (1 recoveries completed)
WARNING:megatron.core.transformer.moe.reintegration_barrier:BSR-MoE barrier: rank 3 reintegrated at step 4001 (replacement=3, experts=[48, 49, 50, 51, 52, 53, 54, 55, 56, 57, 58, 59, 60, 61, 62, 63])
INFO:megatron.core.transformer.moe.recovery_controller:BSR-MoE controller: barrier reintegration executed for rank 3 at step 4001
WARNING:megatron.core.transformer.moe.recovery_controller:[2026-05-13 19:04:15] BSR-MoE controller: REINTEGRATED → HEALTHY_TRAINING (event=reintegration_finalized, step=4001)
WARNING:megatron.core.transformer.moe.recovery_controller:[2026-05-13 19:04:15] BSR-MoE controller: reintegration finalized at step 4001 (1 recoveries completed)
 [2026-05-13 19:04:26] iteration     4002/   20000 | consumed samples:       256128 | elapsed time per iteration (ms): 10614.7 | learning rate: 9.178021E-05 | global batch size:    64 | load_balancing_loss: 1.042741E+00 | lm loss: 3.067924E+00 | loss scale: 1.0 | grad norm: 0.213 | number of skipped iterations:   0 | number of nan iterations:   0 |
 [2026-05-13 19:04:36] iteration     4003/   20000 | consumed samples:       256192 | elapsed time per iteration (ms): 10611.4 | learning rate: 9.177614E-05 | global batch size:    64 | load_balancing_loss: 1.040272E+00 | lm loss: 3.111437E+00 | loss scale: 1.0 | grad norm: 0.196 | number of skipped iterations:   0 | number of nan iterations:   0 |
 [2026-05-13 19:04:47] iteration     4004/   20000 | consumed samples:       256256 | elapsed time per iteration (ms): 10602.0 | learning rate: 9.177206E-05 | global batch size:    64 | load_balancing_loss: 1.032544E+00 | lm loss: 3.130125E+00 | loss scale: 1.0 | grad norm: 0.192 | number of skipped iterations:   0 | number of nan iterations:   0 |
 [2026-05-13 19:04:57] iteration     4005/   20000 | consumed samples:       256320 | elapsed time per iteration (ms): 10590.8 | learning rate: 9.176799E-05 | global batch size:    64 | load_balancing_loss: 1.035993E+00 | lm loss: 3.186741E+00 | loss scale: 1.0 | grad norm: 0.191 | number of skipped iterations:   0 | number of nan iterations:   0 |
 [2026-05-13 19:05:08] iteration     4006/   20000 | consumed samples:       256384 | elapsed time per iteration (ms): 10597.0 | learning rate: 9.176391E-05 | global batch size:    64 | load_balancing_loss: 1.033106E+00 | lm loss: 3.090712E+00 | loss scale: 1.0 | grad norm: 0.197 | number of skipped iterations:   0 | number of nan iterations:   0 |
 [2026-05-13 19:05:19] iteration     4007/   20000 | consumed samples:       256448 | elapsed time per iteration (ms): 10618.3 | learning rate: 9.175983E-05 | global batch size:    64 | load_balancing_loss: 1.037560E+00 | lm loss: 3.081825E+00 | loss scale: 1.0 | grad norm: 0.195 | number of skipped iterations:   0 | number of nan iterations:   0 |
 [2026-05-13 19:05:29] iteration     4008/   20000 | consumed samples:       256512 | elapsed time per iteration (ms): 10591.8 | learning rate: 9.175576E-05 | global batch size:    64 | load_balancing_loss: 1.032649E+00 | lm loss: 3.193036E+00 | loss scale: 1.0 | grad norm: 0.200 | number of skipped iterations:   0 | number of nan iterations:   0 |
 [2026-05-13 19:05:40] iteration     4009/   20000 | consumed samples:       256576 | elapsed time per iteration (ms): 10602.5 | learning rate: 9.175167E-05 | global batch size:    64 | load_balancing_loss: 1.035024E+00 | lm loss: 3.142218E+00 | loss scale: 1.0 | grad norm: 0.195 | number of skipped iterations:   0 | number of nan iterations:   0 |
 [2026-05-13 19:05:50] iteration     4010/   20000 | consumed samples:       256640 | elapsed time per iteration (ms): 10588.1 | learning rate: 9.174759E-05 | global batch size:    64 | load_balancing_loss: 1.037680E+00 | lm loss: 3.128779E+00 | loss scale: 1.0 | grad norm: 0.194 | number of skipped iterations:   0 | number of nan iterations:   0 |
 [2026-05-13 19:06:01] iteration     4011/   20000 | consumed samples:       256704 | elapsed time per iteration (ms): 10582.7 | learning rate: 9.174351E-05 | global batch size:    64 | load_balancing_loss: 1.030002E+00 | lm loss: 3.207295E+00 | loss scale: 1.0 | grad norm: 0.226 | number of skipped iterations:   0 | number of nan iterations:   0 |
 [2026-05-13 19:06:12] iteration     4012/   20000 | consumed samples:       256768 | elapsed time per iteration (ms): 10614.8 | learning rate: 9.173943E-05 | global batch size:    64 | load_balancing_loss: 1.036836E+00 | lm loss: 3.183454E+00 | loss scale: 1.0 | grad norm: 0.194 | number of skipped iterations:   0 | number of nan iterations:   0 |
 [2026-05-13 19:06:22] iteration     4013/   20000 | consumed samples:       256832 | elapsed time per iteration (ms): 10608.6 | learning rate: 9.173535E-05 | global batch size:    64 | load_balancing_loss: 1.032354E+00 | lm loss: 3.196600E+00 | loss scale: 1.0 | grad norm: 0.195 | number of skipped iterations:   0 | number of nan iterations:   0 |
 [2026-05-13 19:06:33] iteration     4014/   20000 | consumed samples:       256896 | elapsed time per iteration (ms): 10605.8 | learning rate: 9.173126E-05 | global batch size:    64 | load_balancing_loss: 1.038346E+00 | lm loss: 3.090828E+00 | loss scale: 1.0 | grad norm: 0.191 | number of skipped iterations:   0 | number of nan iterations:   0 |
 [2026-05-13 19:06:43] iteration     4015/   20000 | consumed samples:       256960 | elapsed time per iteration (ms): 10569.7 | learning rate: 9.172718E-05 | global batch size:    64 | load_balancing_loss: 1.038469E+00 | lm loss: 3.174480E+00 | loss scale: 1.0 | grad norm: 0.200 | number of skipped iterations:   0 | number of nan iterations:   0 |
 [2026-05-13 19:06:54] iteration     4016/   20000 | consumed samples:       257024 | elapsed time per iteration (ms): 10598.3 | learning rate: 9.172309E-05 | global batch size:    64 | load_balancing_loss: 1.040431E+00 | lm loss: 3.100065E+00 | loss scale: 1.0 | grad norm: 0.196 | number of skipped iterations:   0 | number of nan iterations:   0 |
 [2026-05-13 19:07:05] iteration     4017/   20000 | consumed samples:       257088 | elapsed time per iteration (ms): 10601.5 | learning rate: 9.171900E-05 | global batch size:    64 | load_balancing_loss: 1.037461E+00 | lm loss: 3.122023E+00 | loss scale: 1.0 | grad norm: 0.192 | number of skipped iterations:   0 | number of nan iterations:   0 |
 [2026-05-13 19:07:15] iteration     4018/   20000 | consumed samples:       257152 | elapsed time per iteration (ms): 10573.0 | learning rate: 9.171492E-05 | global batch size:    64 | load_balancing_loss: 1.037068E+00 | lm loss: 3.189256E+00 | loss scale: 1.0 | grad norm: 0.191 | number of skipped iterations:   0 | number of nan iterations:   0 |
 [2026-05-13 19:07:26] iteration     4019/   20000 | consumed samples:       257216 | elapsed time per iteration (ms): 10590.1 | learning rate: 9.171083E-05 | global batch size:    64 | load_balancing_loss: 1.037643E+00 | lm loss: 3.141758E+00 | loss scale: 1.0 | grad norm: 0.195 | number of skipped iterations:   0 | number of nan iterations:   0 |
 [2026-05-13 19:07:36] iteration     4020/   20000 | consumed samples:       257280 | elapsed time per iteration (ms): 10602.7 | learning rate: 9.170674E-05 | global batch size:    64 | load_balancing_loss: 1.032274E+00 | lm loss: 3.032127E+00 | loss scale: 1.0 | grad norm: 0.189 | number of skipped iterations:   0 | number of nan iterations:   0 |
 [2026-05-13 19:07:47] iteration     4021/   20000 | consumed samples:       257344 | elapsed time per iteration (ms): 10608.1 | learning rate: 9.170265E-05 | global batch size:    64 | load_balancing_loss: 1.032437E+00 | lm loss: 3.135912E+00 | loss scale: 1.0 | grad norm: 0.188 | number of skipped iterations:   0 | number of nan iterations:   0 |
 [2026-05-13 19:07:58] iteration     4022/   20000 | consumed samples:       257408 | elapsed time per iteration (ms): 10586.5 | learning rate: 9.169856E-05 | global batch size:    64 | load_balancing_loss: 1.038849E+00 | lm loss: 3.165085E+00 | loss scale: 1.0 | grad norm: 0.192 | number of skipped iterations:   0 | number of nan iterations:   0 |
 [2026-05-13 19:08:08] iteration     4023/   20000 | consumed samples:       257472 | elapsed time per iteration (ms): 10578.7 | learning rate: 9.169447E-05 | global batch size:    64 | load_balancing_loss: 1.033784E+00 | lm loss: 3.186054E+00 | loss scale: 1.0 | grad norm: 0.191 | number of skipped iterations:   0 | number of nan iterations:   0 |
 [2026-05-13 19:08:19] iteration     4024/   20000 | consumed samples:       257536 | elapsed time per iteration (ms): 10592.8 | learning rate: 9.169037E-05 | global batch size:    64 | load_balancing_loss: 1.038090E+00 | lm loss: 3.095486E+00 | loss scale: 1.0 | grad norm: 0.199 | number of skipped iterations:   0 | number of nan iterations:   0 |
 [2026-05-13 19:08:29] iteration     4025/   20000 | consumed samples:       257600 | elapsed time per iteration (ms): 10607.6 | learning rate: 9.168628E-05 | global batch size:    64 | load_balancing_loss: 1.037722E+00 | lm loss: 3.171331E+00 | loss scale: 1.0 | grad norm: 0.188 | number of skipped iterations:   0 | number of nan iterations:   0 |
 [2026-05-13 19:08:40] iteration     4026/   20000 | consumed samples:       257664 | elapsed time per iteration (ms): 10618.7 | learning rate: 9.168218E-05 | global batch size:    64 | load_balancing_loss: 1.038133E+00 | lm loss: 3.023795E+00 | loss scale: 1.0 | grad norm: 0.194 | number of skipped iterations:   0 | number of nan iterations:   0 |
 [2026-05-13 19:08:51] iteration     4027/   20000 | consumed samples:       257728 | elapsed time per iteration (ms): 10607.8 | learning rate: 9.167809E-05 | global batch size:    64 | load_balancing_loss: 1.037138E+00 | lm loss: 3.168040E+00 | loss scale: 1.0 | grad norm: 0.195 | number of skipped iterations:   0 | number of nan iterations:   0 |
 [2026-05-13 19:09:01] iteration     4028/   20000 | consumed samples:       257792 | elapsed time per iteration (ms): 10582.0 | learning rate: 9.167399E-05 | global batch size:    64 | load_balancing_loss: 1.036056E+00 | lm loss: 3.022906E+00 | loss scale: 1.0 | grad norm: 0.195 | number of skipped iterations:   0 | number of nan iterations:   0 |
 [2026-05-13 19:09:12] iteration     4029/   20000 | consumed samples:       257856 | elapsed time per iteration (ms): 10582.0 | learning rate: 9.166989E-05 | global batch size:    64 | load_balancing_loss: 1.029241E+00 | lm loss: 3.167547E+00 | loss scale: 1.0 | grad norm: 0.197 | number of skipped iterations:   0 | number of nan iterations:   0 |
 [2026-05-13 19:09:22] iteration     4030/   20000 | consumed samples:       257920 | elapsed time per iteration (ms): 10581.8 | learning rate: 9.166580E-05 | global batch size:    64 | load_balancing_loss: 1.036330E+00 | lm loss: 3.096370E+00 | loss scale: 1.0 | grad norm: 0.200 | number of skipped iterations:   0 | number of nan iterations:   0 |
 [2026-05-13 19:09:33] iteration     4031/   20000 | consumed samples:       257984 | elapsed time per iteration (ms): 10604.2 | learning rate: 9.166170E-05 | global batch size:    64 | load_balancing_loss: 1.034073E+00 | lm loss: 3.103334E+00 | loss scale: 1.0 | grad norm: 0.188 | number of skipped iterations:   0 | number of nan iterations:   0 |
 [2026-05-13 19:09:44] iteration     4032/   20000 | consumed samples:       258048 | elapsed time per iteration (ms): 10633.2 | learning rate: 9.165760E-05 | global batch size:    64 | load_balancing_loss: 1.036927E+00 | lm loss: 3.104062E+00 | loss scale: 1.0 | grad norm: 0.196 | number of skipped iterations:   0 | number of nan iterations:   0 |
 [2026-05-13 19:09:54] iteration     4033/   20000 | consumed samples:       258112 | elapsed time per iteration (ms): 10583.7 | learning rate: 9.165349E-05 | global batch size:    64 | load_balancing_loss: 1.034693E+00 | lm loss: 3.107572E+00 | loss scale: 1.0 | grad norm: 0.200 | number of skipped iterations:   0 | number of nan iterations:   0 |
 [2026-05-13 19:10:05] iteration     4034/   20000 | consumed samples:       258176 | elapsed time per iteration (ms): 10615.6 | learning rate: 9.164940E-05 | global batch size:    64 | load_balancing_loss: 1.035668E+00 | lm loss: 3.120212E+00 | loss scale: 1.0 | grad norm: 0.193 | number of skipped iterations:   0 | number of nan iterations:   0 |
 [2026-05-13 19:10:15] iteration     4035/   20000 | consumed samples:       258240 | elapsed time per iteration (ms): 10582.1 | learning rate: 9.164529E-05 | global batch size:    64 | load_balancing_loss: 1.036886E+00 | lm loss: 3.160698E+00 | loss scale: 1.0 | grad norm: 0.202 | number of skipped iterations:   0 | number of nan iterations:   0 |
