/opt/conda/lib/python3.10/site-packages/transformers/utils/hub.py:105: FutureWarning: Using `TRANSFORMERS_CACHE` is deprecated and will be removed in v5 of Transformers. Use `HF_HOME` instead.
  warnings.warn(
[2026-05-29 17:48:16,697] [INFO] [real_accelerator.py:222:get_accelerator] Setting ds_accelerator to cuda (auto detect)
2026-05-29:17:48:17,657 INFO     [__main__.py:279] Verbosity set to INFO
2026-05-29:17:48:23,624 INFO     [__main__.py:376] Selected Tasks: ['arc_easy', 'boolq', 'mathqa', 'openbookqa', 'piqa', 'race', 'swag', 'winogrande']
2026-05-29:17:48:23,627 INFO     [evaluator.py:164] Setting random seed to 0 | Setting numpy seed to 1234 | Setting torch manual seed to 1234 | Setting fewshot manual seed to 1234
2026-05-29:17:48:23,627 INFO     [evaluator.py:201] Initializing hf model, with arguments: {'pretrained': '/mnt/ais-c1/dataset/zds/eval/models/moeguard_ckpt_iter10000_hf', 'dtype': 'bfloat16', 'trust_remote_code': True, 'device_map': 'auto'}
2026-05-29:17:48:23,762 INFO     [huggingface.py:132] Using device 'cuda'
2026-05-29:17:48:24,053 INFO     [huggingface.py:375] Model parallel was set to False.
Using the latest cached version of the dataset since allenai/ai2_arc couldn't be found on the Hugging Face Hub (offline mode is enabled).
2026-05-29:17:48:55,267 WARNING  [load.py:817] Using the latest cached version of the dataset since allenai/ai2_arc couldn't be found on the Hugging Face Hub (offline mode is enabled).
Found the latest cached dataset configuration 'ARC-Easy' at /mnt/ais-c1/dataset/zds/evaldata/hf_cache/allenai___ai2_arc/ARC-Easy/0.0.0/210d026faf9955653af8916fad021475a3f00453 (last modified on Fri May 29 17:46:35 2026).
2026-05-29:17:48:55,271 WARNING  [cache.py:94] Found the latest cached dataset configuration 'ARC-Easy' at /mnt/ais-c1/dataset/zds/evaldata/hf_cache/allenai___ai2_arc/ARC-Easy/0.0.0/210d026faf9955653af8916fad021475a3f00453 (last modified on Fri May 29 17:46:35 2026).
2026-05-29:17:48:55,410 WARNING  [task.py:800] [Task: boolq] metric acc is defined, but aggregation is not. using default aggregation=mean
2026-05-29:17:48:55,410 WARNING  [task.py:812] [Task: boolq] metric acc is defined, but higher_is_better is not. using default higher_is_better=True
Using the latest cached version of the dataset since aps/super_glue couldn't be found on the Hugging Face Hub (offline mode is enabled).
2026-05-29:17:48:55,412 WARNING  [load.py:817] Using the latest cached version of the dataset since aps/super_glue couldn't be found on the Hugging Face Hub (offline mode is enabled).
Found the latest cached dataset configuration 'boolq' at /mnt/ais-c1/dataset/zds/evaldata/hf_cache/aps___super_glue/boolq/0.0.0/3de24cf8022e94f4ee4b9d55a6f539891524d646 (last modified on Fri May 29 17:46:38 2026).
2026-05-29:17:48:55,415 WARNING  [cache.py:94] Found the latest cached dataset configuration 'boolq' at /mnt/ais-c1/dataset/zds/evaldata/hf_cache/aps___super_glue/boolq/0.0.0/3de24cf8022e94f4ee4b9d55a6f539891524d646 (last modified on Fri May 29 17:46:38 2026).

Generating train split: 0 examples [00:00, ? examples/s]
Generating train split: 29837 examples [00:00, 312207.98 examples/s]

Generating validation split: 0 examples [00:00, ? examples/s]
Generating validation split: 4475 examples [00:00, 161719.69 examples/s]

Generating test split: 0 examples [00:00, ? examples/s]
Generating test split: 2985 examples [00:00, 146844.91 examples/s]
Using the latest cached version of the dataset since allenai/openbookqa couldn't be found on the Hugging Face Hub (offline mode is enabled).
2026-05-29:17:48:57,086 WARNING  [load.py:817] Using the latest cached version of the dataset since allenai/openbookqa couldn't be found on the Hugging Face Hub (offline mode is enabled).
Found the latest cached dataset configuration 'main' at /mnt/ais-c1/dataset/zds/evaldata/hf_cache/allenai___openbookqa/main/0.0.0/388097ea7776314e93a529163e0fea805b8a6454 (last modified on Fri May 29 17:46:35 2026).
2026-05-29:17:48:57,089 WARNING  [cache.py:94] Found the latest cached dataset configuration 'main' at /mnt/ais-c1/dataset/zds/evaldata/hf_cache/allenai___openbookqa/main/0.0.0/388097ea7776314e93a529163e0fea805b8a6454 (last modified on Fri May 29 17:46:35 2026).
`trust_remote_code` is not supported anymore.
Please check that the Hugging Face dataset 'lighteval/piqa' isn't based on a loading script and remove `trust_remote_code`.
If the dataset is based on a loading script, please ask the dataset author to remove it and convert it to a standard format like Parquet.
2026-05-29:17:48:57,292 ERROR    [load.py:1367] `trust_remote_code` is not supported anymore.
Please check that the Hugging Face dataset 'lighteval/piqa' isn't based on a loading script and remove `trust_remote_code`.
If the dataset is based on a loading script, please ask the dataset author to remove it and convert it to a standard format like Parquet.
Using the latest cached version of the dataset since lighteval/piqa couldn't be found on the Hugging Face Hub (offline mode is enabled).
2026-05-29:17:48:57,293 WARNING  [load.py:817] Using the latest cached version of the dataset since lighteval/piqa couldn't be found on the Hugging Face Hub (offline mode is enabled).
Found the latest cached dataset configuration 'plain_text' at /mnt/ais-c1/dataset/zds/evaldata/hf_cache/lighteval___piqa/plain_text/0.0.0/41782e6bf0ef7de82a2ca8a9feb1dca042837fae (last modified on Fri May 29 17:46:38 2026).
2026-05-29:17:48:57,297 WARNING  [cache.py:94] Found the latest cached dataset configuration 'plain_text' at /mnt/ais-c1/dataset/zds/evaldata/hf_cache/lighteval___piqa/plain_text/0.0.0/41782e6bf0ef7de82a2ca8a9feb1dca042837fae (last modified on Fri May 29 17:46:38 2026).

Generating test split: 0 examples [00:00, ? examples/s]
Generating test split: 1045 examples [00:00, 49335.87 examples/s]
2026-05-29:17:48:57,814 WARNING  [task.py:325] [Task: race] has_training_docs and has_validation_docs are False, using test_docs as fewshot_docs but this is not recommended.
2026-05-29:17:48:57,814 WARNING  [task.py:325] [Task: race] has_training_docs and has_validation_docs are False, using test_docs as fewshot_docs but this is not recommended.
Using the latest cached version of the dataset since allenai/swag couldn't be found on the Hugging Face Hub (offline mode is enabled).
2026-05-29:17:48:57,835 WARNING  [load.py:817] Using the latest cached version of the dataset since allenai/swag couldn't be found on the Hugging Face Hub (offline mode is enabled).
Found the latest cached dataset configuration 'regular' at /mnt/ais-c1/dataset/zds/evaldata/hf_cache/allenai___swag/regular/0.0.0/dc48148372b3853a9c7bae7bb06c161b46d8364a (last modified on Fri May 29 17:46:36 2026).
2026-05-29:17:48:57,839 WARNING  [cache.py:94] Found the latest cached dataset configuration 'regular' at /mnt/ais-c1/dataset/zds/evaldata/hf_cache/allenai___swag/regular/0.0.0/dc48148372b3853a9c7bae7bb06c161b46d8364a (last modified on Fri May 29 17:46:36 2026).
`trust_remote_code` is not supported anymore.
Please check that the Hugging Face dataset 'allenai/winogrande' isn't based on a loading script and remove `trust_remote_code`.
If the dataset is based on a loading script, please ask the dataset author to remove it and convert it to a standard format like Parquet.
2026-05-29:17:49:01,944 ERROR    [load.py:1367] `trust_remote_code` is not supported anymore.
Please check that the Hugging Face dataset 'allenai/winogrande' isn't based on a loading script and remove `trust_remote_code`.
If the dataset is based on a loading script, please ask the dataset author to remove it and convert it to a standard format like Parquet.
Using the latest cached version of the dataset since allenai/winogrande couldn't be found on the Hugging Face Hub (offline mode is enabled).
2026-05-29:17:49:01,946 WARNING  [load.py:817] Using the latest cached version of the dataset since allenai/winogrande couldn't be found on the Hugging Face Hub (offline mode is enabled).
Found the latest cached dataset configuration 'winogrande_xl' at /mnt/ais-c1/dataset/zds/evaldata/hf_cache/allenai___winogrande/winogrande_xl/0.0.0/01e74176c63542e6b0bcb004dcdea22d94fb67b5 (last modified on Fri May 29 17:46:34 2026).
2026-05-29:17:49:01,949 WARNING  [cache.py:94] Found the latest cached dataset configuration 'winogrande_xl' at /mnt/ais-c1/dataset/zds/evaldata/hf_cache/allenai___winogrande/winogrande_xl/0.0.0/01e74176c63542e6b0bcb004dcdea22d94fb67b5 (last modified on Fri May 29 17:46:34 2026).
2026-05-29:17:49:02,926 WARNING  [evaluator.py:270] Overwriting default num_fewshot of winogrande from None to 0
2026-05-29:17:49:02,926 WARNING  [evaluator.py:270] Overwriting default num_fewshot of swag from None to 0
2026-05-29:17:49:02,926 WARNING  [evaluator.py:270] Overwriting default num_fewshot of race from None to 0
2026-05-29:17:49:02,926 WARNING  [evaluator.py:270] Overwriting default num_fewshot of piqa from None to 0
2026-05-29:17:49:02,926 WARNING  [evaluator.py:270] Overwriting default num_fewshot of openbookqa from None to 0
2026-05-29:17:49:02,926 WARNING  [evaluator.py:270] Overwriting default num_fewshot of mathqa from None to 0
2026-05-29:17:49:02,926 WARNING  [evaluator.py:270] Overwriting default num_fewshot of boolq from None to 0
2026-05-29:17:49:02,926 WARNING  [evaluator.py:270] Overwriting default num_fewshot of arc_easy from None to 0
2026-05-29:17:49:02,929 INFO     [task.py:415] Building contexts for winogrande on rank 0...

  0%|          | 0/1267 [00:00<?, ?it/s]
100%|██████████| 1267/1267 [00:00<00:00, 97759.07it/s]
2026-05-29:17:49:02,970 INFO     [task.py:415] Building contexts for swag on rank 0...

  0%|          | 0/20006 [00:00<?, ?it/s]
  1%|▏         | 252/20006 [00:00<00:07, 2515.71it/s]
  3%|▎         | 504/20006 [00:00<00:07, 2513.82it/s]
  4%|▍         | 756/20006 [00:00<00:07, 2514.15it/s]
  5%|▌         | 1008/20006 [00:00<00:07, 2508.64it/s]
  6%|▋         | 1264/20006 [00:00<00:07, 2527.05it/s]
  8%|▊         | 1517/20006 [00:00<00:07, 2527.78it/s]
  9%|▉         | 1772/20006 [00:00<00:07, 2534.41it/s]
 10%|█         | 2026/20006 [00:00<00:07, 2504.50it/s]
 11%|█▏        | 2279/20006 [00:00<00:07, 2510.10it/s]
 13%|█▎        | 2531/20006 [00:01<00:07, 2473.97it/s]
 14%|█▍        | 2779/20006 [00:01<00:06, 2468.37it/s]
 15%|█▌        | 3029/20006 [00:01<00:06, 2477.00it/s]
 16%|█▋        | 3279/20006 [00:01<00:06, 2481.93it/s]
 18%|█▊        | 3528/20006 [00:01<00:06, 2460.41it/s]
 19%|█▉        | 3782/20006 [00:01<00:06, 2484.05it/s]
 20%|██        | 4035/20006 [00:01<00:06, 2497.03it/s]
 21%|██▏       | 4290/20006 [00:01<00:06, 2510.03it/s]
 23%|██▎       | 4544/20006 [00:01<00:06, 2518.83it/s]
 24%|██▍       | 4800/20006 [00:01<00:06, 2530.15it/s]
 25%|██▌       | 5054/20006 [00:02<00:05, 2529.90it/s]
 27%|██▋       | 5309/20006 [00:02<00:05, 2533.25it/s]
 28%|██▊       | 5565/20006 [00:02<00:05, 2539.32it/s]
 29%|██▉       | 5821/20006 [00:02<00:05, 2542.93it/s]
 30%|███       | 6076/20006 [00:02<00:05, 2542.36it/s]
 32%|███▏      | 6332/20006 [00:02<00:05, 2545.73it/s]
 33%|███▎      | 6587/20006 [00:02<00:05, 2545.47it/s]
 34%|███▍      | 6842/20006 [00:02<00:05, 2540.49it/s]
 35%|███▌      | 7098/20006 [00:02<00:05, 2545.37it/s]
 37%|███▋      | 7353/20006 [00:02<00:04, 2540.12it/s]
 38%|███▊      | 7608/20006 [00:03<00:04, 2542.58it/s]
 39%|███▉      | 7863/20006 [00:03<00:04, 2537.60it/s]
 41%|████      | 8118/20006 [00:03<00:04, 2539.66it/s]
 42%|████▏     | 8372/20006 [00:03<00:04, 2531.25it/s]
 43%|████▎     | 8628/20006 [00:03<00:04, 2537.86it/s]
 44%|████▍     | 8882/20006 [00:03<00:04, 2537.58it/s]
 46%|████▌     | 9137/20006 [00:03<00:04, 2539.34it/s]
 47%|████▋     | 9391/20006 [00:03<00:04, 2529.18it/s]
 48%|████▊     | 9647/20006 [00:03<00:04, 2536.63it/s]
 49%|████▉     | 9901/20006 [00:03<00:04, 2505.00it/s]
 51%|█████     | 10152/20006 [00:04<00:04, 2376.34it/s]
 52%|█████▏    | 10407/20006 [00:04<00:03, 2425.34it/s]
 53%|█████▎    | 10662/20006 [00:04<00:03, 2459.65it/s]
 55%|█████▍    | 10917/20006 [00:04<00:03, 2486.07it/s]
 56%|█████▌    | 11172/20006 [00:04<00:03, 2503.60it/s]
 57%|█████▋    | 11428/20006 [00:04<00:03, 2517.68it/s]
 58%|█████▊    | 11682/20006 [00:04<00:03, 2523.75it/s]
 60%|█████▉    | 11937/20006 [00:04<00:03, 2530.73it/s]
 61%|██████    | 12192/20006 [00:04<00:03, 2535.79it/s]
 62%|██████▏   | 12447/20006 [00:04<00:02, 2537.30it/s]
 63%|██████▎   | 12701/20006 [00:05<00:02, 2536.38it/s]
 65%|██████▍   | 12955/20006 [00:05<00:05, 1337.48it/s]
 66%|██████▌   | 13209/20006 [00:05<00:04, 1557.69it/s]
 67%|██████▋   | 13463/20006 [00:05<00:03, 1761.73it/s]
 69%|██████▊   | 13718/20006 [00:05<00:03, 1940.62it/s]
 70%|██████▉   | 13973/20006 [00:05<00:02, 2089.89it/s]
 71%|███████   | 14227/20006 [00:05<00:02, 2204.64it/s]
 72%|███████▏  | 14481/20006 [00:06<00:02, 2293.21it/s]
 74%|███████▎  | 14734/20006 [00:06<00:02, 2358.33it/s]
 75%|███████▍  | 14989/20006 [00:06<00:02, 2411.13it/s]
 76%|███████▌  | 15244/20006 [00:06<00:01, 2449.66it/s]
 77%|███████▋  | 15499/20006 [00:06<00:01, 2477.33it/s]
 79%|███████▊  | 15754/20006 [00:06<00:01, 2498.04it/s]
 80%|████████  | 16008/20006 [00:06<00:01, 2507.94it/s]
 81%|████████▏ | 16262/20006 [00:06<00:01, 2507.06it/s]
 83%|████████▎ | 16515/20006 [00:06<00:01, 2512.68it/s]
 84%|████████▍ | 16768/20006 [00:06<00:01, 2509.27it/s]
 85%|████████▌ | 17020/20006 [00:07<00:01, 2497.73it/s]
 86%|████████▋ | 17273/20006 [00:07<00:01, 2506.03it/s]
 88%|████████▊ | 17527/20006 [00:07<00:00, 2513.26it/s]
 89%|████████▉ | 17782/20006 [00:07<00:00, 2524.05it/s]
 90%|█████████ | 18036/20006 [00:07<00:00, 2528.60it/s]
 91%|█████████▏| 18292/20006 [00:07<00:00, 2536.37it/s]
 93%|█████████▎| 18546/20006 [00:07<00:00, 2531.10it/s]
 94%|█████████▍| 18801/20006 [00:07<00:00, 2536.62it/s]
 95%|█████████▌| 19055/20006 [00:07<00:00, 2534.53it/s]
 97%|█████████▋| 19310/20006 [00:07<00:00, 2538.38it/s]
 98%|█████████▊| 19564/20006 [00:08<00:00, 2533.45it/s]
 99%|█████████▉| 19818/20006 [00:08<00:00, 2482.08it/s]
100%|██████████| 20006/20006 [00:08<00:00, 2427.41it/s]
2026-05-29:17:49:12,290 INFO     [task.py:415] Building contexts for race on rank 0...

  0%|          | 0/1045 [00:00<?, ?it/s]
 66%|██████▌   | 692/1045 [00:00<00:00, 6913.36it/s]
100%|██████████| 1045/1045 [00:00<00:00, 6879.76it/s]
2026-05-29:17:49:12,459 INFO     [task.py:415] Building contexts for piqa on rank 0...

  0%|          | 0/1838 [00:00<?, ?it/s]
  9%|▉         | 171/1838 [00:00<00:00, 1709.13it/s]
 19%|█▊        | 344/1838 [00:00<00:00, 1714.28it/s]
 28%|██▊       | 516/1838 [00:00<00:00, 1709.77it/s]
 37%|███▋      | 687/1838 [00:00<00:00, 1709.11it/s]
 47%|████▋     | 858/1838 [00:00<00:00, 1708.37it/s]
 56%|█████▌    | 1030/1838 [00:00<00:00, 1710.60it/s]
 65%|██████▌   | 1202/1838 [00:00<00:00, 1707.23it/s]
 75%|███████▍  | 1373/1838 [00:00<00:00, 1705.57it/s]
 84%|████████▍ | 1544/1838 [00:00<00:00, 1705.38it/s]
 93%|█████████▎| 1715/1838 [00:01<00:00, 1704.14it/s]
100%|██████████| 1838/1838 [00:01<00:00, 1706.17it/s]
2026-05-29:17:49:13,579 INFO     [task.py:415] Building contexts for openbookqa on rank 0...

  0%|          | 0/500 [00:00<?, ?it/s]
 67%|██████▋   | 337/500 [00:00<00:00, 3365.16it/s]
100%|██████████| 500/500 [00:00<00:00, 3366.05it/s]
2026-05-29:17:49:13,747 INFO     [task.py:415] Building contexts for mathqa on rank 0...

  0%|          | 0/2985 [00:00<?, ?it/s]
 12%|█▏        | 356/2985 [00:00<00:00, 3551.88it/s]
 24%|██▍       | 713/2985 [00:00<00:00, 3557.02it/s]
 36%|███▌      | 1073/2985 [00:00<00:00, 3573.73it/s]
 48%|████▊     | 1435/2985 [00:00<00:00, 3591.25it/s]
 60%|██████    | 1800/2985 [00:00<00:00, 3609.79it/s]
 73%|███████▎  | 2165/2985 [00:00<00:00, 3622.95it/s]
 85%|████████▍ | 2528/2985 [00:00<00:00, 3625.21it/s]
 97%|█████████▋| 2891/2985 [00:00<00:00, 3619.59it/s]
100%|██████████| 2985/2985 [00:00<00:00, 3605.03it/s]
2026-05-29:17:49:14,688 INFO     [task.py:415] Building contexts for boolq on rank 0...

  0%|          | 0/3270 [00:00<?, ?it/s]
 10%|▉         | 315/3270 [00:00<00:00, 3143.14it/s]
 19%|█▉        | 632/3270 [00:00<00:00, 3155.18it/s]
 29%|██▉       | 948/3270 [00:00<00:00, 3156.04it/s]
 39%|███▊      | 1264/3270 [00:00<00:00, 3146.99it/s]
 48%|████▊     | 1579/3270 [00:00<00:00, 3139.04it/s]
 58%|█████▊    | 1896/3270 [00:00<00:00, 3147.19it/s]
 68%|██████▊   | 2212/3270 [00:00<00:00, 3150.28it/s]
 77%|███████▋  | 2528/3270 [00:00<00:00, 3152.86it/s]
 87%|████████▋ | 2844/3270 [00:00<00:00, 3153.45it/s]
 97%|█████████▋| 3160/3270 [00:01<00:00, 3154.31it/s]
100%|██████████| 3270/3270 [00:01<00:00, 3150.81it/s]
2026-05-29:17:49:15,804 INFO     [task.py:415] Building contexts for arc_easy on rank 0...

  0%|          | 0/2376 [00:00<?, ?it/s]
  8%|▊         | 179/2376 [00:00<00:01, 1788.41it/s]
 15%|█▌        | 358/2376 [00:00<00:01, 1785.84it/s]
 23%|██▎       | 538/2376 [00:00<00:01, 1788.39it/s]
 30%|███       | 718/2376 [00:00<00:00, 1792.17it/s]
 38%|███▊      | 898/2376 [00:00<00:00, 1793.47it/s]
 45%|████▌     | 1078/2376 [00:00<00:00, 1793.30it/s]
 53%|█████▎    | 1258/2376 [00:00<00:00, 1789.28it/s]
 60%|██████    | 1437/2376 [00:00<00:00, 1788.00it/s]
 68%|██████▊   | 1616/2376 [00:00<00:00, 1787.10it/s]
 76%|███████▌  | 1796/2376 [00:01<00:00, 1788.54it/s]
 83%|████████▎ | 1976/2376 [00:01<00:00, 1789.36it/s]
 91%|█████████ | 2155/2376 [00:01<00:00, 1788.60it/s]
 98%|█████████▊| 2334/2376 [00:01<00:00, 1780.95it/s]
100%|██████████| 2376/2376 [00:01<00:00, 1786.66it/s]
2026-05-29:17:49:17,218 INFO     [evaluator.py:496] Running loglikelihood requests

Running loglikelihood requests:   0%|          | 0/123380 [00:00<?, ?it/s]
Running loglikelihood requests:   0%|          | 1/123380 [00:49<1703:43:05, 49.71s/it]
Running loglikelihood requests:   0%|          | 68/123380 [00:55<20:24:53,  1.68it/s] 
Running loglikelihood requests:   0%|          | 137/123380 [00:59<9:37:08,  3.56it/s]
Running loglikelihood requests:   0%|          | 212/123380 [01:03<5:53:24,  5.81it/s]
Running loglikelihood requests:   0%|          | 277/123380 [01:07<4:27:00,  7.68it/s]
Running loglikelihood requests:   0%|          | 346/123380 [01:11<3:31:03,  9.72it/s]
Running loglikelihood requests:   0%|          | 417/123380 [01:15<2:54:08, 11.77it/s]
Running loglikelihood requests:   0%|          | 481/123380 [01:18<2:35:40, 13.16it/s]
Running loglikelihood requests:   0%|          | 545/123380 [01:22<2:22:35, 14.36it/s]
Running loglikelihood requests:   0%|          | 613/123380 [01:25<2:10:46, 15.65it/s]
Running loglikelihood requests:   1%|          | 677/123380 [01:29<2:05:18, 16.32it/s]
Running loglikelihood requests:   1%|          | 741/123380 [01:32<2:00:28, 16.97it/s]
Running loglikelihood requests:   1%|          | 807/123380 [01:35<1:55:10, 17.74it/s]
Running loglikelihood requests:   1%|          | 877/123380 [01:39<1:49:27, 18.65it/s]
Running loglikelihood requests:   1%|          | 943/123380 [01:42<1:46:50, 19.10it/s]
Running loglikelihood requests:   1%|          | 1012/123380 [01:45<1:43:20, 19.73it/s]
Running loglikelihood requests:   1%|          | 1078/123380 [01:48<1:41:56, 20.00it/s]
Running loglikelihood requests:   1%|          | 1147/123380 [01:52<1:39:17, 20.52it/s]
Running loglikelihood requests:   1%|          | 1213/123380 [01:55<1:38:33, 20.66it/s]
Running loglikelihood requests:   1%|          | 1280/123380 [01:58<1:37:36, 20.85it/s]
Running loglikelihood requests:   1%|          | 1348/123380 [02:01<1:36:17, 21.12it/s]
Running loglikelihood requests:   1%|          | 1413/123380 [02:04<1:36:14, 21.12it/s]
Running loglikelihood requests:   1%|          | 1482/123380 [02:07<1:34:16, 21.55it/s]
Running loglikelihood requests:   1%|▏         | 1549/123380 [02:10<1:33:37, 21.69it/s]
Running loglikelihood requests:   1%|▏         | 1615/123380 [02:13<1:33:37, 21.68it/s]
Running loglikelihood requests:   1%|▏         | 1679/123380 [02:16<1:34:16, 21.52it/s]
Running loglikelihood requests:   1%|▏         | 1743/123380 [02:19<1:34:27, 21.46it/s]
Running loglikelihood requests:   1%|▏         | 1810/123380 [02:22<1:33:10, 21.75it/s]
Running loglikelihood requests:   2%|▏         | 1875/123380 [02:25<1:32:57, 21.79it/s]
Running loglikelihood requests:   2%|▏         | 1943/123380 [02:28<1:31:24, 22.14it/s]
Running loglikelihood requests:   2%|▏         | 2008/123380 [02:31<1:31:33, 22.10it/s]
Running loglikelihood requests:   2%|▏         | 2075/123380 [02:34<1:30:56, 22.23it/s]
Running loglikelihood requests:   2%|▏         | 2142/123380 [02:37<1:29:58, 22.46it/s]
Running loglikelihood requests:   2%|▏         | 2206/123380 [02:40<1:30:09, 22.40it/s]
Running loglikelihood requests:   2%|▏         | 2271/123380 [02:43<1:29:45, 22.49it/s]
Running loglikelihood requests:   2%|▏         | 2336/123380 [02:46<1:29:23, 22.57it/s]
Running loglikelihood requests:   2%|▏         | 2401/123380 [02:48<1:29:02, 22.65it/s]
Running loglikelihood requests:   2%|▏         | 2465/123380 [02:51<1:29:00, 22.64it/s]
Running loglikelihood requests:   2%|▏         | 2529/123380 [02:54<1:28:51, 22.67it/s]
Running loglikelihood requests:   2%|▏         | 2602/123380 [02:57<1:25:04, 23.66it/s]
Running loglikelihood requests:   2%|▏         | 2670/123380 [03:00<1:24:10, 23.90it/s]
Running loglikelihood requests:   2%|▏         | 2737/123380 [03:02<1:23:53, 23.97it/s]
Running loglikelihood requests:   2%|▏         | 2804/123380 [03:05<1:23:29, 24.07it/s]
Running loglikelihood requests:   2%|▏         | 2872/123380 [03:08<1:22:37, 24.31it/s]
Running loglikelihood requests:   2%|▏         | 2939/123380 [03:11<1:22:20, 24.38it/s]
Running loglikelihood requests:   2%|▏         | 3005/123380 [03:13<1:22:24, 24.34it/s]
Running loglikelihood requests:   2%|▏         | 3070/123380 [03:16<1:22:27, 24.32it/s]
Running loglikelihood requests:   3%|▎         | 3138/123380 [03:19<1:21:11, 24.68it/s]
Running loglikelihood requests:   3%|▎         | 3204/123380 [03:21<1:20:36, 24.85it/s]
Running loglikelihood requests:   3%|▎         | 3270/123380 [03:24<1:20:04, 25.00it/s]
Running loglikelihood requests:   3%|▎         | 3340/123380 [03:27<1:18:09, 25.60it/s]
Running loglikelihood requests:   3%|▎         | 3409/123380 [03:29<1:16:54, 26.00it/s]
Running loglikelihood requests:   3%|▎         | 3475/123380 [03:32<1:16:51, 26.00it/s]
Running loglikelihood requests:   3%|▎         | 3556/123380 [03:34<1:11:59, 27.74it/s]
Running loglikelihood requests:   3%|▎         | 3623/123380 [03:37<1:13:09, 27.28it/s]
Running loglikelihood requests:   3%|▎         | 3689/123380 [03:39<1:13:30, 27.14it/s]
Running loglikelihood requests:   3%|▎         | 3759/123380 [03:42<1:12:11, 27.62it/s]
Running loglikelihood requests:   3%|▎         | 3828/123380 [03:44<1:11:18, 27.94it/s]
Running loglikelihood requests:   3%|▎         | 3900/123380 [03:46<1:09:25, 28.69it/s]
Running loglikelihood requests:   3%|▎         | 3973/123380 [03:49<1:07:27, 29.50it/s]
Running loglikelihood requests:   3%|▎         | 4051/123380 [03:51<1:04:22, 30.89it/s]
Running loglikelihood requests:   3%|▎         | 4140/123380 [03:53<59:18, 33.51it/s]  
Running loglikelihood requests:   3%|▎         | 4226/123380 [03:55<56:15, 35.29it/s]
Running loglikelihood requests:   4%|▎         | 4320/123380 [03:58<52:24, 37.86it/s]
Running loglikelihood requests:   4%|▎         | 4422/123380 [04:00<47:58, 41.33it/s]
Running loglikelihood requests:   4%|▎         | 4528/123380 [04:02<44:12, 44.80it/s]
Running loglikelihood requests:   4%|▍         | 4630/123380 [04:03<41:57, 47.17it/s]
Running loglikelihood requests:   4%|▍         | 4737/123380 [04:05<39:26, 50.13it/s]
Running loglikelihood requests:   4%|▍         | 4849/123380 [04:07<36:55, 53.50it/s]
Running loglikelihood requests:   4%|▍         | 4965/123380 [04:09<34:41, 56.88it/s]
Running loglikelihood requests:   4%|▍         | 5084/123380 [04:11<32:44, 60.21it/s]
Running loglikelihood requests:   4%|▍         | 5209/123380 [04:12<30:41, 64.18it/s]
Running loglikelihood requests:   4%|▍         | 5331/123380 [04:14<29:27, 66.79it/s]
Running loglikelihood requests:   4%|▍         | 5459/123380 [04:16<27:56, 70.35it/s]
Running loglikelihood requests:   5%|▍         | 5582/123380 [04:17<27:05, 72.47it/s]
Running loglikelihood requests:   5%|▍         | 5709/123380 [04:19<26:09, 74.99it/s]
Running loglikelihood requests:   5%|▍         | 5836/123380 [04:20<25:20, 77.29it/s]
Running loglikelihood requests:   5%|▍         | 5958/123380 [04:22<25:03, 78.12it/s]
Running loglikelihood requests:   5%|▍         | 6082/123380 [04:23<24:39, 79.30it/s]
Running loglikelihood requests:   5%|▌         | 6208/123380 [04:25<24:08, 80.92it/s]
Running loglikelihood requests:   5%|▌         | 6332/123380 [04:26<23:47, 82.00it/s]
Running loglikelihood requests:   5%|▌         | 6460/123380 [04:28<23:13, 83.91it/s]
Running loglikelihood requests:   5%|▌         | 6584/123380 [04:29<22:56, 84.88it/s]
Running loglikelihood requests:   5%|▌         | 6706/123380 [04:31<22:47, 85.32it/s]
Running loglikelihood requests:   6%|▌         | 6831/123380 [04:32<22:29, 86.38it/s]
Running loglikelihood requests:   6%|▌         | 6958/123380 [04:33<22:03, 87.95it/s]
Running loglikelihood requests:   6%|▌         | 7078/123380 [04:35<22:07, 87.63it/s]
Running loglikelihood requests:   6%|▌         | 7203/123380 [04:36<21:47, 88.85it/s]
Running loglikelihood requests:   6%|▌         | 7331/123380 [04:37<21:22, 90.48it/s]
Running loglikelihood requests:   6%|▌         | 7454/123380 [04:39<21:31, 89.74it/s]
Running loglikelihood requests:   6%|▌         | 7569/123380 [04:40<22:02, 87.58it/s]
Running loglikelihood requests:   6%|▌         | 7682/123380 [04:42<22:20, 86.33it/s]
Running loglikelihood requests:   6%|▋         | 7789/123380 [04:43<22:36, 85.22it/s]
Running loglikelihood requests:   6%|▋         | 7904/123380 [04:44<22:13, 86.58it/s]
Running loglikelihood requests:   6%|▋         | 8018/123380 [04:45<21:57, 87.54it/s]
Running loglikelihood requests:   7%|▋         | 8131/123380 [04:47<21:44, 88.34it/s]
Running loglikelihood requests:   7%|▋         | 8250/123380 [04:48<21:18, 90.07it/s]
Running loglikelihood requests:   7%|▋         | 8355/123380 [04:49<21:41, 88.39it/s]
Running loglikelihood requests:   7%|▋         | 8465/123380 [04:50<21:34, 88.78it/s]
Running loglikelihood requests:   7%|▋         | 8571/123380 [04:52<21:44, 88.04it/s]
Running loglikelihood requests:   7%|▋         | 8673/123380 [04:53<22:02, 86.75it/s]
Running loglikelihood requests:   7%|▋         | 8785/123380 [04:54<21:40, 88.11it/s]
Running loglikelihood requests:   7%|▋         | 8891/123380 [04:55<21:47, 87.57it/s]
Running loglikelihood requests:   7%|▋         | 8989/123380 [04:56<22:14, 85.73it/s]
Running loglikelihood requests:   7%|▋         | 9105/123380 [04:58<21:23, 89.01it/s]
Running loglikelihood requests:   7%|▋         | 9205/123380 [04:59<21:41, 87.71it/s]
Running loglikelihood requests:   8%|▊         | 9315/123380 [05:00<21:20, 89.05it/s]
Running loglikelihood requests:   8%|▊         | 9416/123380 [05:01<21:36, 87.93it/s]
Running loglikelihood requests:   8%|▊         | 9506/123380 [05:02<22:28, 84.45it/s]
Running loglikelihood requests:   8%|▊         | 9606/123380 [05:04<22:28, 84.36it/s]
Running loglikelihood requests:   8%|▊         | 9697/123380 [05:05<22:59, 82.41it/s]
Running loglikelihood requests:   8%|▊         | 9793/123380 [05:06<23:00, 82.31it/s]
Running loglikelihood requests:   8%|▊         | 9874/123380 [05:07<24:03, 78.63it/s]
Running loglikelihood requests:   8%|▊         | 9974/123380 [05:08<23:28, 80.54it/s]
Running loglikelihood requests:   8%|▊         | 10066/123380 [05:09<23:32, 80.24it/s]
Running loglikelihood requests:   8%|▊         | 10157/123380 [05:11<23:37, 79.90it/s]
Running loglikelihood requests:   8%|▊         | 10260/123380 [05:12<22:53, 82.34it/s]
Running loglikelihood requests:   8%|▊         | 10344/123380 [05:13<23:50, 79.03it/s]
Running loglikelihood requests:   8%|▊         | 10428/123380 [05:14<24:24, 77.14it/s]
Running loglikelihood requests:   9%|▊         | 10517/123380 [05:15<24:16, 77.50it/s]
Running loglikelihood requests:   9%|▊         | 10618/123380 [05:16<23:15, 80.78it/s]
Running loglikelihood requests:   9%|▊         | 10698/123380 [05:17<24:06, 77.89it/s]
Running loglikelihood requests:   9%|▊         | 10785/123380 [05:19<24:10, 77.62it/s]
Running loglikelihood requests:   9%|▉         | 10878/123380 [05:20<23:51, 78.61it/s]
Running loglikelihood requests:   9%|▉         | 10955/123380 [05:21<24:58, 75.01it/s]
Running loglikelihood requests:   9%|▉         | 11042/123380 [05:22<24:52, 75.29it/s]
Running loglikelihood requests:   9%|▉         | 11122/123380 [05:23<25:11, 74.27it/s]
Running loglikelihood requests:   9%|▉         | 11215/123380 [05:24<24:26, 76.49it/s]
Running loglikelihood requests:   9%|▉         | 11292/123380 [05:25<25:10, 74.23it/s]
Running loglikelihood requests:   9%|▉         | 11380/123380 [05:27<24:49, 75.21it/s]
Running loglikelihood requests:   9%|▉         | 11454/123380 [05:28<25:40, 72.64it/s]
Running loglikelihood requests:   9%|▉         | 11543/123380 [05:29<24:56, 74.73it/s]
Running loglikelihood requests:   9%|▉         | 11632/123380 [05:30<24:35, 75.73it/s]
Running loglikelihood requests:   9%|▉         | 11709/123380 [05:31<25:12, 73.84it/s]
Running loglikelihood requests:  10%|▉         | 11804/123380 [05:32<24:04, 77.23it/s]
Running loglikelihood requests:  10%|▉         | 11873/123380 [05:33<25:29, 72.89it/s]
Running loglikelihood requests:  10%|▉         | 11966/123380 [05:34<24:37, 75.40it/s]
Running loglikelihood requests:  10%|▉         | 12047/123380 [05:36<25:19, 73.26it/s]
Running loglikelihood requests:  10%|▉         | 12121/123380 [05:37<26:05, 71.07it/s]
Running loglikelihood requests:  10%|▉         | 12193/123380 [05:38<26:41, 69.41it/s]
Running loglikelihood requests:  10%|▉         | 12294/123380 [05:39<24:25, 75.78it/s]
Running loglikelihood requests:  10%|█         | 12369/123380 [05:40<25:04, 73.79it/s]
Running loglikelihood requests:  10%|█         | 12447/123380 [05:41<25:14, 73.25it/s]
Running loglikelihood requests:  10%|█         | 12525/123380 [05:42<25:51, 71.43it/s]
Running loglikelihood requests:  10%|█         | 12600/123380 [05:43<26:44, 69.06it/s]
Running loglikelihood requests:  10%|█         | 12690/123380 [05:45<25:57, 71.08it/s]
Running loglikelihood requests:  10%|█         | 12756/123380 [05:46<27:06, 68.00it/s]
Running loglikelihood requests:  10%|█         | 12839/123380 [05:47<26:11, 70.33it/s]
Running loglikelihood requests:  10%|█         | 12915/123380 [05:48<26:07, 70.48it/s]
Running loglikelihood requests:  11%|█         | 12997/123380 [05:49<25:39, 71.70it/s]
Running loglikelihood requests:  11%|█         | 13080/123380 [05:50<25:08, 73.14it/s]
Running loglikelihood requests:  11%|█         | 13153/123380 [05:51<25:41, 71.50it/s]
Running loglikelihood requests:  11%|█         | 13235/123380 [05:52<25:12, 72.82it/s]
Running loglikelihood requests:  11%|█         | 13300/123380 [05:53<26:33, 69.07it/s]
Running loglikelihood requests:  11%|█         | 13381/123380 [05:54<25:53, 70.81it/s]
Running loglikelihood requests:  11%|█         | 13461/123380 [05:55<25:31, 71.79it/s]
Running loglikelihood requests:  11%|█         | 13550/123380 [05:57<24:46, 73.88it/s]
Running loglikelihood requests:  11%|█         | 13620/123380 [05:58<26:06, 70.06it/s]
Running loglikelihood requests:  11%|█         | 13692/123380 [05:59<26:48, 68.19it/s]
Running loglikelihood requests:  11%|█         | 13776/123380 [06:00<25:58, 70.31it/s]
Running loglikelihood requests:  11%|█         | 13848/123380 [06:01<26:16, 69.49it/s]
Running loglikelihood requests:  11%|█▏        | 13926/123380 [06:02<25:48, 70.67it/s]
Running loglikelihood requests:  11%|█▏        | 13999/123380 [06:03<25:55, 70.32it/s]
Running loglikelihood requests:  11%|█▏        | 14075/123380 [06:04<25:40, 70.96it/s]
Running loglikelihood requests:  11%|█▏        | 14165/123380 [06:05<24:25, 74.54it/s]
Running loglikelihood requests:  12%|█▏        | 14247/123380 [06:06<24:02, 75.65it/s]
Running loglikelihood requests:  12%|█▏        | 14321/123380 [06:07<24:31, 74.12it/s]
Running loglikelihood requests:  12%|█▏        | 14395/123380 [06:08<24:55, 72.89it/s]
Running loglikelihood requests:  12%|█▏        | 14471/123380 [06:10<25:01, 72.52it/s]
Running loglikelihood requests:  12%|█▏        | 14545/123380 [06:11<25:09, 72.11it/s]
Running loglikelihood requests:  12%|█▏        | 14628/123380 [06:12<24:24, 74.24it/s]
Running loglikelihood requests:  12%|█▏        | 14698/123380 [06:13<25:12, 71.87it/s]
Running loglikelihood requests:  12%|█▏        | 14774/123380 [06:14<25:10, 71.89it/s]
Running loglikelihood requests:  12%|█▏        | 14843/123380 [06:15<25:42, 70.35it/s]
Running loglikelihood requests:  12%|█▏        | 14925/123380 [06:16<24:55, 72.52it/s]
Running loglikelihood requests:  12%|█▏        | 14997/123380 [06:17<25:20, 71.26it/s]
Running loglikelihood requests:  12%|█▏        | 15076/123380 [06:18<24:50, 72.65it/s]
Running loglikelihood requests:  12%|█▏        | 15165/123380 [06:19<23:29, 76.79it/s]
Running loglikelihood requests:  12%|█▏        | 15243/123380 [06:20<23:40, 76.15it/s]
Running loglikelihood requests:  12%|█▏        | 15328/123380 [06:21<23:12, 77.57it/s]
Running loglikelihood requests:  12%|█▏        | 15406/123380 [06:22<23:27, 76.69it/s]
Running loglikelihood requests:  13%|█▎        | 15474/123380 [06:23<24:31, 73.33it/s]
Running loglikelihood requests:  13%|█▎        | 15552/123380 [06:24<24:24, 73.63it/s]
Running loglikelihood requests:  13%|█▎        | 15630/123380 [06:25<24:24, 73.57it/s]
Running loglikelihood requests:  13%|█▎        | 15706/123380 [06:26<24:29, 73.29it/s]
Running loglikelihood requests:  13%|█▎        | 15779/123380 [06:27<24:51, 72.13it/s]
Running loglikelihood requests:  13%|█▎        | 15846/123380 [06:28<25:35, 70.03it/s]
Running loglikelihood requests:  13%|█▎        | 15921/123380 [06:29<25:20, 70.67it/s]
Running loglikelihood requests:  13%|█▎        | 15989/123380 [06:30<26:07, 68.51it/s]
Running loglikelihood requests:  13%|█▎        | 16061/123380 [06:32<26:02, 68.69it/s]
Running loglikelihood requests:  13%|█▎        | 16152/123380 [06:33<24:01, 74.38it/s]
Running loglikelihood requests:  13%|█▎        | 16226/123380 [06:34<24:14, 73.67it/s]
Running loglikelihood requests:  13%|█▎        | 16305/123380 [06:35<24:06, 74.00it/s]
Running loglikelihood requests:  13%|█▎        | 16384/123380 [06:36<23:54, 74.61it/s]
Running loglikelihood requests:  13%|█▎        | 16458/123380 [06:37<24:19, 73.28it/s]
Running loglikelihood requests:  13%|█▎        | 16530/123380 [06:38<24:44, 71.99it/s]
Running loglikelihood requests:  13%|█▎        | 16602/123380 [06:39<24:57, 71.33it/s]
Running loglikelihood requests:  14%|█▎        | 16671/123380 [06:40<25:21, 70.13it/s]
Running loglikelihood requests:  14%|█▎        | 16740/123380 [06:41<25:38, 69.34it/s]
Running loglikelihood requests:  14%|█▎        | 16813/123380 [06:42<25:26, 69.81it/s]
Running loglikelihood requests:  14%|█▎        | 16890/123380 [06:43<24:55, 71.22it/s]
Running loglikelihood requests:  14%|█▎        | 16963/123380 [06:44<24:55, 71.17it/s]
Running loglikelihood requests:  14%|█▍        | 17035/123380 [06:45<24:58, 70.97it/s]
Running loglikelihood requests:  14%|█▍        | 17108/123380 [06:46<24:54, 71.11it/s]
Running loglikelihood requests:  14%|█▍        | 17181/123380 [06:47<25:02, 70.70it/s]
Running loglikelihood requests:  14%|█▍        | 17267/123380 [06:48<24:09, 73.20it/s]
Running loglikelihood requests:  14%|█▍        | 17348/123380 [06:49<23:46, 74.35it/s]
Running loglikelihood requests:  14%|█▍        | 17413/123380 [06:50<25:21, 69.63it/s]
Running loglikelihood requests:  14%|█▍        | 17481/123380 [06:51<25:51, 68.25it/s]
Running loglikelihood requests:  14%|█▍        | 17547/123380 [06:52<26:19, 67.00it/s]
Running loglikelihood requests:  14%|█▍        | 17618/123380 [06:53<26:05, 67.55it/s]
Running loglikelihood requests:  14%|█▍        | 17692/123380 [06:54<25:31, 68.99it/s]
Running loglikelihood requests:  14%|█▍        | 17757/123380 [06:55<26:05, 67.45it/s]
Running loglikelihood requests:  14%|█▍        | 17822/123380 [06:56<26:33, 66.23it/s]
Running loglikelihood requests:  15%|█▍        | 17891/123380 [06:57<26:28, 66.41it/s]
Running loglikelihood requests:  15%|█▍        | 17961/123380 [06:59<26:15, 66.91it/s]
Running loglikelihood requests:  15%|█▍        | 18032/123380 [07:00<25:54, 67.76it/s]
Running loglikelihood requests:  15%|█▍        | 18102/123380 [07:01<25:52, 67.81it/s]
Running loglikelihood requests:  15%|█▍        | 18178/123380 [07:02<25:05, 69.88it/s]
Running loglikelihood requests:  15%|█▍        | 18264/123380 [07:03<23:40, 74.00it/s]
Running loglikelihood requests:  15%|█▍        | 18333/123380 [07:04<24:19, 71.99it/s]
Running loglikelihood requests:  15%|█▍        | 18398/123380 [07:05<25:11, 69.45it/s]
Running loglikelihood requests:  15%|█▍        | 18483/123380 [07:06<23:50, 73.31it/s]
Running loglikelihood requests:  15%|█▌        | 18571/123380 [07:07<22:41, 76.98it/s]
Running loglikelihood requests:  15%|█▌        | 18646/123380 [07:08<22:58, 75.99it/s]
Running loglikelihood requests:  15%|█▌        | 18720/123380 [07:09<23:12, 75.15it/s]
Running loglikelihood requests:  15%|█▌        | 18793/123380 [07:10<23:32, 74.02it/s]
Running loglikelihood requests:  15%|█▌        | 18861/123380 [07:11<24:15, 71.80it/s]
Running loglikelihood requests:  15%|█▌        | 18925/123380 [07:12<25:14, 68.97it/s]
Running loglikelihood requests:  15%|█▌        | 18997/123380 [07:13<25:11, 69.07it/s]
Running loglikelihood requests:  15%|█▌        | 19074/123380 [07:14<24:29, 70.97it/s]
Running loglikelihood requests:  16%|█▌        | 19147/123380 [07:15<24:27, 71.05it/s]
Running loglikelihood requests:  16%|█▌        | 19226/123380 [07:16<23:42, 73.23it/s]
Running loglikelihood requests:  16%|█▌        | 19295/123380 [07:17<24:15, 71.49it/s]
Running loglikelihood requests:  16%|█▌        | 19374/123380 [07:18<23:40, 73.20it/s]
Running loglikelihood requests:  16%|█▌        | 19440/123380 [07:19<24:29, 70.75it/s]
Running loglikelihood requests:  16%|█▌        | 19514/123380 [07:20<24:16, 71.32it/s]
Running loglikelihood requests:  16%|█▌        | 19581/123380 [07:21<24:51, 69.59it/s]
Running loglikelihood requests:  16%|█▌        | 19651/123380 [07:22<24:54, 69.41it/s]
Running loglikelihood requests:  16%|█▌        | 19729/123380 [07:23<24:07, 71.60it/s]
Running loglikelihood requests:  16%|█▌        | 19801/123380 [07:24<24:11, 71.36it/s]
Running loglikelihood requests:  16%|█▌        | 19874/123380 [07:25<24:07, 71.51it/s]
Running loglikelihood requests:  16%|█▌        | 19940/123380 [07:26<24:46, 69.58it/s]
Running loglikelihood requests:  16%|█▌        | 20009/123380 [07:27<24:54, 69.18it/s]
Running loglikelihood requests:  16%|█▋        | 20082/123380 [07:28<24:35, 69.99it/s]
Running loglikelihood requests:  16%|█▋        | 20159/123380 [07:29<24:01, 71.61it/s]
Running loglikelihood requests:  16%|█▋        | 20241/123380 [07:30<23:11, 74.10it/s]
Running loglikelihood requests:  16%|█▋        | 20326/123380 [07:31<22:13, 77.30it/s]
Running loglikelihood requests:  17%|█▋        | 20400/123380 [07:32<22:38, 75.82it/s]
Running loglikelihood requests:  17%|█▋        | 20465/123380 [07:33<23:40, 72.46it/s]
Running loglikelihood requests:  17%|█▋        | 20529/123380 [07:34<24:42, 69.38it/s]
Running loglikelihood requests:  17%|█▋        | 20602/123380 [07:35<24:35, 69.65it/s]
Running loglikelihood requests:  17%|█▋        | 20676/123380 [07:36<24:13, 70.68it/s]
Running loglikelihood requests:  17%|█▋        | 20762/123380 [07:37<22:51, 74.81it/s]
Running loglikelihood requests:  17%|█▋        | 20834/123380 [07:38<23:05, 73.99it/s]
Running loglikelihood requests:  17%|█▋        | 20905/123380 [07:39<23:23, 73.03it/s]
Running loglikelihood requests:  17%|█▋        | 20976/123380 [07:40<23:36, 72.31it/s]
Running loglikelihood requests:  17%|█▋        | 21042/123380 [07:41<24:16, 70.28it/s]
Running loglikelihood requests:  17%|█▋        | 21106/123380 [07:42<24:52, 68.52it/s]
Running loglikelihood requests:  17%|█▋        | 21190/123380 [07:43<23:21, 72.91it/s]
Running loglikelihood requests:  17%|█▋        | 21266/123380 [07:44<23:02, 73.85it/s]
Running loglikelihood requests:  17%|█▋        | 21343/123380 [07:45<22:42, 74.88it/s]
Running loglikelihood requests:  17%|█▋        | 21415/123380 [07:46<22:58, 73.95it/s]
Running loglikelihood requests:  17%|█▋        | 21484/123380 [07:47<23:23, 72.58it/s]
Running loglikelihood requests:  17%|█▋        | 21552/123380 [07:48<23:50, 71.16it/s]
Running loglikelihood requests:  18%|█▊        | 21617/123380 [07:49<24:29, 69.26it/s]
Running loglikelihood requests:  18%|█▊        | 21681/123380 [07:50<25:04, 67.60it/s]
Running loglikelihood requests:  18%|█▊        | 21745/123380 [07:51<25:26, 66.59it/s]
Running loglikelihood requests:  18%|█▊        | 21816/123380 [07:52<25:02, 67.58it/s]
Running loglikelihood requests:  18%|█▊        | 21889/123380 [07:53<24:47, 68.24it/s]
Running loglikelihood requests:  18%|█▊        | 21976/123380 [07:54<23:25, 72.12it/s]
Running loglikelihood requests:  18%|█▊        | 22053/123380 [07:56<23:31, 71.79it/s]
Running loglikelihood requests:  18%|█▊        | 22123/123380 [07:57<23:56, 70.49it/s]
Running loglikelihood requests:  18%|█▊        | 22204/123380 [07:58<23:02, 73.19it/s]
Running loglikelihood requests:  18%|█▊        | 22269/123380 [07:59<23:46, 70.88it/s]
Running loglikelihood requests:  18%|█▊        | 22333/123380 [08:00<24:22, 69.07it/s]
Running loglikelihood requests:  18%|█▊        | 22399/123380 [08:01<24:40, 68.19it/s]
Running loglikelihood requests:  18%|█▊        | 22463/123380 [08:02<25:08, 66.89it/s]
Running loglikelihood requests:  18%|█▊        | 22535/123380 [08:03<24:33, 68.44it/s]
Running loglikelihood requests:  18%|█▊        | 22609/123380 [08:04<23:58, 70.07it/s]
Running loglikelihood requests:  18%|█▊        | 22681/123380 [08:05<23:46, 70.61it/s]
Running loglikelihood requests:  18%|█▊        | 22759/123380 [08:06<22:56, 73.08it/s]
Running loglikelihood requests:  19%|█▊        | 22826/123380 [08:07<23:27, 71.46it/s]
Running loglikelihood requests:  19%|█▊        | 22894/123380 [08:08<23:44, 70.56it/s]
Running loglikelihood requests:  19%|█▊        | 22960/123380 [08:09<24:10, 69.24it/s]
Running loglikelihood requests:  19%|█▊        | 23026/123380 [08:10<24:30, 68.24it/s]
Running loglikelihood requests:  19%|█▊        | 23091/123380 [08:11<24:49, 67.33it/s]
Running loglikelihood requests:  19%|█▉        | 23156/123380 [08:12<24:58, 66.88it/s]
Running loglikelihood requests:  19%|█▉        | 23224/123380 [08:13<24:48, 67.28it/s]
Running loglikelihood requests:  19%|█▉        | 23297/123380 [08:14<24:10, 68.99it/s]
Running loglikelihood requests:  19%|█▉        | 23378/123380 [08:15<22:55, 72.71it/s]
Running loglikelihood requests:  19%|█▉        | 23470/123380 [08:16<21:08, 78.74it/s]
Running loglikelihood requests:  19%|█▉        | 23537/123380 [08:16<22:01, 75.57it/s]
Running loglikelihood requests:  19%|█▉        | 23604/123380 [08:17<22:36, 73.53it/s]
Running loglikelihood requests:  19%|█▉        | 23671/123380 [08:18<23:13, 71.53it/s]
Running loglikelihood requests:  19%|█▉        | 23737/123380 [08:19<23:42, 70.02it/s]
Running loglikelihood requests:  19%|█▉        | 23802/123380 [08:20<24:09, 68.68it/s]
Running loglikelihood requests:  19%|█▉        | 23868/123380 [08:21<24:22, 68.05it/s]
Running loglikelihood requests:  19%|█▉        | 23932/123380 [08:22<24:45, 66.94it/s]
Running loglikelihood requests:  19%|█▉        | 23997/123380 [08:23<24:51, 66.64it/s]
Running loglikelihood requests:  20%|█▉        | 24076/123380 [08:24<23:26, 70.60it/s]
Running loglikelihood requests:  20%|█▉        | 24161/123380 [08:25<22:02, 75.02it/s]
Running loglikelihood requests:  20%|█▉        | 24241/123380 [08:26<21:32, 76.69it/s]
Running loglikelihood requests:  20%|█▉        | 24321/123380 [08:27<21:16, 77.62it/s]
Running loglikelihood requests:  20%|█▉        | 24392/123380 [08:28<21:43, 75.95it/s]
Running loglikelihood requests:  20%|█▉        | 24473/123380 [08:29<21:08, 77.95it/s]
Running loglikelihood requests:  20%|█▉        | 24539/123380 [08:30<22:06, 74.49it/s]
Running loglikelihood requests:  20%|█▉        | 24604/123380 [08:31<22:57, 71.71it/s]
Running loglikelihood requests:  20%|█▉        | 24668/123380 [08:32<23:45, 69.27it/s]
Running loglikelihood requests:  20%|██        | 24733/123380 [08:33<24:10, 68.00it/s]
Running loglikelihood requests:  20%|██        | 24798/123380 [08:34<24:34, 66.85it/s]
Running loglikelihood requests:  20%|██        | 24862/123380 [08:35<25:03, 65.52it/s]
Running loglikelihood requests:  20%|██        | 24926/123380 [08:36<25:05, 65.40it/s]
Running loglikelihood requests:  20%|██        | 24998/123380 [08:37<24:17, 67.48it/s]
Running loglikelihood requests:  20%|██        | 25073/123380 [08:38<23:32, 69.58it/s]
Running loglikelihood requests:  20%|██        | 25151/123380 [08:39<22:37, 72.37it/s]
Running loglikelihood requests:  20%|██        | 25224/123380 [08:40<22:32, 72.59it/s]
Running loglikelihood requests:  21%|██        | 25312/123380 [08:41<21:02, 77.67it/s]
Running loglikelihood requests:  21%|██        | 25379/123380 [08:42<21:47, 74.97it/s]
Running loglikelihood requests:  21%|██        | 25451/123380 [08:43<21:55, 74.43it/s]
Running loglikelihood requests:  21%|██        | 25518/123380 [08:44<22:31, 72.41it/s]
Running loglikelihood requests:  21%|██        | 25585/123380 [08:45<22:57, 71.01it/s]
Running loglikelihood requests:  21%|██        | 25649/123380 [08:46<23:33, 69.15it/s]
Running loglikelihood requests:  21%|██        | 25713/123380 [08:47<24:05, 67.57it/s]
Running loglikelihood requests:  21%|██        | 25779/123380 [08:48<24:10, 67.27it/s]
Running loglikelihood requests:  21%|██        | 25843/123380 [08:49<24:26, 66.53it/s]
Running loglikelihood requests:  21%|██        | 25907/123380 [08:50<24:35, 66.06it/s]
Running loglikelihood requests:  21%|██        | 25971/123380 [08:51<24:46, 65.55it/s]
Running loglikelihood requests:  21%|██        | 26035/123380 [08:52<24:51, 65.29it/s]
Running loglikelihood requests:  21%|██        | 26115/123380 [08:53<23:18, 69.57it/s]
Running loglikelihood requests:  21%|██        | 26211/123380 [08:54<20:48, 77.85it/s]
Running loglikelihood requests:  21%|██▏       | 26291/123380 [08:55<20:33, 78.69it/s]
Running loglikelihood requests:  21%|██▏       | 26384/123380 [08:56<19:27, 83.11it/s]
Running loglikelihood requests:  21%|██▏       | 26452/123380 [08:57<20:52, 77.40it/s]
Running loglikelihood requests:  22%|██▏       | 26527/123380 [08:58<21:04, 76.57it/s]
Running loglikelihood requests:  22%|██▏       | 26594/123380 [08:59<22:03, 73.14it/s]
Running loglikelihood requests:  22%|██▏       | 26659/123380 [09:00<23:07, 69.73it/s]
Running loglikelihood requests:  22%|██▏       | 26723/123380 [09:01<23:37, 68.20it/s]
Running loglikelihood requests:  22%|██▏       | 26787/123380 [09:02<23:58, 67.13it/s]
Running loglikelihood requests:  22%|██▏       | 26855/123380 [09:03<23:52, 67.39it/s]
Running loglikelihood requests:  22%|██▏       | 26920/123380 [09:04<24:03, 66.84it/s]
Running loglikelihood requests:  22%|██▏       | 26984/123380 [09:05<24:14, 66.26it/s]
Running loglikelihood requests:  22%|██▏       | 27048/123380 [09:06<24:16, 66.14it/s]
Running loglikelihood requests:  22%|██▏       | 27112/123380 [09:07<24:19, 65.94it/s]
Running loglikelihood requests:  22%|██▏       | 27181/123380 [09:08<23:58, 66.85it/s]
Running loglikelihood requests:  22%|██▏       | 27248/123380 [09:09<23:51, 67.13it/s]
Running loglikelihood requests:  22%|██▏       | 27323/123380 [09:10<22:59, 69.66it/s]
Running loglikelihood requests:  22%|██▏       | 27404/123380 [09:11<21:41, 73.73it/s]
Running loglikelihood requests:  22%|██▏       | 27485/123380 [09:12<20:47, 76.87it/s]
Running loglikelihood requests:  22%|██▏       | 27554/123380 [09:13<21:20, 74.82it/s]
Running loglikelihood requests:  22%|██▏       | 27630/123380 [09:14<21:06, 75.57it/s]
Running loglikelihood requests:  22%|██▏       | 27694/123380 [09:15<21:57, 72.63it/s]
Running loglikelihood requests:  22%|██▏       | 27759/123380 [09:16<22:27, 70.94it/s]
Running loglikelihood requests:  23%|██▎       | 27823/123380 [09:17<22:56, 69.42it/s]
Running loglikelihood requests:  23%|██▎       | 27887/123380 [09:18<23:16, 68.38it/s]
Running loglikelihood requests:  23%|██▎       | 27952/123380 [09:19<23:30, 67.66it/s]
Running loglikelihood requests:  23%|██▎       | 28016/123380 [09:20<23:46, 66.83it/s]
Running loglikelihood requests:  23%|██▎       | 28080/123380 [09:21<23:49, 66.68it/s]
Running loglikelihood requests:  23%|██▎       | 28144/123380 [09:22<23:49, 66.61it/s]
Running loglikelihood requests:  23%|██▎       | 28208/123380 [09:23<23:48, 66.61it/s]
Running loglikelihood requests:  23%|██▎       | 28273/123380 [09:24<23:38, 67.06it/s]
Running loglikelihood requests:  23%|██▎       | 28344/123380 [09:25<22:55, 69.11it/s]
Running loglikelihood requests:  23%|██▎       | 28408/123380 [09:26<23:14, 68.12it/s]
Running loglikelihood requests:  23%|██▎       | 28492/123380 [09:27<21:23, 73.95it/s]
Running loglikelihood requests:  23%|██▎       | 28586/123380 [09:28<19:29, 81.04it/s]
Running loglikelihood requests:  23%|██▎       | 28676/123380 [09:29<18:36, 84.84it/s]
Running loglikelihood requests:  23%|██▎       | 28747/123380 [09:30<19:16, 81.79it/s]
Running loglikelihood requests:  23%|██▎       | 28820/123380 [09:31<19:40, 80.07it/s]
Running loglikelihood requests:  23%|██▎       | 28889/123380 [09:32<20:17, 77.59it/s]
Running loglikelihood requests:  23%|██▎       | 28955/123380 [09:32<20:57, 75.06it/s]
Running loglikelihood requests:  24%|██▎       | 29019/123380 [09:33<21:37, 72.72it/s]
Running loglikelihood requests:  24%|██▎       | 29083/123380 [09:34<22:39, 69.34it/s]
Running loglikelihood requests:  24%|██▎       | 29149/123380 [09:35<22:49, 68.80it/s]
Running loglikelihood requests:  24%|██▎       | 29213/123380 [09:36<23:03, 68.07it/s]
Running loglikelihood requests:  24%|██▎       | 29277/123380 [09:37<23:09, 67.70it/s]
Running loglikelihood requests:  24%|██▍       | 29341/123380 [09:38<23:11, 67.60it/s]
Running loglikelihood requests:  24%|██▍       | 29405/123380 [09:39<23:12, 67.49it/s]
Running loglikelihood requests:  24%|██▍       | 29470/123380 [09:40<23:13, 67.40it/s]
Running loglikelihood requests:  24%|██▍       | 29535/123380 [09:41<23:11, 67.44it/s]
Running loglikelihood requests:  24%|██▍       | 29609/123380 [09:42<22:08, 70.56it/s]
Running loglikelihood requests:  24%|██▍       | 29683/123380 [09:43<21:28, 72.71it/s]
Running loglikelihood requests:  24%|██▍       | 29764/123380 [09:44<20:24, 76.43it/s]
Running loglikelihood requests:  24%|██▍       | 29839/123380 [09:45<20:17, 76.84it/s]
Running loglikelihood requests:  24%|██▍       | 29912/123380 [09:46<20:15, 76.91it/s]
Running loglikelihood requests:  24%|██▍       | 29979/123380 [09:47<20:42, 75.19it/s]
Running loglikelihood requests:  24%|██▍       | 30050/123380 [09:48<20:46, 74.90it/s]
Running loglikelihood requests:  24%|██▍       | 30114/123380 [09:49<21:29, 72.35it/s]
Running loglikelihood requests:  24%|██▍       | 30178/123380 [09:50<21:57, 70.73it/s]
Running loglikelihood requests:  25%|██▍       | 30242/123380 [09:51<22:15, 69.74it/s]
Running loglikelihood requests:  25%|██▍       | 30308/123380 [09:52<22:21, 69.38it/s]
Running loglikelihood requests:  25%|██▍       | 30372/123380 [09:53<22:33, 68.74it/s]
Running loglikelihood requests:  25%|██▍       | 30437/123380 [09:54<22:30, 68.82it/s]
Running loglikelihood requests:  25%|██▍       | 30501/123380 [09:55<22:44, 68.06it/s]
Running loglikelihood requests:  25%|██▍       | 30565/123380 [09:55<22:50, 67.73it/s]
Running loglikelihood requests:  25%|██▍       | 30629/123380 [09:56<22:52, 67.58it/s]
Running loglikelihood requests:  25%|██▍       | 30694/123380 [09:57<22:59, 67.18it/s]
Running loglikelihood requests:  25%|██▍       | 30758/123380 [09:58<22:55, 67.33it/s]
Running loglikelihood requests:  25%|██▍       | 30822/123380 [09:59<22:52, 67.42it/s]
Running loglikelihood requests:  25%|██▌       | 30894/123380 [10:00<22:09, 69.55it/s]
Running loglikelihood requests:  25%|██▌       | 30966/123380 [10:01<21:30, 71.59it/s]
Running loglikelihood requests:  25%|██▌       | 31044/123380 [10:02<20:35, 74.76it/s]
Running loglikelihood requests:  25%|██▌       | 31130/123380 [10:03<19:48, 77.62it/s]
Running loglikelihood requests:  25%|██▌       | 31213/123380 [10:04<19:23, 79.22it/s]
Running loglikelihood requests:  25%|██▌       | 31278/123380 [10:05<20:24, 75.22it/s]
Running loglikelihood requests:  25%|██▌       | 31349/123380 [10:06<20:40, 74.16it/s]
Running loglikelihood requests:  25%|██▌       | 31417/123380 [10:07<20:52, 73.42it/s]
Running loglikelihood requests:  26%|██▌       | 31482/123380 [10:08<21:17, 71.92it/s]
Running loglikelihood requests:  26%|██▌       | 31550/123380 [10:09<21:16, 71.95it/s]
Running loglikelihood requests:  26%|██▌       | 31614/123380 [10:10<21:38, 70.67it/s]
Running loglikelihood requests:  26%|██▌       | 31678/123380 [10:11<21:53, 69.80it/s]
Running loglikelihood requests:  26%|██▌       | 31742/123380 [10:12<22:01, 69.33it/s]
Running loglikelihood requests:  26%|██▌       | 31806/123380 [10:13<22:10, 68.85it/s]
Running loglikelihood requests:  26%|██▌       | 31870/123380 [10:14<22:15, 68.53it/s]
Running loglikelihood requests:  26%|██▌       | 31934/123380 [10:15<22:19, 68.29it/s]
Running loglikelihood requests:  26%|██▌       | 31999/123380 [10:16<22:15, 68.43it/s]
Running loglikelihood requests:  26%|██▌       | 32063/123380 [10:17<22:17, 68.28it/s]
Running loglikelihood requests:  26%|██▌       | 32127/123380 [10:18<22:20, 68.05it/s]
Running loglikelihood requests:  26%|██▌       | 32191/123380 [10:18<22:21, 67.97it/s]
Running loglikelihood requests:  26%|██▌       | 32255/123380 [10:19<22:20, 68.00it/s]
Running loglikelihood requests:  26%|██▌       | 32322/123380 [10:20<22:03, 68.81it/s]
Running loglikelihood requests:  26%|██▋       | 32404/123380 [10:21<20:24, 74.28it/s]
Running loglikelihood requests:  26%|██▋       | 32474/123380 [10:22<20:27, 74.04it/s]
Running loglikelihood requests:  26%|██▋       | 32565/123380 [10:23<18:46, 80.61it/s]
Running loglikelihood requests:  26%|██▋       | 32647/123380 [10:24<18:17, 82.70it/s]
Running loglikelihood requests:  27%|██▋       | 32712/123380 [10:25<19:12, 78.70it/s]
Running loglikelihood requests:  27%|██▋       | 32776/123380 [10:26<20:01, 75.42it/s]
Running loglikelihood requests:  27%|██▋       | 32840/123380 [10:27<20:38, 73.09it/s]
Running loglikelihood requests:  27%|██▋       | 32905/123380 [10:28<21:04, 71.52it/s]
Running loglikelihood requests:  27%|██▋       | 32969/123380 [10:29<21:27, 70.23it/s]
Running loglikelihood requests:  27%|██▋       | 33034/123380 [10:30<21:39, 69.52it/s]
Running loglikelihood requests:  27%|██▋       | 33098/123380 [10:31<21:54, 68.67it/s]
Running loglikelihood requests:  27%|██▋       | 33162/123380 [10:32<21:58, 68.43it/s]
Running loglikelihood requests:  27%|██▋       | 33226/123380 [10:33<21:57, 68.41it/s]
Running loglikelihood requests:  27%|██▋       | 33294/123380 [10:34<21:35, 69.52it/s]
Running loglikelihood requests:  27%|██▋       | 33358/123380 [10:35<21:57, 68.33it/s]
Running loglikelihood requests:  27%|██▋       | 33422/123380 [10:36<22:04, 67.91it/s]
Running loglikelihood requests:  27%|██▋       | 33487/123380 [10:36<21:57, 68.21it/s]
Running loglikelihood requests:  27%|██▋       | 33551/123380 [10:37<22:00, 68.05it/s]
Running loglikelihood requests:  27%|██▋       | 33615/123380 [10:38<21:58, 68.09it/s]
Running loglikelihood requests:  27%|██▋       | 33679/123380 [10:39<22:00, 67.93it/s]
Running loglikelihood requests:  27%|██▋       | 33743/123380 [10:40<22:03, 67.75it/s]
Running loglikelihood requests:  27%|██▋       | 33807/123380 [10:41<22:08, 67.45it/s]
Running loglikelihood requests:  27%|██▋       | 33872/123380 [10:42<22:01, 67.74it/s]
Running loglikelihood requests:  28%|██▊       | 33948/123380 [10:43<20:48, 71.61it/s]
Running loglikelihood requests:  28%|██▊       | 34025/123380 [10:44<19:53, 74.85it/s]
Running loglikelihood requests:  28%|██▊       | 34099/123380 [10:45<19:31, 76.22it/s]
Running loglikelihood requests:  28%|██▊       | 34190/123380 [10:46<18:01, 82.49it/s]
Running loglikelihood requests:  28%|██▊       | 34265/123380 [10:47<18:13, 81.46it/s]
Running loglikelihood requests:  28%|██▊       | 34331/123380 [10:48<19:00, 78.09it/s]
Running loglikelihood requests:  28%|██▊       | 34396/123380 [10:49<19:42, 75.22it/s]
Running loglikelihood requests:  28%|██▊       | 34460/123380 [10:50<20:26, 72.50it/s]
Running loglikelihood requests:  28%|██▊       | 34524/123380 [10:51<21:17, 69.57it/s]
Running loglikelihood requests:  28%|██▊       | 34588/123380 [10:52<22:29, 65.80it/s]
Running loglikelihood requests:  28%|██▊       | 34653/123380 [10:53<22:13, 66.52it/s]
Running loglikelihood requests:  28%|██▊       | 34717/123380 [10:54<22:06, 66.85it/s]
Running loglikelihood requests:  28%|██▊       | 34781/123380 [10:55<22:01, 67.04it/s]
Running loglikelihood requests:  28%|██▊       | 34845/123380 [10:56<22:02, 66.95it/s]
Running loglikelihood requests:  28%|██▊       | 34909/123380 [10:57<21:53, 67.37it/s]
Running loglikelihood requests:  28%|██▊       | 34973/123380 [10:58<21:51, 67.40it/s]
Running loglikelihood requests:  28%|██▊       | 35037/123380 [10:58<21:48, 67.52it/s]
Running loglikelihood requests:  28%|██▊       | 35101/123380 [10:59<21:44, 67.70it/s]
Running loglikelihood requests:  29%|██▊       | 35165/123380 [11:00<21:41, 67.80it/s]
Running loglikelihood requests:  29%|██▊       | 35229/123380 [11:01<21:44, 67.55it/s]
Running loglikelihood requests:  29%|██▊       | 35293/123380 [11:02<21:40, 67.72it/s]
Running loglikelihood requests:  29%|██▊       | 35357/123380 [11:03<21:44, 67.48it/s]
Running loglikelihood requests:  29%|██▊       | 35422/123380 [11:04<21:39, 67.71it/s]
Running loglikelihood requests:  29%|██▉       | 35486/123380 [11:05<21:39, 67.65it/s]
Running loglikelihood requests:  29%|██▉       | 35550/123380 [11:06<21:39, 67.59it/s]
Running loglikelihood requests:  29%|██▉       | 35614/123380 [11:07<22:05, 66.22it/s]
Running loglikelihood requests:  29%|██▉       | 35688/123380 [11:08<21:13, 68.84it/s]
Running loglikelihood requests:  29%|██▉       | 35752/123380 [11:09<21:24, 68.23it/s]
Running loglikelihood requests:  29%|██▉       | 35837/123380 [11:10<19:33, 74.60it/s]
Running loglikelihood requests:  29%|██▉       | 35911/123380 [11:11<19:14, 75.77it/s]
Running loglikelihood requests:  29%|██▉       | 35989/123380 [11:12<18:39, 78.09it/s]
Running loglikelihood requests:  29%|██▉       | 36073/123380 [11:13<17:50, 81.55it/s]
Running loglikelihood requests:  29%|██▉       | 36151/123380 [11:14<17:40, 82.26it/s]
Running loglikelihood requests:  29%|██▉       | 36218/123380 [11:15<18:17, 79.42it/s]
Running loglikelihood requests:  29%|██▉       | 36287/123380 [11:16<18:40, 77.74it/s]
Running loglikelihood requests:  29%|██▉       | 36351/123380 [11:17<19:30, 74.37it/s]
Running loglikelihood requests:  30%|██▉       | 36415/123380 [11:17<20:02, 72.34it/s]
Running loglikelihood requests:  30%|██▉       | 36479/123380 [11:18<20:22, 71.06it/s]
Running loglikelihood requests:  30%|██▉       | 36543/123380 [11:19<20:40, 70.02it/s]
Running loglikelihood requests:  30%|██▉       | 36607/123380 [11:20<20:52, 69.30it/s]
Running loglikelihood requests:  30%|██▉       | 36671/123380 [11:21<21:01, 68.75it/s]
Running loglikelihood requests:  30%|██▉       | 36735/123380 [11:22<21:07, 68.37it/s]
Running loglikelihood requests:  30%|██▉       | 36799/123380 [11:23<21:10, 68.16it/s]
Running loglikelihood requests:  30%|██▉       | 36863/123380 [11:24<21:10, 68.09it/s]
Running loglikelihood requests:  30%|██▉       | 36928/123380 [11:25<21:07, 68.20it/s]
Running loglikelihood requests:  30%|██▉       | 36992/123380 [11:26<21:09, 68.07it/s]
Running loglikelihood requests:  30%|███       | 37056/123380 [11:27<21:09, 68.00it/s]
Running loglikelihood requests:  30%|███       | 37120/123380 [11:28<21:11, 67.86it/s]
Running loglikelihood requests:  30%|███       | 37184/123380 [11:29<21:10, 67.87it/s]
Running loglikelihood requests:  30%|███       | 37248/123380 [11:30<21:08, 67.91it/s]
Running loglikelihood requests:  30%|███       | 37312/123380 [11:31<21:08, 67.86it/s]
Running loglikelihood requests:  30%|███       | 37376/123380 [11:32<21:04, 67.99it/s]
Running loglikelihood requests:  30%|███       | 37440/123380 [11:33<21:00, 68.20it/s]
Running loglikelihood requests:  30%|███       | 37504/123380 [11:33<20:58, 68.26it/s]
Running loglikelihood requests:  30%|███       | 37568/123380 [11:34<21:05, 67.81it/s]
Running loglikelihood requests:  31%|███       | 37632/123380 [11:35<21:09, 67.54it/s]
Running loglikelihood requests:  31%|███       | 37696/123380 [11:36<21:06, 67.64it/s]
Running loglikelihood requests:  31%|███       | 37770/123380 [11:37<20:06, 70.95it/s]
Running loglikelihood requests:  31%|███       | 37851/123380 [11:38<18:53, 75.49it/s]
Running loglikelihood requests:  31%|███       | 37931/123380 [11:39<18:08, 78.49it/s]
Running loglikelihood requests:  31%|███       | 38017/123380 [11:40<17:18, 82.17it/s]
Running loglikelihood requests:  31%|███       | 38088/123380 [11:41<17:43, 80.23it/s]
Running loglikelihood requests:  31%|███       | 38153/123380 [11:42<18:31, 76.68it/s]
Running loglikelihood requests:  31%|███       | 38218/123380 [11:43<19:04, 74.39it/s]
Running loglikelihood requests:  31%|███       | 38283/123380 [11:44<19:28, 72.83it/s]
Running loglikelihood requests:  31%|███       | 38349/123380 [11:45<19:39, 72.08it/s]
Running loglikelihood requests:  31%|███       | 38414/123380 [11:46<19:53, 71.21it/s]
Running loglikelihood requests:  31%|███       | 38478/123380 [11:47<20:05, 70.40it/s]
Running loglikelihood requests:  31%|███       | 38542/123380 [11:48<20:17, 69.69it/s]
Running loglikelihood requests:  31%|███▏      | 38606/123380 [11:49<20:22, 69.33it/s]
Running loglikelihood requests:  31%|███▏      | 38670/123380 [11:50<20:25, 69.11it/s]
Running loglikelihood requests:  31%|███▏      | 38734/123380 [11:50<20:29, 68.87it/s]
Running loglikelihood requests:  31%|███▏      | 38798/123380 [11:51<20:33, 68.58it/s]
Running loglikelihood requests:  31%|███▏      | 38862/123380 [11:52<20:33, 68.49it/s]
Running loglikelihood requests:  32%|███▏      | 38926/123380 [11:53<20:32, 68.54it/s]
Running loglikelihood requests:  32%|███▏      | 38990/123380 [11:54<20:32, 68.47it/s]
Running loglikelihood requests:  32%|███▏      | 39054/123380 [11:55<20:34, 68.31it/s]
Running loglikelihood requests:  32%|███▏      | 39118/123380 [11:56<20:35, 68.23it/s]
Running loglikelihood requests:  32%|███▏      | 39182/123380 [11:57<20:33, 68.25it/s]
Running loglikelihood requests:  32%|███▏      | 39246/123380 [11:58<20:44, 67.60it/s]
Running loglikelihood requests:  32%|███▏      | 39310/123380 [11:59<20:42, 67.67it/s]
Running loglikelihood requests:  32%|███▏      | 39374/123380 [12:00<20:37, 67.91it/s]
Running loglikelihood requests:  32%|███▏      | 39438/123380 [12:01<20:35, 67.96it/s]
Running loglikelihood requests:  32%|███▏      | 39502/123380 [12:02<20:34, 67.94it/s]
Running loglikelihood requests:  32%|███▏      | 39566/123380 [12:03<20:35, 67.83it/s]
Running loglikelihood requests:  32%|███▏      | 39631/123380 [12:04<20:27, 68.23it/s]
Running loglikelihood requests:  32%|███▏      | 39695/123380 [12:05<20:25, 68.27it/s]
Running loglikelihood requests:  32%|███▏      | 39759/123380 [12:05<20:21, 68.43it/s]
Running loglikelihood requests:  32%|███▏      | 39823/123380 [12:06<20:19, 68.49it/s]
Running loglikelihood requests:  32%|███▏      | 39892/123380 [12:07<19:50, 70.11it/s]
Running loglikelihood requests:  32%|███▏      | 39972/123380 [12:08<18:32, 74.94it/s]
Running loglikelihood requests:  32%|███▏      | 40055/123380 [12:09<17:31, 79.24it/s]
Running loglikelihood requests:  33%|███▎      | 40134/123380 [12:10<17:10, 80.76it/s]
Running loglikelihood requests:  33%|███▎      | 40219/123380 [12:11<16:43, 82.83it/s]
Running loglikelihood requests:  33%|███▎      | 40287/123380 [12:12<17:39, 78.39it/s]
Running loglikelihood requests:  33%|███▎      | 40365/123380 [12:13<17:41, 78.24it/s]
Running loglikelihood requests:  33%|███▎      | 40429/123380 [12:14<18:27, 74.90it/s]
Running loglikelihood requests:  33%|███▎      | 40494/123380 [12:15<18:50, 73.29it/s]
Running loglikelihood requests:  33%|███▎      | 40558/123380 [12:16<19:12, 71.87it/s]
Running loglikelihood requests:  33%|███▎      | 40622/123380 [12:17<19:30, 70.68it/s]
Running loglikelihood requests:  33%|███▎      | 40686/123380 [12:18<19:40, 70.03it/s]
Running loglikelihood requests:  33%|███▎      | 40751/123380 [12:19<19:41, 69.95it/s]
Running loglikelihood requests:  33%|███▎      | 40815/123380 [12:20<19:45, 69.64it/s]
Running loglikelihood requests:  33%|███▎      | 40879/123380 [12:21<19:47, 69.49it/s]
Running loglikelihood requests:  33%|███▎      | 40943/123380 [12:22<19:47, 69.40it/s]
Running loglikelihood requests:  33%|███▎      | 41007/123380 [12:22<19:52, 69.08it/s]
Running loglikelihood requests:  33%|███▎      | 41071/123380 [12:23<19:53, 68.96it/s]
Running loglikelihood requests:  33%|███▎      | 41136/123380 [12:24<19:46, 69.29it/s]
Running loglikelihood requests:  33%|███▎      | 41201/123380 [12:25<19:49, 69.06it/s]
Running loglikelihood requests:  33%|███▎      | 41265/123380 [12:26<19:58, 68.49it/s]
Running loglikelihood requests:  33%|███▎      | 41329/123380 [12:27<19:58, 68.47it/s]
Running loglikelihood requests:  34%|███▎      | 41393/123380 [12:28<19:56, 68.51it/s]
Running loglikelihood requests:  34%|███▎      | 41457/123380 [12:29<19:51, 68.74it/s]
Running loglikelihood requests:  34%|███▎      | 41521/123380 [12:30<19:46, 68.97it/s]
Running loglikelihood requests:  34%|███▎      | 41585/123380 [12:31<19:45, 68.99it/s]
Running loglikelihood requests:  34%|███▍      | 41649/123380 [12:32<19:45, 68.92it/s]
Running loglikelihood requests:  34%|███▍      | 41713/123380 [12:33<19:42, 69.05it/s]
Running loglikelihood requests:  34%|███▍      | 41777/123380 [12:34<19:42, 68.98it/s]
Running loglikelihood requests:  34%|███▍      | 41842/123380 [12:35<19:46, 68.71it/s]
Running loglikelihood requests:  34%|███▍      | 41906/123380 [12:36<19:49, 68.51it/s]
Running loglikelihood requests:  34%|███▍      | 41970/123380 [12:36<19:49, 68.46it/s]
Running loglikelihood requests:  34%|███▍      | 42034/123380 [12:37<19:51, 68.25it/s]
Running loglikelihood requests:  34%|███▍      | 42099/123380 [12:38<19:41, 68.80it/s]
Running loglikelihood requests:  34%|███▍      | 42163/123380 [12:39<19:37, 69.00it/s]
Running loglikelihood requests:  34%|███▍      | 42233/123380 [12:40<19:09, 70.61it/s]
Running loglikelihood requests:  34%|███▍      | 42307/123380 [12:41<18:25, 73.32it/s]
Running loglikelihood requests:  34%|███▍      | 42391/123380 [12:42<17:15, 78.21it/s]
Running loglikelihood requests:  34%|███▍      | 42485/123380 [12:43<15:53, 84.86it/s]
Running loglikelihood requests:  34%|███▍      | 42557/123380 [12:44<16:18, 82.60it/s]
Running loglikelihood requests:  35%|███▍      | 42622/123380 [12:45<17:03, 78.92it/s]
Running loglikelihood requests:  35%|███▍      | 42697/123380 [12:46<16:56, 79.34it/s]
Running loglikelihood requests:  35%|███▍      | 42761/123380 [12:47<17:38, 76.17it/s]
Running loglikelihood requests:  35%|███▍      | 42825/123380 [12:48<18:10, 73.88it/s]
Running loglikelihood requests:  35%|███▍      | 42889/123380 [12:49<18:33, 72.32it/s]
Running loglikelihood requests:  35%|███▍      | 42953/123380 [12:50<18:49, 71.23it/s]
Running loglikelihood requests:  35%|███▍      | 43017/123380 [12:50<18:57, 70.62it/s]
Running loglikelihood requests:  35%|███▍      | 43082/123380 [12:51<18:59, 70.45it/s]
Running loglikelihood requests:  35%|███▍      | 43146/123380 [12:52<19:08, 69.83it/s]
Running loglikelihood requests:  35%|███▌      | 43210/123380 [12:53<19:12, 69.58it/s]
Running loglikelihood requests:  35%|███▌      | 43274/123380 [12:54<19:15, 69.34it/s]
Running loglikelihood requests:  35%|███▌      | 43338/123380 [12:55<19:17, 69.13it/s]
Running loglikelihood requests:  35%|███▌      | 43402/123380 [12:56<19:17, 69.08it/s]
Running loglikelihood requests:  35%|███▌      | 43469/123380 [12:57<18:58, 70.20it/s]
Running loglikelihood requests:  35%|███▌      | 43533/123380 [12:58<19:06, 69.62it/s]
Running loglikelihood requests:  35%|███▌      | 43597/123380 [12:59<19:12, 69.23it/s]
Running loglikelihood requests:  35%|███▌      | 43661/123380 [13:00<19:11, 69.24it/s]
Running loglikelihood requests:  35%|███▌      | 43725/123380 [13:01<19:11, 69.20it/s]
Running loglikelihood requests:  35%|███▌      | 43789/123380 [13:02<19:12, 69.08it/s]
Running loglikelihood requests:  36%|███▌      | 43853/123380 [13:03<19:11, 69.06it/s]
Running loglikelihood requests:  36%|███▌      | 43917/123380 [13:03<19:14, 68.86it/s]
Running loglikelihood requests:  36%|███▌      | 43981/123380 [13:04<19:29, 67.89it/s]
Running loglikelihood requests:  36%|███▌      | 44045/123380 [13:05<19:24, 68.11it/s]
Running loglikelihood requests:  36%|███▌      | 44109/123380 [13:06<19:19, 68.37it/s]
Running loglikelihood requests:  36%|███▌      | 44173/123380 [13:07<19:16, 68.50it/s]
Running loglikelihood requests:  36%|███▌      | 44237/123380 [13:08<19:10, 68.77it/s]
Running loglikelihood requests:  36%|███▌      | 44301/123380 [13:09<19:06, 68.99it/s]
Running loglikelihood requests:  36%|███▌      | 44365/123380 [13:10<19:05, 68.98it/s]
Running loglikelihood requests:  36%|███▌      | 44429/123380 [13:11<19:05, 68.94it/s]
Running loglikelihood requests:  36%|███▌      | 44493/123380 [13:12<19:03, 68.98it/s]
Running loglikelihood requests:  36%|███▌      | 44557/123380 [13:13<19:06, 68.74it/s]
Running loglikelihood requests:  36%|███▌      | 44626/123380 [13:14<18:46, 69.91it/s]
Running loglikelihood requests:  36%|███▌      | 44696/123380 [13:15<18:42, 70.12it/s]
Running loglikelihood requests:  36%|███▋      | 44792/123380 [13:16<16:42, 78.37it/s]
Running loglikelihood requests:  36%|███▋      | 44870/123380 [13:17<16:42, 78.28it/s]
Running loglikelihood requests:  36%|███▋      | 44935/123380 [13:18<17:16, 75.65it/s]
Running loglikelihood requests:  36%|███▋      | 45004/123380 [13:19<17:21, 75.22it/s]
Running loglikelihood requests:  37%|███▋      | 45073/123380 [13:20<17:26, 74.84it/s]
Running loglikelihood requests:  37%|███▋      | 45137/123380 [13:20<17:52, 72.96it/s]
Running loglikelihood requests:  37%|███▋      | 45201/123380 [13:21<18:11, 71.60it/s]
Running loglikelihood requests:  37%|███▋      | 45265/123380 [13:22<18:24, 70.73it/s]
Running loglikelihood requests:  37%|███▋      | 45329/123380 [13:23<18:35, 69.98it/s]
Running loglikelihood requests:  37%|███▋      | 45393/123380 [13:24<18:39, 69.64it/s]
Running loglikelihood requests:  37%|███▋      | 45457/123380 [13:25<18:42, 69.45it/s]
Running loglikelihood requests:  37%|███▋      | 45523/123380 [13:26<18:34, 69.86it/s]
Running loglikelihood requests:  37%|███▋      | 45587/123380 [13:27<18:36, 69.67it/s]
Running loglikelihood requests:  37%|███▋      | 45651/123380 [13:28<18:38, 69.47it/s]
Running loglikelihood requests:  37%|███▋      | 45715/123380 [13:29<18:39, 69.40it/s]
Running loglikelihood requests:  37%|███▋      | 45779/123380 [13:30<18:39, 69.35it/s]
Running loglikelihood requests:  37%|███▋      | 45843/123380 [13:31<18:38, 69.32it/s]
Running loglikelihood requests:  37%|███▋      | 45907/123380 [13:32<18:39, 69.23it/s]
Running loglikelihood requests:  37%|███▋      | 45971/123380 [13:33<18:37, 69.26it/s]
Running loglikelihood requests:  37%|███▋      | 46035/123380 [13:33<18:36, 69.28it/s]
Running loglikelihood requests:  37%|███▋      | 46099/123380 [13:34<18:41, 68.93it/s]
Running loglikelihood requests:  37%|███▋      | 46163/123380 [13:35<18:46, 68.53it/s]
Running loglikelihood requests:  37%|███▋      | 46227/123380 [13:36<18:47, 68.42it/s]
Running loglikelihood requests:  38%|███▊      | 46291/123380 [13:37<18:46, 68.45it/s]
Running loglikelihood requests:  38%|███▊      | 46355/123380 [13:38<18:43, 68.54it/s]
Running loglikelihood requests:  38%|███▊      | 46419/123380 [13:39<18:42, 68.55it/s]
Running loglikelihood requests:  38%|███▊      | 46483/123380 [13:40<18:41, 68.55it/s]
Running loglikelihood requests:  38%|███▊      | 46547/123380 [13:41<18:38, 68.70it/s]
Running loglikelihood requests:  38%|███▊      | 46611/123380 [13:42<18:32, 69.03it/s]
Running loglikelihood requests:  38%|███▊      | 46675/123380 [13:43<18:29, 69.16it/s]
Running loglikelihood requests:  38%|███▊      | 46739/123380 [13:44<18:28, 69.15it/s]
Running loglikelihood requests:  38%|███▊      | 46803/123380 [13:45<18:27, 69.16it/s]
Running loglikelihood requests:  38%|███▊      | 46867/123380 [13:46<18:25, 69.22it/s]
Running loglikelihood requests:  38%|███▊      | 46931/123380 [13:47<18:28, 68.96it/s]
Running loglikelihood requests:  38%|███▊      | 46995/123380 [13:47<18:31, 68.75it/s]
Running loglikelihood requests:  38%|███▊      | 47059/123380 [13:48<18:31, 68.68it/s]
Running loglikelihood requests:  38%|███▊      | 47123/123380 [13:49<18:31, 68.61it/s]
Running loglikelihood requests:  38%|███▊      | 47189/123380 [13:50<18:21, 69.14it/s]
Running loglikelihood requests:  38%|███▊      | 47258/123380 [13:51<17:57, 70.63it/s]
Running loglikelihood requests:  38%|███▊      | 47336/123380 [13:52<17:00, 74.52it/s]
Running loglikelihood requests:  38%|███▊      | 47425/123380 [13:53<15:45, 80.37it/s]
Running loglikelihood requests:  39%|███▊      | 47513/123380 [13:54<14:56, 84.62it/s]
Running loglikelihood requests:  39%|███▊      | 47578/123380 [13:55<15:45, 80.16it/s]
Running loglikelihood requests:  39%|███▊      | 47649/123380 [13:56<16:01, 78.77it/s]
Running loglikelihood requests:  39%|███▊      | 47725/123380 [13:57<15:50, 79.56it/s]
Running loglikelihood requests:  39%|███▊      | 47800/123380 [13:58<15:52, 79.36it/s]
Running loglikelihood requests:  39%|███▉      | 47864/123380 [13:59<16:34, 75.91it/s]
Running loglikelihood requests:  39%|███▉      | 47928/123380 [14:00<17:10, 73.24it/s]
Running loglikelihood requests:  39%|███▉      | 47992/123380 [14:01<17:29, 71.81it/s]
Running loglikelihood requests:  39%|███▉      | 48056/123380 [14:02<17:42, 70.92it/s]
Running loglikelihood requests:  39%|███▉      | 48121/123380 [14:02<17:46, 70.56it/s]
Running loglikelihood requests:  39%|███▉      | 48185/123380 [14:03<17:48, 70.38it/s]
Running loglikelihood requests:  39%|███▉      | 48249/123380 [14:04<17:59, 69.57it/s]
Running loglikelihood requests:  39%|███▉      | 48313/123380 [14:05<18:04, 69.25it/s]
Running loglikelihood requests:  39%|███▉      | 48377/123380 [14:06<18:04, 69.15it/s]
Running loglikelihood requests:  39%|███▉      | 48441/123380 [14:07<18:06, 68.97it/s]
Running loglikelihood requests:  39%|███▉      | 48505/123380 [14:08<18:09, 68.72it/s]
Running loglikelihood requests:  39%|███▉      | 48569/123380 [14:09<18:10, 68.60it/s]
Running loglikelihood requests:  39%|███▉      | 48633/123380 [14:10<18:17, 68.09it/s]
Running loglikelihood requests:  39%|███▉      | 48697/123380 [14:11<18:12, 68.39it/s]
Running loglikelihood requests:  40%|███▉      | 48761/123380 [14:12<18:05, 68.71it/s]
Running loglikelihood requests:  40%|███▉      | 48825/123380 [14:13<18:06, 68.62it/s]
Running loglikelihood requests:  40%|███▉      | 48889/123380 [14:14<18:04, 68.68it/s]
Running loglikelihood requests:  40%|███▉      | 48953/123380 [14:15<18:00, 68.86it/s]
Running loglikelihood requests:  40%|███▉      | 49017/123380 [14:16<17:58, 68.95it/s]
Running loglikelihood requests:  40%|███▉      | 49081/123380 [14:16<17:56, 69.03it/s]
Running loglikelihood requests:  40%|███▉      | 49145/123380 [14:17<17:57, 68.88it/s]
Running loglikelihood requests:  40%|███▉      | 49209/123380 [14:18<18:18, 67.52it/s]
Running loglikelihood requests:  40%|███▉      | 49273/123380 [14:19<18:36, 66.35it/s]
Running loglikelihood requests:  40%|███▉      | 49337/123380 [14:20<18:45, 65.81it/s]
Running loglikelihood requests:  40%|████      | 49401/123380 [14:21<18:29, 66.69it/s]
Running loglikelihood requests:  40%|████      | 49465/123380 [14:22<18:13, 67.58it/s]
Running loglikelihood requests:  40%|████      | 49529/123380 [14:23<18:00, 68.32it/s]
Running loglikelihood requests:  40%|████      | 49593/123380 [14:24<17:47, 69.10it/s]
Running loglikelihood requests:  40%|████      | 49657/123380 [14:25<17:47, 69.06it/s]
Running loglikelihood requests:  40%|████      | 49721/123380 [14:26<17:46, 69.07it/s]
Running loglikelihood requests:  40%|████      | 49785/123380 [14:27<17:43, 69.23it/s]
Running loglikelihood requests:  40%|████      | 49849/123380 [14:28<17:38, 69.49it/s]
Running loglikelihood requests:  40%|████      | 49913/123380 [14:29<17:37, 69.50it/s]
Running loglikelihood requests:  41%|████      | 49977/123380 [14:30<17:36, 69.45it/s]
Running loglikelihood requests:  41%|████      | 50041/123380 [14:30<17:40, 69.15it/s]
Running loglikelihood requests:  41%|████      | 50105/123380 [14:31<17:38, 69.25it/s]
Running loglikelihood requests:  41%|████      | 50170/123380 [14:32<17:30, 69.67it/s]
Running loglikelihood requests:  41%|████      | 50257/123380 [14:33<15:49, 77.01it/s]
Running loglikelihood requests:  41%|████      | 50352/123380 [14:34<14:26, 84.26it/s]
Running loglikelihood requests:  41%|████      | 50428/123380 [14:35<14:36, 83.23it/s]
Running loglikelihood requests:  41%|████      | 50502/123380 [14:36<14:44, 82.38it/s]
Running loglikelihood requests:  41%|████      | 50570/123380 [14:37<15:13, 79.73it/s]
Running loglikelihood requests:  41%|████      | 50639/123380 [14:38<15:31, 78.07it/s]
Running loglikelihood requests:  41%|████      | 50703/123380 [14:39<16:02, 75.52it/s]
Running loglikelihood requests:  41%|████      | 50767/123380 [14:40<16:30, 73.34it/s]
Running loglikelihood requests:  41%|████      | 50831/123380 [14:41<16:48, 71.96it/s]
Running loglikelihood requests:  41%|████▏     | 50895/123380 [14:42<17:00, 71.02it/s]
Running loglikelihood requests:  41%|████▏     | 50959/123380 [14:43<17:07, 70.48it/s]
Running loglikelihood requests:  41%|████▏     | 51023/123380 [14:43<17:10, 70.19it/s]
Running loglikelihood requests:  41%|████▏     | 51087/123380 [14:44<17:11, 70.11it/s]
Running loglikelihood requests:  41%|████▏     | 51151/123380 [14:45<17:15, 69.73it/s]
Running loglikelihood requests:  42%|████▏     | 51215/123380 [14:46<17:20, 69.38it/s]
Running loglikelihood requests:  42%|████▏     | 51279/123380 [14:47<17:16, 69.59it/s]
Running loglikelihood requests:  42%|████▏     | 51343/123380 [14:48<17:10, 69.92it/s]
Running loglikelihood requests:  42%|████▏     | 51407/123380 [14:49<17:07, 70.08it/s]
Running loglikelihood requests:  42%|████▏     | 51471/123380 [14:50<17:06, 70.04it/s]
Running loglikelihood requests:  42%|████▏     | 51535/123380 [14:51<17:06, 69.99it/s]
Running loglikelihood requests:  42%|████▏     | 51599/123380 [14:52<17:06, 69.96it/s]
Running loglikelihood requests:  42%|████▏     | 51669/123380 [14:53<16:38, 71.79it/s]
Running loglikelihood requests:  42%|████▏     | 51733/123380 [14:54<16:45, 71.24it/s]
Running loglikelihood requests:  42%|████▏     | 51797/123380 [14:54<16:53, 70.64it/s]
Running loglikelihood requests:  42%|████▏     | 51861/123380 [14:55<16:57, 70.28it/s]
Running loglikelihood requests:  42%|████▏     | 51925/123380 [14:56<16:57, 70.22it/s]
Running loglikelihood requests:  42%|████▏     | 51989/123380 [14:57<16:55, 70.30it/s]
Running loglikelihood requests:  42%|████▏     | 52053/123380 [14:58<16:57, 70.12it/s]
Running loglikelihood requests:  42%|████▏     | 52117/123380 [14:59<16:55, 70.15it/s]
Running loglikelihood requests:  42%|████▏     | 52181/123380 [15:00<16:56, 70.03it/s]
Running loglikelihood requests:  42%|████▏     | 52245/123380 [15:01<17:06, 69.33it/s]
Running loglikelihood requests:  42%|████▏     | 52309/123380 [15:02<17:08, 69.13it/s]
Running loglikelihood requests:  42%|████▏     | 52373/123380 [15:03<17:06, 69.17it/s]
Running loglikelihood requests:  43%|████▎     | 52437/123380 [15:04<17:00, 69.51it/s]
Running loglikelihood requests:  43%|████▎     | 52501/123380 [15:05<16:57, 69.64it/s]
Running loglikelihood requests:  43%|████▎     | 52565/123380 [15:06<16:57, 69.61it/s]
Running loglikelihood requests:  43%|████▎     | 52629/123380 [15:06<16:52, 69.84it/s]
Running loglikelihood requests:  43%|████▎     | 52694/123380 [15:07<16:47, 70.17it/s]
Running loglikelihood requests:  43%|████▎     | 52758/123380 [15:08<16:47, 70.07it/s]
Running loglikelihood requests:  43%|████▎     | 52822/123380 [15:09<16:46, 70.08it/s]
Running loglikelihood requests:  43%|████▎     | 52886/123380 [15:10<16:49, 69.84it/s]
Running loglikelihood requests:  43%|████▎     | 52950/123380 [15:11<16:51, 69.66it/s]
Running loglikelihood requests:  43%|████▎     | 53014/123380 [15:12<16:51, 69.57it/s]
Running loglikelihood requests:  43%|████▎     | 53078/123380 [15:13<16:52, 69.42it/s]
Running loglikelihood requests:  43%|████▎     | 53145/123380 [15:14<16:34, 70.59it/s]
Running loglikelihood requests:  43%|████▎     | 53219/123380 [15:15<15:54, 73.53it/s]
Running loglikelihood requests:  43%|████▎     | 53296/123380 [15:16<15:12, 76.76it/s]
Running loglikelihood requests:  43%|████▎     | 53378/123380 [15:17<14:28, 80.57it/s]
Running loglikelihood requests:  43%|████▎     | 53446/123380 [15:17<14:47, 78.83it/s]
Running loglikelihood requests:  43%|████▎     | 53520/123380 [15:18<14:34, 79.86it/s]
Running loglikelihood requests:  43%|████▎     | 53588/123380 [15:19<14:49, 78.44it/s]
Running loglikelihood requests:  43%|████▎     | 53659/123380 [15:20<14:52, 78.15it/s]
Running loglikelihood requests:  44%|████▎     | 53723/123380 [15:21<15:25, 75.24it/s]
Running loglikelihood requests:  44%|████▎     | 53787/123380 [15:22<15:59, 72.56it/s]
Running loglikelihood requests:  44%|████▎     | 53851/123380 [15:23<16:27, 70.40it/s]
Running loglikelihood requests:  44%|████▎     | 53915/123380 [15:24<16:49, 68.82it/s]
Running loglikelihood requests:  44%|████▍     | 53979/123380 [15:25<16:57, 68.20it/s]
Running loglikelihood requests:  44%|████▍     | 54043/123380 [15:26<16:52, 68.45it/s]
Running loglikelihood requests:  44%|████▍     | 54107/123380 [15:27<16:46, 68.85it/s]
Running loglikelihood requests:  44%|████▍     | 54171/123380 [15:28<16:41, 69.08it/s]
Running loglikelihood requests:  44%|████▍     | 54235/123380 [15:29<16:37, 69.30it/s]
Running loglikelihood requests:  44%|████▍     | 54299/123380 [15:30<16:33, 69.51it/s]
Running loglikelihood requests:  44%|████▍     | 54363/123380 [15:30<16:28, 69.84it/s]
Running loglikelihood requests:  44%|████▍     | 54427/123380 [15:31<16:28, 69.74it/s]
Running loglikelihood requests:  44%|████▍     | 54491/123380 [15:32<16:27, 69.76it/s]
Running loglikelihood requests:  44%|████▍     | 54555/123380 [15:33<16:25, 69.85it/s]
Running loglikelihood requests:  44%|████▍     | 54619/123380 [15:34<16:27, 69.60it/s]
Running loglikelihood requests:  44%|████▍     | 54683/123380 [15:35<16:46, 68.28it/s]
Running loglikelihood requests:  44%|████▍     | 54747/123380 [15:36<16:46, 68.18it/s]
Running loglikelihood requests:  44%|████▍     | 54813/123380 [15:37<16:43, 68.35it/s]
Running loglikelihood requests:  44%|████▍     | 54877/123380 [15:38<16:36, 68.76it/s]
Running loglikelihood requests:  45%|████▍     | 54941/123380 [15:39<16:27, 69.31it/s]
Running loglikelihood requests:  45%|████▍     | 55005/123380 [15:40<16:21, 69.65it/s]
Running loglikelihood requests:  45%|████▍     | 55069/123380 [15:41<16:23, 69.45it/s]
Running loglikelihood requests:  45%|████▍     | 55133/123380 [15:42<16:22, 69.46it/s]
Running loglikelihood requests:  45%|████▍     | 55197/123380 [15:43<16:22, 69.43it/s]
Running loglikelihood requests:  45%|████▍     | 55261/123380 [15:43<16:19, 69.51it/s]
Running loglikelihood requests:  45%|████▍     | 55325/123380 [15:44<16:15, 69.74it/s]
Running loglikelihood requests:  45%|████▍     | 55389/123380 [15:45<16:09, 70.15it/s]
Running loglikelihood requests:  45%|████▍     | 55453/123380 [15:46<16:12, 69.86it/s]
Running loglikelihood requests:  45%|████▍     | 55517/123380 [15:47<16:11, 69.86it/s]
Running loglikelihood requests:  45%|████▌     | 55581/123380 [15:48<16:10, 69.89it/s]
Running loglikelihood requests:  45%|████▌     | 55645/123380 [15:49<16:08, 69.94it/s]
Running loglikelihood requests:  45%|████▌     | 55709/123380 [15:50<16:07, 69.97it/s]
Running loglikelihood requests:  45%|████▌     | 55773/123380 [15:51<16:05, 70.00it/s]
Running loglikelihood requests:  45%|████▌     | 55837/123380 [15:52<16:04, 70.00it/s]
Running loglikelihood requests:  45%|████▌     | 55901/123380 [15:53<16:05, 69.88it/s]
Running loglikelihood requests:  45%|████▌     | 55965/123380 [15:54<16:10, 69.50it/s]
Running loglikelihood requests:  45%|████▌     | 56029/123380 [15:54<16:12, 69.29it/s]
Running loglikelihood requests:  45%|████▌     | 56093/123380 [15:55<16:13, 69.11it/s]
Running loglikelihood requests:  46%|████▌     | 56157/123380 [15:56<16:10, 69.29it/s]
Running loglikelihood requests:  46%|████▌     | 56221/123380 [15:57<16:06, 69.51it/s]
Running loglikelihood requests:  46%|████▌     | 56285/123380 [15:58<16:11, 69.03it/s]
Running loglikelihood requests:  46%|████▌     | 56349/123380 [15:59<16:08, 69.23it/s]
Running loglikelihood requests:  46%|████▌     | 56413/123380 [16:00<16:05, 69.36it/s]
Running loglikelihood requests:  46%|████▌     | 56477/123380 [16:01<16:02, 69.49it/s]
Running loglikelihood requests:  46%|████▌     | 56555/123380 [16:02<15:02, 74.08it/s]
Running loglikelihood requests:  46%|████▌     | 56642/123380 [16:03<13:50, 80.39it/s]
Running loglikelihood requests:  46%|████▌     | 56730/123380 [16:04<13:03, 85.07it/s]
Running loglikelihood requests:  46%|████▌     | 56795/123380 [16:05<13:44, 80.74it/s]
Running loglikelihood requests:  46%|████▌     | 56862/123380 [16:05<14:08, 78.41it/s]
Running loglikelihood requests:  46%|████▌     | 56936/123380 [16:06<14:01, 78.92it/s]
Running loglikelihood requests:  46%|████▌     | 57008/123380 [16:07<14:01, 78.85it/s]
Running loglikelihood requests:  46%|████▋     | 57074/123380 [16:08<14:22, 76.88it/s]
Running loglikelihood requests:  46%|████▋     | 57138/123380 [16:09<14:42, 75.10it/s]
Running loglikelihood requests:  46%|████▋     | 57202/123380 [16:10<15:03, 73.27it/s]
Running loglikelihood requests:  46%|████▋     | 57266/123380 [16:11<15:18, 72.00it/s]
Running loglikelihood requests:  46%|████▋     | 57330/123380 [16:12<15:25, 71.36it/s]
Running loglikelihood requests:  47%|████▋     | 57394/123380 [16:13<15:31, 70.80it/s]
Running loglikelihood requests:  47%|████▋     | 57458/123380 [16:14<15:35, 70.48it/s]
Running loglikelihood requests:  47%|████▋     | 57522/123380 [16:15<15:37, 70.21it/s]
Running loglikelihood requests:  47%|████▋     | 57586/123380 [16:16<15:41, 69.85it/s]
Running loglikelihood requests:  47%|████▋     | 57650/123380 [16:17<15:42, 69.76it/s]
Running loglikelihood requests:  47%|████▋     | 57714/123380 [16:17<15:40, 69.85it/s]
Running loglikelihood requests:  47%|████▋     | 57778/123380 [16:18<15:39, 69.86it/s]
Running loglikelihood requests:  47%|████▋     | 57842/123380 [16:19<15:38, 69.86it/s]
Running loglikelihood requests:  47%|████▋     | 57906/123380 [16:20<15:36, 69.95it/s]
Running loglikelihood requests:  47%|████▋     | 57970/123380 [16:21<15:35, 69.90it/s]
Running loglikelihood requests:  47%|████▋     | 58034/123380 [16:22<15:39, 69.56it/s]
Running loglikelihood requests:  47%|████▋     | 58098/123380 [16:23<15:36, 69.72it/s]
Running loglikelihood requests:  47%|████▋     | 58162/123380 [16:24<15:33, 69.84it/s]
Running loglikelihood requests:  47%|████▋     | 58226/123380 [16:25<15:34, 69.73it/s]
Running loglikelihood requests:  47%|████▋     | 58291/123380 [16:26<15:37, 69.44it/s]
Running loglikelihood requests:  47%|████▋     | 58355/123380 [16:27<15:49, 68.45it/s]
Running loglikelihood requests:  47%|████▋     | 58419/123380 [16:28<16:01, 67.59it/s]
Running loglikelihood requests:  47%|████▋     | 58485/123380 [16:29<15:45, 68.66it/s]
Running loglikelihood requests:  47%|████▋     | 58549/123380 [16:29<15:37, 69.16it/s]
Running loglikelihood requests:  48%|████▊     | 58613/123380 [16:30<15:32, 69.46it/s]
Running loglikelihood requests:  48%|████▊     | 58677/123380 [16:31<15:32, 69.41it/s]
Running loglikelihood requests:  48%|████▊     | 58741/123380 [16:32<15:30, 69.44it/s]
Running loglikelihood requests:  48%|████▊     | 58805/123380 [16:33<15:29, 69.51it/s]
Running loglikelihood requests:  48%|████▊     | 58869/123380 [16:34<15:32, 69.18it/s]
Running loglikelihood requests:  48%|████▊     | 58933/123380 [16:35<15:36, 68.84it/s]
Running loglikelihood requests:  48%|████▊     | 58997/123380 [16:36<15:33, 68.94it/s]
Running loglikelihood requests:  48%|████▊     | 59061/123380 [16:37<15:30, 69.10it/s]
Running loglikelihood requests:  48%|████▊     | 59125/123380 [16:38<15:27, 69.25it/s]
Running loglikelihood requests:  48%|████▊     | 59189/123380 [16:39<15:23, 69.52it/s]
Running loglikelihood requests:  48%|████▊     | 59253/123380 [16:40<15:17, 69.87it/s]
Running loglikelihood requests:  48%|████▊     | 59317/123380 [16:41<15:17, 69.82it/s]
Running loglikelihood requests:  48%|████▊     | 59381/123380 [16:41<15:15, 69.94it/s]
Running loglikelihood requests:  48%|████▊     | 59445/123380 [16:42<15:13, 69.97it/s]
Running loglikelihood requests:  48%|████▊     | 59509/123380 [16:43<15:15, 69.79it/s]
Running loglikelihood requests:  48%|████▊     | 59573/123380 [16:44<15:13, 69.82it/s]
Running loglikelihood requests:  48%|████▊     | 59637/123380 [16:45<15:20, 69.22it/s]
Running loglikelihood requests:  48%|████▊     | 59701/123380 [16:46<15:19, 69.24it/s]
Running loglikelihood requests:  48%|████▊     | 59765/123380 [16:47<15:16, 69.43it/s]
Running loglikelihood requests:  48%|████▊     | 59829/123380 [16:48<15:13, 69.59it/s]
Running loglikelihood requests:  49%|████▊     | 59893/123380 [16:49<15:11, 69.64it/s]
Running loglikelihood requests:  49%|████▊     | 59957/123380 [16:50<15:10, 69.66it/s]
Running loglikelihood requests:  49%|████▊     | 60021/123380 [16:51<15:07, 69.82it/s]
Running loglikelihood requests:  49%|████▊     | 60085/123380 [16:52<15:02, 70.12it/s]
Running loglikelihood requests:  49%|████▉     | 60152/123380 [16:52<14:48, 71.13it/s]
Running loglikelihood requests:  49%|████▉     | 60235/123380 [16:53<13:37, 77.23it/s]
Running loglikelihood requests:  49%|████▉     | 60317/123380 [16:54<12:56, 81.23it/s]
Running loglikelihood requests:  49%|████▉     | 60395/123380 [16:55<12:42, 82.56it/s]
Running loglikelihood requests:  49%|████▉     | 60464/123380 [16:56<13:06, 79.98it/s]
Running loglikelihood requests:  49%|████▉     | 60537/123380 [16:57<13:06, 79.89it/s]
Running loglikelihood requests:  49%|████▉     | 60603/123380 [16:58<13:29, 77.59it/s]
Running loglikelihood requests:  49%|████▉     | 60673/123380 [16:59<13:30, 77.35it/s]
Running loglikelihood requests:  49%|████▉     | 60737/123380 [17:00<13:50, 75.44it/s]
Running loglikelihood requests:  49%|████▉     | 60801/123380 [17:01<14:05, 74.01it/s]
Running loglikelihood requests:  49%|████▉     | 60865/123380 [17:02<14:19, 72.71it/s]
Running loglikelihood requests:  49%|████▉     | 60929/123380 [17:03<14:30, 71.72it/s]
Running loglikelihood requests:  49%|████▉     | 60993/123380 [17:03<14:34, 71.33it/s]
Running loglikelihood requests:  49%|████▉     | 61057/123380 [17:04<14:38, 70.94it/s]
Running loglikelihood requests:  50%|████▉     | 61121/123380 [17:05<14:39, 70.78it/s]
Running loglikelihood requests:  50%|████▉     | 61185/123380 [17:06<14:43, 70.38it/s]
Running loglikelihood requests:  50%|████▉     | 61249/123380 [17:07<14:45, 70.13it/s]
Running loglikelihood requests:  50%|████▉     | 61313/123380 [17:08<14:45, 70.06it/s]
Running loglikelihood requests:  50%|████▉     | 61377/123380 [17:09<14:45, 70.00it/s]
Running loglikelihood requests:  50%|████▉     | 61441/123380 [17:10<14:43, 70.10it/s]
Running loglikelihood requests:  50%|████▉     | 61505/123380 [17:11<14:41, 70.19it/s]
Running loglikelihood requests:  50%|████▉     | 61569/123380 [17:12<14:37, 70.41it/s]
Running loglikelihood requests:  50%|████▉     | 61633/123380 [17:13<14:35, 70.52it/s]
Running loglikelihood requests:  50%|█████     | 61697/123380 [17:13<14:35, 70.46it/s]
Running loglikelihood requests:  50%|█████     | 61761/123380 [17:14<14:33, 70.58it/s]
Running loglikelihood requests:  50%|█████     | 61825/123380 [17:15<14:29, 70.78it/s]
Running loglikelihood requests:  50%|█████     | 61889/123380 [17:16<14:29, 70.71it/s]
Running loglikelihood requests:  50%|█████     | 61953/123380 [17:17<14:39, 69.88it/s]
Running loglikelihood requests:  50%|█████     | 62017/123380 [17:18<14:35, 70.05it/s]
Running loglikelihood requests:  50%|█████     | 62083/123380 [17:19<14:25, 70.79it/s]
Running loglikelihood requests:  50%|█████     | 62147/123380 [17:20<14:26, 70.68it/s]
Running loglikelihood requests:  50%|█████     | 62211/123380 [17:21<14:26, 70.61it/s]
Running loglikelihood requests:  50%|█████     | 62275/123380 [17:22<14:25, 70.56it/s]
Running loglikelihood requests:  51%|█████     | 62339/123380 [17:23<14:29, 70.19it/s]
Running loglikelihood requests:  51%|█████     | 62403/123380 [17:23<14:27, 70.31it/s]
Running loglikelihood requests:  51%|█████     | 62467/123380 [17:24<14:26, 70.31it/s]
Running loglikelihood requests:  51%|█████     | 62531/123380 [17:25<14:24, 70.37it/s]
Running loglikelihood requests:  51%|█████     | 62595/123380 [17:26<14:22, 70.47it/s]
Running loglikelihood requests:  51%|█████     | 62659/123380 [17:27<14:18, 70.74it/s]
Running loglikelihood requests:  51%|█████     | 62723/123380 [17:28<14:21, 70.41it/s]
Running loglikelihood requests:  51%|█████     | 62787/123380 [17:29<14:26, 69.91it/s]
Running loglikelihood requests:  51%|█████     | 62851/123380 [17:30<14:33, 69.28it/s]
Running loglikelihood requests:  51%|█████     | 62915/123380 [17:31<14:39, 68.77it/s]
Running loglikelihood requests:  51%|█████     | 62979/123380 [17:32<14:52, 67.66it/s]
Running loglikelihood requests:  51%|█████     | 63043/123380 [17:33<14:42, 68.36it/s]
Running loglikelihood requests:  51%|█████     | 63107/123380 [17:34<14:34, 68.95it/s]
Running loglikelihood requests:  51%|█████     | 63171/123380 [17:35<14:39, 68.50it/s]
Running loglikelihood requests:  51%|█████▏    | 63235/123380 [17:36<14:33, 68.89it/s]
Running loglikelihood requests:  51%|█████▏    | 63299/123380 [17:36<14:24, 69.47it/s]
Running loglikelihood requests:  51%|█████▏    | 63363/123380 [17:37<14:24, 69.43it/s]
Running loglikelihood requests:  51%|█████▏    | 63427/123380 [17:38<14:24, 69.31it/s]
Running loglikelihood requests:  51%|█████▏    | 63491/123380 [17:39<14:20, 69.59it/s]
Running loglikelihood requests:  52%|█████▏    | 63555/123380 [17:40<14:15, 69.92it/s]
Running loglikelihood requests:  52%|█████▏    | 63619/123380 [17:41<14:14, 69.93it/s]
Running loglikelihood requests:  52%|█████▏    | 63683/123380 [17:42<14:09, 70.27it/s]
Running loglikelihood requests:  52%|█████▏    | 63747/123380 [17:43<14:08, 70.26it/s]
Running loglikelihood requests:  52%|█████▏    | 63811/123380 [17:44<14:08, 70.22it/s]
Running loglikelihood requests:  52%|█████▏    | 63884/123380 [17:45<13:32, 73.25it/s]
Running loglikelihood requests:  52%|█████▏    | 63965/123380 [17:46<12:39, 78.23it/s]
Running loglikelihood requests:  52%|█████▏    | 64056/123380 [17:46<11:40, 84.72it/s]
Running loglikelihood requests:  52%|█████▏    | 64120/123380 [17:47<12:15, 80.56it/s]
Running loglikelihood requests:  52%|█████▏    | 64189/123380 [17:48<12:29, 79.01it/s]
Running loglikelihood requests:  52%|█████▏    | 64258/123380 [17:49<12:39, 77.88it/s]
Running loglikelihood requests:  52%|█████▏    | 64323/123380 [17:50<12:56, 76.01it/s]
Running loglikelihood requests:  52%|█████▏    | 64390/123380 [17:51<13:04, 75.19it/s]
Running loglikelihood requests:  52%|█████▏    | 64454/123380 [17:52<13:18, 73.77it/s]
Running loglikelihood requests:  52%|█████▏    | 64518/123380 [17:53<13:29, 72.74it/s]
Running loglikelihood requests:  52%|█████▏    | 64582/123380 [17:54<13:34, 72.17it/s]
Running loglikelihood requests:  52%|█████▏    | 64646/123380 [17:55<13:42, 71.37it/s]
Running loglikelihood requests:  52%|█████▏    | 64710/123380 [17:56<13:44, 71.13it/s]
Running loglikelihood requests:  52%|█████▏    | 64774/123380 [17:56<13:43, 71.13it/s]
Running loglikelihood requests:  53%|█████▎    | 64838/123380 [17:57<13:44, 71.02it/s]
Running loglikelihood requests:  53%|█████▎    | 64902/123380 [17:58<13:50, 70.40it/s]
Running loglikelihood requests:  53%|█████▎    | 64966/123380 [17:59<13:49, 70.40it/s]
Running loglikelihood requests:  53%|█████▎    | 65030/123380 [18:00<13:50, 70.24it/s]
Running loglikelihood requests:  53%|█████▎    | 65094/123380 [18:01<13:49, 70.26it/s]
Running loglikelihood requests:  53%|█████▎    | 65158/123380 [18:02<13:47, 70.33it/s]
Running loglikelihood requests:  53%|█████▎    | 65222/123380 [18:03<13:47, 70.27it/s]
Running loglikelihood requests:  53%|█████▎    | 65286/123380 [18:04<13:50, 69.93it/s]
Running loglikelihood requests:  53%|█████▎    | 65350/123380 [18:05<13:47, 70.11it/s]
Running loglikelihood requests:  53%|█████▎    | 65414/123380 [18:06<13:42, 70.44it/s]
Running loglikelihood requests:  53%|█████▎    | 65478/123380 [18:06<13:38, 70.71it/s]
Running loglikelihood requests:  53%|█████▎    | 65542/123380 [18:07<13:39, 70.57it/s]
Running loglikelihood requests:  53%|█████▎    | 65606/123380 [18:08<13:42, 70.23it/s]
Running loglikelihood requests:  53%|█████▎    | 65670/123380 [18:09<13:39, 70.40it/s]
Running loglikelihood requests:  53%|█████▎    | 65734/123380 [18:10<13:38, 70.40it/s]
Running loglikelihood requests:  53%|█████▎    | 65798/123380 [18:11<13:35, 70.60it/s]
Running loglikelihood requests:  53%|█████▎    | 65862/123380 [18:12<13:32, 70.80it/s]
Running loglikelihood requests:  53%|█████▎    | 65926/123380 [18:13<13:30, 70.85it/s]
Running loglikelihood requests:  53%|█████▎    | 65990/123380 [18:14<13:29, 70.90it/s]
Running loglikelihood requests:  54%|█████▎    | 66054/123380 [18:15<13:26, 71.05it/s]
Running loglikelihood requests:  54%|█████▎    | 66118/123380 [18:15<13:24, 71.21it/s]
Running loglikelihood requests:  54%|█████▎    | 66182/123380 [18:16<13:25, 71.02it/s]
Running loglikelihood requests:  54%|█████▎    | 66246/123380 [18:17<13:24, 71.03it/s]
Running loglikelihood requests:  54%|█████▎    | 66310/123380 [18:18<13:23, 71.01it/s]
Running loglikelihood requests:  54%|█████▍    | 66374/123380 [18:19<13:23, 70.99it/s]
Running loglikelihood requests:  54%|█████▍    | 66438/123380 [18:20<13:22, 70.98it/s]
Running loglikelihood requests:  54%|█████▍    | 66502/123380 [18:21<13:21, 70.94it/s]
Running loglikelihood requests:  54%|█████▍    | 66566/123380 [18:22<13:21, 70.88it/s]
Running loglikelihood requests:  54%|█████▍    | 66630/123380 [18:23<13:21, 70.84it/s]
Running loglikelihood requests:  54%|█████▍    | 66694/123380 [18:24<13:23, 70.57it/s]
Running loglikelihood requests:  54%|█████▍    | 66758/123380 [18:25<13:22, 70.58it/s]
Running loglikelihood requests:  54%|█████▍    | 66822/123380 [18:25<13:21, 70.56it/s]
Running loglikelihood requests:  54%|█████▍    | 66886/123380 [18:26<13:19, 70.63it/s]
Running loglikelihood requests:  54%|█████▍    | 66950/123380 [18:27<13:17, 70.79it/s]
Running loglikelihood requests:  54%|█████▍    | 67014/123380 [18:28<13:17, 70.71it/s]
Running loglikelihood requests:  54%|█████▍    | 67078/123380 [18:29<13:19, 70.39it/s]
Running loglikelihood requests:  54%|█████▍    | 67142/123380 [18:30<13:18, 70.44it/s]
Running loglikelihood requests:  54%|█████▍    | 67206/123380 [18:31<13:19, 70.23it/s]
Running loglikelihood requests:  55%|█████▍    | 67270/123380 [18:32<13:19, 70.20it/s]
Running loglikelihood requests:  55%|█████▍    | 67334/123380 [18:33<13:25, 69.61it/s]
Running loglikelihood requests:  55%|█████▍    | 67398/123380 [18:34<13:38, 68.41it/s]
Running loglikelihood requests:  55%|█████▍    | 67462/123380 [18:35<13:49, 67.38it/s]
Running loglikelihood requests:  55%|█████▍    | 67526/123380 [18:36<13:54, 66.97it/s]
Running loglikelihood requests:  55%|█████▍    | 67590/123380 [18:37<13:41, 67.94it/s]
Running loglikelihood requests:  55%|█████▍    | 67654/123380 [18:38<13:30, 68.71it/s]
Running loglikelihood requests:  55%|█████▍    | 67718/123380 [18:38<13:24, 69.20it/s]
Running loglikelihood requests:  55%|█████▍    | 67782/123380 [18:39<13:18, 69.62it/s]
Running loglikelihood requests:  55%|█████▍    | 67846/123380 [18:40<13:16, 69.73it/s]
Running loglikelihood requests:  55%|█████▌    | 67936/123380 [18:41<11:48, 78.30it/s]
Running loglikelihood requests:  55%|█████▌    | 68006/123380 [18:42<11:52, 77.77it/s]
Running loglikelihood requests:  55%|█████▌    | 68093/123380 [18:43<11:07, 82.80it/s]
Running loglikelihood requests:  55%|█████▌    | 68158/123380 [18:44<11:34, 79.57it/s]
Running loglikelihood requests:  55%|█████▌    | 68226/123380 [18:45<11:43, 78.37it/s]
Running loglikelihood requests:  55%|█████▌    | 68299/123380 [18:46<11:35, 79.18it/s]
Running loglikelihood requests:  55%|█████▌    | 68363/123380 [18:47<11:57, 76.63it/s]
Running loglikelihood requests:  55%|█████▌    | 68438/123380 [18:47<11:39, 78.56it/s]
Running loglikelihood requests:  56%|█████▌    | 68505/123380 [18:48<11:50, 77.27it/s]
Running loglikelihood requests:  56%|█████▌    | 68569/123380 [18:49<12:11, 74.96it/s]
Running loglikelihood requests:  56%|█████▌    | 68633/123380 [18:50<12:21, 73.79it/s]
Running loglikelihood requests:  56%|█████▌    | 68697/123380 [18:51<12:29, 72.97it/s]
Running loglikelihood requests:  56%|█████▌    | 68761/123380 [18:52<12:37, 72.08it/s]
Running loglikelihood requests:  56%|█████▌    | 68825/123380 [18:53<12:44, 71.35it/s]
Running loglikelihood requests:  56%|█████▌    | 68889/123380 [18:54<12:46, 71.12it/s]
Running loglikelihood requests:  56%|█████▌    | 68953/123380 [18:55<12:46, 71.03it/s]
Running loglikelihood requests:  56%|█████▌    | 69017/123380 [18:56<12:45, 70.99it/s]
Running loglikelihood requests:  56%|█████▌    | 69081/123380 [18:57<12:44, 71.02it/s]
Running loglikelihood requests:  56%|█████▌    | 69146/123380 [18:57<12:37, 71.56it/s]
Running loglikelihood requests:  56%|█████▌    | 69210/123380 [18:58<12:47, 70.61it/s]
Running loglikelihood requests:  56%|█████▌    | 69274/123380 [18:59<12:47, 70.54it/s]
Running loglikelihood requests:  56%|█████▌    | 69338/123380 [19:00<12:47, 70.38it/s]
Running loglikelihood requests:  56%|█████▋    | 69404/123380 [19:01<12:37, 71.24it/s]
Running loglikelihood requests:  56%|█████▋    | 69468/123380 [19:02<12:40, 70.87it/s]
Running loglikelihood requests:  56%|█████▋    | 69532/123380 [19:03<12:44, 70.45it/s]
Running loglikelihood requests:  56%|█████▋    | 69596/123380 [19:04<12:42, 70.49it/s]
Running loglikelihood requests:  56%|█████▋    | 69663/123380 [19:05<12:34, 71.23it/s]
Running loglikelihood requests:  57%|█████▋    | 69727/123380 [19:06<12:34, 71.08it/s]
Running loglikelihood requests:  57%|█████▋    | 69791/123380 [19:07<12:35, 70.94it/s]
Running loglikelihood requests:  57%|█████▋    | 69855/123380 [19:07<12:35, 70.83it/s]
Running loglikelihood requests:  57%|█████▋    | 69919/123380 [19:08<12:35, 70.78it/s]
Running loglikelihood requests:  57%|█████▋    | 69983/123380 [19:09<12:34, 70.77it/s]
Running loglikelihood requests:  57%|█████▋    | 70047/123380 [19:10<12:34, 70.67it/s]
Running loglikelihood requests:  57%|█████▋    | 70111/123380 [19:11<12:34, 70.63it/s]
Running loglikelihood requests:  57%|█████▋    | 70175/123380 [19:12<12:34, 70.56it/s]
Running loglikelihood requests:  57%|█████▋    | 70239/123380 [19:13<12:37, 70.15it/s]
Running loglikelihood requests:  57%|█████▋    | 70303/123380 [19:14<12:34, 70.30it/s]
Running loglikelihood requests:  57%|█████▋    | 70367/123380 [19:15<12:32, 70.42it/s]
Running loglikelihood requests:  57%|█████▋    | 70431/123380 [19:16<12:31, 70.43it/s]
Running loglikelihood requests:  57%|█████▋    | 70495/123380 [19:17<12:30, 70.48it/s]
Running loglikelihood requests:  57%|█████▋    | 70559/123380 [19:17<12:28, 70.58it/s]
Running loglikelihood requests:  57%|█████▋    | 70623/123380 [19:18<12:26, 70.67it/s]
Running loglikelihood requests:  57%|█████▋    | 70687/123380 [19:19<12:27, 70.48it/s]
Running loglikelihood requests:  57%|█████▋    | 70751/123380 [19:20<12:26, 70.54it/s]
Running loglikelihood requests:  57%|█████▋    | 70815/123380 [19:21<12:24, 70.60it/s]
Running loglikelihood requests:  57%|█████▋    | 70879/123380 [19:22<12:27, 70.27it/s]
Running loglikelihood requests:  57%|█████▋    | 70943/123380 [19:23<12:29, 69.98it/s]
Running loglikelihood requests:  58%|█████▊    | 71007/123380 [19:24<12:26, 70.11it/s]
Running loglikelihood requests:  58%|█████▊    | 71071/123380 [19:25<12:26, 70.11it/s]
Running loglikelihood requests:  58%|█████▊    | 71135/123380 [19:26<12:24, 70.19it/s]
Running loglikelihood requests:  58%|█████▊    | 71199/123380 [19:27<12:21, 70.40it/s]
Running loglikelihood requests:  58%|█████▊    | 71263/123380 [19:27<12:18, 70.55it/s]
Running loglikelihood requests:  58%|█████▊    | 71327/123380 [19:28<12:18, 70.52it/s]
Running loglikelihood requests:  58%|█████▊    | 71391/123380 [19:29<12:15, 70.67it/s]
Running loglikelihood requests:  58%|█████▊    | 71455/123380 [19:30<12:13, 70.74it/s]
Running loglikelihood requests:  58%|█████▊    | 71519/123380 [19:31<12:14, 70.60it/s]
Running loglikelihood requests:  58%|█████▊    | 71583/123380 [19:32<12:14, 70.51it/s]
Running loglikelihood requests:  58%|█████▊    | 71647/123380 [19:33<12:15, 70.36it/s]
Running loglikelihood requests:  58%|█████▊    | 71711/123380 [19:34<12:20, 69.81it/s]
Running loglikelihood requests:  58%|█████▊    | 71775/123380 [19:35<12:23, 69.39it/s]
Running loglikelihood requests:  58%|█████▊    | 71839/123380 [19:36<12:17, 69.84it/s]
Running loglikelihood requests:  58%|█████▊    | 71903/123380 [19:37<12:20, 69.56it/s]
Running loglikelihood requests:  58%|█████▊    | 71967/123380 [19:38<12:23, 69.14it/s]
Running loglikelihood requests:  58%|█████▊    | 72031/123380 [19:39<12:33, 68.15it/s]
Running loglikelihood requests:  58%|█████▊    | 72107/123380 [19:39<11:50, 72.16it/s]
Running loglikelihood requests:  59%|█████▊    | 72183/123380 [19:40<11:18, 75.51it/s]
Running loglikelihood requests:  59%|█████▊    | 72271/123380 [19:41<10:23, 82.00it/s]
Running loglikelihood requests:  59%|█████▊    | 72339/123380 [19:42<10:36, 80.16it/s]
Running loglikelihood requests:  59%|█████▊    | 72408/123380 [19:43<10:47, 78.72it/s]
Running loglikelihood requests:  59%|█████▊    | 72479/123380 [19:44<10:52, 78.02it/s]
Running loglikelihood requests:  59%|█████▉    | 72550/123380 [19:45<10:52, 77.90it/s]
Running loglikelihood requests:  59%|█████▉    | 72630/123380 [19:46<10:28, 80.77it/s]
Running loglikelihood requests:  59%|█████▉    | 72694/123380 [19:47<10:50, 77.86it/s]
Running loglikelihood requests:  59%|█████▉    | 72758/123380 [19:48<11:05, 76.04it/s]
Running loglikelihood requests:  59%|█████▉    | 72822/123380 [19:49<11:15, 74.81it/s]
Running loglikelihood requests:  59%|█████▉    | 72886/123380 [19:49<11:23, 73.86it/s]
Running loglikelihood requests:  59%|█████▉    | 72950/123380 [19:50<11:32, 72.86it/s]
Running loglikelihood requests:  59%|█████▉    | 73014/123380 [19:51<11:33, 72.59it/s]
Running loglikelihood requests:  59%|█████▉    | 73078/123380 [19:52<11:37, 72.08it/s]
Running loglikelihood requests:  59%|█████▉    | 73142/123380 [19:53<11:40, 71.68it/s]
Running loglikelihood requests:  59%|█████▉    | 73206/123380 [19:54<11:42, 71.47it/s]
Running loglikelihood requests:  59%|█████▉    | 73270/123380 [19:55<11:43, 71.27it/s]
Running loglikelihood requests:  59%|█████▉    | 73334/123380 [19:56<11:43, 71.12it/s]
Running loglikelihood requests:  59%|█████▉    | 73398/123380 [19:57<11:43, 71.07it/s]
Running loglikelihood requests:  60%|█████▉    | 73462/123380 [19:58<11:45, 70.80it/s]
Running loglikelihood requests:  60%|█████▉    | 73526/123380 [19:58<11:44, 70.81it/s]
Running loglikelihood requests:  60%|█████▉    | 73590/123380 [19:59<11:42, 70.89it/s]
Running loglikelihood requests:  60%|█████▉    | 73654/123380 [20:00<11:43, 70.73it/s]
Running loglikelihood requests:  60%|█████▉    | 73718/123380 [20:01<11:41, 70.76it/s]
Running loglikelihood requests:  60%|█████▉    | 73782/123380 [20:02<11:39, 70.92it/s]
Running loglikelihood requests:  60%|█████▉    | 73846/123380 [20:03<11:37, 71.01it/s]
Running loglikelihood requests:  60%|█████▉    | 73910/123380 [20:04<11:35, 71.13it/s]
Running loglikelihood requests:  60%|█████▉    | 73974/123380 [20:05<11:33, 71.22it/s]
Running loglikelihood requests:  60%|██████    | 74038/123380 [20:06<11:37, 70.75it/s]
Running loglikelihood requests:  60%|██████    | 74102/123380 [20:07<11:35, 70.81it/s]
Running loglikelihood requests:  60%|██████    | 74166/123380 [20:07<11:34, 70.83it/s]
Running loglikelihood requests:  60%|██████    | 74230/123380 [20:08<11:32, 70.93it/s]
Running loglikelihood requests:  60%|██████    | 74294/123380 [20:09<11:30, 71.04it/s]
Running loglikelihood requests:  60%|██████    | 74358/123380 [20:10<11:30, 71.02it/s]
Running loglikelihood requests:  60%|██████    | 74422/123380 [20:11<11:30, 70.89it/s]
Running loglikelihood requests:  60%|██████    | 74486/123380 [20:12<11:28, 71.03it/s]
Running loglikelihood requests:  60%|██████    | 74550/123380 [20:13<11:27, 71.02it/s]
Running loglikelihood requests:  60%|██████    | 74614/123380 [20:14<11:26, 71.06it/s]
Running loglikelihood requests:  61%|██████    | 74678/123380 [20:15<11:24, 71.15it/s]
Running loglikelihood requests:  61%|██████    | 74742/123380 [20:16<11:21, 71.33it/s]
Running loglikelihood requests:  61%|██████    | 74806/123380 [20:16<11:22, 71.15it/s]
Running loglikelihood requests:  61%|██████    | 74870/123380 [20:17<11:20, 71.28it/s]
Running loglikelihood requests:  61%|██████    | 74934/123380 [20:18<11:19, 71.29it/s]
Running loglikelihood requests:  61%|██████    | 74998/123380 [20:19<11:18, 71.28it/s]
Running loglikelihood requests:  61%|██████    | 75062/123380 [20:20<11:21, 70.95it/s]
Running loglikelihood requests:  61%|██████    | 75126/123380 [20:21<11:19, 71.04it/s]
Running loglikelihood requests:  61%|██████    | 75190/123380 [20:22<11:17, 71.14it/s]
Running loglikelihood requests:  61%|██████    | 75254/123380 [20:23<11:16, 71.14it/s]
Running loglikelihood requests:  61%|██████    | 75318/123380 [20:24<11:16, 71.09it/s]
Running loglikelihood requests:  61%|██████    | 75382/123380 [20:25<11:15, 71.04it/s]
Running loglikelihood requests:  61%|██████    | 75446/123380 [20:25<11:14, 71.04it/s]
Running loglikelihood requests:  61%|██████    | 75510/123380 [20:26<11:15, 70.83it/s]
Running loglikelihood requests:  61%|██████▏   | 75574/123380 [20:27<11:14, 70.88it/s]
Running loglikelihood requests:  61%|██████▏   | 75638/123380 [20:28<11:13, 70.90it/s]
Running loglikelihood requests:  61%|██████▏   | 75702/123380 [20:29<11:11, 70.98it/s]
Running loglikelihood requests:  61%|██████▏   | 75766/123380 [20:30<11:07, 71.30it/s]
Running loglikelihood requests:  61%|██████▏   | 75830/123380 [20:31<11:07, 71.27it/s]
Running loglikelihood requests:  62%|██████▏   | 75896/123380 [20:32<11:00, 71.92it/s]
Running loglikelihood requests:  62%|██████▏   | 75960/123380 [20:33<11:00, 71.77it/s]
Running loglikelihood requests:  62%|██████▏   | 76024/123380 [20:34<11:01, 71.57it/s]
Running loglikelihood requests:  62%|██████▏   | 76088/123380 [20:35<11:05, 71.02it/s]
Running loglikelihood requests:  62%|██████▏   | 76152/123380 [20:35<11:06, 70.89it/s]
Running loglikelihood requests:  62%|██████▏   | 76216/123380 [20:36<11:03, 71.06it/s]
Running loglikelihood requests:  62%|██████▏   | 76280/123380 [20:37<11:03, 70.98it/s]
Running loglikelihood requests:  62%|██████▏   | 76344/123380 [20:38<11:01, 71.07it/s]
Running loglikelihood requests:  62%|██████▏   | 76408/123380 [20:39<10:59, 71.19it/s]
Running loglikelihood requests:  62%|██████▏   | 76472/123380 [20:40<11:04, 70.54it/s]
Running loglikelihood requests:  62%|██████▏   | 76536/123380 [20:41<11:19, 68.91it/s]
Running loglikelihood requests:  62%|██████▏   | 76609/123380 [20:42<11:00, 70.80it/s]
Running loglikelihood requests:  62%|██████▏   | 76682/123380 [20:43<10:44, 72.50it/s]
Running loglikelihood requests:  62%|██████▏   | 76758/123380 [20:44<10:19, 75.30it/s]
Running loglikelihood requests:  62%|██████▏   | 76825/123380 [20:45<10:19, 75.17it/s]
Running loglikelihood requests:  62%|██████▏   | 76897/123380 [20:46<10:05, 76.74it/s]
Running loglikelihood requests:  62%|██████▏   | 76964/123380 [20:46<10:11, 75.91it/s]
Running loglikelihood requests:  62%|██████▏   | 77036/123380 [20:47<10:01, 77.06it/s]
Running loglikelihood requests:  62%|██████▏   | 77104/123380 [20:48<10:05, 76.36it/s]
Running loglikelihood requests:  63%|██████▎   | 77168/123380 [20:49<10:21, 74.39it/s]
Running loglikelihood requests:  63%|██████▎   | 77232/123380 [20:50<10:28, 73.39it/s]
Running loglikelihood requests:  63%|██████▎   | 77296/123380 [20:51<10:31, 73.01it/s]
Running loglikelihood requests:  63%|██████▎   | 77360/123380 [20:52<10:36, 72.26it/s]
Running loglikelihood requests:  63%|██████▎   | 77424/123380 [20:53<10:38, 71.95it/s]
Running loglikelihood requests:  63%|██████▎   | 77488/123380 [20:54<10:38, 71.85it/s]
Running loglikelihood requests:  63%|██████▎   | 77552/123380 [20:55<10:39, 71.71it/s]
Running loglikelihood requests:  63%|██████▎   | 77616/123380 [20:55<10:40, 71.42it/s]
Running loglikelihood requests:  63%|██████▎   | 77680/123380 [20:56<10:40, 71.30it/s]
Running loglikelihood requests:  63%|██████▎   | 77745/123380 [20:57<10:35, 71.82it/s]
Running loglikelihood requests:  63%|██████▎   | 77809/123380 [20:58<10:36, 71.54it/s]
Running loglikelihood requests:  63%|██████▎   | 77873/123380 [20:59<10:36, 71.54it/s]
Running loglikelihood requests:  63%|██████▎   | 77937/123380 [21:00<10:35, 71.55it/s]
Running loglikelihood requests:  63%|██████▎   | 78001/123380 [21:01<10:36, 71.33it/s]
Running loglikelihood requests:  63%|██████▎   | 78065/123380 [21:02<10:34, 71.39it/s]
Running loglikelihood requests:  63%|██████▎   | 78129/123380 [21:03<10:32, 71.58it/s]
Running loglikelihood requests:  63%|██████▎   | 78193/123380 [21:04<10:29, 71.80it/s]
Running loglikelihood requests:  63%|██████▎   | 78257/123380 [21:04<10:29, 71.63it/s]
Running loglikelihood requests:  63%|██████▎   | 78321/123380 [21:05<10:29, 71.61it/s]
Running loglikelihood requests:  64%|██████▎   | 78385/123380 [21:06<10:30, 71.31it/s]
Running loglikelihood requests:  64%|██████▎   | 78449/123380 [21:07<10:36, 70.58it/s]
Running loglikelihood requests:  64%|██████▎   | 78513/123380 [21:08<10:34, 70.66it/s]
Running loglikelihood requests:  64%|██████▎   | 78577/123380 [21:09<10:35, 70.54it/s]
Running loglikelihood requests:  64%|██████▎   | 78641/123380 [21:10<10:34, 70.54it/s]
Running loglikelihood requests:  64%|██████▍   | 78705/123380 [21:11<10:34, 70.44it/s]
Running loglikelihood requests:  64%|██████▍   | 78769/123380 [21:12<10:33, 70.45it/s]
Running loglikelihood requests:  64%|██████▍   | 78833/123380 [21:13<10:33, 70.27it/s]
Running loglikelihood requests:  64%|██████▍   | 78897/123380 [21:14<10:33, 70.23it/s]
Running loglikelihood requests:  64%|██████▍   | 78961/123380 [21:14<10:32, 70.18it/s]
Running loglikelihood requests:  64%|██████▍   | 79025/123380 [21:15<10:29, 70.44it/s]
Running loglikelihood requests:  64%|██████▍   | 79089/123380 [21:16<10:29, 70.37it/s]
Running loglikelihood requests:  64%|██████▍   | 79153/123380 [21:17<10:28, 70.42it/s]
Running loglikelihood requests:  64%|██████▍   | 79217/123380 [21:18<10:26, 70.51it/s]
Running loglikelihood requests:  64%|██████▍   | 79281/123380 [21:19<10:25, 70.48it/s]
Running loglikelihood requests:  64%|██████▍   | 79345/123380 [21:20<10:26, 70.33it/s]
Running loglikelihood requests:  64%|██████▍   | 79409/123380 [21:21<10:24, 70.38it/s]
Running loglikelihood requests:  64%|██████▍   | 79473/123380 [21:22<10:21, 70.62it/s]
Running loglikelihood requests:  64%|██████▍   | 79537/123380 [21:23<10:20, 70.60it/s]
Running loglikelihood requests:  65%|██████▍   | 79601/123380 [21:24<10:19, 70.67it/s]
Running loglikelihood requests:  65%|██████▍   | 79665/123380 [21:24<10:17, 70.85it/s]
Running loglikelihood requests:  65%|██████▍   | 79729/123380 [21:25<10:16, 70.81it/s]
Running loglikelihood requests:  65%|██████▍   | 79793/123380 [21:26<10:13, 71.02it/s]
Running loglikelihood requests:  65%|██████▍   | 79857/123380 [21:27<10:14, 70.87it/s]
Running loglikelihood requests:  65%|██████▍   | 79921/123380 [21:28<10:14, 70.76it/s]
Running loglikelihood requests:  65%|██████▍   | 79985/123380 [21:29<10:14, 70.58it/s]
Running loglikelihood requests:  65%|██████▍   | 80049/123380 [21:30<10:13, 70.59it/s]
Running loglikelihood requests:  65%|██████▍   | 80113/123380 [21:31<10:13, 70.57it/s]
Running loglikelihood requests:  65%|██████▍   | 80177/123380 [21:32<10:11, 70.66it/s]
Running loglikelihood requests:  65%|██████▌   | 80241/123380 [21:33<10:11, 70.55it/s]
Running loglikelihood requests:  65%|██████▌   | 80305/123380 [21:33<10:08, 70.79it/s]
Running loglikelihood requests:  65%|██████▌   | 80369/123380 [21:34<10:10, 70.42it/s]
Running loglikelihood requests:  65%|██████▌   | 80433/123380 [21:35<10:13, 70.01it/s]
Running loglikelihood requests:  65%|██████▌   | 80497/123380 [21:36<10:09, 70.31it/s]
Running loglikelihood requests:  65%|██████▌   | 80561/123380 [21:37<10:07, 70.51it/s]
Running loglikelihood requests:  65%|██████▌   | 80625/123380 [21:38<10:04, 70.74it/s]
Running loglikelihood requests:  65%|██████▌   | 80689/123380 [21:39<10:00, 71.10it/s]
Running loglikelihood requests:  65%|██████▌   | 80753/123380 [21:40<09:58, 71.18it/s]
Running loglikelihood requests:  66%|██████▌   | 80817/123380 [21:41<09:59, 70.99it/s]
Running loglikelihood requests:  66%|██████▌   | 80881/123380 [21:42<10:01, 70.71it/s]
Running loglikelihood requests:  66%|██████▌   | 80945/123380 [21:43<09:58, 70.88it/s]
Running loglikelihood requests:  66%|██████▌   | 81009/123380 [21:43<09:58, 70.79it/s]
Running loglikelihood requests:  66%|██████▌   | 81073/123380 [21:44<10:11, 69.17it/s]
Running loglikelihood requests:  66%|██████▌   | 81148/123380 [21:45<09:49, 71.69it/s]
Running loglikelihood requests:  66%|██████▌   | 81227/123380 [21:46<09:20, 75.25it/s]
Running loglikelihood requests:  66%|██████▌   | 81292/123380 [21:47<09:29, 73.94it/s]
Running loglikelihood requests:  66%|██████▌   | 81361/123380 [21:48<09:23, 74.55it/s]
Running loglikelihood requests:  66%|██████▌   | 81436/123380 [21:49<09:02, 77.26it/s]
Running loglikelihood requests:  66%|██████▌   | 81507/123380 [21:50<08:58, 77.76it/s]
Running loglikelihood requests:  66%|██████▌   | 81574/123380 [21:51<09:04, 76.72it/s]
Running loglikelihood requests:  66%|██████▌   | 81648/123380 [21:52<08:52, 78.35it/s]
Running loglikelihood requests:  66%|██████▌   | 81712/123380 [21:53<09:09, 75.77it/s]
Running loglikelihood requests:  66%|██████▋   | 81776/123380 [21:54<09:18, 74.45it/s]
Running loglikelihood requests:  66%|██████▋   | 81840/123380 [21:54<09:25, 73.45it/s]
Running loglikelihood requests:  66%|██████▋   | 81907/123380 [21:55<09:23, 73.64it/s]
Running loglikelihood requests:  66%|██████▋   | 81971/123380 [21:56<09:28, 72.88it/s]
Running loglikelihood requests:  66%|██████▋   | 82035/123380 [21:57<09:30, 72.53it/s]
Running loglikelihood requests:  67%|██████▋   | 82099/123380 [21:58<09:35, 71.75it/s]
Running loglikelihood requests:  67%|██████▋   | 82163/123380 [21:59<09:37, 71.39it/s]
Running loglikelihood requests:  67%|██████▋   | 82227/123380 [22:00<09:36, 71.33it/s]
Running loglikelihood requests:  67%|██████▋   | 82291/123380 [22:01<09:37, 71.21it/s]
Running loglikelihood requests:  67%|██████▋   | 82355/123380 [22:02<09:41, 70.56it/s]
Running loglikelihood requests:  67%|██████▋   | 82419/123380 [22:03<09:39, 70.68it/s]
Running loglikelihood requests:  67%|██████▋   | 82483/123380 [22:03<09:37, 70.79it/s]
Running loglikelihood requests:  67%|██████▋   | 82547/123380 [22:04<09:37, 70.76it/s]
Running loglikelihood requests:  67%|██████▋   | 82611/123380 [22:05<09:35, 70.89it/s]
Running loglikelihood requests:  67%|██████▋   | 82675/123380 [22:06<09:35, 70.78it/s]
Running loglikelihood requests:  67%|██████▋   | 82739/123380 [22:07<09:33, 70.83it/s]
Running loglikelihood requests:  67%|██████▋   | 82803/123380 [22:08<09:37, 70.25it/s]
Running loglikelihood requests:  67%|██████▋   | 82867/123380 [22:09<09:34, 70.48it/s]
Running loglikelihood requests:  67%|██████▋   | 82931/123380 [22:10<09:32, 70.60it/s]
Running loglikelihood requests:  67%|██████▋   | 82995/123380 [22:11<09:31, 70.72it/s]
Running loglikelihood requests:  67%|██████▋   | 83059/123380 [22:12<09:29, 70.81it/s]
Running loglikelihood requests:  67%|██████▋   | 83123/123380 [22:13<09:28, 70.84it/s]
Running loglikelihood requests:  67%|██████▋   | 83187/123380 [22:13<09:28, 70.64it/s]
Running loglikelihood requests:  67%|██████▋   | 83251/123380 [22:14<09:25, 70.92it/s]
Running loglikelihood requests:  68%|██████▊   | 83315/123380 [22:15<09:21, 71.31it/s]
Running loglikelihood requests:  68%|██████▊   | 83379/123380 [22:16<09:20, 71.41it/s]
Running loglikelihood requests:  68%|██████▊   | 83443/123380 [22:17<09:18, 71.49it/s]
Running loglikelihood requests:  68%|██████▊   | 83507/123380 [22:18<09:15, 71.83it/s]
Running loglikelihood requests:  68%|██████▊   | 83571/123380 [22:19<09:12, 72.03it/s]
Running loglikelihood requests:  68%|██████▊   | 83635/123380 [22:20<09:11, 72.08it/s]
Running loglikelihood requests:  68%|██████▊   | 83700/123380 [22:21<09:07, 72.45it/s]
Running loglikelihood requests:  68%|██████▊   | 83764/123380 [22:21<09:07, 72.41it/s]
Running loglikelihood requests:  68%|██████▊   | 83828/123380 [22:22<09:12, 71.63it/s]
Running loglikelihood requests:  68%|██████▊   | 83892/123380 [22:23<09:13, 71.34it/s]
Running loglikelihood requests:  68%|██████▊   | 83956/123380 [22:24<09:14, 71.12it/s]
Running loglikelihood requests:  68%|██████▊   | 84020/123380 [22:25<09:14, 70.99it/s]
Running loglikelihood requests:  68%|██████▊   | 84084/123380 [22:26<09:12, 71.06it/s]
Running loglikelihood requests:  68%|██████▊   | 84148/123380 [22:27<09:10, 71.29it/s]
Running loglikelihood requests:  68%|██████▊   | 84212/123380 [22:28<09:10, 71.20it/s]
Running loglikelihood requests:  68%|██████▊   | 84276/123380 [22:29<09:12, 70.80it/s]
Running loglikelihood requests:  68%|██████▊   | 84340/123380 [22:30<09:10, 70.95it/s]
Running loglikelihood requests:  68%|██████▊   | 84404/123380 [22:30<09:09, 70.90it/s]
Running loglikelihood requests:  68%|██████▊   | 84468/123380 [22:31<09:09, 70.78it/s]
Running loglikelihood requests:  69%|██████▊   | 84532/123380 [22:32<09:08, 70.84it/s]
Running loglikelihood requests:  69%|██████▊   | 84596/123380 [22:33<09:10, 70.47it/s]
Running loglikelihood requests:  69%|██████▊   | 84660/123380 [22:34<09:09, 70.47it/s]
Running loglikelihood requests:  69%|██████▊   | 84724/123380 [22:35<09:09, 70.30it/s]
Running loglikelihood requests:  69%|██████▊   | 84788/123380 [22:36<09:07, 70.49it/s]
Running loglikelihood requests:  69%|██████▉   | 84852/123380 [22:37<09:04, 70.70it/s]
Running loglikelihood requests:  69%|██████▉   | 84916/123380 [22:38<09:04, 70.68it/s]
Running loglikelihood requests:  69%|██████▉   | 84980/123380 [22:39<09:00, 70.99it/s]
Running loglikelihood requests:  69%|██████▉   | 85044/123380 [22:40<08:58, 71.13it/s]
Running loglikelihood requests:  69%|██████▉   | 85108/123380 [22:40<08:57, 71.16it/s]
Running loglikelihood requests:  69%|██████▉   | 85172/123380 [22:41<08:55, 71.30it/s]
Running loglikelihood requests:  69%|██████▉   | 85236/123380 [22:42<08:53, 71.47it/s]
Running loglikelihood requests:  69%|██████▉   | 85300/123380 [22:43<09:11, 69.09it/s]
Running loglikelihood requests:  69%|██████▉   | 85364/123380 [22:44<09:24, 67.39it/s]
Running loglikelihood requests:  69%|██████▉   | 85428/123380 [22:45<09:21, 67.55it/s]
Running loglikelihood requests:  69%|██████▉   | 85492/123380 [22:46<09:22, 67.37it/s]
Running loglikelihood requests:  69%|██████▉   | 85556/123380 [22:47<09:21, 67.41it/s]
Running loglikelihood requests:  69%|██████▉   | 85620/123380 [22:48<09:22, 67.08it/s]
Running loglikelihood requests:  69%|██████▉   | 85684/123380 [22:49<09:29, 66.22it/s]
Running loglikelihood requests:  69%|██████▉   | 85748/123380 [22:50<09:30, 65.98it/s]
Running loglikelihood requests:  70%|██████▉   | 85812/123380 [22:51<09:27, 66.15it/s]
Running loglikelihood requests:  70%|██████▉   | 85883/123380 [22:52<08:58, 69.68it/s]
Running loglikelihood requests:  70%|██████▉   | 85965/123380 [22:53<08:13, 75.86it/s]
Running loglikelihood requests:  70%|██████▉   | 86035/123380 [22:54<08:11, 75.95it/s]
Running loglikelihood requests:  70%|██████▉   | 86101/123380 [22:55<08:17, 74.96it/s]
Running loglikelihood requests:  70%|██████▉   | 86170/123380 [22:56<08:13, 75.38it/s]
Running loglikelihood requests:  70%|██████▉   | 86243/123380 [22:56<08:02, 76.90it/s]
Running loglikelihood requests:  70%|██████▉   | 86310/123380 [22:57<08:07, 75.98it/s]
Running loglikelihood requests:  70%|███████   | 86384/123380 [22:58<07:55, 77.85it/s]
Running loglikelihood requests:  70%|███████   | 86449/123380 [22:59<08:03, 76.32it/s]
Running loglikelihood requests:  70%|███████   | 86513/123380 [23:00<08:11, 74.96it/s]
Running loglikelihood requests:  70%|███████   | 86577/123380 [23:01<08:18, 73.84it/s]
Running loglikelihood requests:  70%|███████   | 86641/123380 [23:02<08:22, 73.12it/s]
Running loglikelihood requests:  70%|███████   | 86705/123380 [23:03<08:24, 72.69it/s]
Running loglikelihood requests:  70%|███████   | 86769/123380 [23:04<08:28, 72.06it/s]
Running loglikelihood requests:  70%|███████   | 86833/123380 [23:05<08:30, 71.60it/s]
Running loglikelihood requests:  70%|███████   | 86897/123380 [23:05<08:32, 71.21it/s]
Running loglikelihood requests:  70%|███████   | 86961/123380 [23:06<08:32, 71.10it/s]
Running loglikelihood requests:  71%|███████   | 87025/123380 [23:07<08:34, 70.64it/s]
Running loglikelihood requests:  71%|███████   | 87089/123380 [23:08<08:34, 70.52it/s]
Running loglikelihood requests:  71%|███████   | 87153/123380 [23:09<08:35, 70.34it/s]
Running loglikelihood requests:  71%|███████   | 87217/123380 [23:10<08:33, 70.42it/s]
Running loglikelihood requests:  71%|███████   | 87281/123380 [23:11<08:31, 70.59it/s]
Running loglikelihood requests:  71%|███████   | 87345/123380 [23:12<08:28, 70.85it/s]
Running loglikelihood requests:  71%|███████   | 87409/123380 [23:13<08:27, 70.84it/s]
Running loglikelihood requests:  71%|███████   | 87473/123380 [23:14<08:26, 70.93it/s]
Running loglikelihood requests:  71%|███████   | 87537/123380 [23:14<08:25, 70.91it/s]
Running loglikelihood requests:  71%|███████   | 87601/123380 [23:15<08:24, 70.91it/s]
Running loglikelihood requests:  71%|███████   | 87665/123380 [23:16<08:22, 71.05it/s]
Running loglikelihood requests:  71%|███████   | 87729/123380 [23:17<08:19, 71.43it/s]
Running loglikelihood requests:  71%|███████   | 87793/123380 [23:18<08:14, 71.96it/s]
Running loglikelihood requests:  71%|███████   | 87857/123380 [23:19<08:12, 72.12it/s]
Running loglikelihood requests:  71%|███████▏  | 87921/123380 [23:20<08:11, 72.20it/s]
Running loglikelihood requests:  71%|███████▏  | 87985/123380 [23:21<08:09, 72.37it/s]
Running loglikelihood requests:  71%|███████▏  | 88049/123380 [23:22<08:06, 72.56it/s]
Running loglikelihood requests:  71%|███████▏  | 88113/123380 [23:22<08:06, 72.51it/s]
Running loglikelihood requests:  71%|███████▏  | 88177/123380 [23:23<08:06, 72.37it/s]
Running loglikelihood requests:  72%|███████▏  | 88241/123380 [23:24<08:05, 72.33it/s]
Running loglikelihood requests:  72%|███████▏  | 88305/123380 [23:25<08:05, 72.30it/s]
Running loglikelihood requests:  72%|███████▏  | 88369/123380 [23:26<08:05, 72.16it/s]
Running loglikelihood requests:  72%|███████▏  | 88435/123380 [23:27<07:59, 72.87it/s]
Running loglikelihood requests:  72%|███████▏  | 88499/123380 [23:28<07:59, 72.69it/s]
Running loglikelihood requests:  72%|███████▏  | 88563/123380 [23:29<08:00, 72.49it/s]
Running loglikelihood requests:  72%|███████▏  | 88627/123380 [23:30<08:01, 72.12it/s]
Running loglikelihood requests:  72%|███████▏  | 88691/123380 [23:30<08:00, 72.21it/s]
Running loglikelihood requests:  72%|███████▏  | 88755/123380 [23:31<07:59, 72.14it/s]
Running loglikelihood requests:  72%|███████▏  | 88819/123380 [23:32<07:58, 72.25it/s]
Running loglikelihood requests:  72%|███████▏  | 88883/123380 [23:33<07:56, 72.42it/s]
Running loglikelihood requests:  72%|███████▏  | 88947/123380 [23:34<08:01, 71.50it/s]
Running loglikelihood requests:  72%|███████▏  | 89011/123380 [23:35<08:03, 71.04it/s]
Running loglikelihood requests:  72%|███████▏  | 89075/123380 [23:36<08:01, 71.28it/s]
Running loglikelihood requests:  72%|███████▏  | 89139/123380 [23:37<07:59, 71.40it/s]
Running loglikelihood requests:  72%|███████▏  | 89203/123380 [23:38<07:57, 71.62it/s]
Running loglikelihood requests:  72%|███████▏  | 89267/123380 [23:38<07:54, 71.84it/s]
Running loglikelihood requests:  72%|███████▏  | 89331/123380 [23:39<07:51, 72.19it/s]
Running loglikelihood requests:  72%|███████▏  | 89395/123380 [23:40<07:51, 72.04it/s]
Running loglikelihood requests:  73%|███████▎  | 89459/123380 [23:41<07:51, 71.99it/s]
Running loglikelihood requests:  73%|███████▎  | 89523/123380 [23:42<07:49, 72.04it/s]
Running loglikelihood requests:  73%|███████▎  | 89587/123380 [23:43<07:48, 72.09it/s]
Running loglikelihood requests:  73%|███████▎  | 89651/123380 [23:44<07:50, 71.65it/s]
Running loglikelihood requests:  73%|███████▎  | 89715/123380 [23:45<07:48, 71.85it/s]
Running loglikelihood requests:  73%|███████▎  | 89779/123380 [23:46<07:46, 72.05it/s]
Running loglikelihood requests:  73%|███████▎  | 89843/123380 [23:46<07:45, 72.12it/s]
Running loglikelihood requests:  73%|███████▎  | 89907/123380 [23:47<07:44, 72.10it/s]
Running loglikelihood requests:  73%|███████▎  | 89972/123380 [23:48<07:41, 72.45it/s]
Running loglikelihood requests:  73%|███████▎  | 90036/123380 [23:49<07:41, 72.32it/s]
Running loglikelihood requests:  73%|███████▎  | 90100/123380 [23:50<07:43, 71.82it/s]
Running loglikelihood requests:  73%|███████▎  | 90164/123380 [23:51<07:42, 71.89it/s]
Running loglikelihood requests:  73%|███████▎  | 90228/123380 [23:52<07:43, 71.54it/s]
Running loglikelihood requests:  73%|███████▎  | 90292/123380 [23:53<07:50, 70.28it/s]
Running loglikelihood requests:  73%|███████▎  | 90356/123380 [23:54<07:57, 69.17it/s]
Running loglikelihood requests:  73%|███████▎  | 90420/123380 [23:55<07:59, 68.73it/s]
Running loglikelihood requests:  73%|███████▎  | 90484/123380 [23:56<07:54, 69.32it/s]
Running loglikelihood requests:  73%|███████▎  | 90550/123380 [23:56<07:44, 70.65it/s]
Running loglikelihood requests:  73%|███████▎  | 90614/123380 [23:57<07:41, 70.99it/s]
Running loglikelihood requests:  74%|███████▎  | 90696/123380 [23:58<07:06, 76.58it/s]
Running loglikelihood requests:  74%|███████▎  | 90773/123380 [23:59<06:49, 79.59it/s]
Running loglikelihood requests:  74%|███████▎  | 90842/123380 [24:00<06:52, 78.95it/s]
Running loglikelihood requests:  74%|███████▎  | 90911/123380 [24:01<06:53, 78.54it/s]
Running loglikelihood requests:  74%|███████▎  | 90986/123380 [24:02<06:43, 80.30it/s]
Running loglikelihood requests:  74%|███████▍  | 91069/123380 [24:03<06:23, 84.34it/s]
Running loglikelihood requests:  74%|███████▍  | 91141/123380 [24:04<06:26, 83.50it/s]
Running loglikelihood requests:  74%|███████▍  | 91213/123380 [24:05<06:28, 82.78it/s]
Running loglikelihood requests:  74%|███████▍  | 91286/123380 [24:05<06:28, 82.56it/s]
Running loglikelihood requests:  74%|███████▍  | 91350/123380 [24:06<06:42, 79.52it/s]
Running loglikelihood requests:  74%|███████▍  | 91414/123380 [24:07<06:53, 77.26it/s]
Running loglikelihood requests:  74%|███████▍  | 91478/123380 [24:08<07:02, 75.48it/s]
Running loglikelihood requests:  74%|███████▍  | 91542/123380 [24:09<07:08, 74.28it/s]
Running loglikelihood requests:  74%|███████▍  | 91606/123380 [24:10<07:13, 73.26it/s]
Running loglikelihood requests:  74%|███████▍  | 91670/123380 [24:11<07:18, 72.39it/s]
Running loglikelihood requests:  74%|███████▍  | 91734/123380 [24:12<07:18, 72.20it/s]
Running loglikelihood requests:  74%|███████▍  | 91798/123380 [24:13<07:18, 71.97it/s]
Running loglikelihood requests:  74%|███████▍  | 91862/123380 [24:13<07:19, 71.75it/s]
Running loglikelihood requests:  75%|███████▍  | 91926/123380 [24:14<07:17, 71.88it/s]
Running loglikelihood requests:  75%|███████▍  | 91990/123380 [24:15<07:14, 72.16it/s]
Running loglikelihood requests:  75%|███████▍  | 92054/123380 [24:16<07:16, 71.79it/s]
Running loglikelihood requests:  75%|███████▍  | 92118/123380 [24:17<07:15, 71.80it/s]
Running loglikelihood requests:  75%|███████▍  | 92182/123380 [24:18<07:14, 71.87it/s]
Running loglikelihood requests:  75%|███████▍  | 92246/123380 [24:19<07:13, 71.76it/s]
Running loglikelihood requests:  75%|███████▍  | 92310/123380 [24:20<07:12, 71.77it/s]
Running loglikelihood requests:  75%|███████▍  | 92374/123380 [24:21<07:11, 71.86it/s]
Running loglikelihood requests:  75%|███████▍  | 92438/123380 [24:21<07:10, 71.93it/s]
Running loglikelihood requests:  75%|███████▍  | 92502/123380 [24:22<07:10, 71.79it/s]
Running loglikelihood requests:  75%|███████▌  | 92568/123380 [24:23<07:05, 72.46it/s]
Running loglikelihood requests:  75%|███████▌  | 92632/123380 [24:24<07:05, 72.27it/s]
Running loglikelihood requests:  75%|███████▌  | 92696/123380 [24:25<07:07, 71.76it/s]
Running loglikelihood requests:  75%|███████▌  | 92760/123380 [24:26<07:06, 71.74it/s]
Running loglikelihood requests:  75%|███████▌  | 92824/123380 [24:27<07:05, 71.89it/s]
Running loglikelihood requests:  75%|███████▌  | 92889/123380 [24:28<07:01, 72.35it/s]
Running loglikelihood requests:  75%|███████▌  | 92953/123380 [24:29<07:00, 72.30it/s]
Running loglikelihood requests:  75%|███████▌  | 93017/123380 [24:29<07:00, 72.15it/s]
Running loglikelihood requests:  75%|███████▌  | 93081/123380 [24:30<06:59, 72.20it/s]
Running loglikelihood requests:  75%|███████▌  | 93145/123380 [24:31<07:01, 71.79it/s]
Running loglikelihood requests:  76%|███████▌  | 93209/123380 [24:32<06:59, 71.96it/s]
Running loglikelihood requests:  76%|███████▌  | 93273/123380 [24:33<06:57, 72.12it/s]
Running loglikelihood requests:  76%|███████▌  | 93337/123380 [24:34<06:56, 72.07it/s]
Running loglikelihood requests:  76%|███████▌  | 93401/123380 [24:35<06:59, 71.44it/s]
Running loglikelihood requests:  76%|███████▌  | 93465/123380 [24:36<07:00, 71.11it/s]
Running loglikelihood requests:  76%|███████▌  | 93529/123380 [24:37<07:00, 71.00it/s]
Running loglikelihood requests:  76%|███████▌  | 93593/123380 [24:38<06:58, 71.17it/s]
Running loglikelihood requests:  76%|███████▌  | 93657/123380 [24:38<06:56, 71.42it/s]
Running loglikelihood requests:  76%|███████▌  | 93721/123380 [24:39<06:54, 71.53it/s]
Running loglikelihood requests:  76%|███████▌  | 93785/123380 [24:40<06:54, 71.34it/s]
Running loglikelihood requests:  76%|███████▌  | 93849/123380 [24:41<06:54, 71.33it/s]
Running loglikelihood requests:  76%|███████▌  | 93913/123380 [24:42<06:52, 71.51it/s]
Running loglikelihood requests:  76%|███████▌  | 93979/123380 [24:43<06:46, 72.26it/s]
Running loglikelihood requests:  76%|███████▌  | 94043/123380 [24:44<06:47, 71.95it/s]
Running loglikelihood requests:  76%|███████▋  | 94107/123380 [24:45<06:45, 72.12it/s]
Running loglikelihood requests:  76%|███████▋  | 94171/123380 [24:46<06:45, 72.00it/s]
Running loglikelihood requests:  76%|███████▋  | 94235/123380 [24:46<06:47, 71.61it/s]
Running loglikelihood requests:  76%|███████▋  | 94299/123380 [24:47<06:45, 71.69it/s]
Running loglikelihood requests:  76%|███████▋  | 94363/123380 [24:48<06:43, 71.84it/s]
Running loglikelihood requests:  77%|███████▋  | 94427/123380 [24:49<06:43, 71.73it/s]
Running loglikelihood requests:  77%|███████▋  | 94491/123380 [24:50<06:43, 71.68it/s]
Running loglikelihood requests:  77%|███████▋  | 94555/123380 [24:51<06:44, 71.23it/s]
Running loglikelihood requests:  77%|███████▋  | 94619/123380 [24:52<06:44, 71.15it/s]
Running loglikelihood requests:  77%|███████▋  | 94683/123380 [24:53<06:42, 71.25it/s]
Running loglikelihood requests:  77%|███████▋  | 94747/123380 [24:54<06:40, 71.55it/s]
Running loglikelihood requests:  77%|███████▋  | 94811/123380 [24:55<06:38, 71.71it/s]
Running loglikelihood requests:  77%|███████▋  | 94875/123380 [24:56<06:46, 70.08it/s]
Running loglikelihood requests:  77%|███████▋  | 94939/123380 [24:56<06:46, 69.99it/s]
Running loglikelihood requests:  77%|███████▋  | 95003/123380 [24:57<06:49, 69.36it/s]
Running loglikelihood requests:  77%|███████▋  | 95067/123380 [24:58<06:48, 69.35it/s]
Running loglikelihood requests:  77%|███████▋  | 95131/123380 [24:59<06:42, 70.24it/s]
Running loglikelihood requests:  77%|███████▋  | 95195/123380 [25:00<06:38, 70.71it/s]
Running loglikelihood requests:  77%|███████▋  | 95259/123380 [25:01<06:36, 70.97it/s]
Running loglikelihood requests:  77%|███████▋  | 95323/123380 [25:02<06:33, 71.23it/s]
Running loglikelihood requests:  77%|███████▋  | 95387/123380 [25:03<06:30, 71.59it/s]
Running loglikelihood requests:  77%|███████▋  | 95454/123380 [25:04<06:23, 72.82it/s]
Running loglikelihood requests:  77%|███████▋  | 95518/123380 [25:05<06:23, 72.64it/s]
Running loglikelihood requests:  77%|███████▋  | 95589/123380 [25:05<06:11, 74.80it/s]
Running loglikelihood requests:  78%|███████▊  | 95659/123380 [25:06<06:03, 76.29it/s]
Running loglikelihood requests:  78%|███████▊  | 95743/123380 [25:07<05:38, 81.53it/s]
Running loglikelihood requests:  78%|███████▊  | 95819/123380 [25:08<05:33, 82.75it/s]
Running loglikelihood requests:  78%|███████▊  | 95889/123380 [25:09<05:35, 81.93it/s]
Running loglikelihood requests:  78%|███████▊  | 95959/123380 [25:10<05:38, 81.07it/s]
Running loglikelihood requests:  78%|███████▊  | 96042/123380 [25:11<05:23, 84.46it/s]
Running loglikelihood requests:  78%|███████▊  | 96113/123380 [25:12<05:30, 82.60it/s]
Running loglikelihood requests:  78%|███████▊  | 96177/123380 [25:13<05:42, 79.38it/s]
Running loglikelihood requests:  78%|███████▊  | 96241/123380 [25:13<05:52, 77.00it/s]
Running loglikelihood requests:  78%|███████▊  | 96305/123380 [25:14<05:57, 75.69it/s]
Running loglikelihood requests:  78%|███████▊  | 96369/123380 [25:15<06:00, 75.00it/s]
Running loglikelihood requests:  78%|███████▊  | 96433/123380 [25:16<06:02, 74.26it/s]
Running loglikelihood requests:  78%|███████▊  | 96497/123380 [25:17<06:05, 73.53it/s]
Running loglikelihood requests:  78%|███████▊  | 96561/123380 [25:18<06:06, 73.17it/s]
Running loglikelihood requests:  78%|███████▊  | 96625/123380 [25:19<06:07, 72.83it/s]
Running loglikelihood requests:  78%|███████▊  | 96689/123380 [25:20<06:07, 72.69it/s]
Running loglikelihood requests:  78%|███████▊  | 96753/123380 [25:20<06:06, 72.72it/s]
Running loglikelihood requests:  78%|███████▊  | 96817/123380 [25:21<06:06, 72.52it/s]
Running loglikelihood requests:  79%|███████▊  | 96881/123380 [25:22<06:07, 72.18it/s]
Running loglikelihood requests:  79%|███████▊  | 96945/123380 [25:23<06:08, 71.74it/s]
Running loglikelihood requests:  79%|███████▊  | 97009/123380 [25:24<06:06, 71.86it/s]
Running loglikelihood requests:  79%|███████▊  | 97073/123380 [25:25<06:05, 71.97it/s]
Running loglikelihood requests:  79%|███████▊  | 97137/123380 [25:26<06:05, 71.88it/s]
Running loglikelihood requests:  79%|███████▉  | 97201/123380 [25:27<06:03, 71.99it/s]
Running loglikelihood requests:  79%|███████▉  | 97265/123380 [25:28<06:02, 72.03it/s]
Running loglikelihood requests:  79%|███████▉  | 97329/123380 [25:28<06:00, 72.21it/s]
Running loglikelihood requests:  79%|███████▉  | 97393/123380 [25:29<05:59, 72.32it/s]
Running loglikelihood requests:  79%|███████▉  | 97457/123380 [25:30<05:56, 72.63it/s]
Running loglikelihood requests:  79%|███████▉  | 97521/123380 [25:31<05:55, 72.72it/s]
Running loglikelihood requests:  79%|███████▉  | 97585/123380 [25:32<05:54, 72.68it/s]
Running loglikelihood requests:  79%|███████▉  | 97649/123380 [25:33<05:54, 72.63it/s]
Running loglikelihood requests:  79%|███████▉  | 97713/123380 [25:34<05:53, 72.54it/s]
Running loglikelihood requests:  79%|███████▉  | 97777/123380 [25:35<05:54, 72.27it/s]
Running loglikelihood requests:  79%|███████▉  | 97841/123380 [25:36<05:57, 71.39it/s]
Running loglikelihood requests:  79%|███████▉  | 97905/123380 [25:36<05:56, 71.45it/s]
Running loglikelihood requests:  79%|███████▉  | 97969/123380 [25:37<05:56, 71.37it/s]
Running loglikelihood requests:  79%|███████▉  | 98033/123380 [25:38<05:54, 71.46it/s]
Running loglikelihood requests:  80%|███████▉  | 98097/123380 [25:39<05:53, 71.62it/s]
Running loglikelihood requests:  80%|███████▉  | 98161/123380 [25:40<05:51, 71.73it/s]
Running loglikelihood requests:  80%|███████▉  | 98228/123380 [25:41<05:44, 73.09it/s]
Running loglikelihood requests:  80%|███████▉  | 98292/123380 [25:42<05:43, 73.09it/s]
Running loglikelihood requests:  80%|███████▉  | 98357/123380 [25:43<05:42, 73.08it/s]
Running loglikelihood requests:  80%|███████▉  | 98421/123380 [25:44<05:43, 72.62it/s]
Running loglikelihood requests:  80%|███████▉  | 98485/123380 [25:44<05:42, 72.66it/s]
Running loglikelihood requests:  80%|███████▉  | 98552/123380 [25:45<05:36, 73.76it/s]
Running loglikelihood requests:  80%|███████▉  | 98616/123380 [25:46<05:38, 73.10it/s]
Running loglikelihood requests:  80%|███████▉  | 98680/123380 [25:47<05:39, 72.83it/s]
Running loglikelihood requests:  80%|████████  | 98744/123380 [25:48<05:38, 72.76it/s]
Running loglikelihood requests:  80%|████████  | 98808/123380 [25:49<05:37, 72.72it/s]
Running loglikelihood requests:  80%|████████  | 98872/123380 [25:50<05:37, 72.72it/s]
Running loglikelihood requests:  80%|████████  | 98936/123380 [25:51<05:36, 72.67it/s]
Running loglikelihood requests:  80%|████████  | 99000/123380 [25:52<05:35, 72.60it/s]
Running loglikelihood requests:  80%|████████  | 99064/123380 [25:52<05:36, 72.17it/s]
Running loglikelihood requests:  80%|████████  | 99128/123380 [25:53<05:36, 72.15it/s]
Running loglikelihood requests:  80%|████████  | 99192/123380 [25:54<05:34, 72.25it/s]
Running loglikelihood requests:  80%|████████  | 99256/123380 [25:55<05:34, 72.16it/s]
Running loglikelihood requests:  80%|████████  | 99320/123380 [25:56<05:32, 72.32it/s]
Running loglikelihood requests:  81%|████████  | 99384/123380 [25:57<05:30, 72.52it/s]
Running loglikelihood requests:  81%|████████  | 99448/123380 [25:58<05:33, 71.83it/s]
Running loglikelihood requests:  81%|████████  | 99512/123380 [25:59<05:33, 71.65it/s]
Running loglikelihood requests:  81%|████████  | 99576/123380 [26:00<05:35, 70.90it/s]
Running loglikelihood requests:  81%|████████  | 99640/123380 [26:01<05:40, 69.65it/s]
Running loglikelihood requests:  81%|████████  | 99704/123380 [26:01<05:40, 69.50it/s]
Running loglikelihood requests:  81%|████████  | 99768/123380 [26:02<05:37, 70.02it/s]
Running loglikelihood requests:  81%|████████  | 99832/123380 [26:03<05:34, 70.39it/s]
Running loglikelihood requests:  81%|████████  | 99896/123380 [26:04<05:31, 70.90it/s]
Running loglikelihood requests:  81%|████████  | 99960/123380 [26:05<05:28, 71.36it/s]
Running loglikelihood requests:  81%|████████  | 100024/123380 [26:06<05:24, 71.93it/s]
Running loglikelihood requests:  81%|████████  | 100088/123380 [26:07<05:25, 71.63it/s]
Running loglikelihood requests:  81%|████████  | 100152/123380 [26:08<05:23, 71.77it/s]
Running loglikelihood requests:  81%|████████  | 100216/123380 [26:09<05:22, 71.89it/s]
Running loglikelihood requests:  81%|████████▏ | 100280/123380 [26:09<05:20, 72.05it/s]
Running loglikelihood requests:  81%|████████▏ | 100344/123380 [26:10<05:18, 72.34it/s]
Running loglikelihood requests:  81%|████████▏ | 100408/123380 [26:11<05:16, 72.56it/s]
Running loglikelihood requests:  81%|████████▏ | 100472/123380 [26:12<05:16, 72.37it/s]
Running loglikelihood requests:  81%|████████▏ | 100536/123380 [26:13<05:18, 71.77it/s]
Running loglikelihood requests:  82%|████████▏ | 100600/123380 [26:14<05:17, 71.67it/s]
Running loglikelihood requests:  82%|████████▏ | 100686/123380 [26:15<04:47, 79.05it/s]
Running loglikelihood requests:  82%|████████▏ | 100753/123380 [26:16<04:49, 78.09it/s]
Running loglikelihood requests:  82%|████████▏ | 100825/123380 [26:17<04:44, 79.29it/s]
Running loglikelihood requests:  82%|████████▏ | 100894/123380 [26:17<04:44, 79.07it/s]
Running loglikelihood requests:  82%|████████▏ | 100966/123380 [26:18<04:41, 79.53it/s]
Running loglikelihood requests:  82%|████████▏ | 101041/123380 [26:19<04:37, 80.51it/s]
Running loglikelihood requests:  82%|████████▏ | 101113/123380 [26:20<04:36, 80.62it/s]
Running loglikelihood requests:  82%|████████▏ | 101177/123380 [26:21<04:44, 78.14it/s]
Running loglikelihood requests:  82%|████████▏ | 101241/123380 [26:22<04:49, 76.39it/s]
Running loglikelihood requests:  82%|████████▏ | 101305/123380 [26:23<04:53, 75.23it/s]
Running loglikelihood requests:  82%|████████▏ | 101369/123380 [26:24<04:55, 74.47it/s]
Running loglikelihood requests:  82%|████████▏ | 101433/123380 [26:25<04:57, 73.66it/s]
Running loglikelihood requests:  82%|████████▏ | 101497/123380 [26:25<04:58, 73.22it/s]
Running loglikelihood requests:  82%|████████▏ | 101561/123380 [26:26<04:58, 73.06it/s]
Running loglikelihood requests:  82%|████████▏ | 101625/123380 [26:27<04:58, 72.84it/s]
Running loglikelihood requests:  82%|████████▏ | 101689/123380 [26:28<04:58, 72.55it/s]
Running loglikelihood requests:  82%|████████▏ | 101753/123380 [26:29<04:58, 72.50it/s]
Running loglikelihood requests:  83%|████████▎ | 101817/123380 [26:30<04:57, 72.55it/s]
Running loglikelihood requests:  83%|████████▎ | 101881/123380 [26:31<04:56, 72.49it/s]
Running loglikelihood requests:  83%|████████▎ | 101945/123380 [26:32<04:55, 72.51it/s]
Running loglikelihood requests:  83%|████████▎ | 102009/123380 [26:33<04:54, 72.63it/s]
Running loglikelihood requests:  83%|████████▎ | 102073/123380 [26:33<04:53, 72.47it/s]
Running loglikelihood requests:  83%|████████▎ | 102137/123380 [26:34<04:56, 71.70it/s]
Running loglikelihood requests:  83%|████████▎ | 102201/123380 [26:35<04:57, 71.17it/s]
Running loglikelihood requests:  83%|████████▎ | 102265/123380 [26:36<04:56, 71.31it/s]
Running loglikelihood requests:  83%|████████▎ | 102329/123380 [26:37<04:54, 71.58it/s]
Running loglikelihood requests:  83%|████████▎ | 102393/123380 [26:38<04:52, 71.63it/s]
Running loglikelihood requests:  83%|████████▎ | 102457/123380 [26:39<04:51, 71.72it/s]
Running loglikelihood requests:  83%|████████▎ | 102521/123380 [26:40<04:49, 72.12it/s]
Running loglikelihood requests:  83%|████████▎ | 102585/123380 [26:41<04:47, 72.27it/s]
Running loglikelihood requests:  83%|████████▎ | 102649/123380 [26:41<04:46, 72.43it/s]
Running loglikelihood requests:  83%|████████▎ | 102713/123380 [26:42<04:44, 72.54it/s]
Running loglikelihood requests:  83%|████████▎ | 102777/123380 [26:43<04:44, 72.53it/s]
Running loglikelihood requests:  83%|████████▎ | 102841/123380 [26:44<04:44, 72.17it/s]
Running loglikelihood requests:  83%|████████▎ | 102905/123380 [26:45<04:42, 72.40it/s]
Running loglikelihood requests:  83%|████████▎ | 102969/123380 [26:46<04:41, 72.41it/s]
Running loglikelihood requests:  84%|████████▎ | 103033/123380 [26:47<04:40, 72.42it/s]
Running loglikelihood requests:  84%|████████▎ | 103097/123380 [26:48<04:39, 72.44it/s]
Running loglikelihood requests:  84%|████████▎ | 103161/123380 [26:48<04:38, 72.72it/s]
Running loglikelihood requests:  84%|████████▎ | 103228/123380 [26:49<04:32, 73.86it/s]
Running loglikelihood requests:  84%|████████▎ | 103292/123380 [26:50<04:32, 73.62it/s]
Running loglikelihood requests:  84%|████████▍ | 103356/123380 [26:51<04:32, 73.44it/s]
Running loglikelihood requests:  84%|████████▍ | 103420/123380 [26:52<04:32, 73.29it/s]
Running loglikelihood requests:  84%|████████▍ | 103484/123380 [26:53<04:32, 73.08it/s]
Running loglikelihood requests:  84%|████████▍ | 103548/123380 [26:54<04:32, 72.65it/s]
Running loglikelihood requests:  84%|████████▍ | 103612/123380 [26:55<04:32, 72.65it/s]
Running loglikelihood requests:  84%|████████▍ | 103676/123380 [26:56<04:33, 72.08it/s]
Running loglikelihood requests:  84%|████████▍ | 103740/123380 [26:56<04:32, 72.15it/s]
Running loglikelihood requests:  84%|████████▍ | 103804/123380 [26:57<04:31, 72.06it/s]
Running loglikelihood requests:  84%|████████▍ | 103868/123380 [26:58<04:30, 72.18it/s]
Running loglikelihood requests:  84%|████████▍ | 103932/123380 [26:59<04:30, 71.95it/s]
Running loglikelihood requests:  84%|████████▍ | 103996/123380 [27:00<04:28, 72.20it/s]
Running loglikelihood requests:  84%|████████▍ | 104061/123380 [27:01<04:25, 72.70it/s]
Running loglikelihood requests:  84%|████████▍ | 104125/123380 [27:02<04:24, 72.68it/s]
Running loglikelihood requests:  84%|████████▍ | 104189/123380 [27:03<04:27, 71.64it/s]
Running loglikelihood requests:  84%|████████▍ | 104253/123380 [27:04<04:29, 71.07it/s]
Running loglikelihood requests:  85%|████████▍ | 104317/123380 [27:05<04:31, 70.31it/s]
Running loglikelihood requests:  85%|████████▍ | 104384/123380 [27:05<04:28, 70.75it/s]
Running loglikelihood requests:  85%|████████▍ | 104448/123380 [27:06<04:28, 70.63it/s]
Running loglikelihood requests:  85%|████████▍ | 104512/123380 [27:07<04:26, 70.82it/s]
Running loglikelihood requests:  85%|████████▍ | 104581/123380 [27:08<04:18, 72.86it/s]
Running loglikelihood requests:  85%|████████▍ | 104645/123380 [27:09<04:16, 72.92it/s]
Running loglikelihood requests:  85%|████████▍ | 104709/123380 [27:10<04:16, 72.93it/s]
Running loglikelihood requests:  85%|████████▍ | 104773/123380 [27:11<04:15, 72.87it/s]
Running loglikelihood requests:  85%|████████▍ | 104837/123380 [27:12<04:14, 72.92it/s]
Running loglikelihood requests:  85%|████████▌ | 104901/123380 [27:13<04:13, 72.80it/s]
Running loglikelihood requests:  85%|████████▌ | 104965/123380 [27:13<04:13, 72.65it/s]
Running loglikelihood requests:  85%|████████▌ | 105029/123380 [27:14<04:12, 72.58it/s]
Running loglikelihood requests:  85%|████████▌ | 105093/123380 [27:15<04:11, 72.69it/s]
Running loglikelihood requests:  85%|████████▌ | 105157/123380 [27:16<04:10, 72.68it/s]
Running loglikelihood requests:  85%|████████▌ | 105223/123380 [27:17<04:09, 72.77it/s]
Running loglikelihood requests:  85%|████████▌ | 105299/123380 [27:18<03:55, 76.64it/s]
Running loglikelihood requests:  85%|████████▌ | 105375/123380 [27:19<03:47, 79.12it/s]
Running loglikelihood requests:  85%|████████▌ | 105443/123380 [27:20<03:49, 78.13it/s]
Running loglikelihood requests:  86%|████████▌ | 105519/123380 [27:21<03:42, 80.33it/s]
Running loglikelihood requests:  86%|████████▌ | 105605/123380 [27:21<03:28, 85.38it/s]
Running loglikelihood requests:  86%|████████▌ | 105680/123380 [27:22<03:28, 84.98it/s]
Running loglikelihood requests:  86%|████████▌ | 105746/123380 [27:23<03:34, 82.08it/s]
Running loglikelihood requests:  86%|████████▌ | 105810/123380 [27:24<03:41, 79.40it/s]
Running loglikelihood requests:  86%|████████▌ | 105874/123380 [27:25<03:46, 77.41it/s]
Running loglikelihood requests:  86%|████████▌ | 105938/123380 [27:26<03:49, 76.09it/s]
Running loglikelihood requests:  86%|████████▌ | 106002/123380 [27:27<03:50, 75.40it/s]
Running loglikelihood requests:  86%|████████▌ | 106066/123380 [27:28<03:51, 74.73it/s]
Running loglikelihood requests:  86%|████████▌ | 106130/123380 [27:28<03:54, 73.46it/s]
Running loglikelihood requests:  86%|████████▌ | 106194/123380 [27:29<03:54, 73.22it/s]
Running loglikelihood requests:  86%|████████▌ | 106258/123380 [27:30<03:54, 73.15it/s]
Running loglikelihood requests:  86%|████████▌ | 106322/123380 [27:31<03:53, 72.96it/s]
Running loglikelihood requests:  86%|████████▌ | 106386/123380 [27:32<03:53, 72.83it/s]
Running loglikelihood requests:  86%|████████▋ | 106450/123380 [27:33<03:51, 73.11it/s]
Running loglikelihood requests:  86%|████████▋ | 106514/123380 [27:34<03:51, 72.82it/s]
Running loglikelihood requests:  86%|████████▋ | 106578/123380 [27:35<03:53, 71.92it/s]
Running loglikelihood requests:  86%|████████▋ | 106642/123380 [27:36<03:52, 72.07it/s]
Running loglikelihood requests:  86%|████████▋ | 106706/123380 [27:36<03:50, 72.36it/s]
Running loglikelihood requests:  87%|████████▋ | 106770/123380 [27:37<03:49, 72.27it/s]
Running loglikelihood requests:  87%|████████▋ | 106834/123380 [27:38<03:48, 72.40it/s]
Running loglikelihood requests:  87%|████████▋ | 106898/123380 [27:39<03:47, 72.53it/s]
Running loglikelihood requests:  87%|████████▋ | 106962/123380 [27:40<03:46, 72.46it/s]
Running loglikelihood requests:  87%|████████▋ | 107026/123380 [27:41<03:45, 72.49it/s]
Running loglikelihood requests:  87%|████████▋ | 107090/123380 [27:42<03:44, 72.71it/s]
Running loglikelihood requests:  87%|████████▋ | 107154/123380 [27:43<03:42, 72.81it/s]
Running loglikelihood requests:  87%|████████▋ | 107219/123380 [27:43<03:40, 73.14it/s]
Running loglikelihood requests:  87%|████████▋ | 107283/123380 [27:44<03:40, 73.13it/s]
Running loglikelihood requests:  87%|████████▋ | 107347/123380 [27:45<03:39, 73.13it/s]
Running loglikelihood requests:  87%|████████▋ | 107411/123380 [27:46<03:38, 72.98it/s]
Running loglikelihood requests:  87%|████████▋ | 107475/123380 [27:47<03:37, 73.07it/s]
Running loglikelihood requests:  87%|████████▋ | 107539/123380 [27:48<03:35, 73.36it/s]
Running loglikelihood requests:  87%|████████▋ | 107605/123380 [27:49<03:34, 73.66it/s]
Running loglikelihood requests:  87%|████████▋ | 107672/123380 [27:50<03:30, 74.47it/s]
Running loglikelihood requests:  87%|████████▋ | 107737/123380 [27:50<03:30, 74.30it/s]
Running loglikelihood requests:  87%|████████▋ | 107801/123380 [27:51<03:30, 74.10it/s]
Running loglikelihood requests:  87%|████████▋ | 107865/123380 [27:52<03:31, 73.42it/s]
Running loglikelihood requests:  87%|████████▋ | 107929/123380 [27:53<03:30, 73.28it/s]
Running loglikelihood requests:  88%|████████▊ | 107993/123380 [27:54<03:29, 73.48it/s]
Running loglikelihood requests:  88%|████████▊ | 108057/123380 [27:55<03:29, 73.31it/s]
Running loglikelihood requests:  88%|████████▊ | 108121/123380 [27:56<03:29, 73.00it/s]
Running loglikelihood requests:  88%|████████▊ | 108185/123380 [27:57<03:27, 73.19it/s]
Running loglikelihood requests:  88%|████████▊ | 108249/123380 [27:57<03:26, 73.30it/s]
Running loglikelihood requests:  88%|████████▊ | 108313/123380 [27:58<03:27, 72.57it/s]
Running loglikelihood requests:  88%|████████▊ | 108377/123380 [27:59<03:26, 72.62it/s]
Running loglikelihood requests:  88%|████████▊ | 108441/123380 [28:00<03:26, 72.41it/s]
Running loglikelihood requests:  88%|████████▊ | 108505/123380 [28:01<03:24, 72.60it/s]
Running loglikelihood requests:  88%|████████▊ | 108569/123380 [28:02<03:23, 72.83it/s]
Running loglikelihood requests:  88%|████████▊ | 108633/123380 [28:03<03:22, 72.75it/s]
Running loglikelihood requests:  88%|████████▊ | 108697/123380 [28:04<03:23, 72.24it/s]
Running loglikelihood requests:  88%|████████▊ | 108763/123380 [28:05<03:20, 72.97it/s]
Running loglikelihood requests:  88%|████████▊ | 108831/123380 [28:05<03:15, 74.32it/s]
Running loglikelihood requests:  88%|████████▊ | 108901/123380 [28:06<03:10, 75.99it/s]
Running loglikelihood requests:  88%|████████▊ | 108965/123380 [28:07<03:12, 74.88it/s]
Running loglikelihood requests:  88%|████████▊ | 109029/123380 [28:08<03:15, 73.54it/s]
Running loglikelihood requests:  88%|████████▊ | 109093/123380 [28:09<03:20, 71.39it/s]
Running loglikelihood requests:  88%|████████▊ | 109157/123380 [28:10<03:22, 70.31it/s]
Running loglikelihood requests:  89%|████████▊ | 109221/123380 [28:11<03:24, 69.33it/s]
Running loglikelihood requests:  89%|████████▊ | 109285/123380 [28:12<03:20, 70.22it/s]
Running loglikelihood requests:  89%|████████▊ | 109349/123380 [28:13<03:18, 70.83it/s]
Running loglikelihood requests:  89%|████████▊ | 109415/123380 [28:14<03:14, 71.97it/s]
Running loglikelihood requests:  89%|████████▊ | 109479/123380 [28:15<03:12, 72.33it/s]
Running loglikelihood requests:  89%|████████▉ | 109550/123380 [28:15<03:05, 74.65it/s]
Running loglikelihood requests:  89%|████████▉ | 109634/123380 [28:16<02:50, 80.74it/s]
Running loglikelihood requests:  89%|████████▉ | 109709/123380 [28:17<02:46, 82.04it/s]
Running loglikelihood requests:  89%|████████▉ | 109783/123380 [28:18<02:44, 82.67it/s]
Running loglikelihood requests:  89%|████████▉ | 109879/123380 [28:19<02:29, 90.48it/s]
Running loglikelihood requests:  89%|████████▉ | 109973/123380 [28:20<02:21, 94.82it/s]
Running loglikelihood requests:  89%|████████▉ | 110056/123380 [28:21<02:21, 94.17it/s]
Running loglikelihood requests:  89%|████████▉ | 110123/123380 [28:22<02:29, 88.61it/s]
Running loglikelihood requests:  89%|████████▉ | 110187/123380 [28:22<02:38, 83.41it/s]
Running loglikelihood requests:  89%|████████▉ | 110253/123380 [28:23<02:42, 80.92it/s]
Running loglikelihood requests:  89%|████████▉ | 110317/123380 [28:24<02:46, 78.65it/s]
Running loglikelihood requests:  89%|████████▉ | 110381/123380 [28:25<02:49, 76.75it/s]
Running loglikelihood requests:  90%|████████▉ | 110445/123380 [28:26<02:51, 75.44it/s]
Running loglikelihood requests:  90%|████████▉ | 110509/123380 [28:27<02:52, 74.75it/s]
Running loglikelihood requests:  90%|████████▉ | 110573/123380 [28:28<02:52, 74.34it/s]
Running loglikelihood requests:  90%|████████▉ | 110637/123380 [28:29<02:52, 74.03it/s]
Running loglikelihood requests:  90%|████████▉ | 110701/123380 [28:30<02:52, 73.37it/s]
Running loglikelihood requests:  90%|████████▉ | 110765/123380 [28:30<02:52, 73.31it/s]
Running loglikelihood requests:  90%|████████▉ | 110829/123380 [28:31<02:52, 72.94it/s]
Running loglikelihood requests:  90%|████████▉ | 110893/123380 [28:32<02:51, 72.83it/s]
Running loglikelihood requests:  90%|████████▉ | 110957/123380 [28:33<02:50, 72.94it/s]
Running loglikelihood requests:  90%|████████▉ | 111021/123380 [28:34<02:50, 72.41it/s]
Running loglikelihood requests:  90%|█████████ | 111085/123380 [28:35<02:51, 71.78it/s]
Running loglikelihood requests:  90%|█████████ | 111149/123380 [28:36<02:49, 71.99it/s]
Running loglikelihood requests:  90%|█████████ | 111213/123380 [28:37<02:48, 72.39it/s]
Running loglikelihood requests:  90%|█████████ | 111278/123380 [28:37<02:46, 72.80it/s]
Running loglikelihood requests:  90%|█████████ | 111342/123380 [28:38<02:46, 72.50it/s]
Running loglikelihood requests:  90%|█████████ | 111407/123380 [28:39<02:43, 73.24it/s]
Running loglikelihood requests:  90%|█████████ | 111471/123380 [28:40<02:42, 73.19it/s]
Running loglikelihood requests:  90%|█████████ | 111538/123380 [28:41<02:39, 74.09it/s]
Running loglikelihood requests:  90%|█████████ | 111602/123380 [28:42<02:39, 73.65it/s]
Running loglikelihood requests:  91%|█████████ | 111669/123380 [28:43<02:37, 74.28it/s]
Running loglikelihood requests:  91%|█████████ | 111733/123380 [28:44<02:37, 73.87it/s]
Running loglikelihood requests:  91%|█████████ | 111797/123380 [28:45<02:37, 73.72it/s]
Running loglikelihood requests:  91%|█████████ | 111861/123380 [28:45<02:36, 73.63it/s]
Running loglikelihood requests:  91%|█████████ | 111928/123380 [28:46<02:33, 74.43it/s]
Running loglikelihood requests:  91%|█████████ | 111995/123380 [28:47<02:31, 75.00it/s]
Running loglikelihood requests:  91%|█████████ | 112059/123380 [28:48<02:31, 74.49it/s]
Running loglikelihood requests:  91%|█████████ | 112123/123380 [28:49<02:31, 74.19it/s]
Running loglikelihood requests:  91%|█████████ | 112187/123380 [28:50<02:32, 73.56it/s]
Running loglikelihood requests:  91%|█████████ | 112251/123380 [28:51<02:31, 73.37it/s]
Running loglikelihood requests:  91%|█████████ | 112315/123380 [28:52<02:30, 73.29it/s]
Running loglikelihood requests:  91%|█████████ | 112379/123380 [28:52<02:30, 72.91it/s]
Running loglikelihood requests:  91%|█████████ | 112443/123380 [28:53<02:29, 72.94it/s]
Running loglikelihood requests:  91%|█████████ | 112507/123380 [28:54<02:28, 72.99it/s]
Running loglikelihood requests:  91%|█████████ | 112571/123380 [28:55<02:28, 72.91it/s]
Running loglikelihood requests:  91%|█████████▏| 112635/123380 [28:56<02:27, 72.95it/s]
Running loglikelihood requests:  91%|█████████▏| 112699/123380 [28:57<02:26, 72.77it/s]
Running loglikelihood requests:  91%|█████████▏| 112763/123380 [28:58<02:25, 72.86it/s]
Running loglikelihood requests:  91%|█████████▏| 112833/123380 [28:59<02:20, 74.96it/s]
Running loglikelihood requests:  92%|█████████▏| 112897/123380 [28:59<02:20, 74.49it/s]
Running loglikelihood requests:  92%|█████████▏| 112961/123380 [29:00<02:20, 74.14it/s]
Running loglikelihood requests:  92%|█████████▏| 113025/123380 [29:01<02:20, 73.53it/s]
Running loglikelihood requests:  92%|█████████▏| 113089/123380 [29:02<02:20, 73.28it/s]
Running loglikelihood requests:  92%|█████████▏| 113153/123380 [29:03<02:19, 73.07it/s]
Running loglikelihood requests:  92%|█████████▏| 113217/123380 [29:04<02:19, 72.95it/s]
Running loglikelihood requests:  92%|█████████▏| 113285/123380 [29:05<02:15, 74.43it/s]
Running loglikelihood requests:  92%|█████████▏| 113360/123380 [29:06<02:08, 77.91it/s]
Running loglikelihood requests:  92%|█████████▏| 113436/123380 [29:06<02:03, 80.71it/s]
Running loglikelihood requests:  92%|█████████▏| 113519/123380 [29:07<01:56, 85.00it/s]
Running loglikelihood requests:  92%|█████████▏| 113600/123380 [29:08<01:52, 87.29it/s]
Running loglikelihood requests:  92%|█████████▏| 113685/123380 [29:09<01:47, 90.38it/s]
Running loglikelihood requests:  92%|█████████▏| 113763/123380 [29:10<01:47, 89.50it/s]
Running loglikelihood requests:  92%|█████████▏| 113827/123380 [29:11<01:52, 84.72it/s]
Running loglikelihood requests:  92%|█████████▏| 113893/123380 [29:12<01:56, 81.69it/s]
Running loglikelihood requests:  92%|█████████▏| 113957/123380 [29:13<02:01, 77.24it/s]
Running loglikelihood requests:  92%|█████████▏| 114021/123380 [29:14<02:06, 74.09it/s]
Running loglikelihood requests:  92%|█████████▏| 114085/123380 [29:15<02:07, 72.90it/s]
Running loglikelihood requests:  93%|█████████▎| 114149/123380 [29:15<02:07, 72.50it/s]
Running loglikelihood requests:  93%|█████████▎| 114213/123380 [29:16<02:06, 72.69it/s]
Running loglikelihood requests:  93%|█████████▎| 114277/123380 [29:17<02:05, 72.63it/s]
Running loglikelihood requests:  93%|█████████▎| 114341/123380 [29:18<02:03, 72.96it/s]
Running loglikelihood requests:  93%|█████████▎| 114405/123380 [29:19<02:02, 73.04it/s]
Running loglikelihood requests:  93%|█████████▎| 114469/123380 [29:20<02:02, 72.79it/s]
Running loglikelihood requests:  93%|█████████▎| 114533/123380 [29:21<02:01, 72.66it/s]
Running loglikelihood requests:  93%|█████████▎| 114597/123380 [29:22<02:01, 72.42it/s]
Running loglikelihood requests:  93%|█████████▎| 114661/123380 [29:22<02:00, 72.63it/s]
Running loglikelihood requests:  93%|█████████▎| 114725/123380 [29:23<01:58, 72.79it/s]
Running loglikelihood requests:  93%|█████████▎| 114789/123380 [29:24<01:57, 72.94it/s]
Running loglikelihood requests:  93%|█████████▎| 114853/123380 [29:25<01:56, 72.97it/s]
Running loglikelihood requests:  93%|█████████▎| 114917/123380 [29:26<01:55, 73.03it/s]
Running loglikelihood requests:  93%|█████████▎| 114982/123380 [29:27<01:54, 73.26it/s]
Running loglikelihood requests:  93%|█████████▎| 115046/123380 [29:28<01:54, 73.09it/s]
Running loglikelihood requests:  93%|█████████▎| 115112/123380 [29:29<01:51, 73.87it/s]
Running loglikelihood requests:  93%|█████████▎| 115178/123380 [29:29<01:50, 74.49it/s]
Running loglikelihood requests:  93%|█████████▎| 115245/123380 [29:30<01:48, 74.78it/s]
Running loglikelihood requests:  93%|█████████▎| 115309/123380 [29:31<01:48, 74.14it/s]
Running loglikelihood requests:  94%|█████████▎| 115373/123380 [29:32<01:48, 73.97it/s]
Running loglikelihood requests:  94%|█████████▎| 115437/123380 [29:33<01:47, 73.97it/s]
Running loglikelihood requests:  94%|█████████▎| 115501/123380 [29:34<01:47, 73.31it/s]
Running loglikelihood requests:  94%|█████████▎| 115565/123380 [29:35<01:47, 72.55it/s]
Running loglikelihood requests:  94%|█████████▎| 115629/123380 [29:36<01:46, 72.73it/s]
Running loglikelihood requests:  94%|█████████▍| 115693/123380 [29:37<01:45, 72.68it/s]
Running loglikelihood requests:  94%|█████████▍| 115757/123380 [29:37<01:45, 72.44it/s]
Running loglikelihood requests:  94%|█████████▍| 115822/123380 [29:38<01:43, 73.03it/s]
Running loglikelihood requests:  94%|█████████▍| 115892/123380 [29:39<01:39, 75.36it/s]
Running loglikelihood requests:  94%|█████████▍| 115959/123380 [29:40<01:37, 75.76it/s]
Running loglikelihood requests:  94%|█████████▍| 116023/123380 [29:41<01:38, 74.89it/s]
Running loglikelihood requests:  94%|█████████▍| 116087/123380 [29:42<01:38, 74.35it/s]
Running loglikelihood requests:  94%|█████████▍| 116151/123380 [29:43<01:37, 73.94it/s]
Running loglikelihood requests:  94%|█████████▍| 116215/123380 [29:44<01:37, 73.76it/s]
Running loglikelihood requests:  94%|█████████▍| 116289/123380 [29:44<01:32, 76.95it/s]
Running loglikelihood requests:  94%|█████████▍| 116364/123380 [29:45<01:28, 79.34it/s]
Running loglikelihood requests:  94%|█████████▍| 116454/123380 [29:46<01:20, 86.23it/s]
Running loglikelihood requests:  94%|█████████▍| 116558/123380 [29:47<01:11, 95.64it/s]
Running loglikelihood requests:  95%|█████████▍| 116623/123380 [29:48<01:16, 88.86it/s]
Running loglikelihood requests:  95%|█████████▍| 116687/123380 [29:49<01:19, 84.21it/s]
Running loglikelihood requests:  95%|█████████▍| 116757/123380 [29:50<01:19, 82.87it/s]
Running loglikelihood requests:  95%|█████████▍| 116821/123380 [29:51<01:22, 79.95it/s]
Running loglikelihood requests:  95%|█████████▍| 116885/123380 [29:51<01:23, 78.00it/s]
Running loglikelihood requests:  95%|█████████▍| 116949/123380 [29:52<01:24, 76.51it/s]
Running loglikelihood requests:  95%|█████████▍| 117013/123380 [29:53<01:24, 75.34it/s]
Running loglikelihood requests:  95%|█████████▍| 117077/123380 [29:54<01:24, 74.57it/s]
Running loglikelihood requests:  95%|█████████▍| 117142/123380 [29:55<01:23, 74.38it/s]
Running loglikelihood requests:  95%|█████████▍| 117206/123380 [29:56<01:23, 73.89it/s]
Running loglikelihood requests:  95%|█████████▌| 117270/123380 [29:57<01:23, 73.54it/s]
Running loglikelihood requests:  95%|█████████▌| 117334/123380 [29:58<01:22, 73.45it/s]
Running loglikelihood requests:  95%|█████████▌| 117398/123380 [29:58<01:22, 72.73it/s]
Running loglikelihood requests:  95%|█████████▌| 117462/123380 [29:59<01:21, 72.78it/s]
Running loglikelihood requests:  95%|█████████▌| 117526/123380 [30:00<01:20, 73.08it/s]
Running loglikelihood requests:  95%|█████████▌| 117593/123380 [30:01<01:17, 74.28it/s]
Running loglikelihood requests:  95%|█████████▌| 117659/123380 [30:02<01:16, 74.88it/s]
Running loglikelihood requests:  95%|█████████▌| 117723/123380 [30:03<01:15, 74.56it/s]
Running loglikelihood requests:  95%|█████████▌| 117788/123380 [30:04<01:15, 74.45it/s]
Running loglikelihood requests:  96%|█████████▌| 117853/123380 [30:05<01:14, 74.39it/s]
Running loglikelihood requests:  96%|█████████▌| 117919/123380 [30:05<01:12, 74.88it/s]
Running loglikelihood requests:  96%|█████████▌| 117983/123380 [30:06<01:12, 74.39it/s]
Running loglikelihood requests:  96%|█████████▌| 118047/123380 [30:07<01:11, 74.12it/s]
Running loglikelihood requests:  96%|█████████▌| 118111/123380 [30:08<01:11, 73.91it/s]
Running loglikelihood requests:  96%|█████████▌| 118176/123380 [30:09<01:10, 74.29it/s]
Running loglikelihood requests:  96%|█████████▌| 118240/123380 [30:10<01:09, 74.08it/s]
Running loglikelihood requests:  96%|█████████▌| 118307/123380 [30:11<01:08, 74.50it/s]
Running loglikelihood requests:  96%|█████████▌| 118371/123380 [30:12<01:07, 74.22it/s]
Running loglikelihood requests:  96%|█████████▌| 118435/123380 [30:12<01:06, 73.92it/s]
Running loglikelihood requests:  96%|█████████▌| 118499/123380 [30:13<01:06, 73.72it/s]
Running loglikelihood requests:  96%|█████████▌| 118563/123380 [30:14<01:05, 73.55it/s]
Running loglikelihood requests:  96%|█████████▌| 118633/123380 [30:15<01:02, 75.69it/s]
Running loglikelihood requests:  96%|█████████▌| 118719/123380 [30:16<00:56, 82.38it/s]
Running loglikelihood requests:  96%|█████████▋| 118824/123380 [30:17<00:48, 93.40it/s]
Running loglikelihood requests:  96%|█████████▋| 118895/123380 [30:18<00:50, 88.92it/s]
Running loglikelihood requests:  96%|█████████▋| 118959/123380 [30:19<00:52, 83.68it/s]
Running loglikelihood requests:  96%|█████████▋| 119023/123380 [30:20<00:54, 79.96it/s]
Running loglikelihood requests:  97%|█████████▋| 119087/123380 [30:20<00:56, 76.40it/s]
Running loglikelihood requests:  97%|█████████▋| 119151/123380 [30:21<00:56, 75.31it/s]
Running loglikelihood requests:  97%|█████████▋| 119215/123380 [30:22<00:55, 74.74it/s]
Running loglikelihood requests:  97%|█████████▋| 119279/123380 [30:23<00:55, 74.00it/s]
Running loglikelihood requests:  97%|█████████▋| 119343/123380 [30:24<00:54, 73.83it/s]
Running loglikelihood requests:  97%|█████████▋| 119407/123380 [30:25<00:54, 73.55it/s]
Running loglikelihood requests:  97%|█████████▋| 119471/123380 [30:26<00:53, 73.45it/s]
Running loglikelihood requests:  97%|█████████▋| 119535/123380 [30:27<00:52, 73.36it/s]
Running loglikelihood requests:  97%|█████████▋| 119602/123380 [30:27<00:50, 74.17it/s]
Running loglikelihood requests:  97%|█████████▋| 119666/123380 [30:28<00:50, 73.91it/s]
Running loglikelihood requests:  97%|█████████▋| 119731/123380 [30:29<00:49, 74.11it/s]
Running loglikelihood requests:  97%|█████████▋| 119796/123380 [30:30<00:48, 74.43it/s]
Running loglikelihood requests:  97%|█████████▋| 119860/123380 [30:31<00:47, 74.07it/s]
Running loglikelihood requests:  97%|█████████▋| 119924/123380 [30:32<00:46, 73.76it/s]
Running loglikelihood requests:  97%|█████████▋| 119991/123380 [30:33<00:45, 74.69it/s]
Running loglikelihood requests:  97%|█████████▋| 120065/123380 [30:34<00:42, 77.73it/s]
Running loglikelihood requests:  97%|█████████▋| 120129/123380 [30:34<00:42, 75.90it/s]
Running loglikelihood requests:  97%|█████████▋| 120193/123380 [30:35<00:42, 74.66it/s]
Running loglikelihood requests:  97%|█████████▋| 120263/123380 [30:36<00:40, 76.27it/s]
Running loglikelihood requests:  98%|█████████▊| 120356/123380 [30:37<00:35, 84.95it/s]
Running loglikelihood requests:  98%|█████████▊| 120450/123380 [30:38<00:32, 91.50it/s]
Running loglikelihood requests:  98%|█████████▊| 120514/123380 [30:39<00:33, 86.01it/s]
Running loglikelihood requests:  98%|█████████▊| 120579/123380 [30:40<00:33, 82.52it/s]
Running loglikelihood requests:  98%|█████████▊| 120643/123380 [30:41<00:34, 79.78it/s]
Running loglikelihood requests:  98%|█████████▊| 120707/123380 [30:41<00:34, 77.95it/s]
Running loglikelihood requests:  98%|█████████▊| 120771/123380 [30:42<00:33, 76.76it/s]
Running loglikelihood requests:  98%|█████████▊| 120835/123380 [30:43<00:34, 74.61it/s]
Running loglikelihood requests:  98%|█████████▊| 120899/123380 [30:44<00:33, 74.37it/s]
Running loglikelihood requests:  98%|█████████▊| 120963/123380 [30:45<00:32, 74.14it/s]
Running loglikelihood requests:  98%|█████████▊| 121033/123380 [30:46<00:30, 75.81it/s]
Running loglikelihood requests:  98%|█████████▊| 121104/123380 [30:47<00:29, 77.61it/s]
Running loglikelihood requests:  98%|█████████▊| 121168/123380 [30:48<00:28, 76.50it/s]
Running loglikelihood requests:  98%|█████████▊| 121232/123380 [30:48<00:28, 75.65it/s]
Running loglikelihood requests:  98%|█████████▊| 121305/123380 [30:49<00:26, 78.25it/s]
Running loglikelihood requests:  98%|█████████▊| 121369/123380 [30:50<00:26, 76.95it/s]
Running loglikelihood requests:  98%|█████████▊| 121437/123380 [30:51<00:25, 77.46it/s]
Running loglikelihood requests:  98%|█████████▊| 121512/123380 [30:52<00:23, 80.08it/s]
Running loglikelihood requests:  99%|█████████▊| 121602/123380 [30:53<00:20, 87.02it/s]
Running loglikelihood requests:  99%|█████████▊| 121673/123380 [30:54<00:19, 85.53it/s]
Running loglikelihood requests:  99%|█████████▊| 121737/123380 [30:55<00:19, 82.16it/s]
Running loglikelihood requests:  99%|█████████▊| 121801/123380 [30:55<00:19, 79.55it/s]
Running loglikelihood requests:  99%|█████████▉| 121865/123380 [30:56<00:19, 77.85it/s]
Running loglikelihood requests:  99%|█████████▉| 121932/123380 [30:57<00:18, 77.77it/s]
Running loglikelihood requests:  99%|█████████▉| 122001/123380 [30:58<00:17, 78.23it/s]
Running loglikelihood requests:  99%|█████████▉| 122066/123380 [30:59<00:17, 77.21it/s]
Running loglikelihood requests:  99%|█████████▉| 122132/123380 [31:00<00:16, 76.99it/s]
Running loglikelihood requests:  99%|█████████▉| 122206/123380 [31:01<00:14, 79.36it/s]
Running loglikelihood requests:  99%|█████████▉| 122281/123380 [31:01<00:13, 81.41it/s]
Running loglikelihood requests:  99%|█████████▉| 122345/123380 [31:02<00:13, 79.28it/s]
Running loglikelihood requests:  99%|█████████▉| 122409/123380 [31:03<00:12, 77.80it/s]
Running loglikelihood requests:  99%|█████████▉| 122483/123380 [31:04<00:11, 79.81it/s]
Running loglikelihood requests:  99%|█████████▉| 122560/123380 [31:05<00:09, 82.81it/s]
Running loglikelihood requests:  99%|█████████▉| 122630/123380 [31:06<00:09, 82.51it/s]
Running loglikelihood requests:  99%|█████████▉| 122720/123380 [31:07<00:07, 89.10it/s]
Running loglikelihood requests: 100%|█████████▉| 122795/123380 [31:08<00:06, 88.48it/s]
Running loglikelihood requests: 100%|█████████▉| 122872/123380 [31:08<00:05, 88.77it/s]
Running loglikelihood requests: 100%|█████████▉| 122961/123380 [31:09<00:04, 93.74it/s]
Running loglikelihood requests: 100%|█████████▉| 123042/123380 [31:10<00:03, 94.65it/s]
Running loglikelihood requests: 100%|█████████▉| 123129/123380 [31:11<00:02, 97.18it/s]
Running loglikelihood requests: 100%|█████████▉| 123221/123380 [31:12<00:01, 100.38it/s]
Running loglikelihood requests: 100%|█████████▉| 123309/123380 [31:13<00:00, 101.67it/s]
Running loglikelihood requests: 100%|██████████| 123380/123380 [31:13<00:00, 65.87it/s] 
2026-05-29:18:21:19,662 INFO     [evaluation_tracker.py:206] Saving results aggregated
2026-05-29:18:21:20,636 INFO     [evaluation_tracker.py:287] Saving per-sample results for: arc_easy
2026-05-29:18:21:25,311 INFO     [evaluation_tracker.py:287] Saving per-sample results for: boolq
2026-05-29:18:21:31,458 INFO     [evaluation_tracker.py:287] Saving per-sample results for: mathqa
2026-05-29:18:21:38,494 INFO     [evaluation_tracker.py:287] Saving per-sample results for: openbookqa
2026-05-29:18:21:39,932 INFO     [evaluation_tracker.py:287] Saving per-sample results for: piqa
2026-05-29:18:21:43,226 INFO     [evaluation_tracker.py:287] Saving per-sample results for: race
2026-05-29:18:21:45,720 INFO     [evaluation_tracker.py:287] Saving per-sample results for: swag
2026-05-29:18:22:24,107 INFO     [evaluation_tracker.py:287] Saving per-sample results for: winogrande
Passed argument batch_size = auto:1. Detecting largest batch size
Determined largest batch size: 64
hf (pretrained=/mnt/ais-c1/dataset/zds/eval/models/moeguard_ckpt_iter10000_hf,dtype=bfloat16,trust_remote_code=True,device_map=auto), gen_kwargs: (None), limit: None, num_fewshot: 0, batch_size: auto (64)
|  Tasks   |Version|Filter|n-shot| Metric |   |Value |   |Stderr|
|----------|------:|------|-----:|--------|---|-----:|---|-----:|
|arc_easy  |      1|none  |     0|acc     |↑  |0.4836|±  |0.0103|
|          |       |none  |     0|acc_norm|↑  |0.4200|±  |0.0101|
|boolq     |      2|none  |     0|acc     |↑  |0.5856|±  |0.0086|
|mathqa    |      1|none  |     0|acc     |↑  |0.2114|±  |0.0075|
|          |       |none  |     0|acc_norm|↑  |0.2154|±  |0.0075|
|openbookqa|      1|none  |     0|acc     |↑  |0.1820|±  |0.0173|
|          |       |none  |     0|acc_norm|↑  |0.3060|±  |0.0206|
|piqa      |      1|none  |     0|acc     |↑  |0.6785|±  |0.0109|
|          |       |none  |     0|acc_norm|↑  |0.6817|±  |0.0109|
|race      |      2|none  |     0|acc     |↑  |0.2928|±  |0.0141|
|swag      |      1|none  |     0|acc     |↑  |0.4221|±  |0.0035|
|          |       |none  |     0|acc_norm|↑  |0.5543|±  |0.0035|
|winogrande|      1|none  |     0|acc     |↑  |0.5059|±  |0.0141|

